{"type": "FeatureCollection", "features": [{"type": "Feature", "properties": {"name": "Bludenz", "iso": "801", "codes": ["BZ"]}, "geometry": {"type": "Polygon", "coordinates": [[[10.13482169360016, 47.02990924032105], [10.160079518251028, 46.98430100505883], [10.120952902444445, 46.938453812219635], [10.098482025389323, 46.92790298768985], [10.145238297465273, 46.85154440908232], [10.105427165643341, 46.841444752318075], [10.0598334783117, 46.86132061823789], [10.026737287927446, 46.89635643275821], [9.978131577761552, 46.91643699540343], [9.946381846167013, 46.91290406202799], [9.8779373760209, 46.93869324829403], [9.88903584234105, 47.001292729237356], [9.87650424751636, 47.0217952691347], [9.831008286712906, 47.014887752886494], [9.793380279699388, 47.03181810170144], [9.70837229787894, 47.05339707868915], [9.677665540227517, 47.06197925208756], [9.63677076224951, 47.05227776731276], [9.60728003410665, 47.06134874178134], [9.634610725917332, 47.10167073030821], [9.620789543539292, 47.15222968171368], [9.63827850753589, 47.212436457135375], [9.65705802552229, 47.21674658200665], [9.669835754890638, 47.20635176225614], [9.70831949563174, 47.195386740771205], [9.72482086443869, 47.2074401102971], [9.746096009756606, 47.20969250923672], [9.754585118933697, 47.215351467807324], [9.756828598426019, 47.23749113054633], [9.782206243605637, 47.24144930519575], [9.827512512796295, 47.25370803836258], [9.850139040358034, 47.268792976277616], [9.852694869397446, 47.268493613136954], [9.929894958264468, 47.28975818487107], [9.971608699577445, 47.26863719893], [10.004084839869117, 47.274365758617535], [10.04199404237448, 47.25283700618977], [10.064605253938314, 47.230056911883565], [10.09898806338685, 47.226689114159235], [10.137680135174604, 47.252246452682094], [10.19804032366062, 47.237160867675584], [10.211710316078646, 47.17190166511134], [10.213285659938029, 47.158150684308964], [10.145164588038519, 47.09750224697372], [10.133819068224204, 47.078450940454225], [10.157194869214969, 47.049433034931056], [10.13482169360016, 47.02990924032105]]]}}, {"type": "Feature", "properties": {"name": "Wels-Land", "iso": "418", "codes": ["WL"]}, "geometry": {"type": "Polygon", "coordinates": [[[14.038672762312205, 48.05416683334698], [14.02403079734211, 48.013711839738995], [13.988167901778796, 48.003178929145385], [13.94567574182603, 48.03174043019989], [13.9227950372029, 48.03036845850801], [13.882923992870024, 48.0149092687754], [13.850525065157695, 48.05478976342895], [13.836681345176174, 48.04714791003034], [13.827110641259912, 48.07836669991586], [13.823516418616151, 48.077853588841926], [13.796914221718064, 48.10376475427701], [13.787862759768268, 48.10302037135386], [13.754818644665253, 48.118625767746835], [13.772854370743635, 48.12781672053684], [13.783988473354443, 48.14950968025109], [13.805083969245427, 48.146955801372584], [13.828230297257143, 48.17509831913585], [13.873864200336927, 48.164438810619885], [13.843950189789728, 48.2059698283821], [13.910350639275695, 48.21913597204778], [13.917152095956212, 48.22151220028242], [13.930956023859437, 48.21453328517577], [13.994561721647894, 48.217980847008704], [13.992211954058083, 48.237832634346866], [14.059905412973954, 48.25235334902672], [14.07834815713984, 48.248518808926335], [14.093859684722878, 48.256112228354255], [14.10950496924147, 48.24687505421778], [14.121037646161342, 48.219977425633445], [14.155019442135544, 48.22075917852508], [14.155214347632885, 48.188187429409936], [14.170782789545534, 48.17618740161607], [14.148692197456864, 48.15110511459363], [14.118167543212603, 48.124697913588186], [14.161284470841872, 48.11343762863352], [14.136264446888788, 48.09911292686426], [14.09666115986743, 48.07970695721452], [14.073603041779203, 48.051271284157224], [14.038672762312205, 48.05416683334698]], [[13.972130203092584, 48.12639105270032], [14.000378530025968, 48.142467001412086], [14.055540110611208, 48.158103975902705], [14.09042503066652, 48.17210498602697], [14.073879328747527, 48.19693539061398], [13.997320061622448, 48.20602847825927], [13.964402646553427, 48.18326208697434], [13.979782997885973, 48.16285240257136], [13.972130203092584, 48.12639105270032]]]}}, {"type": "Feature", "properties": {"name": "Salzburg-Umgebung", "iso": "503", "codes": ["SL"]}, "geometry": {"type": "Polygon", "coordinates": [[[13.551652205865423, 47.71465205581413], [13.51772234921809, 47.67606585346152], [13.490632581940691, 47.63085555988478], [13.450301733530553, 47.63561040413602], [13.431456890743515, 47.66315528517298], [13.335995504058715, 47.67623400780283], [13.32943240978278, 47.67962632354498], [13.299644151879168, 47.675190994717916], [13.256913396259037, 47.691402003191975], [13.233877273179756, 47.72776275354938], [13.203890261548707, 47.74909052661122], [13.195808775728251, 47.76638006847194], [13.172767395119266, 47.753249718781106], [13.157293758002622, 47.759544729153184], [13.081824436262698, 47.74405572986265], [13.083616460294042, 47.73180185971216], [13.052742580323475, 47.724520826258214], [13.046655715833205, 47.71324964441585], [12.987904494495814, 47.70796442547316], [12.933877104345207, 47.710099552182726], [12.905272200343756, 47.728014132595106], [12.944168907125688, 47.76346628617512], [12.939950086076395, 47.7852614695968], [12.98978532484958, 47.832534232796654], [12.986334268052072, 47.79617352244708], [13.00243195589008, 47.76198696152707], [13.04953506616971, 47.76037750321994], [13.079810088758412, 47.75560348800025], [13.127465242947894, 47.8026932570504], [13.08901578926645, 47.82795999964912], [13.060670422233517, 47.84327592679114], [13.06004712249471, 47.84001703833899], [13.036069197371196, 47.83013735235158], [13.002108047430244, 47.85496420908995], [12.988315477810907, 47.86976329232058], [12.96717386706399, 47.9012416846387], [12.93997721548016, 47.93723917877469], [12.921401420928925, 47.95146611060857], [12.871820993962052, 47.967020188293056], [12.86088959690731, 47.99723089391568], [12.890672123907757, 47.99150922151449], [12.938794024086247, 48.03655378472327], [12.940234149971177, 48.036994092995705], [12.99033983971967, 48.028428310448234], [13.01303093487179, 48.03710160969214], [13.0477425732328, 48.03795347378263], [13.047942372223341, 48.02784954404842], [13.058399902054074, 48.0138781323072], [13.103509611940929, 47.99814389805751], [13.104679932443288, 47.9973348993728], [13.124995546580353, 47.99676404709405], [13.145922802944359, 47.97492426122499], [13.199432981972263, 47.97475031105499], [13.210633201710504, 47.97952053508733], [13.213462576661653, 47.98304537035671], [13.30470126151509, 48.00844773145437], [13.372433816964902, 47.97255316137185], [13.363899067124235, 47.944650609719325], [13.359317945365092, 47.94032978871332], [13.308305386852295, 47.964587650616565], [13.281051844447191, 47.955287621129074], [13.281888759941667, 47.90520221504385], [13.270871494943625, 47.891993523241105], [13.293889782637898, 47.86432091652677], [13.287164601314913, 47.83077934971909], [13.312964897658228, 47.81338362346725], [13.351724651095312, 47.81049488687009], [13.398849442188165, 47.79844364754232], [13.451191675078974, 47.80429341887363], [13.491362176743541, 47.78972824335878], [13.530261084681209, 47.79757025282514], [13.536170688480274, 47.77668107103932], [13.466056518915638, 47.78669928819231], [13.437044064399783, 47.73909342348027], [13.477370979698803, 47.72473125857403], [13.551652205865423, 47.71465205581413]]]}}, {"type": "Feature", "properties": {"name": "Wolfsberg", "iso": "209", "codes": ["WO"]}, "geometry": {"type": "Polygon", "coordinates": [[[15.04319487207487, 46.72124982171925], [15.03127210295496, 46.680966106782996], [15.066026866155596, 46.652413678660864], [15.017076175200458, 46.64118516881775], [14.980276965333847, 46.60175709874033], [14.956574469567887, 46.633092311889136], [14.918973250792979, 46.65445563689268], [14.877266492302962, 46.65251262299683], [14.855258020640667, 46.66803068396247], [14.860893196020792, 46.67833355328317], [14.807138477654473, 46.676203899331476], [14.771669090699756, 46.71394052924346], [14.75877930966952, 46.75628045601397], [14.691331637496688, 46.808167517891775], [14.653084712831925, 46.826124813379586], [14.651327987236165, 46.84284511565515], [14.646844206050005, 46.88751642450508], [14.685230535825527, 46.95194892703628], [14.685755059885775, 46.95560598051543], [14.616143341682346, 46.99836701130421], [14.628630271459997, 47.01399570488198], [14.717567312023563, 47.0188200861171], [14.768062839526971, 47.03891556947538], [14.845388056817908, 47.048516045243], [14.847889066919606, 47.033354163880254], [14.886455410445981, 47.01158241607712], [14.967872797883636, 46.98217130876799], [14.993629819400251, 46.938748042880995], [15.027933551040734, 46.910129398885935], [15.015835016587198, 46.88163179205608], [15.00914664683249, 46.88025588250889], [15.020553298215097, 46.84464167913086], [14.996365244743608, 46.82786212536294], [14.977176128181322, 46.78516609372807], [14.997585924517661, 46.78120655629604], [15.031711115506777, 46.769258774912096], [15.032466153019449, 46.7460900152983], [15.04319487207487, 46.72124982171925]]]}}, {"type": "Feature", "properties": {"name": "Korneuburg", "iso": "312", "codes": ["KO"]}, "geometry": {"type": "MultiPolygon", "coordinates": [[[[15.995799705817793, 48.4266974847721], [15.984416670580567, 48.42771287622507], [15.986733026024998, 48.434393994384244], [15.995799705817793, 48.4266974847721]]], [[[16.39639051184434, 48.32307627589065], [16.364395939908135, 48.282812053143836], [16.335526272572807, 48.327754006112045], [16.289208501007362, 48.356237500699706], [16.28185627797755, 48.35765775271117], [16.263406623035493, 48.35474132358206], [16.24041861700518, 48.35687121171622], [16.166696255575108, 48.363703564278005], [16.168789727268507, 48.35869240123529], [16.14724000360068, 48.35368391871689], [16.146530192453962, 48.35385514854374], [16.041156269264587, 48.374504288860685], [15.98927521944356, 48.3772558323439], [15.995545361756914, 48.42563941029661], [16.020788940007385, 48.43260750506087], [16.027405021147388, 48.49190533980367], [16.072905566395683, 48.49490205036501], [16.09848362527677, 48.465677937465195], [16.12736062735477, 48.463806928854396], [16.190305710252424, 48.49377544611645], [16.192307205184434, 48.54136263254869], [16.230854653776028, 48.57043260515658], [16.284009840646203, 48.55454960512044], [16.290552157800658, 48.56694170334548], [16.314119498276554, 48.590774589816114], [16.319000245194506, 48.593994746785455], [16.36576139406808, 48.59282209430382], [16.396275855361445, 48.57499186019618], [16.366301593725552, 48.55016497857886], [16.416081934761245, 48.5334537647675], [16.4156164777436, 48.533444564268784], [16.404810075152565, 48.51212356743903], [16.42850231842131, 48.51327642150644], [16.43186623166121, 48.51329553668023], [16.436031390446125, 48.47646550501889], [16.408996134659816, 48.44985378868768], [16.439378588965642, 48.44241425027264], [16.436646191938156, 48.40734280464942], [16.427697733873366, 48.40049789618927], [16.41752030947004, 48.37982519270303], [16.4443885224748, 48.355709649162975], [16.46476862614281, 48.34901431417353], [16.50006979160516, 48.343079063780266], [16.513336751248396, 48.33502961920082], [16.526935232601453, 48.329044726980904], [16.503416242927113, 48.29086499663971], [16.473506122658208, 48.276892982175724], [16.441633391703185, 48.292424694880935], [16.42922197206394, 48.32089258044634], [16.39639051184434, 48.32307627589065]]]]}}, {"type": "Feature", "properties": {"name": "Freistadt", "iso": "406", "codes": ["FR"]}, "geometry": {"type": "Polygon", "coordinates": [[[14.554139359128346, 48.32449366226749], [14.519464461953497, 48.31602279974865], [14.478880312102374, 48.32877045718843], [14.46086852673497, 48.35288803638024], [14.44146594578242, 48.35659918792536], [14.433501157223176, 48.36606651306769], [14.467359798136984, 48.3962645860595], [14.415005194527756, 48.432226505301756], [14.404047867848922, 48.45830212602769], [14.40158492667877, 48.48097698296874], [14.37927866848106, 48.49320281884962], [14.375643256317447, 48.52993437947391], [14.374110176574595, 48.53497937381231], [14.437292723780995, 48.542850785950385], [14.407337432761363, 48.551217492723865], [14.39461766316901, 48.57808445042035], [14.444526860039387, 48.60475668810137], [14.467611016584105, 48.64676435162258], [14.504970937374065, 48.617827339496905], [14.555868054273956, 48.60636490682233], [14.608146428788709, 48.629157073786615], [14.627733389226787, 48.6049617804137], [14.664464009697303, 48.58255914623143], [14.692011720285441, 48.58490113429138], [14.737306483179042, 48.55338172656353], [14.812165790802133, 48.55435262715039], [14.87611814289651, 48.52833018192561], [14.921985430272743, 48.5063099948914], [14.869153630242094, 48.480598908475066], [14.878035803653248, 48.464960439844255], [14.912746152576975, 48.43525708462906], [14.929222197081275, 48.42437900230321], [14.848431355769684, 48.370763537899435], [14.790695908667013, 48.33709460221093], [14.779896055070994, 48.34399322477485], [14.7376668049651, 48.331663983837906], [14.712670676363226, 48.338479678631266], [14.67962234851263, 48.31183077400504], [14.678911557801419, 48.309751763213974], [14.642603217079952, 48.34001109884649], [14.614591801954509, 48.30283449473855], [14.573620528916347, 48.304807033203964], [14.564303672603925, 48.32141988759871], [14.554139359128346, 48.32449366226749]]]}}, {"type": "Feature", "properties": {"name": "Wiener Neustadt (Stadt)", "iso": "304", "codes": ["WN"]}, "geometry": {"type": "Polygon", "coordinates": [[[16.27355977631198, 47.85481638965935], [16.282865597475936, 47.84101827674406], [16.287054333094485, 47.81191497091851], [16.26990582983384, 47.79153141325888], [16.242759776955157, 47.77420081849584], [16.197398386640753, 47.750599118705345], [16.15676514165154, 47.74685662569239], [16.147654455540064, 47.75566169567604], [16.17941646148077, 47.77433457347684], [16.192042457616164, 47.80769393891607], [16.19410189046468, 47.84626404804632], [16.224481757152976, 47.87481270040535], [16.224971971585227, 47.875057282670944], [16.22283056165643, 47.84766610657084], [16.27355977631198, 47.85481638965935]]]}}, {"type": "Feature", "properties": {"name": "Linz-Land", "iso": "410", "codes": ["LL"]}, "geometry": {"type": "Polygon", "coordinates": [[[14.48378353961489, 48.17211995981522], [14.468606428772844, 48.12305447127659], [14.49389428913237, 48.110518873200974], [14.479981176313673, 48.104966832319896], [14.424389760515906, 48.12557583779449], [14.397895249074947, 48.129084765728976], [14.396753556042544, 48.13348702077009], [14.335229102540604, 48.123798091830125], [14.329142605542355, 48.114429673817284], [14.250796937293686, 48.105310996707495], [14.241279657608926, 48.086888984746096], [14.204303792267936, 48.08445578478627], [14.188880805468536, 48.074278434279094], [14.136264446888788, 48.09911292686426], [14.161284470841872, 48.11343762863352], [14.118167543212603, 48.124697913588186], [14.148692197456864, 48.15110511459363], [14.170782789545534, 48.17618740161607], [14.155214347632885, 48.188187429409936], [14.155019442135544, 48.22075917852508], [14.121037646161342, 48.219977425633445], [14.10950496924147, 48.24687505421778], [14.093859684722878, 48.256112228354255], [14.16537772664817, 48.2779547339901], [14.14561658142658, 48.31576333470886], [14.204585210549828, 48.321954644095065], [14.234350649217799, 48.30831761209555], [14.24914041468997, 48.31040474334884], [14.275975245404519, 48.27615501722148], [14.263625348656392, 48.24730106714276], [14.28257334885794, 48.23476815922067], [14.32557220737871, 48.21194096460862], [14.386637169016643, 48.2312516121616], [14.40980557121512, 48.248965073527955], [14.43735147256733, 48.23990297040797], [14.441506057926901, 48.24499134309924], [14.495991563852014, 48.24424343005997], [14.522132481880618, 48.23817595459479], [14.516499149962847, 48.234626215560816], [14.481896255476263, 48.202486798133606], [14.48306000462588, 48.17905645349892], [14.48378353961489, 48.17211995981522]]]}}, {"type": "Feature", "properties": {"name": "Klagenfurt", "iso": "201", "codes": ["K"]}, "geometry": {"type": "Polygon", "coordinates": [[[14.295670993952767, 46.696338196218306], [14.319684684941762, 46.6675074815781], [14.365015589647038, 46.66069178116126], [14.413346617054748, 46.641186945781854], [14.411031681733267, 46.629091031490816], [14.32364866792714, 46.590714353014846], [14.288561199923771, 46.575758237343514], [14.24907362136578, 46.57847881941497], [14.23992526962983, 46.606698949412426], [14.241252081327808, 46.62140626806381], [14.222715962430597, 46.65400270721663], [14.232224426269228, 46.697119399850514], [14.273996291377147, 46.707813348531005], [14.295670993952767, 46.696338196218306]]]}}, {"type": "Feature", "properties": {"name": "Zwettl", "iso": "325", "codes": ["ZT"]}, "geometry": {"type": "Polygon", "coordinates": [[[15.141045951457166, 48.34524333857156], [15.139267439909768, 48.33321998969291], [15.091376948928847, 48.346978486692336], [15.056815191999341, 48.355641536638636], [15.016197607678016, 48.36807027144177], [14.965473444224912, 48.37908036597974], [14.95740686118546, 48.391872589945], [14.929222197081275, 48.42437900230321], [14.912746152576975, 48.43525708462906], [14.878035803653248, 48.464960439844255], [14.869153630242094, 48.480598908475066], [14.921985430272743, 48.5063099948914], [14.87611814289651, 48.52833018192561], [14.812165790802133, 48.55435262715039], [14.798147978052812, 48.591900048350674], [14.86974737333232, 48.617280826660966], [14.90481202436051, 48.62234380888028], [14.935479377946951, 48.61131722155343], [15.001361835591393, 48.626840934780304], [15.01827049038547, 48.65009688874378], [14.977735642946897, 48.675902365388716], [14.993684334609124, 48.70484898762914], [15.054333519332, 48.702602379453225], [15.121118726675691, 48.713681068089095], [15.140275553122343, 48.6890237573827], [15.149930679676805, 48.705746952671625], [15.176884453433237, 48.71063076871503], [15.222177446287786, 48.73711024202879], [15.239357897660671, 48.751452153439], [15.32118564118582, 48.751929510437954], [15.337069228210504, 48.77499886210873], [15.358976158355869, 48.773803309061485], [15.405244027904278, 48.77840739216941], [15.418487389912027, 48.74719277739874], [15.445226551282728, 48.74191048471618], [15.437553815959882, 48.720995033996374], [15.457029873979716, 48.68184792530457], [15.429856268238279, 48.675105273967034], [15.425279051501116, 48.66934353601101], [15.524105538847676, 48.64559300375114], [15.529057496804421, 48.62996921240281], [15.510591039538522, 48.59813250262184], [15.439070084643967, 48.6177494449679], [15.417469764432685, 48.58732775352042], [15.364017429261013, 48.58076784989194], [15.322126600797242, 48.59980820024967], [15.309306726482227, 48.58124499511113], [15.327737543186155, 48.5371716189774], [15.310847567258152, 48.526434086344075], [15.321671376297958, 48.498505867221226], [15.288668646514358, 48.466880558560106], [15.314431777711562, 48.464067424379586], [15.332022324371788, 48.43169668688335], [15.366358475048377, 48.42212289549277], [15.367124494487184, 48.401600114336226], [15.271651344792227, 48.37430203516633], [15.264014767431926, 48.37584755990489], [15.2272059655276, 48.35976143346477], [15.176018711772409, 48.36381025561825], [15.141045951457166, 48.34524333857156]]]}}, {"type": "Feature", "properties": {"name": "Neusiedl am See", "iso": "107", "codes": ["ND"]}, "geometry": {"type": "Polygon", "coordinates": [[[17.072526127422968, 47.70706941868255], [17.041396935488848, 47.70474151149817], [16.960573826791123, 47.69312987818647], [16.872863905813308, 47.69052798930682], [16.868137249774875, 47.72206992801939], [16.829552867264493, 47.68315865285974], [16.750241869063135, 47.68185555760813], [16.74101208962192, 47.69567894470131], [16.7221569160982, 47.73576783849795], [16.72571399739122, 47.78221148186341], [16.733003108345294, 47.80985522196731], [16.73678737289359, 47.824185626261134], [16.76799935274998, 47.86868766145307], [16.785414688176825, 47.88467194982811], [16.791930494417727, 47.890649963972194], [16.797805194179983, 47.89603753113698], [16.805419586156262, 47.90302070612371], [16.723580365092207, 47.96258308741063], [16.702415028077258, 47.97426803846587], [16.703333749597615, 48.01211800144924], [16.76164641758894, 48.01437369850825], [16.826473741745573, 48.02961310632213], [16.82941392948715, 48.02962208085997], [16.87559081145808, 48.072628477029504], [16.905543820823528, 48.07148113884961], [16.91647862810002, 48.05716935601403], [16.970253194865474, 48.02666016297122], [16.995013966576437, 48.04592442782684], [17.017576057228673, 48.07398297729012], [17.000042295851486, 48.084593508597116], [16.97236095072529, 48.10103891283572], [16.987826064315257, 48.111876858361576], [16.99913952231395, 48.10955362306615], [17.00842227895234, 48.09192678271507], [17.06803248727749, 48.11914731837325], [17.094000580533788, 48.1001085124411], [17.07144926976008, 48.057470452820844], [17.076911746284914, 48.02800539864876], [17.111343866309962, 48.03168689693723], [17.161935298926956, 48.006984757103126], [17.09594500679954, 47.97131918360375], [17.118271003007614, 47.96134913030367], [17.113969847424627, 47.9278015017433], [17.07907325714137, 47.87798429986375], [17.01121375335866, 47.85879077699617], [17.048179489425237, 47.82878440880883], [17.07306981925714, 47.80864334270468], [17.06508695661124, 47.77820318448944], [17.072526127422968, 47.70706941868255]]]}}, {"type": "Feature", "properties": {"name": "Murtal", "iso": "620", "codes": ["MT"]}, "geometry": {"type": "Polygon", "coordinates": [[[14.85131138729659, 47.05579548925768], [14.845388056817908, 47.048516045243], [14.768062839526971, 47.03891556947538], [14.717567312023563, 47.0188200861171], [14.628630271459997, 47.01399570488198], [14.616143341682346, 46.99836701130421], [14.586800959408897, 47.012136994541535], [14.561204087845107, 47.06842788993017], [14.560860133309026, 47.072184355178024], [14.540976021916162, 47.11007964875871], [14.547506566355105, 47.11413353494755], [14.515576796796509, 47.15832688206673], [14.482605968909269, 47.16812339870208], [14.442408842948588, 47.16347268461813], [14.393586546914845, 47.1863674336246], [14.390505249840357, 47.22518974336969], [14.37256325585725, 47.2675765018541], [14.333217423546936, 47.27013220755093], [14.228453052330982, 47.32960089272837], [14.23528593038652, 47.37065178375088], [14.241797137739573, 47.37628518031934], [14.37706646494243, 47.42054145815475], [14.401182151295993, 47.439399310588605], [14.399921429831512, 47.45597355388184], [14.51318225419574, 47.4625953715168], [14.603846252947731, 47.42727655974954], [14.614625160736926, 47.379096484936724], [14.683059583425292, 47.36379582876295], [14.730155121141783, 47.34009081426179], [14.753425148687185, 47.34386673232296], [14.78661851132674, 47.36907559488086], [14.810561135483457, 47.3553056552182], [14.864719632743892, 47.35133694129484], [14.906649161683474, 47.2966577297164], [14.934737734606989, 47.28244293505692], [14.944544711377487, 47.30070159724694], [14.988109050681922, 47.281067963902395], [15.049363989971104, 47.2274576321508], [15.05378366184979, 47.21174366352044], [14.995614901919934, 47.19082244242379], [14.982748275334925, 47.175443814931135], [14.945291756956008, 47.154751293802875], [14.94453706312597, 47.130130600311226], [14.918841089749023, 47.089901623137834], [14.914424193163791, 47.07281977964575], [14.8841924628281, 47.08464382014351], [14.85131138729659, 47.05579548925768]]]}}, {"type": "Feature", "properties": {"name": "Melk", "iso": "315", "codes": ["ME"]}, "geometry": {"type": "Polygon", "coordinates": [[[15.093933420167886, 48.13890991452786], [15.049229413692037, 48.13084651098851], [15.041030170344664, 48.128271985963636], [15.033461607868624, 48.12233146306251], [15.016402122038926, 48.11764264785489], [14.981809132745859, 48.111163772462476], [14.97134801294889, 48.15901245026397], [14.971720163586468, 48.17166796983607], [14.99397305633865, 48.19604993663435], [14.980538018863436, 48.19775757273315], [14.975168842336695, 48.19938089723151], [14.953177334199474, 48.2196821319115], [14.973991654256002, 48.23412855248663], [14.970980298747003, 48.246307500079254], [14.993064821745358, 48.256481541981714], [14.98610631748662, 48.2996683525936], [14.944707930199018, 48.324208641191426], [14.948500091153504, 48.333932701233394], [14.965473444224912, 48.37908036597974], [15.016197607678016, 48.36807027144177], [15.056815191999341, 48.355641536638636], [15.091376948928847, 48.346978486692336], [15.139267439909768, 48.33321998969291], [15.141045951457166, 48.34524333857156], [15.176018711772409, 48.36381025561825], [15.2272059655276, 48.35976143346477], [15.264014767431926, 48.37584755990489], [15.271651344792227, 48.37430203516633], [15.286935327177552, 48.357041625618876], [15.33828304782724, 48.344998011774734], [15.298673179220458, 48.30846950061537], [15.29005371268151, 48.28040422371933], [15.310477701218701, 48.27070653777194], [15.38361835403528, 48.2725659229478], [15.39072325152972, 48.27633853761649], [15.411313234946967, 48.32530909666579], [15.429558367365752, 48.324199666165285], [15.46582576513922, 48.31673972225258], [15.508775736293712, 48.320141796679714], [15.525320523750333, 48.29668249252807], [15.5220442302857, 48.284751583255854], [15.484593925385381, 48.25985609980702], [15.438840030121764, 48.22247173432788], [15.423478410144995, 48.211355822106384], [15.43963471813871, 48.18508468038339], [15.44616619432072, 48.17764776814786], [15.46117457411003, 48.158445312978415], [15.455283275930451, 48.143117221253796], [15.51867833086969, 48.13968067924543], [15.517449849479302, 48.12932437304728], [15.4922709604767, 48.1152315295965], [15.445981805869472, 48.10219576941087], [15.442636977869373, 48.079495705489656], [15.413467300586696, 48.05667033211436], [15.37089515796142, 48.03895956574261], [15.350084954517637, 48.025011637989365], [15.277190766862708, 48.00735048609039], [15.267400083405976, 48.04934432040195], [15.290953284877663, 48.058792568369114], [15.252123982334494, 48.085551614011806], [15.246873818293045, 48.09167769729992], [15.222675077834978, 48.107529223314565], [15.197642062557694, 48.132063654354006], [15.163126122717964, 48.11687428847906], [15.15727363371198, 48.134632601317094], [15.142535232900189, 48.14657727902207], [15.126467728866212, 48.13761691773856], [15.093933420167886, 48.13890991452786]]]}}, {"type": "Feature", "properties": {"name": "Liezen", "iso": "612", "codes": ["LI", "BA", "GB"]}, "geometry": {"type": "Polygon", "coordinates": [[[14.635609927601845, 47.494267633188485], [14.630410185270716, 47.445709737968286], [14.603846252947731, 47.42727655974954], [14.51318225419574, 47.4625953715168], [14.399921429831512, 47.45597355388184], [14.401182151295993, 47.439399310588605], [14.37706646494243, 47.42054145815475], [14.241797137739573, 47.37628518031934], [14.23528593038652, 47.37065178375088], [14.228453052330982, 47.32960089272837], [14.191943588812508, 47.304331116270795], [14.141631232411534, 47.297058425767716], [14.113142327741436, 47.2682600284717], [14.099260855661685, 47.263203765391026], [14.048088230159612, 47.2894052915484], [14.013249277657863, 47.26252098828975], [13.983167439487522, 47.26962356968946], [13.931252228795922, 47.24917112173241], [13.86497429614836, 47.25264121720441], [13.824408978168938, 47.26748574395234], [13.826133245704607, 47.293680362447944], [13.761420728666591, 47.266747734768266], [13.712637994644696, 47.259979708655045], [13.696593391016176, 47.26056487396344], [13.608348897975546, 47.28404782593422], [13.604298441617575, 47.330176404660676], [13.57306408464016, 47.39359936234706], [13.565318583402352, 47.41718973057866], [13.565432474261243, 47.4176703022323], [13.564894484649722, 47.4185699882216], [13.593441625432567, 47.46155748983778], [13.58643460518265, 47.47530669240729], [13.606457798581054, 47.47569432788716], [13.60952358993131, 47.475643500784486], [13.668442288753072, 47.46319994029522], [13.723349850747946, 47.46261300868679], [13.719202960248918, 47.47119370242574], [13.718057239028633, 47.474178710708685], [13.72198802603445, 47.48316089154389], [13.723525447195547, 47.485353432719], [13.728080576019494, 47.4893613159391], [13.731497960586651, 47.49206213229628], [13.737698623506096, 47.49600878845934], [13.739831699315966, 47.49706786900644], [13.749939780673508, 47.502130413530246], [13.761468343661337, 47.52080646660642], [13.736257558962429, 47.57753707119247], [13.695386003669368, 47.579788508969735], [13.699304230072531, 47.60256985294222], [13.708656979051755, 47.65697959312436], [13.778469559322653, 47.718855464168996], [13.861138634495047, 47.72774375906014], [13.896747229395052, 47.718005880161456], [14.011443723485487, 47.70141210052122], [14.056276961668358, 47.668402560397155], [14.049585353070214, 47.637433635069286], [14.051621972220863, 47.617665896598645], [14.09397279775532, 47.62004668301488], [14.17845000404205, 47.63845605519901], [14.20666130571076, 47.65304624864519], [14.233426356458017, 47.65113700471098], [14.265285012529146, 47.61097492007717], [14.327278040177621, 47.608053358296914], [14.392425738220743, 47.636439177631914], [14.421750658643285, 47.65707740152773], [14.44513459123595, 47.65591433582141], [14.489475888040413, 47.682544991382265], [14.551628887336577, 47.71962742888747], [14.614927555842169, 47.7309722431711], [14.64719231910817, 47.72595944262536], [14.696101815648682, 47.76563186599045], [14.73941005315781, 47.74922605433828], [14.767999140307422, 47.72680832604045], [14.819269579383509, 47.74470289287024], [14.859023679322252, 47.7409887172898], [14.902180082147158, 47.71132016828422], [14.952018804257285, 47.732092382257235], [15.035706064504046, 47.75323314290026], [15.090243839242723, 47.74196041885176], [15.068238776186405, 47.65183395194271], [15.07509396705783, 47.63380349843512], [15.05527999433814, 47.60788799828251], [14.954957580106097, 47.59934897785193], [14.914773408130593, 47.614981309874075], [14.911662208059523, 47.60511604452447], [14.82567465524418, 47.58402447033405], [14.813610195552508, 47.551025677325356], [14.772750333066487, 47.58316670071416], [14.726320509246046, 47.55559048349472], [14.684036650641422, 47.526410939287516], [14.667132245995887, 47.49704943229697], [14.635609927601845, 47.494267633188485]]]}}, {"type": "Feature", "properties": {"name": "Völkermarkt", "iso": "208", "codes": ["VK"]}, "geometry": {"type": "Polygon", "coordinates": [[[14.759955963822996, 46.50479842526632], [14.67564396450364, 46.45103168762538], [14.587167326976283, 46.42993485852157], [14.586972127538303, 46.392601220802625], [14.54070479276499, 46.41194359413592], [14.447581202730655, 46.42194952649314], [14.435317574999326, 46.443301102802934], [14.462927407506307, 46.45965109408086], [14.487917078065111, 46.50634610539845], [14.452243985447796, 46.5183354579666], [14.457517971379087, 46.56467066248246], [14.466323810764553, 46.568573629298186], [14.488781302979856, 46.5644154142195], [14.51799780428653, 46.59979365804222], [14.526627620040994, 46.60825837458902], [14.506875223619014, 46.649060549040136], [14.535811474800145, 46.66110143871106], [14.49824133544508, 46.686780765982135], [14.528365844441314, 46.71205416280223], [14.53710158743588, 46.741690563553085], [14.577019852931654, 46.732450025248696], [14.595124091306541, 46.762008552490244], [14.634610642091015, 46.75083920682826], [14.647669976004698, 46.80288158716], [14.653084712831925, 46.826124813379586], [14.691331637496688, 46.808167517891775], [14.75877930966952, 46.75628045601397], [14.771669090699756, 46.71394052924346], [14.807138477654473, 46.676203899331476], [14.860893196020792, 46.67833355328317], [14.855258020640667, 46.66803068396247], [14.877266492302962, 46.65251262299683], [14.918973250792979, 46.65445563689268], [14.956574469567887, 46.633092311889136], [14.923936655657426, 46.60360955423701], [14.880552716155968, 46.611612469864475], [14.835389809439851, 46.56357952970373], [14.823623865043784, 46.534900086450534], [14.819486109827174, 46.50974438096276], [14.759955963822996, 46.50479842526632]]]}}, {"type": "Feature", "properties": {"name": "Horn", "iso": "311", "codes": ["HO"]}, "geometry": {"type": "Polygon", "coordinates": [[[15.912375972198996, 48.65367315327339], [15.907811222955669, 48.59880428989747], [15.880620172431119, 48.6040051780802], [15.841797371341558, 48.60450184014595], [15.825550541736924, 48.58917242608824], [15.74275719748031, 48.57397811379549], [15.733144140264814, 48.583702280713545], [15.695151624331722, 48.56648807601811], [15.62611115806397, 48.56179097361884], [15.602780811719706, 48.57713246383014], [15.58499445194431, 48.62356865816524], [15.529057496804421, 48.62996921240281], [15.524105538847676, 48.64559300375114], [15.425279051501116, 48.66934353601101], [15.429856268238279, 48.675105273967034], [15.457029873979716, 48.68184792530457], [15.437553815959882, 48.720995033996374], [15.480368283372533, 48.72709895700438], [15.522652698038264, 48.786764040570894], [15.536355215208022, 48.821762663732514], [15.56676320660584, 48.830007824632915], [15.609256325511632, 48.843656076888934], [15.579401609154095, 48.86820607984945], [15.588244408726771, 48.89659503797938], [15.653838173927074, 48.88344505351575], [15.693735901258304, 48.85612138677834], [15.754813010766114, 48.85277135409975], [15.758158536200076, 48.824949931082514], [15.801197512132635, 48.82496601764086], [15.819835463512279, 48.80157923127032], [15.88881791398177, 48.78569442257552], [15.880361037877249, 48.781667614119485], [15.862955682373158, 48.74913616144826], [15.81635991089472, 48.73660700619995], [15.81651896294461, 48.693279532167395], [15.832658817535792, 48.68695476026382], [15.902600565121025, 48.67798562835942], [15.941851968531653, 48.66751481193117], [15.912375972198996, 48.65367315327339]]]}}, {"type": "Feature", "properties": {"name": "Waidhofen an der Thaya", "iso": "322", "codes": ["WT"]}, "geometry": {"type": "Polygon", "coordinates": [[[15.239357897660671, 48.751452153439], [15.222177446287786, 48.73711024202879], [15.176884453433237, 48.71063076871503], [15.149930679676805, 48.705746952671625], [15.145804555535044, 48.737577690064924], [15.11816194016011, 48.76018047867902], [15.148298518418905, 48.80095775277843], [15.157017113986427, 48.798060112924894], [15.171225456413985, 48.81576430576212], [15.155457483083314, 48.826610027583], [15.163815634059596, 48.87234174417128], [15.188870994331321, 48.88005550435984], [15.188081255339752, 48.923370760783584], [15.160353994573217, 48.94169856642475], [15.161342075064766, 48.94231476511446], [15.225553479801226, 48.96076770228801], [15.26255855812254, 48.95454931199707], [15.29214555403229, 48.98494114769057], [15.322854461001402, 48.97675057531134], [15.368101804381181, 48.98250295977616], [15.430661432548153, 48.951809598273464], [15.50315020303098, 48.93658437392267], [15.514528878083652, 48.91473021624013], [15.588244408726771, 48.89659503797938], [15.579401609154095, 48.86820607984945], [15.609256325511632, 48.843656076888934], [15.56676320660584, 48.830007824632915], [15.536355215208022, 48.821762663732514], [15.522652698038264, 48.786764040570894], [15.480368283372533, 48.72709895700438], [15.437553815959882, 48.720995033996374], [15.445226551282728, 48.74191048471618], [15.418487389912027, 48.74719277739874], [15.405244027904278, 48.77840739216941], [15.358976158355869, 48.773803309061485], [15.337069228210504, 48.77499886210873], [15.32118564118582, 48.751929510437954], [15.239357897660671, 48.751452153439]]]}}, {"type": "Feature", "properties": {"name": "Kufstein", "iso": "705", "codes": ["KU"]}, "geometry": {"type": "Polygon", "coordinates": [[[12.24936345929121, 47.47899409994229], [12.21301272470314, 47.468294744321454], [12.204220164963374, 47.465861973800585], [12.193627646734711, 47.469608086626955], [12.149834323403585, 47.48592055159882], [12.129686995855014, 47.481092296646366], [12.114852418095357, 47.46451333226593], [12.110185457235833, 47.46539549213456], [12.068849867746096, 47.42082581406245], [12.084862670766602, 47.37493430453834], [12.063131676019884, 47.33264403862815], [12.023355131341939, 47.32215248630951], [11.929407627667853, 47.33572064405494], [11.9233982995135, 47.36178419730711], [11.889933453940913, 47.379801124499885], [11.839737927159149, 47.39882270887606], [11.838539785392198, 47.40850004510834], [11.819655552017577, 47.40261275680618], [11.773473988272073, 47.43583572951808], [11.78098546192575, 47.45638297318105], [11.827835449128827, 47.47154702965295], [11.831344252635727, 47.48490683109672], [11.833299308150787, 47.538533007413136], [11.795210362649224, 47.55730915179984], [11.754745369597455, 47.55949815661655], [11.775597820347802, 47.59098023991378], [11.847900005158875, 47.582879654056136], [11.894838448795815, 47.60902270896207], [12.013323046450049, 47.62377412192691], [12.082923499055312, 47.61031407421784], [12.150031861916291, 47.60920679282319], [12.17872636069677, 47.601455193564554], [12.208723546712168, 47.614612654664974], [12.199006350197449, 47.642710372726214], [12.187436709391607, 47.6579028465887], [12.167900236194686, 47.68295575427454], [12.184063131885566, 47.70106441314715], [12.265584277403327, 47.733097239424495], [12.243749205764606, 47.692245798588196], [12.257777731453256, 47.67967269232219], [12.327734852169892, 47.69594012802555], [12.34060577183242, 47.690936631533766], [12.3210180219014, 47.59783590125144], [12.324748239150903, 47.59284854208884], [12.30898963163007, 47.58239857112147], [12.310408946354038, 47.57589183025063], [12.320174860182668, 47.566672595197026], [12.322529193138028, 47.50322325734502], [12.30935057184703, 47.47482772424315], [12.291276491870565, 47.47505735753999], [12.24936345929121, 47.47899409994229]]]}}, {"type": "Feature", "properties": {"name": "Eferding", "iso": "405", "codes": ["EF"]}, "geometry": {"type": "Polygon", "coordinates": [[[14.059905412973954, 48.25235334902672], [13.992211954058083, 48.237832634346866], [13.968741155803196, 48.246501028890286], [13.93172480727826, 48.24761946841314], [13.89607627556589, 48.25258845174755], [13.883846662160492, 48.27910561842184], [13.908302818553747, 48.2846324197663], [13.856149962236243, 48.29089350526179], [13.854206006280071, 48.295262885043456], [13.91186662762594, 48.339675352850826], [13.898744891182293, 48.372913756604014], [13.918712431999015, 48.39003404617488], [13.870124746988578, 48.42652511450181], [13.855305407810913, 48.44901959847333], [13.919536178898479, 48.44973389655473], [13.944265092616131, 48.40393348128468], [13.976456686075359, 48.4197662371121], [13.980257876627306, 48.421839591528176], [14.031186204333078, 48.3737803716226], [14.023163031000387, 48.35418543686476], [14.026723441450317, 48.338720798536016], [14.06728891655118, 48.319989695147484], [14.071572144698488, 48.31885338955516], [14.115999202567773, 48.3098080217425], [14.14654449221525, 48.32065277249878], [14.14561658142658, 48.31576333470886], [14.16537772664817, 48.2779547339901], [14.093859684722878, 48.256112228354255], [14.07834815713984, 48.248518808926335], [14.059905412973954, 48.25235334902672]]]}}, {"type": "Feature", "properties": {"name": "Amstetten", "iso": "305", "codes": ["AM"]}, "geometry": {"type": "MultiPolygon", "coordinates": [[[[14.886125009890696, 47.80829049845661], [14.844943776907492, 47.790578759719004], [14.859023679322252, 47.7409887172898], [14.819269579383509, 47.74470289287024], [14.767999140307422, 47.72680832604045], [14.73941005315781, 47.74922605433828], [14.71282388866229, 47.790593876536974], [14.723745270979276, 47.83270432549689], [14.710944725517333, 47.851156452345236], [14.763701002361893, 47.872755485397825], [14.770512472985631, 47.88013032570069], [14.836781304653291, 47.91373873737062], [14.82136900798649, 47.947233388975086], [14.834178357241077, 47.9701591012401], [14.921615441882546, 47.974681216162246], [14.952652906289151, 47.97430762680437], [14.945223465988807, 47.92851194120114], [14.982504873776465, 47.93189728705312], [15.01090120131313, 47.91506133396835], [14.976265812015432, 47.9060195575326], [14.941154181528203, 47.868384267025995], [14.94939354712775, 47.846322527626846], [14.886125009890696, 47.80829049845661]]], [[[14.841831042154995, 48.013421209358114], [14.815171600033938, 47.99322494948752], [14.737261733960842, 47.99329634004576], [14.69047209410843, 47.99212787453263], [14.661578416130528, 47.972423543904235], [14.650014712778617, 47.942672396118574], [14.61716210344324, 47.94862915023496], [14.556069266219266, 47.980396427392726], [14.494094797932878, 47.998575123780654], [14.493029427438513, 48.01139393724137], [14.457053490765055, 48.043583024288864], [14.459781254769144, 48.0745610655232], [14.45884386138352, 48.089240084575195], [14.479981176313673, 48.104966832319896], [14.49389428913237, 48.110518873200974], [14.468606428772844, 48.12305447127659], [14.48378353961489, 48.17211995981522], [14.48306000462588, 48.17905645349892], [14.481896255476263, 48.202486798133606], [14.516499149962847, 48.234626215560816], [14.522132481880618, 48.23817595459479], [14.561823429345107, 48.231550653279065], [14.624220122940233, 48.19124240435371], [14.644596762205955, 48.175797932834875], [14.689341081657787, 48.157842363591016], [14.716262127184088, 48.17922231714081], [14.762575617971853, 48.178129269618665], [14.76999073359129, 48.17966547701552], [14.841299518230482, 48.194285950254766], [14.857647289249964, 48.2118790838581], [14.886672858998764, 48.23331340585649], [14.94545350829885, 48.227828609959246], [14.963455418254389, 48.2029294757642], [14.975168842336695, 48.19938089723151], [14.980538018863436, 48.19775757273315], [14.99397305633865, 48.19604993663435], [14.971720163586468, 48.17166796983607], [14.97134801294889, 48.15901245026397], [14.981809132745859, 48.111163772462476], [15.016402122038926, 48.11764264785489], [15.001710827121766, 48.07196897823065], [14.985539336572266, 48.07317392305091], [14.974730444335755, 48.04237406487471], [14.927904539450404, 48.03817098037454], [14.860562835519097, 48.02361627476052], [14.860345611654624, 48.019471384736626], [14.841831042154995, 48.013421209358114]]]]}}, {"type": "Feature", "properties": {"name": "Perg", "iso": "411", "codes": ["PE"]}, "geometry": {"type": "Polygon", "coordinates": [[[14.953177334199474, 48.2196821319115], [14.975168842336695, 48.19938089723151], [14.963455418254389, 48.2029294757642], [14.94545350829885, 48.227828609959246], [14.886672858998764, 48.23331340585649], [14.857647289249964, 48.2118790838581], [14.841299518230482, 48.194285950254766], [14.76999073359129, 48.17966547701552], [14.762575617971853, 48.178129269618665], [14.716262127184088, 48.17922231714081], [14.689341081657787, 48.157842363591016], [14.644596762205955, 48.175797932834875], [14.624220122940233, 48.19124240435371], [14.561823429345107, 48.231550653279065], [14.522132481880618, 48.23817595459479], [14.495991563852014, 48.24424343005997], [14.441506057926901, 48.24499134309924], [14.43735147256733, 48.23990297040797], [14.40980557121512, 48.248965073527955], [14.404617735009325, 48.25763975467617], [14.418256246186232, 48.30514631076361], [14.443675797521806, 48.296712657825566], [14.483066154876921, 48.30320142016571], [14.478880312102374, 48.32877045718843], [14.519464461953497, 48.31602279974865], [14.554139359128346, 48.32449366226749], [14.564303672603925, 48.32141988759871], [14.573620528916347, 48.304807033203964], [14.614591801954509, 48.30283449473855], [14.642603217079952, 48.34001109884649], [14.678911557801419, 48.309751763213974], [14.67962234851263, 48.31183077400504], [14.712670676363226, 48.338479678631266], [14.7376668049651, 48.331663983837906], [14.779896055070994, 48.34399322477485], [14.790695908667013, 48.33709460221093], [14.848431355769684, 48.370763537899435], [14.929222197081275, 48.42437900230321], [14.95740686118546, 48.391872589945], [14.965473444224912, 48.37908036597974], [14.948500091153504, 48.333932701233394], [14.944707930199018, 48.324208641191426], [14.98610631748662, 48.2996683525936], [14.993064821745358, 48.256481541981714], [14.970980298747003, 48.246307500079254], [14.973991654256002, 48.23412855248663], [14.953177334199474, 48.2196821319115]]]}}, {"type": "Feature", "properties": {"name": "St. Pölten (Land)", "iso": "319", "codes": ["PL"]}, "geometry": {"type": "Polygon", "coordinates": [[[16.157629117480052, 48.16938046599942], [16.149922069159473, 48.155902265929974], [16.114976309352386, 48.13240687300746], [16.080830006112688, 48.13049235598768], [16.05946522343423, 48.13270210814436], [16.050371205810404, 48.13851969349067], [15.996800952534947, 48.14621843741403], [15.914426897892087, 48.10748145014335], [15.916990127162551, 48.08903779741417], [15.876617396724775, 48.076476878076654], [15.846453308192801, 48.06268440746933], [15.813410413074708, 48.07853820959902], [15.778809268191205, 48.07196280342596], [15.733216221461442, 48.078011275469485], [15.719027895854676, 48.084036846902485], [15.691039986202203, 48.08930748708008], [15.602400207169008, 48.068110502103636], [15.559680615179214, 48.07214494348596], [15.528104942631366, 48.05693583959168], [15.533279063352154, 48.013819354408106], [15.53455481661129, 48.00867965398703], [15.499468673284552, 47.980916260463275], [15.447580182595782, 47.96093315839019], [15.433554655570102, 47.95798089403763], [15.398162763794353, 47.90338508786562], [15.337000142628371, 47.89051446818544], [15.323458179657315, 47.93619161227486], [15.287785973475145, 47.946904834663556], [15.270390473455086, 48.00339337368785], [15.277190766862708, 48.00735048609039], [15.350084954517637, 48.025011637989365], [15.37089515796142, 48.03895956574261], [15.413467300586696, 48.05667033211436], [15.442636977869373, 48.079495705489656], [15.445981805869472, 48.10219576941087], [15.4922709604767, 48.1152315295965], [15.517449849479302, 48.12932437304728], [15.51867833086969, 48.13968067924543], [15.455283275930451, 48.143117221253796], [15.46117457411003, 48.158445312978415], [15.44616619432072, 48.17764776814786], [15.43963471813871, 48.18508468038339], [15.423478410144995, 48.211355822106384], [15.438840030121764, 48.22247173432788], [15.484593925385381, 48.25985609980702], [15.5220442302857, 48.284751583255854], [15.525320523750333, 48.29668249252807], [15.508775736293712, 48.320141796679714], [15.550269583899357, 48.337983027137106], [15.629202233465042, 48.32621591117499], [15.655237374557784, 48.337883600310825], [15.667837095675806, 48.36904843919638], [15.687078658391687, 48.370509108522356], [15.726446852576867, 48.37938868036712], [15.732492891824121, 48.384743279022175], [15.773604530307004, 48.37785819437236], [15.825242258174663, 48.33610419603927], [15.783875041997554, 48.336719637725125], [15.761300713229078, 48.3143896546113], [15.804516185374782, 48.28820612860733], [15.834427659544245, 48.28791093502379], [15.846385274028021, 48.27820897364114], [15.8429534919148, 48.23096393874927], [15.886450886666694, 48.23215685783832], [15.894355387459706, 48.261847710934255], [15.92031526727182, 48.26283214940632], [15.958229531412734, 48.26007560496218], [16.003741504806072, 48.20477221035293], [16.054880570307155, 48.23253152365817], [16.092169019443123, 48.24323579160472], [16.11686156615979, 48.257004294757834], [16.133689522890045, 48.25806348030813], [16.16047061376015, 48.28048231459675], [16.178881687603063, 48.282796989152565], [16.202675602449464, 48.26832743028293], [16.209258760810737, 48.26460978002107], [16.186349293357544, 48.22371555892549], [16.210799524240645, 48.210139371488204], [16.183076337318866, 48.1715330023072], [16.157629117480052, 48.16938046599942]], [[15.576588622133523, 48.21306597041894], [15.560042016240255, 48.16679063459344], [15.591304987529208, 48.16652458806521], [15.585425993799664, 48.12944193788418], [15.647610801238368, 48.122996091292116], [15.646691707780331, 48.176265242509764], [15.69369019282075, 48.197187533253604], [15.737934580037855, 48.23053561890345], [15.735862464486614, 48.258668125067075], [15.737315426956165, 48.26704408837843], [15.6701636980486, 48.26199896940089], [15.619453367445479, 48.239007785935584], [15.601409604647221, 48.23282156056669], [15.576588622133523, 48.21306597041894]]]}}, {"type": "Feature", "properties": {"name": "Innsbruck", "iso": "701", "codes": ["I"]}, "geometry": {"type": "Polygon", "coordinates": [[[11.427880257351488, 47.34694720868998], [11.42789796880638, 47.34691465522765], [11.426538245672102, 47.32111588658965], [11.416792922299381, 47.295105065526506], [11.453483901831818, 47.26790623905687], [11.454788241048808, 47.26036530559831], [11.43235969754358, 47.247580325874026], [11.454422526856629, 47.2135622551005], [11.3950074087572, 47.212896714494015], [11.390652737485778, 47.21399015128988], [11.39013297487835, 47.238434997015], [11.345950331765923, 47.243386109708815], [11.305624904937696, 47.26498392153106], [11.306560218520175, 47.29248083515527], [11.336421692309623, 47.314137266502115], [11.331761864795578, 47.34332930589458], [11.358395180925156, 47.36047763346845], [11.427880257351488, 47.34694720868998]]]}}, {"type": "Feature", "properties": {"name": "Güssing", "iso": "104", "codes": ["GS"]}, "geometry": {"type": "Polygon", "coordinates": [[[16.32357551449482, 47.002926097638245], [16.30337559930985, 46.99879614139104], [16.29984675679729, 47.00643749860794], [16.290401726547195, 47.013786365579975], [16.289792318559282, 47.01809802563934], [16.289254618009963, 47.01812549100814], [16.234797498732963, 47.020033758928285], [16.244726174255582, 47.04395230501121], [16.228873653688428, 47.04876490041994], [16.193120378380165, 47.045328252897754], [16.165590529092412, 47.03816659218195], [16.13006647904168, 47.07631821468419], [16.156818479310232, 47.10323493394335], [16.138968655526682, 47.13130844150432], [16.116113224442298, 47.13357524446511], [16.110376439903597, 47.16717422393531], [16.1036729064834, 47.18404808769572], [16.092587242563717, 47.19885575126069], [16.09389190372797, 47.200303310663514], [16.0876095236132, 47.23394446775257], [16.098930395454886, 47.23419807297628], [16.126375571519727, 47.22901365805783], [16.151999008157766, 47.20141205791536], [16.177894438355704, 47.20023486440958], [16.194556893273223, 47.21416242880574], [16.22857387455409, 47.213548511954755], [16.238989249515107, 47.212550297221654], [16.277528285230662, 47.19812695617152], [16.328791725224814, 47.17891312286304], [16.319870546181665, 47.15326813999752], [16.32867410395787, 47.14041138832437], [16.39477598237845, 47.135868215740636], [16.39740503121226, 47.13015949142983], [16.447405397652687, 47.12813655239466], [16.45543370779369, 47.14268302004034], [16.50101280302869, 47.123784312475884], [16.465745084773026, 47.099319653567676], [16.48842011061926, 47.06920438586258], [16.45237224704499, 47.040448531788385], [16.498059533779365, 46.99856202179637], [16.42858959695912, 46.99349389789891], [16.38763991943254, 47.00078325393528], [16.344047026571417, 46.99945511015585], [16.32357551449482, 47.002926097638245]]]}}, {"type": "Feature", "properties": {"name": "Deutschlandsberg", "iso": "603", "codes": ["DL"]}, "geometry": {"type": "Polygon", "coordinates": [[[15.323203934547625, 46.69937505508497], [15.30894205192583, 46.6527929285909], [15.236850489510207, 46.63974157786863], [15.18358787520382, 46.65638130567122], [15.111563203232347, 46.66002596929453], [15.066026866155596, 46.652413678660864], [15.03127210295496, 46.680966106782996], [15.04319487207487, 46.72124982171925], [15.032466153019449, 46.7460900152983], [15.031711115506777, 46.769258774912096], [14.997585924517661, 46.78120655629604], [14.977176128181322, 46.78516609372807], [14.996365244743608, 46.82786212536294], [15.020553298215097, 46.84464167913086], [15.00914664683249, 46.88025588250889], [15.015835016587198, 46.88163179205608], [15.027933551040734, 46.910129398885935], [15.076648747602853, 46.91750587426926], [15.116918851699479, 46.9283163316784], [15.119686823109113, 46.93732460601291], [15.132721860475622, 46.962233503664294], [15.174351000990393, 46.95035657028802], [15.220621887911616, 46.96328529019129], [15.294806727590819, 46.94884936132777], [15.314787676402409, 46.97300117285096], [15.349136176453769, 46.953598659962374], [15.349724956918848, 46.924873410691546], [15.378619299581647, 46.904022516611356], [15.414968245200185, 46.878213512028715], [15.430882516056354, 46.849140642165025], [15.428135001232768, 46.848528237130424], [15.409489026332084, 46.82309359659287], [15.374786406701556, 46.799049782604264], [15.348726129092238, 46.7774526580487], [15.342369594385461, 46.772458294981995], [15.359766674003835, 46.75310932763813], [15.33929234839127, 46.73210667532206], [15.339379418461151, 46.730271237364335], [15.323203934547625, 46.69937505508497]]]}}, {"type": "Feature", "properties": {"name": "Salzburg", "iso": "501", "codes": ["S"]}, "geometry": {"type": "Polygon", "coordinates": [[[13.06004712249471, 47.84001703833899], [13.060670422233517, 47.84327592679114], [13.08901578926645, 47.82795999964912], [13.127465242947894, 47.8026932570504], [13.079810088758412, 47.75560348800025], [13.04953506616971, 47.76037750321994], [13.00243195589008, 47.76198696152707], [12.986334268052072, 47.79617352244708], [12.98978532484958, 47.832534232796654], [13.002108047430244, 47.85496420908995], [13.036069197371196, 47.83013735235158], [13.06004712249471, 47.84001703833899]]]}}, {"type": "Feature", "properties": {"name": "Leibnitz", "iso": "610", "codes": ["LB"]}, "geometry": {"type": "Polygon", "coordinates": [[[15.547259020768982, 46.670502818048625], [15.54452477537326, 46.6325592034832], [15.512796708831035, 46.61694717790046], [15.464884006129429, 46.61493241486585], [15.415051452134898, 46.655891081643006], [15.383852702594728, 46.651976349238936], [15.30894205192583, 46.6527929285909], [15.323203934547625, 46.69937505508497], [15.339379418461151, 46.730271237364335], [15.33929234839127, 46.73210667532206], [15.359766674003835, 46.75310932763813], [15.342369594385461, 46.772458294981995], [15.348726129092238, 46.7774526580487], [15.374786406701556, 46.799049782604264], [15.409489026332084, 46.82309359659287], [15.428135001232768, 46.848528237130424], [15.430882516056354, 46.849140642165025], [15.414968245200185, 46.878213512028715], [15.42916200801248, 46.88136756993187], [15.450883207461855, 46.90520249107291], [15.48009297447074, 46.91303377440295], [15.487430219838533, 46.91089585142903], [15.520747390057329, 46.92122125088213], [15.547554421729263, 46.97746259529053], [15.543466881366154, 46.98524162228475], [15.552915883336464, 46.99239543793254], [15.588465973436964, 47.019396578996606], [15.61978102744771, 47.01150598694041], [15.617140242864394, 47.003043410282416], [15.596237964514888, 46.978316688515285], [15.599819935995322, 46.93092786806736], [15.609286134629393, 46.9011051275208], [15.64413594217457, 46.89708159660697], [15.666073171623816, 46.887264265159374], [15.692548495002782, 46.862846973882895], [15.691442042908486, 46.8537093970736], [15.68596625361908, 46.830591403636355], [15.688222298773255, 46.783503629599515], [15.718643389270378, 46.78215136491942], [15.751689227830258, 46.76425233516706], [15.721502662960656, 46.74833966450486], [15.718940111530957, 46.72368060046576], [15.652507156851028, 46.73467017729394], [15.6509834865388, 46.706106815908505], [15.615537122667375, 46.68251766838437], [15.571136759594422, 46.68125972769756], [15.547259020768982, 46.670502818048625]]]}}, {"type": "Feature", "properties": {"name": "Lienz", "iso": "707", "codes": ["LZ"]}, "geometry": {"type": "Polygon", "coordinates": [[[12.71233012533157, 46.73610222670111], [12.711506966621174, 46.70547477003055], [12.687289165693864, 46.686651136614145], [12.691232045355415, 46.657410894876925], [12.631625940132983, 46.66183102423462], [12.551821831941057, 46.6592016818245], [12.51658024245422, 46.67904994315625], [12.480465736997035, 46.67770198216768], [12.427601018191798, 46.699541651906166], [12.384616493797905, 46.71679024595166], [12.357989818873376, 46.775431097099634], [12.309518102906122, 46.78545457535949], [12.283477359540774, 46.81540837675979], [12.3064550534329, 46.83370938839], [12.292403018780087, 46.865668961217814], [12.267235590098487, 46.88770735147171], [12.211599701312783, 46.8780889439135], [12.168900331801739, 46.93877223303666], [12.138808698059078, 46.95695960266577], [12.12517836150055, 47.01231335038998], [12.147958404760887, 47.025398308757374], [12.205425238526889, 47.02747342957992], [12.2413077362019, 47.0696691922961], [12.284347357622847, 47.09305169352613], [12.346194507937303, 47.10977199925601], [12.363857456172411, 47.14188976330796], [12.400109764448992, 47.15330715375048], [12.466152733668684, 47.14485684341726], [12.484119551631274, 47.15834918723919], [12.566984859954406, 47.13652421216914], [12.592847941925221, 47.12536941093126], [12.65745397307417, 47.10000921350448], [12.701908498451656, 47.071068580611545], [12.711139270753687, 47.048918029984094], [12.766556564846313, 47.04491082791749], [12.725259034839011, 46.996264019621535], [12.741707034637624, 46.96946262444202], [12.760195755530342, 46.957083123434316], [12.787035542028026, 46.940031615688454], [12.794301186939792, 46.92694926273792], [12.809081266709512, 46.92306590509986], [12.822457903988065, 46.917282816401574], [12.837688794160522, 46.912955017440304], [12.841788233961834, 46.86143803590054], [12.896233736030906, 46.82625951182353], [12.906100465535685, 46.82308241873304], [12.907751826000329, 46.82312509676053], [12.964130115063137, 46.799096280170424], [12.932063228622303, 46.7644869313064], [12.90001757068092, 46.777294257683835], [12.857469906345388, 46.7606156930797], [12.84184899894473, 46.74978166169015], [12.81053552137355, 46.75673020780315], [12.796437287251893, 46.75578785946756], [12.748810713047153, 46.74789735360012], [12.71233012533157, 46.73610222670111]]]}}, {"type": "Feature", "properties": {"name": "Hollabrunn", "iso": "310", "codes": ["HL"]}, "geometry": {"type": "Polygon", "coordinates": [[[16.192307205184434, 48.54136263254869], [16.190305710252424, 48.49377544611645], [16.12736062735477, 48.463806928854396], [16.09848362527677, 48.465677937465195], [16.072905566395683, 48.49490205036501], [16.027405021147388, 48.49190533980367], [16.025398741722142, 48.495731276941406], [15.960230423681251, 48.49122551164129], [15.930854329372915, 48.479293115861466], [15.920847357983883, 48.48179464479676], [15.89045092070758, 48.496209168868596], [15.841128624083396, 48.48819307029322], [15.784997767668392, 48.4867040470847], [15.737072875250497, 48.53988134309197], [15.763930613637335, 48.54253368562991], [15.74275719748031, 48.57397811379549], [15.825550541736924, 48.58917242608824], [15.841797371341558, 48.60450184014595], [15.880620172431119, 48.6040051780802], [15.907811222955669, 48.59880428989747], [15.912375972198996, 48.65367315327339], [15.941851968531653, 48.66751481193117], [15.902600565121025, 48.67798562835942], [15.832658817535792, 48.68695476026382], [15.81651896294461, 48.693279532167395], [15.81635991089472, 48.73660700619995], [15.862955682373158, 48.74913616144826], [15.880361037877249, 48.781667614119485], [15.88881791398177, 48.78569442257552], [15.819835463512279, 48.80157923127032], [15.801197512132635, 48.82496601764086], [15.758158536200076, 48.824949931082514], [15.754813010766114, 48.85277135409975], [15.78070179590686, 48.8754803296086], [15.9081605680674, 48.836116017351785], [15.97125874420456, 48.79590069494309], [16.065873871173352, 48.75542319950877], [16.090194867501193, 48.74839542362075], [16.104099817585876, 48.74596959032739], [16.151102353475807, 48.743764646460775], [16.224719505726494, 48.74066613312777], [16.21119840761544, 48.702901551476714], [16.20050090584752, 48.66254377851921], [16.258845885451006, 48.65524817563236], [16.269618817462074, 48.60314972393814], [16.303037687746762, 48.59512196078866], [16.290552157800658, 48.56694170334548], [16.284009840646203, 48.55454960512044], [16.230854653776028, 48.57043260515658], [16.192307205184434, 48.54136263254869]]]}}, {"type": "Feature", "properties": {"name": "Wiener Neustadt (Land)", "iso": "323", "codes": ["WB"]}, "geometry": {"type": "MultiPolygon", "coordinates": [[[[16.192042457616164, 47.80769393891607], [16.17941646148077, 47.77433457347684], [16.128450022401104, 47.80510241818024], [16.09086361000716, 47.79745168061068], [16.08913538127336, 47.80043721025777], [16.051996915631317, 47.80696957958974], [16.00379160158547, 47.8146607744945], [16.002685157061492, 47.815929216807305], [15.97133205078976, 47.80741528757777], [15.918877862432991, 47.811514597901734], [15.907528064675471, 47.82756613630589], [15.861169019609818, 47.81995272366276], [15.81011984883169, 47.785264995956204], [15.800717437531036, 47.83176339777034], [15.783612890693638, 47.842032125923225], [15.741181791506722, 47.86250119721842], [15.630138814818594, 47.85522181495251], [15.625171392752025, 47.87537786080946], [15.6679593452839, 47.903426864118316], [15.691436264035593, 47.895551830359516], [15.759880783064059, 47.93532341871683], [15.799352988030016, 47.93637146803649], [15.819903457995354, 47.938415867538275], [15.873023109539437, 47.960622414567915], [15.999311357726576, 47.942643453969225], [15.99893910015259, 47.92394937148702], [16.01706492335314, 47.932629090138825], [16.012999778957678, 47.893485171065024], [16.083074898496164, 47.90022245916137], [16.112155992365647, 47.87649206148497], [16.14991525841538, 47.88415663994378], [16.150379338186116, 47.88465263876167], [16.150669340744194, 47.88511248606909], [16.204967838075962, 47.90595745810099], [16.220072510376262, 47.898438622306536], [16.235683414484487, 47.91810417452604], [16.294374136492763, 47.9116821225088], [16.293393005154766, 47.91136540408963], [16.390073086402186, 47.88206274966688], [16.38378533354836, 47.876745671240194], [16.349159710733165, 47.86860779740351], [16.37568267098629, 47.85294565849879], [16.378363345157684, 47.82777632553025], [16.363528014773575, 47.82371082539523], [16.355927486776668, 47.821168011549574], [16.316783876087396, 47.78504548648747], [16.287054333094485, 47.81191497091851], [16.282865597475936, 47.84101827674406], [16.27355977631198, 47.85481638965935], [16.22283056165643, 47.84766610657084], [16.224971971585227, 47.875057282670944], [16.224481757152976, 47.87481270040535], [16.19410189046468, 47.84626404804632], [16.192042457616164, 47.80769393891607]]], [[[16.254293485122595, 47.44850965393688], [16.20813918565573, 47.425061662269506], [16.172886654147526, 47.422815558741206], [16.139091177716853, 47.46185877434416], [16.160761968737315, 47.467573690390346], [16.167886248856956, 47.48241196641174], [16.148043669052093, 47.546562994876794], [16.211217343793955, 47.53843456773881], [16.18601732071701, 47.55864603818537], [16.19091551813065, 47.58584799714563], [16.177322115603957, 47.61152789758835], [16.18322448740894, 47.61938795790807], [16.192541026569874, 47.62328695423476], [16.20659298719505, 47.68262296282141], [16.207002539379122, 47.68384636487706], [16.20042120343823, 47.723163364641735], [16.166580878228974, 47.71736332869077], [16.20656311602616, 47.734684758986795], [16.197398386640753, 47.750599118705345], [16.242759776955157, 47.77420081849584], [16.26990582983384, 47.79153141325888], [16.29954764188464, 47.762180748796006], [16.30050171372142, 47.76163540806019], [16.296792916501126, 47.74273567084454], [16.296207172109245, 47.71575745872823], [16.310270995806697, 47.69585463338358], [16.310194767394016, 47.68761613714829], [16.32492060617306, 47.683765068682256], [16.357854029490802, 47.67996976703736], [16.373663039060315, 47.64292015292044], [16.345513822736986, 47.60323045272716], [16.33214677129723, 47.58995902128921], [16.314308548351796, 47.56577283985603], [16.314868350429926, 47.54313706901066], [16.317361386201334, 47.54275631104358], [16.340833658062486, 47.516596893355015], [16.321962375015627, 47.494129762521254], [16.282215386075524, 47.45554843810961], [16.254293485122595, 47.44850965393688]]]]}}, {"type": "Feature", "properties": {"name": "Braunau am Inn", "iso": "404", "codes": ["BR"]}, "geometry": {"type": "Polygon", "coordinates": [[[12.938794024086247, 48.03655378472327], [12.890672123907757, 47.99150922151449], [12.86088959690731, 47.99723089391568], [12.834700013018569, 48.028658574250564], [12.77118249189689, 48.06654970967599], [12.751335202400906, 48.10020168386371], [12.765471952409863, 48.12951392694786], [12.793862775286234, 48.13305787836447], [12.848778092893358, 48.16847298306341], [12.872875848203517, 48.20274403899485], [12.955926838525826, 48.20958125416833], [13.023867198179028, 48.25892200808435], [13.064929214454004, 48.269951866139714], [13.143393052035135, 48.28350646760216], [13.196266154506786, 48.29607973557583], [13.203506266906524, 48.26854639017863], [13.207360376216762, 48.263318938253406], [13.257368735741432, 48.27441876139861], [13.272953388034152, 48.252478495028335], [13.321371686140596, 48.24034721867074], [13.345766427225923, 48.22333780757784], [13.336956325771817, 48.21864648061908], [13.353784421434593, 48.19752175688361], [13.331883283615902, 48.1324954668033], [13.325585503257056, 48.10751337909709], [13.330832238627297, 48.06993419714352], [13.297966346402294, 48.02985805956822], [13.30470126151509, 48.00844773145437], [13.213462576661653, 47.98304537035671], [13.210633201710504, 47.97952053508733], [13.199432981972263, 47.97475031105499], [13.145922802944359, 47.97492426122499], [13.124995546580353, 47.99676404709405], [13.104679932443288, 47.9973348993728], [13.103509611940929, 47.99814389805751], [13.058399902054074, 48.0138781323072], [13.047942372223341, 48.02784954404842], [13.0477425732328, 48.03795347378263], [13.01303093487179, 48.03710160969214], [12.99033983971967, 48.028428310448234], [12.940234149971177, 48.036994092995705], [12.938794024086247, 48.03655378472327]]]}}, {"type": "Feature", "properties": {"name": "Baden", "iso": "306", "codes": ["BN"]}, "geometry": {"type": "Polygon", "coordinates": [[[16.45355117337773, 47.93472934538395], [16.42399235797815, 47.902390028815525], [16.390073086402186, 47.88206274966688], [16.293393005154766, 47.91136540408963], [16.294374136492763, 47.9116821225088], [16.235683414484487, 47.91810417452604], [16.220072510376262, 47.898438622306536], [16.204967838075962, 47.90595745810099], [16.150669340744194, 47.88511248606909], [16.150379338186116, 47.88465263876167], [16.14991525841538, 47.88415663994378], [16.112155992365647, 47.87649206148497], [16.083074898496164, 47.90022245916137], [16.012999778957678, 47.893485171065024], [16.01706492335314, 47.932629090138825], [15.99893910015259, 47.92394937148702], [15.999311357726576, 47.942643453969225], [15.873023109539437, 47.960622414567915], [15.869584806688252, 47.997850266646765], [15.949174902364625, 47.99877623288473], [15.935711000488164, 48.043596240310656], [15.883646012643942, 48.05868039466415], [15.876617396724775, 48.076476878076654], [15.916990127162551, 48.08903779741417], [15.914426897892087, 48.10748145014335], [15.996800952534947, 48.14621843741403], [16.050371205810404, 48.13851969349067], [16.05946522343423, 48.13270210814436], [16.040953895884037, 48.1234438026019], [16.048727535408958, 48.082662868644874], [16.08179318587909, 48.0881994728248], [16.106680279739955, 48.06209149907435], [16.162342301605975, 48.064926374244344], [16.16195517633351, 48.04854298453946], [16.224572054333617, 48.02795829064403], [16.25168557691332, 48.040176510901375], [16.26713512580946, 48.034811222635255], [16.304202395311854, 48.04431547810353], [16.357197395661807, 48.02317779799557], [16.355408790417368, 48.018175556874894], [16.40909355102805, 48.006423853265325], [16.410951443435394, 48.00209792187028], [16.41309948018615, 48.00176760837701], [16.459245407711002, 47.98799431596685], [16.47242282911676, 48.00129788744276], [16.496066313408182, 48.02053071371725], [16.506705068835476, 48.025405048903735], [16.56133892895445, 47.99417734998867], [16.55233306727831, 47.976459440792674], [16.54256258623747, 47.96679994841431], [16.533281754108, 47.950540623206884], [16.519880338912994, 47.94403446695838], [16.45355117337773, 47.93472934538395]]]}}, {"type": "Feature", "properties": {"name": "Ried im Innkreis", "iso": "412", "codes": ["RI"]}, "geometry": {"type": "Polygon", "coordinates": [[[13.460051392790083, 48.10749298792681], [13.45143256321242, 48.105202129308424], [13.405729746169643, 48.08539636749541], [13.392785823075165, 48.059270760163514], [13.383733005818018, 48.05179947736992], [13.354011793131408, 48.055840210876504], [13.330832238627297, 48.06993419714352], [13.325585503257056, 48.10751337909709], [13.331883283615902, 48.1324954668033], [13.353784421434593, 48.19752175688361], [13.336956325771817, 48.21864648061908], [13.345766427225923, 48.22333780757784], [13.321371686140596, 48.24034721867074], [13.272953388034152, 48.252478495028335], [13.257368735741432, 48.27441876139861], [13.207360376216762, 48.263318938253406], [13.203506266906524, 48.26854639017863], [13.196266154506786, 48.29607973557583], [13.254464315439044, 48.293767929844634], [13.315277079231342, 48.317036461259335], [13.342147830083436, 48.33230728614129], [13.344649513635373, 48.334097967252795], [13.374859460935586, 48.357087271798186], [13.408652267619852, 48.372780988910925], [13.42622098088147, 48.35330993376863], [13.425537324396965, 48.34778527614811], [13.465905612650161, 48.33488252108545], [13.500721415327124, 48.33421284810413], [13.532673861800125, 48.33240091748543], [13.562956058567945, 48.32875046056666], [13.57143360099811, 48.31000928933087], [13.60982890825694, 48.29961459133075], [13.62853329560298, 48.29105559036209], [13.591673507539904, 48.25435619701419], [13.568507985214621, 48.244077487447484], [13.585154863670489, 48.22631719447324], [13.585588428072159, 48.213713030761404], [13.611937353328791, 48.2030268919737], [13.612564808927836, 48.16955966434398], [13.60850878026547, 48.14325885570686], [13.606996198013892, 48.13316665869365], [13.582922036404653, 48.115520500299716], [13.552402282780363, 48.120355348646505], [13.52793096032836, 48.11552953887128], [13.477233342492983, 48.10685918493315], [13.460051392790083, 48.10749298792681]]]}}, {"type": "Feature", "properties": {"name": "Hermagor", "iso": "203", "codes": ["HE"]}, "geometry": {"type": "Polygon", "coordinates": [[[13.573074366067837, 46.657367380196696], [13.55486187613883, 46.63128719752279], [13.55838114007506, 46.59133477303554], [13.50494956634316, 46.566707243115914], [13.4241737882668, 46.55898010178373], [13.372920325356024, 46.579682190539096], [13.322766911085287, 46.55361350911511], [13.253475564058748, 46.560890051584], [13.1797864044299, 46.578213348054405], [13.169256994568268, 46.589316113990776], [13.088252890622453, 46.60167854273608], [13.073399877373218, 46.59933939241637], [12.987812420060745, 46.59986626060495], [12.89084075324616, 46.60764825131525], [12.834290860022419, 46.610315978975265], [12.776541784209181, 46.64712813851878], [12.731990206876276, 46.63472689531027], [12.691232045355415, 46.657410894876925], [12.687289165693864, 46.686651136614145], [12.711506966621174, 46.70547477003055], [12.71233012533157, 46.73610222670111], [12.748810713047153, 46.74789735360012], [12.796437287251893, 46.75578785946756], [12.81053552137355, 46.75673020780315], [12.84184899894473, 46.74978166169015], [12.889935694857762, 46.71878235173961], [12.9550563614899, 46.7261964281], [12.996902180184291, 46.710707249710445], [13.063453386542802, 46.70185488905023], [13.085229566478604, 46.70138264006992], [13.120038321483877, 46.685493463992344], [13.139942201968044, 46.684994153162236], [13.187921331008097, 46.69437817671799], [13.229317953177379, 46.712388861982696], [13.28858930963078, 46.69124920272565], [13.3069315776876, 46.69862595235795], [13.361173838991407, 46.672566675584065], [13.433456483479999, 46.65757707244619], [13.465711215393199, 46.65642565226262], [13.573074366067837, 46.657367380196696]]]}}, {"type": "Feature", "properties": {"name": "Neunkirchen", "iso": "318", "codes": ["NK"]}, "geometry": {"type": "Polygon", "coordinates": [[[16.148043669052093, 47.546562994876794], [16.167886248856956, 47.48241196641174], [16.160761968737315, 47.467573690390346], [16.139091177716853, 47.46185877434416], [16.11405034426309, 47.49754439335263], [16.08851086703062, 47.5075859254692], [16.066196781158446, 47.486763197708626], [16.0011737999035, 47.516271778822365], [15.959617616571604, 47.518288565732355], [15.92159382910158, 47.53045538072957], [15.914952170030258, 47.53086429113109], [15.906504791280582, 47.5602465613467], [15.848095257531307, 47.568233165037], [15.861656754855177, 47.61712638773246], [15.841385820781568, 47.61855100951688], [15.822866942434942, 47.63840826641071], [15.782412071172095, 47.64275498401481], [15.743385204563618, 47.642665282292974], [15.726176869167379, 47.64691254106756], [15.72022415864135, 47.710348509700275], [15.679803235298994, 47.699460426682116], [15.636811423061399, 47.71602129895097], [15.612778635840087, 47.75155994650623], [15.632219153332617, 47.816262452229594], [15.630138814818594, 47.85522181495251], [15.741181791506722, 47.86250119721842], [15.783612890693638, 47.842032125923225], [15.800717437531036, 47.83176339777034], [15.81011984883169, 47.785264995956204], [15.861169019609818, 47.81995272366276], [15.907528064675471, 47.82756613630589], [15.918877862432991, 47.811514597901734], [15.97133205078976, 47.80741528757777], [16.002685157061492, 47.815929216807305], [16.00379160158547, 47.8146607744945], [16.051996915631317, 47.80696957958974], [16.08913538127336, 47.80043721025777], [16.09086361000716, 47.79745168061068], [16.128450022401104, 47.80510241818024], [16.17941646148077, 47.77433457347684], [16.147654455540064, 47.75566169567604], [16.15676514165154, 47.74685662569239], [16.197398386640753, 47.750599118705345], [16.20656311602616, 47.734684758986795], [16.166580878228974, 47.71736332869077], [16.20042120343823, 47.723163364641735], [16.207002539379122, 47.68384636487706], [16.20659298719505, 47.68262296282141], [16.192541026569874, 47.62328695423476], [16.18322448740894, 47.61938795790807], [16.177322115603957, 47.61152789758835], [16.19091551813065, 47.58584799714563], [16.18601732071701, 47.55864603818537], [16.211217343793955, 47.53843456773881], [16.148043669052093, 47.546562994876794]]]}}, {"type": "Feature", "properties": {"name": "Jennersdorf", "iso": "105", "codes": ["JE"]}, "geometry": {"type": "Polygon", "coordinates": [[[16.06678069176434, 46.85024713809595], [15.997286839811482, 46.83575189334536], [16.003733506370054, 46.84724756473163], [16.024484607831496, 46.888287130351735], [16.03645815371421, 46.89322253865726], [16.055112530211147, 46.91073541274529], [16.095863216016685, 46.934706154572254], [16.09647318748098, 46.95439740236769], [16.10882514795755, 46.96569165715076], [16.122797706919112, 46.991033625037204], [16.155612859502217, 46.99118038671128], [16.1466782318192, 47.00017165604247], [16.131808854757168, 47.01249545389773], [16.099443915616142, 47.06144298135763], [16.087658233709114, 47.08821475263853], [16.09587721655735, 47.11258253922575], [16.116113224442298, 47.13357524446511], [16.138968655526682, 47.13130844150432], [16.156818479310232, 47.10323493394335], [16.13006647904168, 47.07631821468419], [16.165590529092412, 47.03816659218195], [16.193120378380165, 47.045328252897754], [16.228873653688428, 47.04876490041994], [16.244726174255582, 47.04395230501121], [16.234797498732963, 47.020033758928285], [16.289254618009963, 47.01812549100814], [16.289792318559282, 47.01809802563934], [16.290401726547195, 47.013786365579975], [16.27751330178366, 46.96303194957487], [16.256417448272256, 46.96456842287729], [16.21111924665356, 46.94285806746564], [16.198629397307233, 46.94031610445278], [16.180304439715954, 46.90699779466032], [16.13391073720751, 46.87590356188067], [16.092997072027956, 46.8649338694791], [16.06678069176434, 46.85024713809595]]]}}, {"type": "Feature", "properties": {"name": "Zell am See", "iso": "506", "codes": ["ZE"]}, "geometry": {"type": "Polygon", "coordinates": [[[13.041259096030615, 47.24605060117006], [13.044255429680769, 47.19374175496853], [13.021253366433696, 47.13321782201176], [13.03857709770263, 47.09094020856932], [13.00375436875033, 47.04434602504736], [12.986013308316, 47.036076630230546], [12.953662134783846, 47.049733150953976], [12.938188217379329, 47.07664981745189], [12.82092307148572, 47.09815035813142], [12.739481428690597, 47.10080555350925], [12.731529490464828, 47.13148583480726], [12.666759914417947, 47.12332832597829], [12.65745397307417, 47.10000921350448], [12.592847941925221, 47.12536941093126], [12.566984859954406, 47.13652421216914], [12.484119551631274, 47.15834918723919], [12.466152733668684, 47.14485684341726], [12.400109764448992, 47.15330715375048], [12.363857456172411, 47.14188976330796], [12.346194507937303, 47.10977199925601], [12.284347357622847, 47.09305169352613], [12.2413077362019, 47.0696691922961], [12.186515987650695, 47.09265121173166], [12.136563065537015, 47.08117287622881], [12.111218527367994, 47.14016156715887], [12.093816076542643, 47.1465666351483], [12.083339038812811, 47.19623913868105], [12.11063890288777, 47.240914107737495], [12.079128713460088, 47.2757098105495], [12.11510611639261, 47.30697630226541], [12.165190652009544, 47.302070968153764], [12.219555502585873, 47.31166016632244], [12.255274248068567, 47.308492575787355], [12.26469680402087, 47.302737958499804], [12.29709225105455, 47.32861896847839], [12.335847195220238, 47.32904595217747], [12.375184632032676, 47.31183380366383], [12.442477739583595, 47.32913818060849], [12.47892794361953, 47.32691804673216], [12.495824472606328, 47.337934519244136], [12.479584754081941, 47.3687592659282], [12.506709801887519, 47.39466054702915], [12.545923383219147, 47.39857129096823], [12.579239110558524, 47.39302595470468], [12.625210119948115, 47.42304578369214], [12.632932295917886, 47.43262662016478], [12.645334360914383, 47.4687230957063], [12.700242570693662, 47.478420972040745], [12.66577856852797, 47.506608310620834], [12.654781132911396, 47.537313628251376], [12.628812166063684, 47.55009203074107], [12.65419857029272, 47.588577333129926], [12.575169718579502, 47.60554298174406], [12.575671173996357, 47.63287248306274], [12.604048268307398, 47.6727760926551], [12.666747110925177, 47.681601063825426], [12.732530077407366, 47.68022936053186], [12.790371955841358, 47.63377118966573], [12.791999191759652, 47.5989133343212], [12.779924021425268, 47.57982895908442], [12.787027432090216, 47.568563402594556], [12.885148399969717, 47.513288790813], [12.932607417682904, 47.48827956766036], [13.001745255855564, 47.46453514202381], [13.018562641476427, 47.47520229379683], [13.010484897743058, 47.458515944757224], [13.053788209716192, 47.42075706696642], [13.043574387177163, 47.37131020074076], [13.066220798760318, 47.359961120282605], [13.02868340000341, 47.327634005301874], [13.034926947615261, 47.30521479115331], [13.06493378400676, 47.29760003899506], [13.07691358059308, 47.287755054256095], [13.041259096030615, 47.24605060117006]]]}}, {"type": "Feature", "properties": {"name": "Krems (Land)", "iso": "313", "codes": ["KR"]}, "geometry": {"type": "Polygon", "coordinates": [[[15.411313234946967, 48.32530909666579], [15.39072325152972, 48.27633853761649], [15.38361835403528, 48.2725659229478], [15.310477701218701, 48.27070653777194], [15.29005371268151, 48.28040422371933], [15.298673179220458, 48.30846950061537], [15.33828304782724, 48.344998011774734], [15.286935327177552, 48.357041625618876], [15.271651344792227, 48.37430203516633], [15.367124494487184, 48.401600114336226], [15.366358475048377, 48.42212289549277], [15.332022324371788, 48.43169668688335], [15.314431777711562, 48.464067424379586], [15.288668646514358, 48.466880558560106], [15.321671376297958, 48.498505867221226], [15.310847567258152, 48.526434086344075], [15.327737543186155, 48.5371716189774], [15.309306726482227, 48.58124499511113], [15.322126600797242, 48.59980820024967], [15.364017429261013, 48.58076784989194], [15.417469764432685, 48.58732775352042], [15.439070084643967, 48.6177494449679], [15.510591039538522, 48.59813250262184], [15.529057496804421, 48.62996921240281], [15.58499445194431, 48.62356865816524], [15.602780811719706, 48.57713246383014], [15.62611115806397, 48.56179097361884], [15.695151624331722, 48.56648807601811], [15.733144140264814, 48.583702280713545], [15.74275719748031, 48.57397811379549], [15.763930613637335, 48.54253368562991], [15.737072875250497, 48.53988134309197], [15.784997767668392, 48.4867040470847], [15.783029941613934, 48.482225393493096], [15.758198194578366, 48.413130647982754], [15.736203706246883, 48.39817967891797], [15.732492891824121, 48.384743279022175], [15.726446852576867, 48.37938868036712], [15.673443535212819, 48.408784981341206], [15.6427137639854, 48.41772296623955], [15.646927365168068, 48.44620042662097], [15.63118095389947, 48.44996222618502], [15.595859567021346, 48.443805534223024], [15.536984277669664, 48.43965476212783], [15.533036017613767, 48.42221645239941], [15.560547313452561, 48.39188310808033], [15.606069995931078, 48.40312579692386], [15.628851816485131, 48.37187418284906], [15.667837095675806, 48.36904843919638], [15.655237374557784, 48.337883600310825], [15.629202233465042, 48.32621591117499], [15.550269583899357, 48.337983027137106], [15.508775736293712, 48.320141796679714], [15.46582576513922, 48.31673972225258], [15.429558367365752, 48.324199666165285], [15.411313234946967, 48.32530909666579]]]}}, {"type": "Feature", "properties": {"name": "Leoben", "iso": "611", "codes": ["LN", "LE"]}, "geometry": {"type": "Polygon", "coordinates": [[[15.178531902013258, 47.40384197890712], [15.200527012809664, 47.35980323175579], [15.232268790228108, 47.33769594627736], [15.197139772137852, 47.32145501995403], [15.16078638677972, 47.28455734480397], [15.148011816997172, 47.281570656319516], [15.098799338503593, 47.26211768217667], [15.049363989971104, 47.2274576321508], [14.988109050681922, 47.281067963902395], [14.944544711377487, 47.30070159724694], [14.934737734606989, 47.28244293505692], [14.906649161683474, 47.2966577297164], [14.864719632743892, 47.35133694129484], [14.810561135483457, 47.3553056552182], [14.78661851132674, 47.36907559488086], [14.753425148687185, 47.34386673232296], [14.730155121141783, 47.34009081426179], [14.683059583425292, 47.36379582876295], [14.614625160736926, 47.379096484936724], [14.603846252947731, 47.42727655974954], [14.630410185270716, 47.445709737968286], [14.635609927601845, 47.494267633188485], [14.667132245995887, 47.49704943229697], [14.684036650641422, 47.526410939287516], [14.726320509246046, 47.55559048349472], [14.772750333066487, 47.58316670071416], [14.813610195552508, 47.551025677325356], [14.82567465524418, 47.58402447033405], [14.911662208059523, 47.60511604452447], [14.914773408130593, 47.614981309874075], [14.954957580106097, 47.59934897785193], [14.978602102206507, 47.54245793744597], [14.987645957145507, 47.53635912005056], [15.040242172741502, 47.52690944766474], [15.056890254653057, 47.4721647335249], [15.11116244993463, 47.43910793757545], [15.161870688584065, 47.44340879744525], [15.178531902013258, 47.40384197890712]]]}}, {"type": "Feature", "properties": {"name": "Mödling", "iso": "317", "codes": ["MD"]}, "geometry": {"type": "Polygon", "coordinates": [[[16.403949476206698, 48.05373524490509], [16.40909355102805, 48.006423853265325], [16.355408790417368, 48.018175556874894], [16.357197395661807, 48.02317779799557], [16.304202395311854, 48.04431547810353], [16.26713512580946, 48.034811222635255], [16.25168557691332, 48.040176510901375], [16.224572054333617, 48.02795829064403], [16.16195517633351, 48.04854298453946], [16.162342301605975, 48.064926374244344], [16.106680279739955, 48.06209149907435], [16.08179318587909, 48.0881994728248], [16.048727535408958, 48.082662868644874], [16.040953895884037, 48.1234438026019], [16.05946522343423, 48.13270210814436], [16.080830006112688, 48.13049235598768], [16.114976309352386, 48.13240687300746], [16.149922069159473, 48.155902265929974], [16.157629117480052, 48.16938046599942], [16.183076337318866, 48.1715330023072], [16.199152862412333, 48.155047213300485], [16.219275150990406, 48.12856427578967], [16.22008970168383, 48.124258390061264], [16.268386917550586, 48.134074710762185], [16.299745048030232, 48.12581830557946], [16.313396343442434, 48.12002489677758], [16.367087762224738, 48.12889186220601], [16.38954234739435, 48.12586107181946], [16.376497806854896, 48.099884085386705], [16.402991825292244, 48.094781080445195], [16.416597732096726, 48.089800611251285], [16.403949476206698, 48.05373524490509]]]}}, {"type": "Feature", "properties": {"name": "Scheibbs", "iso": "320", "codes": ["SB"]}, "geometry": {"type": "Polygon", "coordinates": [[[15.035706064504046, 47.75323314290026], [14.952018804257285, 47.732092382257235], [14.902180082147158, 47.71132016828422], [14.859023679322252, 47.7409887172898], [14.844943776907492, 47.790578759719004], [14.886125009890696, 47.80829049845661], [14.94939354712775, 47.846322527626846], [14.941154181528203, 47.868384267025995], [14.976265812015432, 47.9060195575326], [15.01090120131313, 47.91506133396835], [14.982504873776465, 47.93189728705312], [14.945223465988807, 47.92851194120114], [14.952652906289151, 47.97430762680437], [14.921615441882546, 47.974681216162246], [14.860562835519097, 48.02361627476052], [14.927904539450404, 48.03817098037454], [14.974730444335755, 48.04237406487471], [14.985539336572266, 48.07317392305091], [15.001710827121766, 48.07196897823065], [15.016402122038926, 48.11764264785489], [15.033461607868624, 48.12233146306251], [15.041030170344664, 48.128271985963636], [15.049229413692037, 48.13084651098851], [15.093933420167886, 48.13890991452786], [15.126467728866212, 48.13761691773856], [15.142535232900189, 48.14657727902207], [15.15727363371198, 48.134632601317094], [15.163126122717964, 48.11687428847906], [15.197642062557694, 48.132063654354006], [15.222675077834978, 48.107529223314565], [15.246873818293045, 48.09167769729992], [15.252123982334494, 48.085551614011806], [15.290953284877663, 48.058792568369114], [15.267400083405976, 48.04934432040195], [15.277190766862708, 48.00735048609039], [15.270390473455086, 48.00339337368785], [15.287785973475145, 47.946904834663556], [15.323458179657315, 47.93619161227486], [15.337000142628371, 47.89051446818544], [15.270555737999832, 47.87859834711691], [15.263329887414615, 47.88176920476595], [15.256149214030465, 47.86982122995471], [15.16591896381373, 47.84995748983], [15.20148013455088, 47.82544943702828], [15.218322314512127, 47.79651947522193], [15.200388859733573, 47.75391428634363], [15.135838608061315, 47.75848987933565], [15.090243839242723, 47.74196041885176], [15.035706064504046, 47.75323314290026]]]}}, {"type": "Feature", "properties": {"name": "Rust (Stadt)", "iso": "102", "codes": ["E"]}, "geometry": {"type": "Polygon", "coordinates": [[[16.733003108345294, 47.80985522196731], [16.72571399739122, 47.78221148186341], [16.66590058510766, 47.78836707548978], [16.643267790862076, 47.819208976417805], [16.651392020372526, 47.82416119269875], [16.733003108345294, 47.80985522196731]]]}}, {"type": "Feature", "properties": {"name": "Wels", "iso": "403", "codes": ["WE"]}, "geometry": {"type": "Polygon", "coordinates": [[[14.073879328747527, 48.19693539061398], [14.09042503066652, 48.17210498602697], [14.055540110611208, 48.158103975902705], [14.000378530025968, 48.142467001412086], [13.972130203092584, 48.12639105270032], [13.979782997885973, 48.16285240257136], [13.964402646553427, 48.18326208697434], [13.997320061622448, 48.20602847825927], [14.073879328747527, 48.19693539061398]]]}}, {"type": "Feature", "properties": {"name": "Bruck an der Leitha", "iso": "307", "codes": ["BL", "SW"]}, "geometry": {"type": "Polygon", "coordinates": [[[16.609565164518067, 47.912812631723035], [16.598523268949155, 47.90434950282414], [16.58149039670041, 47.889066223260116], [16.575216093039387, 47.88673001222014], [16.54224643325957, 47.920135326869], [16.519880338912994, 47.94403446695838], [16.533281754108, 47.950540623206884], [16.54256258623747, 47.96679994841431], [16.55233306727831, 47.976459440792674], [16.56133892895445, 47.99417734998867], [16.506705068835476, 48.025405048903735], [16.496066313408182, 48.02053071371725], [16.47242282911676, 48.00129788744276], [16.459245407711002, 47.98799431596685], [16.41309948018615, 48.00176760837701], [16.410951443435394, 48.00209792187028], [16.40909355102805, 48.006423853265325], [16.403949476206698, 48.05373524490509], [16.416597732096726, 48.089800611251285], [16.402991825292244, 48.094781080445195], [16.376497806854896, 48.099884085386705], [16.38954234739435, 48.12586107181946], [16.414025622641567, 48.11873197580842], [16.43822870111404, 48.120419933482076], [16.478701650500238, 48.155051750670594], [16.5150084110348, 48.159417949336365], [16.577255987550867, 48.13569759822522], [16.578219440077365, 48.144922712613294], [16.640546100877526, 48.13156151459868], [16.64975117387661, 48.12707186053771], [16.67029317127624, 48.12203734189322], [16.754191417224302, 48.12511557198718], [16.757315854427727, 48.12018395290094], [16.825842555468896, 48.11924621087267], [16.872844281391487, 48.1488862621697], [16.901737052217577, 48.14168018623024], [16.938137804276966, 48.17609192686591], [16.977486604087677, 48.17271948652772], [17.000957163558905, 48.15918756986154], [17.06346979369657, 48.12349492001989], [17.06803248727749, 48.11914731837325], [17.00842227895234, 48.09192678271507], [16.99913952231395, 48.10955362306615], [16.987826064315257, 48.111876858361576], [16.97236095072529, 48.10103891283572], [17.000042295851486, 48.084593508597116], [17.017576057228673, 48.07398297729012], [16.995013966576437, 48.04592442782684], [16.970253194865474, 48.02666016297122], [16.91647862810002, 48.05716935601403], [16.905543820823528, 48.07148113884961], [16.87559081145808, 48.072628477029504], [16.82941392948715, 48.02962208085997], [16.826473741745573, 48.02961310632213], [16.76164641758894, 48.01437369850825], [16.703333749597615, 48.01211800144924], [16.702415028077258, 47.97426803846587], [16.666418064279704, 47.957530936910004], [16.6410092269411, 47.94640273171334], [16.633108301744457, 47.934252798709586], [16.633298143923398, 47.933867149314686], [16.609565164518067, 47.912812631723035]]]}}, {"type": "Feature", "properties": {"name": "Rohrbach", "iso": "413", "codes": ["RO"]}, "geometry": {"type": "Polygon", "coordinates": [[[14.082065439216882, 48.41733746553919], [14.054531382250056, 48.38714852523583], [14.031186204333078, 48.3737803716226], [13.980257876627306, 48.421839591528176], [13.976456686075359, 48.4197662371121], [13.944265092616131, 48.40393348128468], [13.919536178898479, 48.44973389655473], [13.855305407810913, 48.44901959847333], [13.870124746988578, 48.42652511450181], [13.86625275116069, 48.42640496399083], [13.790599339302926, 48.466828293470456], [13.775493441376243, 48.474339208869566], [13.727954502215983, 48.51364372597261], [13.765182437356478, 48.561223347232676], [13.80187293494583, 48.57431215484381], [13.826655136275003, 48.619259129092555], [13.818245182850438, 48.65935197720145], [13.834495308856685, 48.69254254869852], [13.838233736745138, 48.70077110816928], [13.80195001550865, 48.71724873170448], [13.840463717347799, 48.77227153508407], [13.877862641576309, 48.76662326722155], [13.92724762079524, 48.73533491489665], [13.977406252965523, 48.71173191576706], [14.004205361825399, 48.70922114721568], [14.053869500901017, 48.653283829653915], [14.011482244770098, 48.64028370707253], [14.04310872113346, 48.613482502820176], [14.09650511903674, 48.592860288985534], [14.116854475516513, 48.589785134558056], [14.164464221517843, 48.589854667792686], [14.222500325540357, 48.587052852541504], [14.193946738460944, 48.580899709907435], [14.174834557591268, 48.55045276572657], [14.171845691815216, 48.53302664718671], [14.195742412791033, 48.524969387695556], [14.17928154317964, 48.50426749256728], [14.180453476569722, 48.45792034894542], [14.134368041713318, 48.436352636757086], [14.105356514078247, 48.44522304148003], [14.082065439216882, 48.41733746553919]]]}}, {"type": "Feature", "properties": {"name": "Villach", "iso": "202", "codes": ["VI"]}, "geometry": {"type": "Polygon", "coordinates": [[[13.953959088744744, 46.66625056305166], [13.95244240590146, 46.66411757656346], [13.92772307058709, 46.647567785385476], [13.925128922846044, 46.615541635651255], [13.97916836997011, 46.59414082886485], [13.961381540153628, 46.58376489950085], [13.940627031384864, 46.57754352994824], [13.84744869507233, 46.58074471659845], [13.797494252293484, 46.568526851953834], [13.745822584311123, 46.566137294005145], [13.714550457980781, 46.5921198959858], [13.764656618145166, 46.635380459314774], [13.792396485585206, 46.6332827963638], [13.809432670891079, 46.66852717206007], [13.84228808692991, 46.6529357584819], [13.891514427119052, 46.649617255504054], [13.953959088744744, 46.66625056305166]]]}}, {"type": "Feature", "properties": {"name": "Reutte", "iso": "708", "codes": ["RE"]}, "geometry": {"type": "MultiPolygon", "coordinates": [[[[10.454784740316963, 47.55640439936932], [10.4335823686779, 47.570126062553065], [10.462594483590516, 47.58632080660947], [10.473692893937676, 47.571750097842475], [10.454784740316963, 47.55640439936932]]], [[[10.922320568076811, 47.36877739443226], [10.914096331266032, 47.35269934814339], [10.862667772860528, 47.33742195947388], [10.82017173788178, 47.38602878137651], [10.819460869052167, 47.38644874391468], [10.773148510311112, 47.38230683693473], [10.734235065889937, 47.35767192245673], [10.706864850137624, 47.36235450522163], [10.692596174609989, 47.337237521583425], [10.638873916475445, 47.33065062476603], [10.609919192483689, 47.32897854510654], [10.652039906711435, 47.26803012932031], [10.595827674804568, 47.27375447751084], [10.54158634157505, 47.297005872282085], [10.538711616845307, 47.29455046252143], [10.569182798678797, 47.27802189788348], [10.565625230487205, 47.24832649376221], [10.54925307989793, 47.235871593187774], [10.494636855197625, 47.23827174053308], [10.448582246950068, 47.23294340014899], [10.425212403972008, 47.19434316525863], [10.39591235754073, 47.17436490798587], [10.296459350762106, 47.166880300180296], [10.213285659938029, 47.158150684308964], [10.211710316078646, 47.17190166511134], [10.19804032366062, 47.237160867675584], [10.178645536465902, 47.27069713351929], [10.266288710510471, 47.28865505761867], [10.349121173422844, 47.318092955882655], [10.397866386018235, 47.377468770562636], [10.43710297734825, 47.38095220101573], [10.438888196973068, 47.41413523565365], [10.47056288397036, 47.44912655714745], [10.46410828436005, 47.48334052195614], [10.436071739417454, 47.49596874916789], [10.454784740316963, 47.55640439936932], [10.48926620896677, 47.5410105861958], [10.498125945227343, 47.53970871906523], [10.524892888428457, 47.53577098798303], [10.563211142127875, 47.5366620172033], [10.598325336185692, 47.57034681895233], [10.678389060117482, 47.55683957470178], [10.74076778515145, 47.539131028222776], [10.764152619075006, 47.520193523854246], [10.890757101490792, 47.53788257981571], [10.906011266596712, 47.5180584268021], [10.870541717765175, 47.49827175467401], [10.886938386756519, 47.480751008143784], [10.932891523647697, 47.46861854793737], [10.984026803957901, 47.43059731647898], [10.991611389241365, 47.39670544454503], [10.986089589187838, 47.36937367251737], [10.922320568076811, 47.36877739443226]]]]}}, {"type": "Feature", "properties": {"name": "Schärding", "iso": "414", "codes": ["SD"]}, "geometry": {"type": "Polygon", "coordinates": [[[13.532673861800125, 48.33240091748543], [13.500721415327124, 48.33421284810413], [13.465905612650161, 48.33488252108545], [13.425537324396965, 48.34778527614811], [13.42622098088147, 48.35330993376863], [13.408652267619852, 48.372780988910925], [13.420980798602951, 48.40066409504632], [13.436809057686764, 48.42636018234907], [13.435063295836004, 48.445749832825314], [13.440384108347953, 48.47952291162853], [13.444084183251015, 48.48588974274162], [13.445759074699199, 48.52871895143682], [13.475912099655348, 48.55662382263038], [13.529349762801287, 48.58737704241167], [13.552344554686877, 48.57141423344827], [13.602080753938756, 48.569478576967384], [13.641991248393275, 48.55312963299124], [13.678015861490508, 48.53112866167816], [13.727954502215983, 48.51364372597261], [13.775493441376243, 48.474339208869566], [13.790599339302926, 48.466828293470456], [13.86625275116069, 48.42640496399083], [13.841263511995113, 48.41714508275976], [13.807508181554446, 48.42113361015304], [13.77608823143693, 48.43877983273517], [13.755671457219497, 48.43994483958053], [13.697437667147492, 48.43554845830049], [13.686046430988059, 48.407579264574295], [13.704937840285561, 48.386724688267854], [13.717573294421035, 48.37811448756296], [13.716448970849719, 48.33232791529687], [13.711295545983447, 48.33336408367074], [13.710605520964725, 48.31415429168156], [13.67456011525597, 48.3056636277458], [13.672451160862556, 48.305113667125475], [13.65489051970685, 48.285639506444014], [13.650834948087375, 48.263812533305085], [13.62890193975392, 48.25125113189912], [13.591673507539904, 48.25435619701419], [13.62853329560298, 48.29105559036209], [13.60982890825694, 48.29961459133075], [13.57143360099811, 48.31000928933087], [13.562956058567945, 48.32875046056666], [13.532673861800125, 48.33240091748543]]]}}, {"type": "Feature", "properties": {"name": "Voitsberg", "iso": "616", "codes": ["VO"]}, "geometry": {"type": "Polygon", "coordinates": [[[15.299082678661934, 46.9828253197885], [15.314787676402409, 46.97300117285096], [15.294806727590819, 46.94884936132777], [15.220621887911616, 46.96328529019129], [15.174351000990393, 46.95035657028802], [15.132721860475622, 46.962233503664294], [15.119686823109113, 46.93732460601291], [15.116918851699479, 46.9283163316784], [15.076648747602853, 46.91750587426926], [15.027933551040734, 46.910129398885935], [14.993629819400251, 46.938748042880995], [14.967872797883636, 46.98217130876799], [14.886455410445981, 47.01158241607712], [14.847889066919606, 47.033354163880254], [14.845388056817908, 47.048516045243], [14.85131138729659, 47.05579548925768], [14.8841924628281, 47.08464382014351], [14.914424193163791, 47.07281977964575], [14.918841089749023, 47.089901623137834], [14.94453706312597, 47.130130600311226], [14.945291756956008, 47.154751293802875], [14.982748275334925, 47.175443814931135], [14.995614901919934, 47.19082244242379], [15.05378366184979, 47.21174366352044], [15.113039876993605, 47.2075663508189], [15.162719514098448, 47.20318203867533], [15.185987924672274, 47.16863408206887], [15.17237639316669, 47.14084132481216], [15.190094411210834, 47.11748896589466], [15.220131909366692, 47.084169561225636], [15.227091247122942, 47.0868674807845], [15.258578019504867, 47.051000483966455], [15.263758097404848, 47.04532425915051], [15.265985742511317, 47.03570628771668], [15.261225039459124, 47.02655297700802], [15.313217205800006, 46.993937311674216], [15.299082678661934, 46.9828253197885]]]}}, {"type": "Feature", "properties": {"name": "Mistelbach", "iso": "316", "codes": ["MI"]}, "geometry": {"type": "Polygon", "coordinates": [[[16.860536036597356, 48.63487307843553], [16.85847469787434, 48.610144903564645], [16.81236754908873, 48.616706767212946], [16.797651884795425, 48.62904861644252], [16.784880535860015, 48.63165736763866], [16.780308217527693, 48.635908418654246], [16.711471750907474, 48.62169932260127], [16.678982445084507, 48.63120452825231], [16.67805452862411, 48.629982197006726], [16.702994312469748, 48.58772049596221], [16.681293473216506, 48.561877205368724], [16.67655786977189, 48.52580248759368], [16.665978703871023, 48.52280083291015], [16.63696547515726, 48.50276877822107], [16.65846558405895, 48.481024007024565], [16.638394086303656, 48.46554023756845], [16.607750897763374, 48.465539402105115], [16.54747807189853, 48.46583479360599], [16.559539450041143, 48.42979984842984], [16.582490591034695, 48.420687898303704], [16.598163404763493, 48.39121243139891], [16.599191048761423, 48.3802258967424], [16.662236426130256, 48.338596033331875], [16.60420865795681, 48.314932467432925], [16.572335595154225, 48.3268668776148], [16.550258499360073, 48.332508719942005], [16.526935232601453, 48.329044726980904], [16.513336751248396, 48.33502961920082], [16.50006979160516, 48.343079063780266], [16.46476862614281, 48.34901431417353], [16.4443885224748, 48.355709649162975], [16.41752030947004, 48.37982519270303], [16.427697733873366, 48.40049789618927], [16.436646191938156, 48.40734280464942], [16.439378588965642, 48.44241425027264], [16.408996134659816, 48.44985378868768], [16.436031390446125, 48.47646550501889], [16.43186623166121, 48.51329553668023], [16.42850231842131, 48.51327642150644], [16.404810075152565, 48.51212356743903], [16.4156164777436, 48.533444564268784], [16.416081934761245, 48.5334537647675], [16.366301593725552, 48.55016497857886], [16.396275855361445, 48.57499186019618], [16.36576139406808, 48.59282209430382], [16.319000245194506, 48.593994746785455], [16.314119498276554, 48.590774589816114], [16.290552157800658, 48.56694170334548], [16.303037687746762, 48.59512196078866], [16.269618817462074, 48.60314972393814], [16.258845885451006, 48.65524817563236], [16.20050090584752, 48.66254377851921], [16.21119840761544, 48.702901551476714], [16.224719505726494, 48.74066613312777], [16.274250728184093, 48.7418435287689], [16.361010096873777, 48.72862949553071], [16.429479266979293, 48.76321141135099], [16.436255150512487, 48.766193608904615], [16.463156068412154, 48.80520712708679], [16.5353248665462, 48.811392841249756], [16.59451149500001, 48.78335314211265], [16.652705864057857, 48.7857052169362], [16.67593954905407, 48.77208904054437], [16.683822545494962, 48.728636164232334], [16.683873797533668, 48.72834309100087], [16.74857683809169, 48.732667015164466], [16.761765907650947, 48.717332765208624], [16.828568982943697, 48.71163668743322], [16.906964178022093, 48.7145055635808], [16.911794492034733, 48.67922817018411], [16.92943013525582, 48.63910424232966], [16.90787069257202, 48.625928268604746], [16.860536036597356, 48.63487307843553]]]}}, {"type": "Feature", "properties": {"name": "Tulln", "iso": "321", "codes": ["TU", "KG"]}, "geometry": {"type": "Polygon", "coordinates": [[[15.894355387459706, 48.261847710934255], [15.886450886666694, 48.23215685783832], [15.8429534919148, 48.23096393874927], [15.846385274028021, 48.27820897364114], [15.834427659544245, 48.28791093502379], [15.804516185374782, 48.28820612860733], [15.761300713229078, 48.3143896546113], [15.783875041997554, 48.336719637725125], [15.825242258174663, 48.33610419603927], [15.773604530307004, 48.37785819437236], [15.732492891824121, 48.384743279022175], [15.736203706246883, 48.39817967891797], [15.758198194578366, 48.413130647982754], [15.783029941613934, 48.482225393493096], [15.784997767668392, 48.4867040470847], [15.841128624083396, 48.48819307029322], [15.89045092070758, 48.496209168868596], [15.920847357983883, 48.48179464479676], [15.930854329372915, 48.479293115861466], [15.960230423681251, 48.49122551164129], [16.025398741722142, 48.495731276941406], [16.027405021147388, 48.49190533980367], [16.020788940007385, 48.43260750506087], [15.995545361756914, 48.42563941029661], [15.98927521944356, 48.3772558323439], [16.041156269264587, 48.374504288860685], [16.146530192453962, 48.35385514854374], [16.14724000360068, 48.35368391871689], [16.168789727268507, 48.35869240123529], [16.166696255575108, 48.363703564278005], [16.24041861700518, 48.35687121171622], [16.263406623035493, 48.35474132358206], [16.28185627797755, 48.35765775271117], [16.289208501007362, 48.356237500699706], [16.335526272572807, 48.327754006112045], [16.364395939908135, 48.282812053143836], [16.290215835246784, 48.27102211968647], [16.257987472178687, 48.24341294055577], [16.209258760810737, 48.26460978002107], [16.202675602449464, 48.26832743028293], [16.178881687603063, 48.282796989152565], [16.16047061376015, 48.28048231459675], [16.133689522890045, 48.25806348030813], [16.11686156615979, 48.257004294757834], [16.092169019443123, 48.24323579160472], [16.054880570307155, 48.23253152365817], [16.003741504806072, 48.20477221035293], [15.958229531412734, 48.26007560496218], [15.92031526727182, 48.26283214940632], [15.894355387459706, 48.261847710934255]], [[15.986733026024998, 48.434393994384244], [15.984416670580567, 48.42771287622507], [15.995799705817793, 48.4266974847721], [15.986733026024998, 48.434393994384244]]]}}, {"type": "Feature", "properties": {"name": "Eisenstadt-Umgebung", "iso": "103", "codes": ["EU"]}, "geometry": {"type": "Polygon", "coordinates": [[[16.76799935274998, 47.86868766145307], [16.73678737289359, 47.824185626261134], [16.733003108345294, 47.80985522196731], [16.651392020372526, 47.82416119269875], [16.643267790862076, 47.819208976417805], [16.66590058510766, 47.78836707548978], [16.72571399739122, 47.78221148186341], [16.7221569160982, 47.73576783849795], [16.658384733517398, 47.74199710428662], [16.635468660467073, 47.759492004113454], [16.623335173485064, 47.757680499522294], [16.592148846897434, 47.75840243084999], [16.543910520056393, 47.74279284527235], [16.538758100379358, 47.74043621561813], [16.52198204871641, 47.74511606629844], [16.498570350599575, 47.76438987750917], [16.505711385176397, 47.77946586021449], [16.466450812042854, 47.7886113619796], [16.448113092826034, 47.80381000344729], [16.439969372748852, 47.80058490669124], [16.43360371417268, 47.800520572524626], [16.404354111718263, 47.79918128500937], [16.363528014773575, 47.82371082539523], [16.378363345157684, 47.82777632553025], [16.37568267098629, 47.85294565849879], [16.349159710733165, 47.86860779740351], [16.38378533354836, 47.876745671240194], [16.390073086402186, 47.88206274966688], [16.42399235797815, 47.902390028815525], [16.45355117337773, 47.93472934538395], [16.519880338912994, 47.94403446695838], [16.54224643325957, 47.920135326869], [16.575216093039387, 47.88673001222014], [16.58149039670041, 47.889066223260116], [16.598523268949155, 47.90434950282414], [16.609565164518067, 47.912812631723035], [16.633298143923398, 47.933867149314686], [16.633108301744457, 47.934252798709586], [16.6410092269411, 47.94640273171334], [16.666418064279704, 47.957530936910004], [16.702415028077258, 47.97426803846587], [16.723580365092207, 47.96258308741063], [16.805419586156262, 47.90302070612371], [16.797805194179983, 47.89603753113698], [16.791930494417727, 47.890649963972194], [16.785414688176825, 47.88467194982811], [16.76799935274998, 47.86868766145307]], [[16.485059560657074, 47.869493005731776], [16.505284293422307, 47.81563895667141], [16.53195497693632, 47.793932647511774], [16.547753072225557, 47.79462808294759], [16.539669245408664, 47.82123351712174], [16.581568340709023, 47.839715445908936], [16.56777935431852, 47.8843063291796], [16.527507648575643, 47.87524289885828], [16.485059560657074, 47.869493005731776]]]}}, {"type": "Feature", "properties": {"name": "Steyr", "iso": "402", "codes": ["SR"]}, "geometry": {"type": "Polygon", "coordinates": [[[14.45884386138352, 48.089240084575195], [14.459781254769144, 48.0745610655232], [14.457053490765055, 48.043583024288864], [14.417448392147902, 48.024120137622425], [14.377931511625272, 48.04467686462046], [14.387277586180899, 48.06060805732935], [14.411250285276612, 48.076727232455426], [14.45884386138352, 48.089240084575195]]]}}, {"type": "Feature", "properties": {"name": "Gänserndorf", "iso": "308", "codes": ["GF"]}, "geometry": {"type": "Polygon", "coordinates": [[[16.67029317127624, 48.12203734189322], [16.64975117387661, 48.12707186053771], [16.640546100877526, 48.13156151459868], [16.578219440077365, 48.144922712613294], [16.550999159186002, 48.165137810893235], [16.537500771031432, 48.20093514604349], [16.553976462478936, 48.23949782642191], [16.548214487432826, 48.263499813028936], [16.516128973307325, 48.286038118914654], [16.503416242927113, 48.29086499663971], [16.526935232601453, 48.329044726980904], [16.550258499360073, 48.332508719942005], [16.572335595154225, 48.3268668776148], [16.60420865795681, 48.314932467432925], [16.662236426130256, 48.338596033331875], [16.599191048761423, 48.3802258967424], [16.598163404763493, 48.39121243139891], [16.582490591034695, 48.420687898303704], [16.559539450041143, 48.42979984842984], [16.54747807189853, 48.46583479360599], [16.607750897763374, 48.465539402105115], [16.638394086303656, 48.46554023756845], [16.65846558405895, 48.481024007024565], [16.63696547515726, 48.50276877822107], [16.665978703871023, 48.52280083291015], [16.67655786977189, 48.52580248759368], [16.681293473216506, 48.561877205368724], [16.702994312469748, 48.58772049596221], [16.67805452862411, 48.629982197006726], [16.678982445084507, 48.63120452825231], [16.711471750907474, 48.62169932260127], [16.780308217527693, 48.635908418654246], [16.784880535860015, 48.63165736763866], [16.797651884795425, 48.62904861644252], [16.81236754908873, 48.616706767212946], [16.85847469787434, 48.610144903564645], [16.860536036597356, 48.63487307843553], [16.90787069257202, 48.625928268604746], [16.92943013525582, 48.63910424232966], [16.936157671279375, 48.602765283027416], [16.939820830949795, 48.565899950367346], [16.955234005100213, 48.544778812369806], [16.92275846876256, 48.516293535733425], [16.88205834710565, 48.477981072856906], [16.852393823667583, 48.43914593522636], [16.843469386735883, 48.3606382608465], [16.908927630316924, 48.327164174792905], [16.902012085596226, 48.298407933490985], [16.947455707414665, 48.270847159689794], [16.963378983378938, 48.21797099029683], [16.977486604087677, 48.17271948652772], [16.938137804276966, 48.17609192686591], [16.901737052217577, 48.14168018623024], [16.872844281391487, 48.1488862621697], [16.825842555468896, 48.11924621087267], [16.757315854427727, 48.12018395290094], [16.754191417224302, 48.12511557198718], [16.67029317127624, 48.12203734189322]]]}}, {"type": "Feature", "properties": {"name": "St. Veit an der Glan", "iso": "205", "codes": ["SV"]}, "geometry": {"type": "Polygon", "coordinates": [[[14.595124091306541, 46.762008552490244], [14.577019852931654, 46.732450025248696], [14.53710158743588, 46.741690563553085], [14.528365844441314, 46.71205416280223], [14.49824133544508, 46.686780765982135], [14.467531700159297, 46.68828957502496], [14.465296621930774, 46.71731504366775], [14.41952869438573, 46.73234290360096], [14.39268804640944, 46.7174350662159], [14.295670993952767, 46.696338196218306], [14.273996291377147, 46.707813348531005], [14.232224426269228, 46.697119399850514], [14.234230337068995, 46.700563335881775], [14.260969235658546, 46.729599549504904], [14.200726446212284, 46.73917360513471], [14.197082617206801, 46.78648700746723], [14.161792242448785, 46.79340011149069], [14.17427031372753, 46.79823696620924], [14.108721118401148, 46.81107734399692], [14.138124361141198, 46.84859391520295], [14.136664850521141, 46.85274610674399], [14.134802118678145, 46.85233486475549], [14.112171453762857, 46.83641260524011], [14.030122271903258, 46.849020752928716], [13.999391224300734, 46.86544868526231], [13.993341367919983, 46.91087424729041], [13.955826338278145, 46.91798086499183], [13.947507687248372, 46.941063158253144], [13.968538309836061, 46.963662705023765], [13.968949867233247, 46.96348280803285], [13.969360609771583, 46.96349357210858], [14.017229578221421, 46.98950806846118], [14.07995175508011, 47.022468173402885], [14.133380257416142, 47.06278356050138], [14.160865314918068, 47.05339268367749], [14.163005901504894, 47.052866698998734], [14.163153015362708, 47.052863654439726], [14.163322056111738, 47.05286196871287], [14.163369136070493, 47.0529069819479], [14.16352323552446, 47.05305614308089], [14.205244519886653, 47.07635141837021], [14.235859426927489, 47.0262549850907], [14.238527237746181, 47.02878700007176], [14.331042737694533, 47.02956907438043], [14.431052526978942, 47.00090334442819], [14.472712246695759, 47.00813448509732], [14.505830654414218, 47.026819577808446], [14.505888960430317, 47.02660506528861], [14.505811721126168, 47.026254310354275], [14.528041105242723, 47.00961778586715], [14.586800959408897, 47.012136994541535], [14.616143341682346, 46.99836701130421], [14.685755059885775, 46.95560598051543], [14.685230535825527, 46.95194892703628], [14.646844206050005, 46.88751642450508], [14.651327987236165, 46.84284511565515], [14.653084712831925, 46.826124813379586], [14.647669976004698, 46.80288158716], [14.634610642091015, 46.75083920682826], [14.595124091306541, 46.762008552490244]]]}}, {"type": "Feature", "properties": {"name": "Schwaz", "iso": "709", "codes": ["SZ"]}, "geometry": {"type": "Polygon", "coordinates": [[[11.874554256575438, 47.01058333656705], [11.76481966779182, 46.973253225085976], [11.728256335527325, 46.97283156363662], [11.711939116687471, 46.99373968300861], [11.66487129311696, 46.99244481043923], [11.627675188138149, 47.01381147429843], [11.649738044450348, 47.047163236217], [11.659039808899818, 47.05340539477051], [11.63463996482906, 47.1045467151683], [11.633182385271677, 47.1406463638949], [11.672794509672947, 47.16068533677789], [11.667243655310052, 47.198275724204855], [11.704051404463039, 47.20555657379199], [11.69178129617718, 47.26218761446805], [11.652351300689782, 47.29451601689052], [11.652283958205029, 47.2945139670948], [11.632438018173625, 47.31181579768665], [11.621617336909242, 47.30936046312454], [11.611473130526441, 47.32170437154985], [11.599237833000775, 47.34908116368598], [11.557813963846021, 47.352372228106326], [11.500489116438803, 47.36370826408867], [11.514580956885174, 47.38882787823994], [11.451139189629028, 47.40360151365684], [11.421901414815803, 47.44542085366811], [11.389752612795546, 47.48105002183417], [11.449805081029115, 47.50780643545905], [11.506146850040585, 47.50529945744629], [11.572906336045786, 47.51507816567545], [11.601158293489947, 47.56843601122859], [11.658716174606214, 47.584703005235085], [11.775597820347802, 47.59098023991378], [11.754745369597455, 47.55949815661655], [11.795210362649224, 47.55730915179984], [11.833299308150787, 47.538533007413136], [11.831344252635727, 47.48490683109672], [11.827835449128827, 47.47154702965295], [11.78098546192575, 47.45638297318105], [11.773473988272073, 47.43583572951808], [11.819655552017577, 47.40261275680618], [11.838539785392198, 47.40850004510834], [11.839737927159149, 47.39882270887606], [11.889933453940913, 47.379801124499885], [11.9233982995135, 47.36178419730711], [11.929407627667853, 47.33572064405494], [12.023355131341939, 47.32215248630951], [12.004625743858455, 47.271980577774315], [12.079128713460088, 47.2757098105495], [12.11063890288777, 47.240914107737495], [12.083339038812811, 47.19623913868105], [12.093816076542643, 47.1465666351483], [12.111218527367994, 47.14016156715887], [12.136563065537015, 47.08117287622881], [12.020475238341728, 47.047572324491135], [11.979651686320127, 47.05050720828133], [11.916090137410873, 47.033000081583275], [11.874554256575438, 47.01058333656705]]]}}, {"type": "Feature", "properties": {"name": "St. Johann im Pongau", "iso": "504", "codes": ["JO"]}, "geometry": {"type": "Polygon", "coordinates": [[[13.278019992673432, 47.095622765572124], [13.240083187844244, 47.071998940770634], [13.248823483572613, 47.05104360662486], [13.081009137784807, 47.02727945325202], [13.07369289080536, 47.01388016337656], [13.00375436875033, 47.04434602504736], [13.03857709770263, 47.09094020856932], [13.021253366433696, 47.13321782201176], [13.044255429680769, 47.19374175496853], [13.041259096030615, 47.24605060117006], [13.07691358059308, 47.287755054256095], [13.06493378400676, 47.29760003899506], [13.034926947615261, 47.30521479115331], [13.02868340000341, 47.327634005301874], [13.066220798760318, 47.359961120282605], [13.043574387177163, 47.37131020074076], [13.053788209716192, 47.42075706696642], [13.010484897743058, 47.458515944757224], [13.018562641476427, 47.47520229379683], [13.048343414707134, 47.492694050746024], [13.0467571299856, 47.52103158439202], [13.094617821701497, 47.516072666155594], [13.151096756739971, 47.548138559343144], [13.212055999028644, 47.54832275240748], [13.235222846446662, 47.530530477980435], [13.272889224214412, 47.534820303341554], [13.299294700785737, 47.513153111481834], [13.368387386485095, 47.519074450896085], [13.42224300958684, 47.46168499777911], [13.436517207375609, 47.45890756999028], [13.516932398814733, 47.497016419942995], [13.58643460518265, 47.47530669240729], [13.593441625432567, 47.46155748983778], [13.564894484649722, 47.4185699882216], [13.565432474261243, 47.4176703022323], [13.565318583402352, 47.41718973057866], [13.57306408464016, 47.39359936234706], [13.604298441617575, 47.330176404660676], [13.608348897975546, 47.28404782593422], [13.580843474283004, 47.26631631584036], [13.579975006489814, 47.25639972592016], [13.553777205005384, 47.24099517383004], [13.48501212457199, 47.228763273782064], [13.455407177780158, 47.21790604680014], [13.396969104111827, 47.20687728895798], [13.372642203118964, 47.21695949862923], [13.333385456166873, 47.18667567117866], [13.318504438837225, 47.159459596835546], [13.336809737701232, 47.14363935594182], [13.35523438896101, 47.09757401910119], [13.278019992673432, 47.095622765572124]]]}}, {"type": "Feature", "properties": {"name": "Wien", "iso": "900", "codes": ["W"]}, "geometry": {"type": "Polygon", "coordinates": [[[16.42922197206394, 48.32089258044634], [16.441633391703185, 48.292424694880935], [16.473506122658208, 48.276892982175724], [16.503416242927113, 48.29086499663971], [16.516128973307325, 48.286038118914654], [16.548214487432826, 48.263499813028936], [16.553976462478936, 48.23949782642191], [16.537500771031432, 48.20093514604349], [16.550999159186002, 48.165137810893235], [16.578219440077365, 48.144922712613294], [16.577255987550867, 48.13569759822522], [16.5150084110348, 48.159417949336365], [16.478701650500238, 48.155051750670594], [16.43822870111404, 48.120419933482076], [16.414025622641567, 48.11873197580842], [16.38954234739435, 48.12586107181946], [16.367087762224738, 48.12889186220601], [16.313396343442434, 48.12002489677758], [16.299745048030232, 48.12581830557946], [16.268386917550586, 48.134074710762185], [16.22008970168383, 48.124258390061264], [16.219275150990406, 48.12856427578967], [16.199152862412333, 48.155047213300485], [16.183076337318866, 48.1715330023072], [16.210799524240645, 48.210139371488204], [16.186349293357544, 48.22371555892549], [16.209258760810737, 48.26460978002107], [16.257987472178687, 48.24341294055577], [16.290215835246784, 48.27102211968647], [16.364395939908135, 48.282812053143836], [16.39639051184434, 48.32307627589065], [16.42922197206394, 48.32089258044634]]]}}, {"type": "Feature", "properties": {"name": "Kirchdorf an der Krems", "iso": "409", "codes": ["KI"]}, "geometry": {"type": "Polygon", "coordinates": [[[14.421750658643285, 47.65707740152773], [14.392425738220743, 47.636439177631914], [14.327278040177621, 47.608053358296914], [14.265285012529146, 47.61097492007717], [14.233426356458017, 47.65113700471098], [14.20666130571076, 47.65304624864519], [14.17845000404205, 47.63845605519901], [14.09397279775532, 47.62004668301488], [14.051621972220863, 47.617665896598645], [14.049585353070214, 47.637433635069286], [14.056276961668358, 47.668402560397155], [14.011443723485487, 47.70141210052122], [14.059856173034932, 47.729641708721104], [14.015882702437793, 47.77526552046256], [14.03020313906283, 47.8046421199518], [14.09866208980591, 47.84549059357671], [14.079743754702648, 47.860479682256106], [13.99278142372274, 47.879750200235186], [13.978768320263327, 47.915186009124604], [13.986825651915272, 47.94875659748421], [13.958759373228514, 47.98286833825849], [13.988167901778796, 48.003178929145385], [14.02403079734211, 48.013711839738995], [14.038672762312205, 48.05416683334698], [14.073603041779203, 48.051271284157224], [14.09666115986743, 48.07970695721452], [14.136264446888788, 48.09911292686426], [14.188880805468536, 48.074278434279094], [14.192698698392649, 48.054205571474455], [14.182146028103018, 48.03764132280138], [14.160144623332798, 48.01882116294019], [14.179426896126799, 47.99846762986626], [14.18545607572346, 47.99721696141068], [14.220346157908983, 47.97041719390275], [14.228679769846647, 47.97454768672591], [14.2688110240508, 47.973819844395045], [14.295456736672469, 48.003768788957544], [14.318196605616663, 47.96471001167407], [14.295222875961729, 47.912548721114746], [14.361263330610651, 47.905668291924194], [14.400466028599705, 47.883435781679616], [14.413957595200554, 47.8729637263893], [14.3932468992366, 47.823351782109725], [14.415277418476512, 47.79988668207058], [14.469841458983977, 47.77128426774513], [14.49064540291385, 47.74794584363898], [14.466402202442906, 47.70760766398383], [14.489475888040413, 47.682544991382265], [14.44513459123595, 47.65591433582141], [14.421750658643285, 47.65707740152773]]]}}, {"type": "Feature", "properties": {"name": "Krems an der Donau (Stadt)", "iso": "301", "codes": ["KS"]}, "geometry": {"type": "Polygon", "coordinates": [[[15.646927365168068, 48.44620042662097], [15.6427137639854, 48.41772296623955], [15.673443535212819, 48.408784981341206], [15.726446852576867, 48.37938868036712], [15.687078658391687, 48.370509108522356], [15.667837095675806, 48.36904843919638], [15.628851816485131, 48.37187418284906], [15.606069995931078, 48.40312579692386], [15.560547313452561, 48.39188310808033], [15.533036017613767, 48.42221645239941], [15.536984277669664, 48.43965476212783], [15.595859567021346, 48.443805534223024], [15.63118095389947, 48.44996222618502], [15.646927365168068, 48.44620042662097]]]}}, {"type": "Feature", "properties": {"name": "Feldkirch", "iso": "804", "codes": ["FK"]}, "geometry": {"type": "Polygon", "coordinates": [[[9.65705802552229, 47.21674658200665], [9.63827850753589, 47.212436457135375], [9.620789543539292, 47.15222968171368], [9.579662446636275, 47.1717206514149], [9.585016388461709, 47.205162055105106], [9.567617302505429, 47.2415141456876], [9.53095237318183, 47.27118170183859], [9.559435083155277, 47.30079481120015], [9.588506704680318, 47.318153576911676], [9.596569063629019, 47.3381268052894], [9.619894985003073, 47.363043852700166], [9.649771044215262, 47.368054786668985], [9.671539979773994, 47.34422772481949], [9.714668036731142, 47.33817984079545], [9.723096893225907, 47.34591048115979], [9.730677558591378, 47.32764986537393], [9.77789386417786, 47.30750036505878], [9.831521741673763, 47.28495112521023], [9.850139040358034, 47.268792976277616], [9.827512512796295, 47.25370803836258], [9.782206243605637, 47.24144930519575], [9.756828598426019, 47.23749113054633], [9.754585118933697, 47.215351467807324], [9.746096009756606, 47.20969250923672], [9.72482086443869, 47.2074401102971], [9.70831949563174, 47.195386740771205], [9.669835754890638, 47.20635176225614], [9.65705802552229, 47.21674658200665]]]}}, {"type": "Feature", "properties": {"name": "Steyr-Land", "iso": "415", "codes": ["SE"]}, "geometry": {"type": "Polygon", "coordinates": [[[14.228679769846647, 47.97454768672591], [14.220346157908983, 47.97041719390275], [14.18545607572346, 47.99721696141068], [14.179426896126799, 47.99846762986626], [14.160144623332798, 48.01882116294019], [14.182146028103018, 48.03764132280138], [14.192698698392649, 48.054205571474455], [14.188880805468536, 48.074278434279094], [14.204303792267936, 48.08445578478627], [14.241279657608926, 48.086888984746096], [14.250796937293686, 48.105310996707495], [14.329142605542355, 48.114429673817284], [14.335229102540604, 48.123798091830125], [14.396753556042544, 48.13348702077009], [14.397895249074947, 48.129084765728976], [14.424389760515906, 48.12557583779449], [14.479981176313673, 48.104966832319896], [14.45884386138352, 48.089240084575195], [14.411250285276612, 48.076727232455426], [14.387277586180899, 48.06060805732935], [14.377931511625272, 48.04467686462046], [14.417448392147902, 48.024120137622425], [14.457053490765055, 48.043583024288864], [14.493029427438513, 48.01139393724137], [14.494094797932878, 47.998575123780654], [14.556069266219266, 47.980396427392726], [14.61716210344324, 47.94862915023496], [14.650014712778617, 47.942672396118574], [14.67156135721668, 47.9352654799033], [14.744434403895152, 47.91798169387795], [14.770512472985631, 47.88013032570069], [14.763701002361893, 47.872755485397825], [14.710944725517333, 47.851156452345236], [14.723745270979276, 47.83270432549689], [14.71282388866229, 47.790593876536974], [14.73941005315781, 47.74922605433828], [14.696101815648682, 47.76563186599045], [14.64719231910817, 47.72595944262536], [14.614927555842169, 47.7309722431711], [14.551628887336577, 47.71962742888747], [14.489475888040413, 47.682544991382265], [14.466402202442906, 47.70760766398383], [14.49064540291385, 47.74794584363898], [14.469841458983977, 47.77128426774513], [14.415277418476512, 47.79988668207058], [14.3932468992366, 47.823351782109725], [14.413957595200554, 47.8729637263893], [14.400466028599705, 47.883435781679616], [14.361263330610651, 47.905668291924194], [14.295222875961729, 47.912548721114746], [14.318196605616663, 47.96471001167407], [14.295456736672469, 48.003768788957544], [14.2688110240508, 47.973819844395045], [14.228679769846647, 47.97454768672591]]]}}, {"type": "Feature", "properties": {"name": "Weiz", "iso": "617", "codes": ["WZ"]}, "geometry": {"type": "Polygon", "coordinates": [[[15.841299326796463, 47.082053374424405], [15.875489176465868, 47.0657748800561], [15.878614564891787, 47.04113278027969], [15.867549324290431, 47.029198385920964], [15.848087861610157, 47.02141866852588], [15.828662982684689, 47.03224362751102], [15.8039123958677, 47.044262273734006], [15.764693191669693, 47.01660098722493], [15.72573427009222, 47.02529901869128], [15.685588322377114, 47.03055764248469], [15.678132289550494, 47.05857253119587], [15.641044111995472, 47.066569312187426], [15.633653628565275, 47.08932705067256], [15.634777440022141, 47.090587152908256], [15.659305558219536, 47.12473846292886], [15.625118236039802, 47.14259582219065], [15.583973259481862, 47.16832270306066], [15.591168450124576, 47.18922920893658], [15.588889665241584, 47.19073094866298], [15.523681571562605, 47.200396398060846], [15.509370281290995, 47.19078305451971], [15.46881400012864, 47.210139403009364], [15.466473191844953, 47.19887805461087], [15.439029271964465, 47.25149793716478], [15.467263694869292, 47.26199595716236], [15.414708031619448, 47.28451677759699], [15.397715754659632, 47.31263769532427], [15.424461259741935, 47.36198762419351], [15.482545272886442, 47.35853906931068], [15.532606515543966, 47.36301745133074], [15.537829767453777, 47.40291615708229], [15.583429239649249, 47.413648386408134], [15.597972070354992, 47.47385493857937], [15.638730237727987, 47.484932353638676], [15.649934097869725, 47.504784981307445], [15.694121071819351, 47.51948202912065], [15.69508587955795, 47.519729031319194], [15.74305324167688, 47.54920831279169], [15.748489638128442, 47.55295460489528], [15.770874356559343, 47.56404757956814], [15.802480743810134, 47.576816837412935], [15.848095257531307, 47.568233165037], [15.906504791280582, 47.5602465613467], [15.914952170030258, 47.53086429113109], [15.897479052315118, 47.5105542256023], [15.845834675787719, 47.49668633860015], [15.811994628835862, 47.50183821556284], [15.770674870426099, 47.51016040803631], [15.711725455603625, 47.47537676471966], [15.728358841105866, 47.461971600193], [15.749459675156164, 47.46009084389669], [15.774737195771767, 47.39492592594843], [15.801614610078332, 47.37340989929295], [15.744487156196017, 47.351748018998215], [15.735234528921463, 47.31017618414477], [15.759843498016425, 47.28992941813134], [15.760332243457716, 47.287596295150024], [15.76099772267511, 47.2415113889698], [15.766898506914467, 47.22193392548067], [15.773144788497923, 47.217866788744765], [15.826294656646951, 47.17876168938531], [15.862117960496768, 47.16177487503437], [15.890413267572981, 47.13161797843391], [15.85579565909548, 47.12647712493421], [15.868527829804767, 47.0963728653881], [15.841299326796463, 47.082053374424405]]]}}, {"type": "Feature", "properties": {"name": "Imst", "iso": "702", "codes": ["IM"]}, "geometry": {"type": "Polygon", "coordinates": [[[11.09052480017186, 46.98916438659657], [11.164690689459643, 46.96624245643064], [11.168525091453635, 46.945558943574845], [11.115795924779087, 46.93200519054684], [11.10209988836441, 46.8904009535611], [11.072278648164861, 46.856511119649376], [11.083816711816244, 46.823034895659276], [11.039751230974153, 46.80559384679806], [11.022356313239067, 46.766407635614776], [10.918466048454182, 46.775480640103936], [10.883307386795172, 46.763350157356136], [10.796274063665109, 46.79182505870161], [10.73042891089278, 46.78895390566651], [10.764192634454355, 46.82314322643978], [10.784215407091091, 46.837655720981594], [10.794664144428886, 46.88172529844982], [10.773803214497018, 46.909633580687476], [10.798863912180563, 46.980024181798875], [10.798050639342591, 47.0120621818877], [10.821972298376455, 47.02603089798949], [10.792495913466205, 47.0657108565037], [10.758248238354092, 47.09377977445037], [10.731688616166524, 47.104920191383414], [10.673444207932036, 47.156522473209236], [10.677087484172219, 47.162900150543095], [10.679306068356258, 47.20322382742227], [10.64420137681543, 47.23279972258689], [10.605633274973327, 47.23575826548468], [10.565625230487205, 47.24832649376221], [10.569182798678797, 47.27802189788348], [10.538711616845307, 47.29455046252143], [10.54158634157505, 47.297005872282085], [10.595827674804568, 47.27375447751084], [10.652039906711435, 47.26803012932031], [10.609919192483689, 47.32897854510654], [10.638873916475445, 47.33065062476603], [10.692596174609989, 47.337237521583425], [10.706864850137624, 47.36235450522163], [10.734235065889937, 47.35767192245673], [10.773148510311112, 47.38230683693473], [10.819460869052167, 47.38644874391468], [10.82017173788178, 47.38602878137651], [10.862667772860528, 47.33742195947388], [10.914096331266032, 47.35269934814339], [10.922320568076811, 47.36877739443226], [10.986089589187838, 47.36937367251737], [10.991611389241365, 47.39670544454503], [11.0167542557938, 47.39684246018629], [10.9932916634811, 47.35328705068681], [10.995348316552695, 47.31275407883802], [11.030755068608416, 47.307185774225246], [11.029953441535973, 47.295238860697175], [11.059043474010236, 47.298226052166584], [11.069802659592241, 47.253455326338], [11.059369008797736, 47.24639793003386], [11.09512637688345, 47.225680135059164], [11.05408445734409, 47.204605979148106], [11.043350388152499, 47.181319415406456], [11.06524453724838, 47.142078661385305], [11.0638973424639, 47.11432859234012], [11.102036623354907, 47.065950011816355], [11.119148533348309, 47.04669671621852], [11.09052480017186, 46.98916438659657]]]}}, {"type": "Feature", "properties": {"name": "Südoststeiermark", "iso": "623", "codes": ["SO"]}, "geometry": {"type": "Polygon", "coordinates": [[[15.994909350569658, 46.73094737027155], [16.043531627230262, 46.68587551602577], [16.002813696016858, 46.678771038506824], [15.94809862723393, 46.68940420519675], [15.878182340080068, 46.72001462024167], [15.831492674193887, 46.7219988263202], [15.753452296543822, 46.698314604491365], [15.6509834865388, 46.706106815908505], [15.652507156851028, 46.73467017729394], [15.718940111530957, 46.72368060046576], [15.721502662960656, 46.74833966450486], [15.751689227830258, 46.76425233516706], [15.718643389270378, 46.78215136491942], [15.688222298773255, 46.783503629599515], [15.68596625361908, 46.830591403636355], [15.691442042908486, 46.8537093970736], [15.692548495002782, 46.862846973882895], [15.666073171623816, 46.887264265159374], [15.64413594217457, 46.89708159660697], [15.609286134629393, 46.9011051275208], [15.599819935995322, 46.93092786806736], [15.596237964514888, 46.978316688515285], [15.617140242864394, 47.003043410282416], [15.650380132003702, 46.98405142710582], [15.6834787182476, 46.98068869989441], [15.73018064288444, 47.00414658002246], [15.72573427009222, 47.02529901869128], [15.764693191669693, 47.01660098722493], [15.8039123958677, 47.044262273734006], [15.828662982684689, 47.03224362751102], [15.848087861610157, 47.02141866852588], [15.867549324290431, 47.029198385920964], [15.878614564891787, 47.04113278027969], [15.938549973301825, 47.05929798770633], [15.957234272599074, 47.05889442124276], [15.971048081752546, 47.05366813862946], [15.976441289020867, 47.02547809266373], [16.019855221170896, 47.0076195075022], [16.02227672006734, 47.00893167988697], [16.066570131800965, 47.00252151844452], [16.10882514795755, 46.96569165715076], [16.09647318748098, 46.95439740236769], [16.095863216016685, 46.934706154572254], [16.055112530211147, 46.91073541274529], [16.03645815371421, 46.89322253865726], [16.024484607831496, 46.888287130351735], [16.003733506370054, 46.84724756473163], [15.997286839811482, 46.83575189334536], [15.994086224735922, 46.80468548794545], [15.985808786699506, 46.75242212175702], [15.994909350569658, 46.73094737027155]]]}}, {"type": "Feature", "properties": {"name": "Linz", "iso": "401", "codes": ["L"]}, "geometry": {"type": "Polygon", "coordinates": [[[14.304602359681418, 48.358545233982596], [14.34955539997033, 48.342232021369426], [14.36032366867067, 48.325175755170974], [14.334740430237204, 48.30940847607634], [14.345409427899444, 48.284194017890925], [14.404617735009325, 48.25763975467617], [14.40980557121512, 48.248965073527955], [14.386637169016643, 48.2312516121616], [14.32557220737871, 48.21194096460862], [14.28257334885794, 48.23476815922067], [14.263625348656392, 48.24730106714276], [14.275975245404519, 48.27615501722148], [14.24914041468997, 48.31040474334884], [14.257844633762257, 48.32696922733637], [14.256410351207556, 48.34217124054862], [14.291829910847905, 48.377418743362675], [14.292916321798884, 48.37858358505344], [14.304602359681418, 48.358545233982596]]]}}, {"type": "Feature", "properties": {"name": "Gmünd", "iso": "309", "codes": ["GD"]}, "geometry": {"type": "Polygon", "coordinates": [[[14.90481202436051, 48.62234380888028], [14.86974737333232, 48.617280826660966], [14.798147978052812, 48.591900048350674], [14.812165790802133, 48.55435262715039], [14.737306483179042, 48.55338172656353], [14.692011720285441, 48.58490113429138], [14.722149966098323, 48.60298077321272], [14.723133394632576, 48.63898904615571], [14.724472669777027, 48.676311334541175], [14.741815895762352, 48.70192916499351], [14.809168671399942, 48.7344960035378], [14.809341910408708, 48.77806502815088], [14.830326104712212, 48.781107399605155], [14.964795140959493, 48.76376439470882], [14.970802285247165, 48.824523199584995], [14.974007616757278, 48.875277516000395], [14.988924233424953, 48.89587550536328], [14.992592733195952, 48.897924952233524], [14.977567120092008, 48.95645929324838], [14.998904214500996, 48.992596779069814], [15.022812992417688, 49.02110710691864], [15.065521786415976, 49.00037068614388], [15.106734087871311, 48.99684216774394], [15.159737601373857, 48.99054325140897], [15.161342075064766, 48.94231476511446], [15.160353994573217, 48.94169856642475], [15.188081255339752, 48.923370760783584], [15.188870994331321, 48.88005550435984], [15.163815634059596, 48.87234174417128], [15.155457483083314, 48.826610027583], [15.171225456413985, 48.81576430576212], [15.157017113986427, 48.798060112924894], [15.148298518418905, 48.80095775277843], [15.11816194016011, 48.76018047867902], [15.145804555535044, 48.737577690064924], [15.149930679676805, 48.705746952671625], [15.140275553122343, 48.6890237573827], [15.121118726675691, 48.713681068089095], [15.054333519332, 48.702602379453225], [14.993684334609124, 48.70484898762914], [14.977735642946897, 48.675902365388716], [15.01827049038547, 48.65009688874378], [15.001361835591393, 48.626840934780304], [14.935479377946951, 48.61131722155343], [14.90481202436051, 48.62234380888028]]]}}, {"type": "Feature", "properties": {"name": "Mattersburg", "iso": "106", "codes": ["MA"]}, "geometry": {"type": "Polygon", "coordinates": [[[16.42271198586272, 47.66573361554902], [16.42301537492363, 47.66513970052214], [16.411218032664568, 47.649877232425574], [16.381328817362885, 47.63605892719032], [16.373663039060315, 47.64292015292044], [16.357854029490802, 47.67996976703736], [16.32492060617306, 47.683765068682256], [16.310194767394016, 47.68761613714829], [16.310270995806697, 47.69585463338358], [16.296207172109245, 47.71575745872823], [16.296792916501126, 47.74273567084454], [16.30050171372142, 47.76163540806019], [16.29954764188464, 47.762180748796006], [16.26990582983384, 47.79153141325888], [16.287054333094485, 47.81191497091851], [16.316783876087396, 47.78504548648747], [16.355927486776668, 47.821168011549574], [16.363528014773575, 47.82371082539523], [16.404354111718263, 47.79918128500937], [16.43360371417268, 47.800520572524626], [16.439969372748852, 47.80058490669124], [16.448113092826034, 47.80381000344729], [16.466450812042854, 47.7886113619796], [16.505711385176397, 47.77946586021449], [16.498570350599575, 47.76438987750917], [16.52198204871641, 47.74511606629844], [16.538758100379358, 47.74043621561813], [16.537649482786783, 47.73707914119801], [16.541637538601265, 47.71227701484875], [16.49894868797167, 47.703851355779726], [16.44850268692868, 47.696747147926565], [16.42271198586272, 47.66573361554902]]]}}, {"type": "Feature", "properties": {"name": "Klagenfurt-Land", "iso": "204", "codes": ["KL"]}, "geometry": {"type": "Polygon", "coordinates": [[[14.487917078065111, 46.50634610539845], [14.462927407506307, 46.45965109408086], [14.435317574999326, 46.443301102802934], [14.308949814800437, 46.43098891461741], [14.28399853866686, 46.443863099684194], [14.236954936851138, 46.4333235545519], [14.191883617469054, 46.44429458404601], [14.163991835316772, 46.43397401536297], [14.112209792352187, 46.47917829948533], [14.124790772950277, 46.535024626494824], [14.085148790410718, 46.55016287176018], [14.094676660646531, 46.55995442484977], [14.061132075916973, 46.58188970036033], [14.070532380187677, 46.61647288833537], [14.052745279461847, 46.66154482929188], [14.112951159168901, 46.67511715352218], [14.165013817932559, 46.6790722546356], [14.186715656767552, 46.70118263680437], [14.234230337068995, 46.700563335881775], [14.232224426269228, 46.697119399850514], [14.222715962430597, 46.65400270721663], [14.241252081327808, 46.62140626806381], [14.23992526962983, 46.606698949412426], [14.24907362136578, 46.57847881941497], [14.288561199923771, 46.575758237343514], [14.32364866792714, 46.590714353014846], [14.411031681733267, 46.629091031490816], [14.413346617054748, 46.641186945781854], [14.365015589647038, 46.66069178116126], [14.319684684941762, 46.6675074815781], [14.295670993952767, 46.696338196218306], [14.39268804640944, 46.7174350662159], [14.41952869438573, 46.73234290360096], [14.465296621930774, 46.71731504366775], [14.467531700159297, 46.68828957502496], [14.49824133544508, 46.686780765982135], [14.535811474800145, 46.66110143871106], [14.506875223619014, 46.649060549040136], [14.526627620040994, 46.60825837458902], [14.51799780428653, 46.59979365804222], [14.488781302979856, 46.5644154142195], [14.466323810764553, 46.568573629298186], [14.457517971379087, 46.56467066248246], [14.452243985447796, 46.5183354579666], [14.487917078065111, 46.50634610539845]]]}}, {"type": "Feature", "properties": {"name": "Oberpullendorf", "iso": "108", "codes": ["OP"]}, "geometry": {"type": "Polygon", "coordinates": [[[16.653529789907807, 47.500738966878146], [16.663209980679326, 47.45610377625543], [16.6129825693761, 47.43203196518743], [16.589065967795868, 47.423176722198], [16.576918684357114, 47.40676173629912], [16.459847255047393, 47.41339250103533], [16.458147893172622, 47.367632865886044], [16.434908846373197, 47.35331699830962], [16.38537754828794, 47.34521193877265], [16.378771952213405, 47.34660763101966], [16.37045318326201, 47.352973769467], [16.351800066295276, 47.39545516594531], [16.31580041447723, 47.40512120226561], [16.282215386075524, 47.45554843810961], [16.321962375015627, 47.494129762521254], [16.340833658062486, 47.516596893355015], [16.317361386201334, 47.54275631104358], [16.314868350429926, 47.54313706901066], [16.314308548351796, 47.56577283985603], [16.33214677129723, 47.58995902128921], [16.345513822736986, 47.60323045272716], [16.373663039060315, 47.64292015292044], [16.381328817362885, 47.63605892719032], [16.411218032664568, 47.649877232425574], [16.42301537492363, 47.66513970052214], [16.451393132080977, 47.656232152429716], [16.4990040403102, 47.639781293504186], [16.517584945012214, 47.6458053545153], [16.591444446847145, 47.61788837224751], [16.654126220574422, 47.622659750775604], [16.67644241483089, 47.582488243354874], [16.664341921175087, 47.56911880889016], [16.706796603794682, 47.52359980315816], [16.653529789907807, 47.500738966878146]]]}}, {"type": "Feature", "properties": {"name": "Dornbirn", "iso": "803", "codes": ["DO"]}, "geometry": {"type": "Polygon", "coordinates": [[[9.723096893225907, 47.34591048115979], [9.714668036731142, 47.33817984079545], [9.671539979773994, 47.34422772481949], [9.649771044215262, 47.368054786668985], [9.673808560581449, 47.39190177656306], [9.644544540673722, 47.435768190967494], [9.659690179679028, 47.45200125647562], [9.674879589176777, 47.45999898426416], [9.681840667542897, 47.46351817050105], [9.698528976328092, 47.449525724279695], [9.712481701879199, 47.450210673317514], [9.73596094057703, 47.445443561019395], [9.779084341684486, 47.44463180270867], [9.801995599786549, 47.44728948549264], [9.813370439999701, 47.437915387973675], [9.801511714737426, 47.41663704337779], [9.83873183493412, 47.379043274771384], [9.844568774663934, 47.36090420971653], [9.81107989733125, 47.346133684152825], [9.816572954904123, 47.31276640031858], [9.84574040536231, 47.30304685600628], [9.831521741673763, 47.28495112521023], [9.77789386417786, 47.30750036505878], [9.730677558591378, 47.32764986537393], [9.723096893225907, 47.34591048115979]]]}}, {"type": "Feature", "properties": {"name": "Tamsweg", "iso": "505", "codes": ["TA"]}, "geometry": {"type": "Polygon", "coordinates": [[[13.801926313338557, 46.9515732267686], [13.785429956062647, 46.94429481523506], [13.772503550644952, 46.97752606122732], [13.699971212552787, 47.00373416925072], [13.687294263033758, 47.040272331049636], [13.638386780619035, 47.05595615645852], [13.594973907722657, 47.05642034540644], [13.428297990515672, 47.08184101052377], [13.407077873311675, 47.06971440962606], [13.35523438896101, 47.09757401910119], [13.336809737701232, 47.14363935594182], [13.318504438837225, 47.159459596835546], [13.333385456166873, 47.18667567117866], [13.372642203118964, 47.21695949862923], [13.396969104111827, 47.20687728895798], [13.455407177780158, 47.21790604680014], [13.48501212457199, 47.228763273782064], [13.553777205005384, 47.24099517383004], [13.579975006489814, 47.25639972592016], [13.580843474283004, 47.26631631584036], [13.608348897975546, 47.28404782593422], [13.696593391016176, 47.26056487396344], [13.712637994644696, 47.259979708655045], [13.761420728666591, 47.266747734768266], [13.826133245704607, 47.293680362447944], [13.824408978168938, 47.26748574395234], [13.86497429614836, 47.25264121720441], [13.865537945400298, 47.220403754696314], [13.89702880128733, 47.187711265358416], [13.897338641709347, 47.18761101036128], [13.897404562343882, 47.187581649621606], [13.897266900362307, 47.187279009756885], [13.943547551438872, 47.16685354493523], [13.962721603127395, 47.15811243095302], [13.962880186881707, 47.15806109117247], [13.963012447954492, 47.157925007907316], [13.963097717926296, 47.15774143850479], [13.993706352989351, 47.14269611848338], [13.988621040645056, 47.12755590298655], [13.944567920682557, 47.13702331456309], [13.879695833393724, 47.1010115025522], [13.879204359999928, 47.10081918849729], [13.879341138487497, 47.100200419348184], [13.906809642434151, 47.07108804618045], [13.906940916465537, 47.071046874626354], [13.864524532800607, 47.02003599569461], [13.86543482293839, 46.996633591419254], [13.801926313338557, 46.9515732267686]]]}}, {"type": "Feature", "properties": {"name": "Grieskirchen", "iso": "408", "codes": ["GR"]}, "geometry": {"type": "Polygon", "coordinates": [[[13.783988473354443, 48.14950968025109], [13.772854370743635, 48.12781672053684], [13.754818644665253, 48.118625767746835], [13.710562323100508, 48.12461450843667], [13.666218805662373, 48.12840130484074], [13.665001105024404, 48.12645802274689], [13.606996198013892, 48.13316665869365], [13.60850878026547, 48.14325885570686], [13.612564808927836, 48.16955966434398], [13.611937353328791, 48.2030268919737], [13.585588428072159, 48.213713030761404], [13.585154863670489, 48.22631719447324], [13.568507985214621, 48.244077487447484], [13.591673507539904, 48.25435619701419], [13.62890193975392, 48.25125113189912], [13.650834948087375, 48.263812533305085], [13.65489051970685, 48.285639506444014], [13.672451160862556, 48.305113667125475], [13.67456011525597, 48.3056636277458], [13.710605520964725, 48.31415429168156], [13.711295545983447, 48.33336408367074], [13.716448970849719, 48.33232791529687], [13.717573294421035, 48.37811448756296], [13.704937840285561, 48.386724688267854], [13.686046430988059, 48.407579264574295], [13.697437667147492, 48.43554845830049], [13.755671457219497, 48.43994483958053], [13.77608823143693, 48.43877983273517], [13.807508181554446, 48.42113361015304], [13.841263511995113, 48.41714508275976], [13.86625275116069, 48.42640496399083], [13.870124746988578, 48.42652511450181], [13.918712431999015, 48.39003404617488], [13.898744891182293, 48.372913756604014], [13.91186662762594, 48.339675352850826], [13.854206006280071, 48.295262885043456], [13.856149962236243, 48.29089350526179], [13.908302818553747, 48.2846324197663], [13.883846662160492, 48.27910561842184], [13.89607627556589, 48.25258845174755], [13.93172480727826, 48.24761946841314], [13.968741155803196, 48.246501028890286], [13.992211954058083, 48.237832634346866], [13.994561721647894, 48.217980847008704], [13.930956023859437, 48.21453328517577], [13.917152095956212, 48.22151220028242], [13.910350639275695, 48.21913597204778], [13.843950189789728, 48.2059698283821], [13.873864200336927, 48.164438810619885], [13.828230297257143, 48.17509831913585], [13.805083969245427, 48.146955801372584], [13.783988473354443, 48.14950968025109]]]}}, {"type": "Feature", "properties": {"name": "St. Pölten (Stadt)", "iso": "302", "codes": ["P"]}, "geometry": {"type": "Polygon", "coordinates": [[[15.737315426956165, 48.26704408837843], [15.735862464486614, 48.258668125067075], [15.737934580037855, 48.23053561890345], [15.69369019282075, 48.197187533253604], [15.646691707780331, 48.176265242509764], [15.647610801238368, 48.122996091292116], [15.585425993799664, 48.12944193788418], [15.591304987529208, 48.16652458806521], [15.560042016240255, 48.16679063459344], [15.576588622133523, 48.21306597041894], [15.601409604647221, 48.23282156056669], [15.619453367445479, 48.239007785935584], [15.6701636980486, 48.26199896940089], [15.737315426956165, 48.26704408837843]]]}}, {"type": "Feature", "properties": {"name": "Urfahr-Umgebung", "iso": "416", "codes": ["UU"]}, "geometry": {"type": "Polygon", "coordinates": [[[14.14654449221525, 48.32065277249878], [14.115999202567773, 48.3098080217425], [14.071572144698488, 48.31885338955516], [14.06728891655118, 48.319989695147484], [14.026723441450317, 48.338720798536016], [14.023163031000387, 48.35418543686476], [14.031186204333078, 48.3737803716226], [14.054531382250056, 48.38714852523583], [14.082065439216882, 48.41733746553919], [14.105356514078247, 48.44522304148003], [14.134368041713318, 48.436352636757086], [14.180453476569722, 48.45792034894542], [14.17928154317964, 48.50426749256728], [14.195742412791033, 48.524969387695556], [14.171845691815216, 48.53302664718671], [14.174834557591268, 48.55045276572657], [14.193946738460944, 48.580899709907435], [14.222500325540357, 48.587052852541504], [14.271336029245036, 48.581609548435395], [14.33418381983436, 48.55241822217751], [14.342366539673028, 48.55529395985451], [14.39461766316901, 48.57808445042035], [14.407337432761363, 48.551217492723865], [14.437292723780995, 48.542850785950385], [14.374110176574595, 48.53497937381231], [14.375643256317447, 48.52993437947391], [14.37927866848106, 48.49320281884962], [14.40158492667877, 48.48097698296874], [14.404047867848922, 48.45830212602769], [14.415005194527756, 48.432226505301756], [14.467359798136984, 48.3962645860595], [14.433501157223176, 48.36606651306769], [14.44146594578242, 48.35659918792536], [14.46086852673497, 48.35288803638024], [14.478880312102374, 48.32877045718843], [14.483066154876921, 48.30320142016571], [14.443675797521806, 48.296712657825566], [14.418256246186232, 48.30514631076361], [14.404617735009325, 48.25763975467617], [14.345409427899444, 48.284194017890925], [14.334740430237204, 48.30940847607634], [14.36032366867067, 48.325175755170974], [14.34955539997033, 48.342232021369426], [14.304602359681418, 48.358545233982596], [14.292916321798884, 48.37858358505344], [14.291829910847905, 48.377418743362675], [14.256410351207556, 48.34217124054862], [14.257844633762257, 48.32696922733637], [14.24914041468997, 48.31040474334884], [14.234350649217799, 48.30831761209555], [14.204585210549828, 48.321954644095065], [14.14561658142658, 48.31576333470886], [14.14654449221525, 48.32065277249878]]]}}, {"type": "Feature", "properties": {"name": "Murau", "iso": "614", "codes": ["MU"]}, "geometry": {"type": "Polygon", "coordinates": [[[14.07995175508011, 47.022468173402885], [14.017229578221421, 46.98950806846118], [13.969360609771583, 46.96349357210858], [13.968949867233247, 46.96348280803285], [13.968538309836061, 46.963662705023765], [13.947507687248372, 46.941063158253144], [13.882643224723962, 46.918247886319385], [13.816122795820238, 46.918944925040236], [13.785429956062647, 46.94429481523506], [13.801926313338557, 46.9515732267686], [13.86543482293839, 46.996633591419254], [13.864524532800607, 47.02003599569461], [13.906940916465537, 47.071046874626354], [13.906809642434151, 47.07108804618045], [13.879341138487497, 47.100200419348184], [13.879204359999928, 47.10081918849729], [13.879695833393724, 47.1010115025522], [13.944567920682557, 47.13702331456309], [13.988621040645056, 47.12755590298655], [13.993706352989351, 47.14269611848338], [13.963097717926296, 47.15774143850479], [13.963012447954492, 47.157925007907316], [13.962880186881707, 47.15806109117247], [13.962721603127395, 47.15811243095302], [13.943547551438872, 47.16685354493523], [13.897266900362307, 47.187279009756885], [13.897404562343882, 47.187581649621606], [13.897338641709347, 47.18761101036128], [13.89702880128733, 47.187711265358416], [13.865537945400298, 47.220403754696314], [13.86497429614836, 47.25264121720441], [13.931252228795922, 47.24917112173241], [13.983167439487522, 47.26962356968946], [14.013249277657863, 47.26252098828975], [14.048088230159612, 47.2894052915484], [14.099260855661685, 47.263203765391026], [14.113142327741436, 47.2682600284717], [14.141631232411534, 47.297058425767716], [14.191943588812508, 47.304331116270795], [14.228453052330982, 47.32960089272837], [14.333217423546936, 47.27013220755093], [14.37256325585725, 47.2675765018541], [14.390505249840357, 47.22518974336969], [14.393586546914845, 47.1863674336246], [14.442408842948588, 47.16347268461813], [14.482605968909269, 47.16812339870208], [14.515576796796509, 47.15832688206673], [14.547506566355105, 47.11413353494755], [14.540976021916162, 47.11007964875871], [14.560860133309026, 47.072184355178024], [14.561204087845107, 47.06842788993017], [14.586800959408897, 47.012136994541535], [14.528041105242723, 47.00961778586715], [14.505811721126168, 47.026254310354275], [14.505888960430317, 47.02660506528861], [14.505830654414218, 47.026819577808446], [14.472712246695759, 47.00813448509732], [14.431052526978942, 47.00090334442819], [14.331042737694533, 47.02956907438043], [14.238527237746181, 47.02878700007176], [14.235859426927489, 47.0262549850907], [14.205244519886653, 47.07635141837021], [14.16352323552446, 47.05305614308089], [14.163369136070493, 47.0529069819479], [14.163322056111738, 47.05286196871287], [14.163153015362708, 47.052863654439726], [14.163005901504894, 47.052866698998734], [14.160865314918068, 47.05339268367749], [14.133380257416142, 47.06278356050138], [14.07995175508011, 47.022468173402885]]]}}, {"type": "Feature", "properties": {"name": "Innsbruck-Land", "iso": "703", "codes": ["IL"]}, "geometry": {"type": "Polygon", "coordinates": [[[11.435326460860034, 46.97460685418696], [11.401963288571936, 46.96548911047263], [11.359528769857267, 46.99071530500912], [11.320934047077396, 46.99289022413572], [11.249707313919119, 46.97469818954958], [11.164690689459643, 46.96624245643064], [11.09052480017186, 46.98916438659657], [11.119148533348309, 47.04669671621852], [11.102036623354907, 47.065950011816355], [11.0638973424639, 47.11432859234012], [11.06524453724838, 47.142078661385305], [11.043350388152499, 47.181319415406456], [11.05408445734409, 47.204605979148106], [11.09512637688345, 47.225680135059164], [11.059369008797736, 47.24639793003386], [11.069802659592241, 47.253455326338], [11.059043474010236, 47.298226052166584], [11.029953441535973, 47.295238860697175], [11.030755068608416, 47.307185774225246], [10.995348316552695, 47.31275407883802], [10.9932916634811, 47.35328705068681], [11.0167542557938, 47.39684246018629], [11.016915960190385, 47.396942667282126], [11.055795467927698, 47.396539431679486], [11.115875484356785, 47.39618258214456], [11.128464478106839, 47.41277450416303], [11.205927770519644, 47.43446577874034], [11.253858886540831, 47.42880738143148], [11.222750281958714, 47.39791652873831], [11.272980984456606, 47.39854030142633], [11.291466350103867, 47.42763457002732], [11.33903157850868, 47.450482410122085], [11.421901414815803, 47.44542085366811], [11.451139189629028, 47.40360151365684], [11.514580956885174, 47.38882787823994], [11.500489116438803, 47.36370826408867], [11.557813963846021, 47.352372228106326], [11.599237833000775, 47.34908116368598], [11.611473130526441, 47.32170437154985], [11.621617336909242, 47.30936046312454], [11.632438018173625, 47.31181579768665], [11.652283958205029, 47.2945139670948], [11.652351300689782, 47.29451601689052], [11.69178129617718, 47.26218761446805], [11.704051404463039, 47.20555657379199], [11.667243655310052, 47.198275724204855], [11.672794509672947, 47.16068533677789], [11.633182385271677, 47.1406463638949], [11.63463996482906, 47.1045467151683], [11.659039808899818, 47.05340539477051], [11.649738044450348, 47.047163236217], [11.627675188138149, 47.01381147429843], [11.590371019069972, 47.00590740705047], [11.538988578346366, 46.9845920464538], [11.47922227755506, 47.01149476223324], [11.435326460860034, 46.97460685418696]], [[11.305624904937696, 47.26498392153106], [11.345950331765923, 47.243386109708815], [11.39013297487835, 47.238434997015], [11.390652737485778, 47.21399015128988], [11.3950074087572, 47.212896714494015], [11.454422526856629, 47.2135622551005], [11.43235969754358, 47.247580325874026], [11.454788241048808, 47.26036530559831], [11.453483901831818, 47.26790623905687], [11.416792922299381, 47.295105065526506], [11.426538245672102, 47.32111588658965], [11.42789796880638, 47.34691465522765], [11.427880257351488, 47.34694720868998], [11.358395180925156, 47.36047763346845], [11.331761864795578, 47.34332930589458], [11.336421692309623, 47.314137266502115], [11.306560218520175, 47.29248083515527], [11.305624904937696, 47.26498392153106]]]}}, {"type": "Feature", "properties": {"name": "Eisenstadt (Stadt)", "iso": "101", "codes": ["E"]}, "geometry": {"type": "Polygon", "coordinates": [[[16.56777935431852, 47.8843063291796], [16.581568340709023, 47.839715445908936], [16.539669245408664, 47.82123351712174], [16.547753072225557, 47.79462808294759], [16.53195497693632, 47.793932647511774], [16.505284293422307, 47.81563895667141], [16.485059560657074, 47.869493005731776], [16.527507648575643, 47.87524289885828], [16.56777935431852, 47.8843063291796]]]}}, {"type": "Feature", "properties": {"name": "Hartberg-Fürstenfeld", "iso": "622", "codes": ["HF"]}, "geometry": {"type": "Polygon", "coordinates": [[[15.938549973301825, 47.05929798770633], [15.878614564891787, 47.04113278027969], [15.875489176465868, 47.0657748800561], [15.841299326796463, 47.082053374424405], [15.868527829804767, 47.0963728653881], [15.85579565909548, 47.12647712493421], [15.890413267572981, 47.13161797843391], [15.862117960496768, 47.16177487503437], [15.826294656646951, 47.17876168938531], [15.773144788497923, 47.217866788744765], [15.766898506914467, 47.22193392548067], [15.76099772267511, 47.2415113889698], [15.760332243457716, 47.287596295150024], [15.759843498016425, 47.28992941813134], [15.735234528921463, 47.31017618414477], [15.744487156196017, 47.351748018998215], [15.801614610078332, 47.37340989929295], [15.774737195771767, 47.39492592594843], [15.749459675156164, 47.46009084389669], [15.728358841105866, 47.461971600193], [15.711725455603625, 47.47537676471966], [15.770674870426099, 47.51016040803631], [15.811994628835862, 47.50183821556284], [15.845834675787719, 47.49668633860015], [15.897479052315118, 47.5105542256023], [15.914952170030258, 47.53086429113109], [15.92159382910158, 47.53045538072957], [15.959617616571604, 47.518288565732355], [16.0011737999035, 47.516271778822365], [16.066196781158446, 47.486763197708626], [16.08851086703062, 47.5075859254692], [16.11405034426309, 47.49754439335263], [16.139091177716853, 47.46185877434416], [16.172886654147526, 47.422815558741206], [16.166156359074826, 47.42116327177202], [16.14280344200388, 47.4179271354864], [16.11725178382822, 47.414287844703225], [16.11717091242029, 47.414448147583876], [16.117119297725143, 47.414550435795896], [16.0852164211781, 47.40957328984144], [16.06151868444872, 47.384654579231224], [16.059853481707254, 47.38422251850425], [16.031207824176057, 47.37970597478303], [16.03513771155023, 47.372609388581374], [16.031311541646083, 47.37181756540317], [16.03559880144527, 47.35602079569435], [16.060613373182843, 47.31509876067745], [16.05954515117926, 47.31052991304728], [16.075824654328652, 47.27508898326515], [16.077360781534356, 47.272029102490826], [16.0876095236132, 47.23394446775257], [16.09389190372797, 47.200303310663514], [16.092587242563717, 47.19885575126069], [16.1036729064834, 47.18404808769572], [16.110376439903597, 47.16717422393531], [16.116113224442298, 47.13357524446511], [16.09587721655735, 47.11258253922575], [16.087658233709114, 47.08821475263853], [16.099443915616142, 47.06144298135763], [16.131808854757168, 47.01249545389773], [16.1466782318192, 47.00017165604247], [16.155612859502217, 46.99118038671128], [16.122797706919112, 46.991033625037204], [16.10882514795755, 46.96569165715076], [16.066570131800965, 47.00252151844452], [16.02227672006734, 47.00893167988697], [16.019855221170896, 47.0076195075022], [15.976441289020867, 47.02547809266373], [15.971048081752546, 47.05366813862946], [15.957234272599074, 47.05889442124276], [15.938549973301825, 47.05929798770633]]]}}, {"type": "Feature", "properties": {"name": "Graz-Umgebung", "iso": "606", "codes": ["GU"]}, "geometry": {"type": "Polygon", "coordinates": [[[15.685588322377114, 47.03055764248469], [15.72573427009222, 47.02529901869128], [15.73018064288444, 47.00414658002246], [15.6834787182476, 46.98068869989441], [15.650380132003702, 46.98405142710582], [15.617140242864394, 47.003043410282416], [15.61978102744771, 47.01150598694041], [15.588465973436964, 47.019396578996606], [15.552915883336464, 46.99239543793254], [15.543466881366154, 46.98524162228475], [15.547554421729263, 46.97746259529053], [15.520747390057329, 46.92122125088213], [15.487430219838533, 46.91089585142903], [15.48009297447074, 46.91303377440295], [15.450883207461855, 46.90520249107291], [15.42916200801248, 46.88136756993187], [15.414968245200185, 46.878213512028715], [15.378619299581647, 46.904022516611356], [15.349724956918848, 46.924873410691546], [15.349136176453769, 46.953598659962374], [15.314787676402409, 46.97300117285096], [15.299082678661934, 46.9828253197885], [15.313217205800006, 46.993937311674216], [15.261225039459124, 47.02655297700802], [15.265985742511317, 47.03570628771668], [15.263758097404848, 47.04532425915051], [15.258578019504867, 47.051000483966455], [15.227091247122942, 47.0868674807845], [15.220131909366692, 47.084169561225636], [15.190094411210834, 47.11748896589466], [15.17237639316669, 47.14084132481216], [15.185987924672274, 47.16863408206887], [15.162719514098448, 47.20318203867533], [15.113039876993605, 47.2075663508189], [15.05378366184979, 47.21174366352044], [15.049363989971104, 47.2274576321508], [15.098799338503593, 47.26211768217667], [15.148011816997172, 47.281570656319516], [15.16078638677972, 47.28455734480397], [15.197139772137852, 47.32145501995403], [15.232268790228108, 47.33769594627736], [15.243931213113177, 47.34370616844636], [15.287088663846088, 47.34220659115296], [15.340990771350363, 47.312565369979495], [15.397715754659632, 47.31263769532427], [15.414708031619448, 47.28451677759699], [15.467263694869292, 47.26199595716236], [15.439029271964465, 47.25149793716478], [15.466473191844953, 47.19887805461087], [15.46881400012864, 47.210139403009364], [15.509370281290995, 47.19078305451971], [15.523681571562605, 47.200396398060846], [15.588889665241584, 47.19073094866298], [15.591168450124576, 47.18922920893658], [15.583973259481862, 47.16832270306066], [15.625118236039802, 47.14259582219065], [15.659305558219536, 47.12473846292886], [15.634777440022141, 47.090587152908256], [15.633653628565275, 47.08932705067256], [15.641044111995472, 47.066569312187426], [15.678132289550494, 47.05857253119587], [15.685588322377114, 47.03055764248469]], [[15.36103099711645, 47.05184953893293], [15.374135084801951, 47.023442362659004], [15.441862498129332, 47.01627059468481], [15.461801234352071, 47.01227886032685], [15.489640634472241, 47.021074590582444], [15.505258217381789, 47.04058707332101], [15.508597836679257, 47.07450163663054], [15.522209489595426, 47.12054157311138], [15.438866698948608, 47.12856959780648], [15.398528319590623, 47.1327810533687], [15.360198574688075, 47.11989904025186], [15.35191345039069, 47.101700276980395], [15.380968162737068, 47.07029728102892], [15.36103099711645, 47.05184953893293]]]}}, {"type": "Feature", "properties": {"name": "Villach-Land", "iso": "207", "codes": ["VL"]}, "geometry": {"type": "Polygon", "coordinates": [[[14.085148790410718, 46.55016287176018], [14.124790772950277, 46.535024626494824], [14.112209792352187, 46.47917829948533], [14.041324492179326, 46.4934010704966], [14.007255940493819, 46.48173649369479], [13.97639439886244, 46.49864697831642], [13.912714913538027, 46.52152196794435], [13.799677252018698, 46.50692828738412], [13.726548253612744, 46.52353341318186], [13.691848590138754, 46.52139208160628], [13.622608817649764, 46.54259363838935], [13.547728946656086, 46.5538566391995], [13.515496589697932, 46.5492155236782], [13.50494956634316, 46.566707243115914], [13.55838114007506, 46.59133477303554], [13.55486187613883, 46.63128719752279], [13.573074366067837, 46.657367380196696], [13.465711215393199, 46.65642565226262], [13.433456483479999, 46.65757707244619], [13.438980262160552, 46.681415427536145], [13.423287329832236, 46.729709378181596], [13.455561771855766, 46.77041807016392], [13.493690918975162, 46.75502709876589], [13.541407787356444, 46.75694774204635], [13.588339155880147, 46.74446393295527], [13.61983662474153, 46.77687670475089], [13.650935321677622, 46.76669451330469], [13.685318155571714, 46.79282418450024], [13.758803881392147, 46.78590782147745], [13.774265819003572, 46.79403469005906], [13.824398105443088, 46.78234230954186], [13.825575113699422, 46.782393094956966], [13.82856332019529, 46.78306996816885], [13.85725579744679, 46.78033016468821], [13.87793992772239, 46.76047185847392], [13.941863498998442, 46.75557141425812], [13.96171975650951, 46.716063284179924], [13.921021543954193, 46.696183404613556], [13.953959088744744, 46.66625056305166], [13.891514427119052, 46.649617255504054], [13.84228808692991, 46.6529357584819], [13.809432670891079, 46.66852717206007], [13.792396485585206, 46.6332827963638], [13.764656618145166, 46.635380459314774], [13.714550457980781, 46.5921198959858], [13.745822584311123, 46.566137294005145], [13.797494252293484, 46.568526851953834], [13.84744869507233, 46.58074471659845], [13.940627031384864, 46.57754352994824], [13.961381540153628, 46.58376489950085], [13.97916836997011, 46.59414082886485], [13.925128922846044, 46.615541635651255], [13.92772307058709, 46.647567785385476], [13.967392126783054, 46.6534069404941], [14.013882721790415, 46.666251350107565], [14.052745279461847, 46.66154482929188], [14.070532380187677, 46.61647288833537], [14.061132075916973, 46.58188970036033], [14.094676660646531, 46.55995442484977], [14.085148790410718, 46.55016287176018]]]}}, {"type": "Feature", "properties": {"name": "Oberwart", "iso": "109", "codes": ["OW"]}, "geometry": {"type": "Polygon", "coordinates": [[[16.422232006449335, 47.197505643619344], [16.46537094463205, 47.168560300859134], [16.45543370779369, 47.14268302004034], [16.447405397652687, 47.12813655239466], [16.39740503121226, 47.13015949142983], [16.39477598237845, 47.135868215740636], [16.32867410395787, 47.14041138832437], [16.319870546181665, 47.15326813999752], [16.328791725224814, 47.17891312286304], [16.277528285230662, 47.19812695617152], [16.238989249515107, 47.212550297221654], [16.22857387455409, 47.213548511954755], [16.194556893273223, 47.21416242880574], [16.177894438355704, 47.20023486440958], [16.151999008157766, 47.20141205791536], [16.126375571519727, 47.22901365805783], [16.098930395454886, 47.23419807297628], [16.0876095236132, 47.23394446775257], [16.077360781534356, 47.272029102490826], [16.075824654328652, 47.27508898326515], [16.05954515117926, 47.31052991304728], [16.060613373182843, 47.31509876067745], [16.03559880144527, 47.35602079569435], [16.031311541646083, 47.37181756540317], [16.03513771155023, 47.372609388581374], [16.031207824176057, 47.37970597478303], [16.059853481707254, 47.38422251850425], [16.06151868444872, 47.384654579231224], [16.0852164211781, 47.40957328984144], [16.117119297725143, 47.414550435795896], [16.11717091242029, 47.414448147583876], [16.11725178382822, 47.414287844703225], [16.14280344200388, 47.4179271354864], [16.166156359074826, 47.42116327177202], [16.172886654147526, 47.422815558741206], [16.20813918565573, 47.425061662269506], [16.254293485122595, 47.44850965393688], [16.282215386075524, 47.45554843810961], [16.31580041447723, 47.40512120226561], [16.351800066295276, 47.39545516594531], [16.37045318326201, 47.352973769467], [16.378771952213405, 47.34660763101966], [16.38537754828794, 47.34521193877265], [16.434908846373197, 47.35331699830962], [16.46416260459413, 47.33620499840744], [16.479297407195627, 47.27549179439725], [16.431617049479534, 47.250740938579185], [16.443893311996078, 47.234127568844784], [16.41803180478484, 47.20572153196821], [16.422232006449335, 47.197505643619344]]]}}, {"type": "Feature", "properties": {"name": "Bregenz", "iso": "802", "codes": ["B"]}, "geometry": {"type": "Polygon", "coordinates": [[[9.929894958264468, 47.28975818487107], [9.852694869397446, 47.268493613136954], [9.850139040358034, 47.268792976277616], [9.831521741673763, 47.28495112521023], [9.84574040536231, 47.30304685600628], [9.816572954904123, 47.31276640031858], [9.81107989733125, 47.346133684152825], [9.844568774663934, 47.36090420971653], [9.83873183493412, 47.379043274771384], [9.801511714737426, 47.41663704337779], [9.813370439999701, 47.437915387973675], [9.801995599786549, 47.44728948549264], [9.779084341684486, 47.44463180270867], [9.73596094057703, 47.445443561019395], [9.712481701879199, 47.450210673317514], [9.698528976328092, 47.449525724279695], [9.681840667542897, 47.46351817050105], [9.674879589176777, 47.45999898426416], [9.659690179679028, 47.45200125647562], [9.60746988725973, 47.4709481223521], [9.563097671232786, 47.495566190777566], [9.582193127318059, 47.50018793103811], [9.61369960314429, 47.520729854175684], [9.636190054867743, 47.52473850380479], [9.6874573822603, 47.50993692429319], [9.749113298235695, 47.510746157666276], [9.732419604901741, 47.534360793178], [9.755932201854145, 47.572794094684426], [9.776204171069358, 47.59403648212667], [9.820568430718328, 47.588271526152454], [9.830032925602614, 47.54515205113361], [9.874755871324185, 47.529160346659644], [9.965306012944524, 47.52361899520824], [9.9998063232222, 47.48362980419063], [10.037718361240447, 47.48979051076103], [10.104184918900371, 47.431108737346044], [10.070682093538807, 47.40840783413385], [10.097924267274703, 47.3604542176512], [10.10013753724247, 47.35535651865693], [10.119637252797792, 47.3762110712588], [10.169887579328845, 47.371896150530134], [10.195289369039212, 47.389965682162135], [10.237332343208825, 47.37424907744781], [10.199817800699714, 47.32705107361326], [10.216282166544937, 47.31165264892134], [10.17238006637, 47.27966301689159], [10.178645536465902, 47.27069713351929], [10.19804032366062, 47.237160867675584], [10.137680135174604, 47.252246452682094], [10.09898806338685, 47.226689114159235], [10.064605253938314, 47.230056911883565], [10.04199404237448, 47.25283700618977], [10.004084839869117, 47.274365758617535], [9.971608699577445, 47.26863719893], [9.929894958264468, 47.28975818487107]]]}}, {"type": "Feature", "properties": {"name": "Lilienfeld", "iso": "314", "codes": ["LF"]}, "geometry": {"type": "Polygon", "coordinates": [[[15.625171392752025, 47.87537786080946], [15.630138814818594, 47.85522181495251], [15.632219153332617, 47.816262452229594], [15.612778635840087, 47.75155994650623], [15.529378899268014, 47.74638588258931], [15.507665215871338, 47.768276114722354], [15.462008553572252, 47.77022728271672], [15.380361838950487, 47.8241269698417], [15.346925043182031, 47.826249186043896], [15.346243276703072, 47.82616515945846], [15.300863665722469, 47.821535839809684], [15.289897333644769, 47.791667001937874], [15.218322314512127, 47.79651947522193], [15.20148013455088, 47.82544943702828], [15.16591896381373, 47.84995748983], [15.256149214030465, 47.86982122995471], [15.263329887414615, 47.88176920476595], [15.270555737999832, 47.87859834711691], [15.337000142628371, 47.89051446818544], [15.398162763794353, 47.90338508786562], [15.433554655570102, 47.95798089403763], [15.447580182595782, 47.96093315839019], [15.499468673284552, 47.980916260463275], [15.53455481661129, 48.00867965398703], [15.533279063352154, 48.013819354408106], [15.528104942631366, 48.05693583959168], [15.559680615179214, 48.07214494348596], [15.602400207169008, 48.068110502103636], [15.691039986202203, 48.08930748708008], [15.719027895854676, 48.084036846902485], [15.733216221461442, 48.078011275469485], [15.778809268191205, 48.07196280342596], [15.813410413074708, 48.07853820959902], [15.846453308192801, 48.06268440746933], [15.876617396724775, 48.076476878076654], [15.883646012643942, 48.05868039466415], [15.935711000488164, 48.043596240310656], [15.949174902364625, 47.99877623288473], [15.869584806688252, 47.997850266646765], [15.873023109539437, 47.960622414567915], [15.819903457995354, 47.938415867538275], [15.799352988030016, 47.93637146803649], [15.759880783064059, 47.93532341871683], [15.691436264035593, 47.895551830359516], [15.6679593452839, 47.903426864118316], [15.625171392752025, 47.87537786080946]]]}}, {"type": "Feature", "properties": {"name": "Hallein", "iso": "502", "codes": ["HA"]}, "geometry": {"type": "Polygon", "coordinates": [[[13.477502477804828, 47.53083284465746], [13.516932398814733, 47.497016419942995], [13.436517207375609, 47.45890756999028], [13.42224300958684, 47.46168499777911], [13.368387386485095, 47.519074450896085], [13.299294700785737, 47.513153111481834], [13.272889224214412, 47.534820303341554], [13.235222846446662, 47.530530477980435], [13.212055999028644, 47.54832275240748], [13.151096756739971, 47.548138559343144], [13.094617821701497, 47.516072666155594], [13.0467571299856, 47.52103158439202], [13.0324017161556, 47.536062297843735], [13.0722176114832, 47.59043485415212], [13.09866405774121, 47.63425768730817], [13.079347346225909, 47.6885093165718], [13.046655715833205, 47.71324964441585], [13.052742580323475, 47.724520826258214], [13.083616460294042, 47.73180185971216], [13.081824436262698, 47.74405572986265], [13.157293758002622, 47.759544729153184], [13.172767395119266, 47.753249718781106], [13.195808775728251, 47.76638006847194], [13.203890261548707, 47.74909052661122], [13.233877273179756, 47.72776275354938], [13.256913396259037, 47.691402003191975], [13.299644151879168, 47.675190994717916], [13.32943240978278, 47.67962632354498], [13.335995504058715, 47.67623400780283], [13.431456890743515, 47.66315528517298], [13.450301733530553, 47.63561040413602], [13.490632581940691, 47.63085555988478], [13.521053258892575, 47.62370726910291], [13.506033490577202, 47.5825112248718], [13.482039721354713, 47.562245689143815], [13.477502477804828, 47.53083284465746]]]}}, {"type": "Feature", "properties": {"name": "Kitzbühel", "iso": "704", "codes": ["KB"]}, "geometry": {"type": "Polygon", "coordinates": [[[12.479584754081941, 47.3687592659282], [12.495824472606328, 47.337934519244136], [12.47892794361953, 47.32691804673216], [12.442477739583595, 47.32913818060849], [12.375184632032676, 47.31183380366383], [12.335847195220238, 47.32904595217747], [12.29709225105455, 47.32861896847839], [12.26469680402087, 47.302737958499804], [12.255274248068567, 47.308492575787355], [12.219555502585873, 47.31166016632244], [12.165190652009544, 47.302070968153764], [12.11510611639261, 47.30697630226541], [12.079128713460088, 47.2757098105495], [12.004625743858455, 47.271980577774315], [12.023355131341939, 47.32215248630951], [12.063131676019884, 47.33264403862815], [12.084862670766602, 47.37493430453834], [12.068849867746096, 47.42082581406245], [12.110185457235833, 47.46539549213456], [12.114852418095357, 47.46451333226593], [12.129686995855014, 47.481092296646366], [12.149834323403585, 47.48592055159882], [12.193627646734711, 47.469608086626955], [12.204220164963374, 47.465861973800585], [12.21301272470314, 47.468294744321454], [12.24936345929121, 47.47899409994229], [12.291276491870565, 47.47505735753999], [12.30935057184703, 47.47482772424315], [12.322529193138028, 47.50322325734502], [12.320174860182668, 47.566672595197026], [12.310408946354038, 47.57589183025063], [12.30898963163007, 47.58239857112147], [12.324748239150903, 47.59284854208884], [12.3210180219014, 47.59783590125144], [12.34060577183242, 47.690936631533766], [12.364232391199314, 47.68441407004623], [12.429743925513383, 47.69693505620811], [12.441826884241449, 47.67457523030462], [12.499803947629108, 47.62565664235962], [12.525876733696249, 47.63130774640288], [12.575671173996357, 47.63287248306274], [12.575169718579502, 47.60554298174406], [12.65419857029272, 47.588577333129926], [12.628812166063684, 47.55009203074107], [12.654781132911396, 47.537313628251376], [12.66577856852797, 47.506608310620834], [12.700242570693662, 47.478420972040745], [12.645334360914383, 47.4687230957063], [12.632932295917886, 47.43262662016478], [12.625210119948115, 47.42304578369214], [12.579239110558524, 47.39302595470468], [12.545923383219147, 47.39857129096823], [12.506709801887519, 47.39466054702915], [12.479584754081941, 47.3687592659282]]]}}, {"type": "Feature", "properties": {"name": "Gmunden", "iso": "407", "codes": ["GM"]}, "geometry": {"type": "Polygon", "coordinates": [[[13.761468343661337, 47.52080646660642], [13.749939780673508, 47.502130413530246], [13.739831699315966, 47.49706786900644], [13.737698623506096, 47.49600878845934], [13.731497960586651, 47.49206213229628], [13.728080576019494, 47.4893613159391], [13.723525447195547, 47.485353432719], [13.72198802603445, 47.48316089154389], [13.718057239028633, 47.474178710708685], [13.719202960248918, 47.47119370242574], [13.723349850747946, 47.46261300868679], [13.668442288753072, 47.46319994029522], [13.60952358993131, 47.475643500784486], [13.606457798581054, 47.47569432788716], [13.58643460518265, 47.47530669240729], [13.516932398814733, 47.497016419942995], [13.477502477804828, 47.53083284465746], [13.482039721354713, 47.562245689143815], [13.506033490577202, 47.5825112248718], [13.521053258892575, 47.62370726910291], [13.490632581940691, 47.63085555988478], [13.51772234921809, 47.67606585346152], [13.551652205865423, 47.71465205581413], [13.477370979698803, 47.72473125857403], [13.437044064399783, 47.73909342348027], [13.466056518915638, 47.78669928819231], [13.536170688480274, 47.77668107103932], [13.578011533202664, 47.76187756481298], [13.606492829561882, 47.77369492116004], [13.641984190082168, 47.81554160710386], [13.615799767009227, 47.82581003850831], [13.618499441825797, 47.85318084915161], [13.66369342304335, 47.878338492923], [13.672328074517495, 47.911242589871215], [13.708367547566315, 47.92795324070932], [13.709544513668005, 47.92983697220684], [13.745535026318878, 47.95937680289457], [13.741190511709213, 47.981260766100945], [13.795834052306729, 47.997104766408334], [13.795670931134813, 48.007925887284706], [13.812741716067684, 48.027754590666675], [13.836681345176174, 48.04714791003034], [13.850525065157695, 48.05478976342895], [13.882923992870024, 48.0149092687754], [13.9227950372029, 48.03036845850801], [13.94567574182603, 48.03174043019989], [13.988167901778796, 48.003178929145385], [13.958759373228514, 47.98286833825849], [13.986825651915272, 47.94875659748421], [13.978768320263327, 47.915186009124604], [13.99278142372274, 47.879750200235186], [14.079743754702648, 47.860479682256106], [14.09866208980591, 47.84549059357671], [14.03020313906283, 47.8046421199518], [14.015882702437793, 47.77526552046256], [14.059856173034932, 47.729641708721104], [14.011443723485487, 47.70141210052122], [13.896747229395052, 47.718005880161456], [13.861138634495047, 47.72774375906014], [13.778469559322653, 47.718855464168996], [13.708656979051755, 47.65697959312436], [13.699304230072531, 47.60256985294222], [13.695386003669368, 47.579788508969735], [13.736257558962429, 47.57753707119247], [13.761468343661337, 47.52080646660642]]]}}, {"type": "Feature", "properties": {"name": "Waidhofen an der Ybbs", "iso": "303", "codes": ["WY"]}, "geometry": {"type": "Polygon", "coordinates": [[[14.921615441882546, 47.974681216162246], [14.834178357241077, 47.9701591012401], [14.82136900798649, 47.947233388975086], [14.836781304653291, 47.91373873737062], [14.770512472985631, 47.88013032570069], [14.744434403895152, 47.91798169387795], [14.67156135721668, 47.9352654799033], [14.650014712778617, 47.942672396118574], [14.661578416130528, 47.972423543904235], [14.69047209410843, 47.99212787453263], [14.737261733960842, 47.99329634004576], [14.815171600033938, 47.99322494948752], [14.841831042154995, 48.013421209358114], [14.860345611654624, 48.019471384736626], [14.860562835519097, 48.02361627476052], [14.921615441882546, 47.974681216162246]]]}}, {"type": "Feature", "properties": {"name": "Vöcklabruck", "iso": "417", "codes": ["VB"]}, "geometry": {"type": "Polygon", "coordinates": [[[13.618499441825797, 47.85318084915161], [13.615799767009227, 47.82581003850831], [13.641984190082168, 47.81554160710386], [13.606492829561882, 47.77369492116004], [13.578011533202664, 47.76187756481298], [13.536170688480274, 47.77668107103932], [13.530261084681209, 47.79757025282514], [13.491362176743541, 47.78972824335878], [13.451191675078974, 47.80429341887363], [13.398849442188165, 47.79844364754232], [13.351724651095312, 47.81049488687009], [13.312964897658228, 47.81338362346725], [13.287164601314913, 47.83077934971909], [13.293889782637898, 47.86432091652677], [13.270871494943625, 47.891993523241105], [13.281888759941667, 47.90520221504385], [13.281051844447191, 47.955287621129074], [13.308305386852295, 47.964587650616565], [13.359317945365092, 47.94032978871332], [13.363899067124235, 47.944650609719325], [13.372433816964902, 47.97255316137185], [13.30470126151509, 48.00844773145437], [13.297966346402294, 48.02985805956822], [13.330832238627297, 48.06993419714352], [13.354011793131408, 48.055840210876504], [13.383733005818018, 48.05179947736992], [13.392785823075165, 48.059270760163514], [13.405729746169643, 48.08539636749541], [13.45143256321242, 48.105202129308424], [13.460051392790083, 48.10749298792681], [13.477233342492983, 48.10685918493315], [13.52793096032836, 48.11552953887128], [13.552402282780363, 48.120355348646505], [13.582922036404653, 48.115520500299716], [13.606996198013892, 48.13316665869365], [13.665001105024404, 48.12645802274689], [13.666218805662373, 48.12840130484074], [13.710562323100508, 48.12461450843667], [13.754818644665253, 48.118625767746835], [13.787862759768268, 48.10302037135386], [13.796914221718064, 48.10376475427701], [13.823516418616151, 48.077853588841926], [13.827110641259912, 48.07836669991586], [13.836681345176174, 48.04714791003034], [13.812741716067684, 48.027754590666675], [13.795670931134813, 48.007925887284706], [13.795834052306729, 47.997104766408334], [13.741190511709213, 47.981260766100945], [13.745535026318878, 47.95937680289457], [13.709544513668005, 47.92983697220684], [13.708367547566315, 47.92795324070932], [13.672328074517495, 47.911242589871215], [13.66369342304335, 47.878338492923], [13.618499441825797, 47.85318084915161]]]}}, {"type": "Feature", "properties": {"name": "Landeck", "iso": "706", "codes": ["LA"]}, "geometry": {"type": "Polygon", "coordinates": [[[10.241980285294451, 46.93217732894803], [10.227899641813437, 46.890750436154725], [10.193956014262476, 46.86698589107714], [10.145238297465273, 46.85154440908232], [10.098482025389323, 46.92790298768985], [10.120952902444445, 46.938453812219635], [10.160079518251028, 46.98430100505883], [10.13482169360016, 47.02990924032105], [10.157194869214969, 47.049433034931056], [10.133819068224204, 47.078450940454225], [10.145164588038519, 47.09750224697372], [10.213285659938029, 47.158150684308964], [10.296459350762106, 47.166880300180296], [10.39591235754073, 47.17436490798587], [10.425212403972008, 47.19434316525863], [10.448582246950068, 47.23294340014899], [10.494636855197625, 47.23827174053308], [10.54925307989793, 47.235871593187774], [10.565625230487205, 47.24832649376221], [10.605633274973327, 47.23575826548468], [10.64420137681543, 47.23279972258689], [10.679306068356258, 47.20322382742227], [10.677087484172219, 47.162900150543095], [10.673444207932036, 47.156522473209236], [10.731688616166524, 47.104920191383414], [10.758248238354092, 47.09377977445037], [10.792495913466205, 47.0657108565037], [10.821972298376455, 47.02603089798949], [10.798050639342591, 47.0120621818877], [10.798863912180563, 46.980024181798875], [10.773803214497018, 46.909633580687476], [10.794664144428886, 46.88172529844982], [10.784215407091091, 46.837655720981594], [10.764192634454355, 46.82314322643978], [10.693373972099304, 46.85342456116286], [10.667704887958017, 46.876013835628775], [10.624611924778893, 46.864931096001854], [10.570828059279034, 46.84292594415854], [10.46996267298997, 46.855441237422134], [10.465006260894977, 46.88481176200086], [10.489666046811994, 46.938326169306436], [10.457069352258852, 46.95194671808583], [10.389623503508352, 47.00107044307413], [10.349278533031294, 46.99115733402216], [10.309658609326211, 46.95074821813034], [10.317283517724988, 46.926474189561546], [10.241980285294451, 46.93217732894803]]]}}, {"type": "Feature", "properties": {"name": "Bruck-Mürzzuschlag", "iso": "621", "codes": ["BM"]}, "geometry": {"type": "Polygon", "coordinates": [[[15.424461259741935, 47.36198762419351], [15.397715754659632, 47.31263769532427], [15.340990771350363, 47.312565369979495], [15.287088663846088, 47.34220659115296], [15.243931213113177, 47.34370616844636], [15.232268790228108, 47.33769594627736], [15.200527012809664, 47.35980323175579], [15.178531902013258, 47.40384197890712], [15.161870688584065, 47.44340879744525], [15.11116244993463, 47.43910793757545], [15.056890254653057, 47.4721647335249], [15.040242172741502, 47.52690944766474], [14.987645957145507, 47.53635912005056], [14.978602102206507, 47.54245793744597], [14.954957580106097, 47.59934897785193], [15.05527999433814, 47.60788799828251], [15.07509396705783, 47.63380349843512], [15.068238776186405, 47.65183395194271], [15.090243839242723, 47.74196041885176], [15.135838608061315, 47.75848987933565], [15.200388859733573, 47.75391428634363], [15.218322314512127, 47.79651947522193], [15.289897333644769, 47.791667001937874], [15.300863665722469, 47.821535839809684], [15.346243276703072, 47.82616515945846], [15.346925043182031, 47.826249186043896], [15.380361838950487, 47.8241269698417], [15.462008553572252, 47.77022728271672], [15.507665215871338, 47.768276114722354], [15.529378899268014, 47.74638588258931], [15.612778635840087, 47.75155994650623], [15.636811423061399, 47.71602129895097], [15.679803235298994, 47.699460426682116], [15.72022415864135, 47.710348509700275], [15.726176869167379, 47.64691254106756], [15.743385204563618, 47.642665282292974], [15.782412071172095, 47.64275498401481], [15.822866942434942, 47.63840826641071], [15.841385820781568, 47.61855100951688], [15.861656754855177, 47.61712638773246], [15.848095257531307, 47.568233165037], [15.802480743810134, 47.576816837412935], [15.770874356559343, 47.56404757956814], [15.748489638128442, 47.55295460489528], [15.74305324167688, 47.54920831279169], [15.69508587955795, 47.519729031319194], [15.694121071819351, 47.51948202912065], [15.649934097869725, 47.504784981307445], [15.638730237727987, 47.484932353638676], [15.597972070354992, 47.47385493857937], [15.583429239649249, 47.413648386408134], [15.537829767453777, 47.40291615708229], [15.532606515543966, 47.36301745133074], [15.482545272886442, 47.35853906931068], [15.424461259741935, 47.36198762419351]]]}}, {"type": "Feature", "properties": {"name": "Graz", "iso": "601", "codes": ["G"]}, "geometry": {"type": "Polygon", "coordinates": [[[15.438866698948608, 47.12856959780648], [15.522209489595426, 47.12054157311138], [15.508597836679257, 47.07450163663054], [15.505258217381789, 47.04058707332101], [15.489640634472241, 47.021074590582444], [15.461801234352071, 47.01227886032685], [15.441862498129332, 47.01627059468481], [15.374135084801951, 47.023442362659004], [15.36103099711645, 47.05184953893293], [15.380968162737068, 47.07029728102892], [15.35191345039069, 47.101700276980395], [15.360198574688075, 47.11989904025186], [15.398528319590623, 47.1327810533687], [15.438866698948608, 47.12856959780648]]]}}, {"type": "Feature", "properties": {"name": "Feldkirchen", "iso": "210", "codes": ["FE"]}, "geometry": {"type": "Polygon", "coordinates": [[[14.013882721790415, 46.666251350107565], [13.967392126783054, 46.6534069404941], [13.92772307058709, 46.647567785385476], [13.95244240590146, 46.66411757656346], [13.953959088744744, 46.66625056305166], [13.921021543954193, 46.696183404613556], [13.96171975650951, 46.716063284179924], [13.941863498998442, 46.75557141425812], [13.87793992772239, 46.76047185847392], [13.85725579744679, 46.78033016468821], [13.82856332019529, 46.78306996816885], [13.844003634625743, 46.79805161690415], [13.844149816366576, 46.84400670638823], [13.788738132427985, 46.88195353125008], [13.80723534522739, 46.91879667056979], [13.816122795820238, 46.918944925040236], [13.882643224723962, 46.918247886319385], [13.947507687248372, 46.941063158253144], [13.955826338278145, 46.91798086499183], [13.993341367919983, 46.91087424729041], [13.999391224300734, 46.86544868526231], [14.030122271903258, 46.849020752928716], [14.112171453762857, 46.83641260524011], [14.134802118678145, 46.85233486475549], [14.136664850521141, 46.85274610674399], [14.138124361141198, 46.84859391520295], [14.108721118401148, 46.81107734399692], [14.17427031372753, 46.79823696620924], [14.161792242448785, 46.79340011149069], [14.197082617206801, 46.78648700746723], [14.200726446212284, 46.73917360513471], [14.260969235658546, 46.729599549504904], [14.234230337068995, 46.700563335881775], [14.186715656767552, 46.70118263680437], [14.165013817932559, 46.6790722546356], [14.112951159168901, 46.67511715352218], [14.052745279461847, 46.66154482929188], [14.013882721790415, 46.666251350107565]]]}}, {"type": "Feature", "properties": {"name": "Spittal an der Drau", "iso": "206", "codes": ["SP"]}, "geometry": {"type": "Polygon", "coordinates": [[[12.996902180184291, 46.710707249710445], [12.9550563614899, 46.7261964281], [12.889935694857762, 46.71878235173961], [12.84184899894473, 46.74978166169015], [12.857469906345388, 46.7606156930797], [12.90001757068092, 46.777294257683835], [12.932063228622303, 46.7644869313064], [12.964130115063137, 46.799096280170424], [12.907751826000329, 46.82312509676053], [12.906100465535685, 46.82308241873304], [12.896233736030906, 46.82625951182353], [12.841788233961834, 46.86143803590054], [12.837688794160522, 46.912955017440304], [12.822457903988065, 46.917282816401574], [12.809081266709512, 46.92306590509986], [12.794301186939792, 46.92694926273792], [12.787035542028026, 46.940031615688454], [12.760195755530342, 46.957083123434316], [12.741707034637624, 46.96946262444202], [12.725259034839011, 46.996264019621535], [12.766556564846313, 47.04491082791749], [12.711139270753687, 47.048918029984094], [12.701908498451656, 47.071068580611545], [12.65745397307417, 47.10000921350448], [12.666759914417947, 47.12332832597829], [12.731529490464828, 47.13148583480726], [12.739481428690597, 47.10080555350925], [12.82092307148572, 47.09815035813142], [12.938188217379329, 47.07664981745189], [12.953662134783846, 47.049733150953976], [12.986013308316, 47.036076630230546], [13.00375436875033, 47.04434602504736], [13.07369289080536, 47.01388016337656], [13.081009137784807, 47.02727945325202], [13.248823483572613, 47.05104360662486], [13.240083187844244, 47.071998940770634], [13.278019992673432, 47.095622765572124], [13.35523438896101, 47.09757401910119], [13.407077873311675, 47.06971440962606], [13.428297990515672, 47.08184101052377], [13.594973907722657, 47.05642034540644], [13.638386780619035, 47.05595615645852], [13.687294263033758, 47.040272331049636], [13.699971212552787, 47.00373416925072], [13.772503550644952, 46.97752606122732], [13.785429956062647, 46.94429481523506], [13.816122795820238, 46.918944925040236], [13.80723534522739, 46.91879667056979], [13.788738132427985, 46.88195353125008], [13.844149816366576, 46.84400670638823], [13.844003634625743, 46.79805161690415], [13.82856332019529, 46.78306996816885], [13.825575113699422, 46.782393094956966], [13.824398105443088, 46.78234230954186], [13.774265819003572, 46.79403469005906], [13.758803881392147, 46.78590782147745], [13.685318155571714, 46.79282418450024], [13.650935321677622, 46.76669451330469], [13.61983662474153, 46.77687670475089], [13.588339155880147, 46.74446393295527], [13.541407787356444, 46.75694774204635], [13.493690918975162, 46.75502709876589], [13.455561771855766, 46.77041807016392], [13.423287329832236, 46.729709378181596], [13.438980262160552, 46.681415427536145], [13.433456483479999, 46.65757707244619], [13.361173838991407, 46.672566675584065], [13.3069315776876, 46.69862595235795], [13.28858930963078, 46.69124920272565], [13.229317953177379, 46.712388861982696], [13.187921331008097, 46.69437817671799], [13.139942201968044, 46.684994153162236], [13.120038321483877, 46.685493463992344], [13.085229566478604, 46.70138264006992], [13.063453386542802, 46.70185488905023], [12.996902180184291, 46.710707249710445]]]}}]}