{"type":"FeatureCollection", "features": [
{"type":"Feature","geometry":{"type":"Polygon","coordinates":[[[14.604568,50.128413],[14.601305,50.129144],[14.598238,50.131187],[14.595213,50.133922],[14.593872,50.135751],[14.592704,50.138239],[14.591974,50.139028],[14.589733,50.139672],[14.59127,50.14288],[14.588626,50.143952],[14.587729,50.145244],[14.58843,50.147155],[14.592238,50.147349],[14.59302,50.149485],[14.594737,50.150841],[14.597077,50.153445],[14.589324,50.154294],[14.584351,50.153643],[14.583703,50.152682],[14.581839,50.151427],[14.578533,50.150202],[14.578326,50.150814],[14.573597,50.149935],[14.568785,50.150038],[14.568589,50.15085],[14.566156,50.151649],[14.565202,50.150698],[14.56323,50.15017],[14.560483,50.155365],[14.562747,50.156028],[14.560994,50.161575],[14.560624,50.162008],[14.553074,50.16372],[14.553584,50.164246],[14.550447,50.164824],[14.550539,50.166122],[14.547839,50.165378],[14.544926,50.163987],[14.543898,50.164004],[14.542346,50.162848],[14.540266,50.164935],[14.538839,50.163345],[14.534235,50.161565],[14.530692,50.166588],[14.532617,50.167474],[14.531475,50.170929],[14.53164,50.173271],[14.532483,50.177183],[14.526908,50.177394],[14.526589,50.176516],[14.51958,50.174877],[14.518717,50.175155],[14.516597,50.174634],[14.515609,50.174893],[14.509071,50.174161],[14.506904,50.171436],[14.497988,50.171919],[14.492187,50.17235],[14.479522,50.172294],[14.480149,50.169878],[14.478122,50.169753],[14.469042,50.169807],[14.466913,50.169544],[14.466769,50.165427],[14.463844,50.164879],[14.463719,50.161228],[14.464123,50.159923],[14.460436,50.158994],[14.452145,50.158368],[14.451865,50.157832],[14.436715,50.157516],[14.435975,50.159086],[14.428137,50.157667],[14.429181,50.154006],[14.427676,50.153147],[14.423131,50.152796],[14.420013,50.152965],[14.42111,50.149383],[14.419126,50.149407],[14.416985,50.14848],[14.414572,50.148141],[14.412571,50.14823],[14.40712,50.146977],[14.403332,50.147592],[14.400086,50.147779],[14.399147,50.143375],[14.397034,50.143522],[14.396698,50.142446],[14.394901,50.141429],[14.393679,50.14125],[14.392049,50.141785],[14.391114,50.143961],[14.3877,50.145785],[14.384914,50.146907],[14.381433,50.146857],[14.380304,50.146383],[14.378439,50.146492],[14.375038,50.14729],[14.372381,50.147494],[14.371581,50.147973],[14.36812,50.147367],[14.365704,50.148032],[14.362126,50.146606],[14.360063,50.14404],[14.358719,50.143436],[14.357758,50.142274],[14.35609,50.141173],[14.357788,50.140572],[14.35743,50.139288],[14.355347,50.138663],[14.354124,50.137526],[14.354419,50.136257],[14.356155,50.136635],[14.356874,50.131405],[14.357443,50.129648],[14.360042,50.129522],[14.357656,50.127316],[14.355641,50.124653],[14.358811,50.121312],[14.360404,50.118747],[14.360783,50.116019],[14.354764,50.116248],[14.353425,50.116097],[14.350164,50.11642],[14.33937,50.116898],[14.334557,50.116566],[14.327643,50.116752],[14.321569,50.115413],[14.317664,50.118775],[14.317097,50.121005],[14.315696,50.122946],[14.315577,50.127102],[14.315879,50.128617],[14.309983,50.128021],[14.307909,50.128359],[14.305916,50.129951],[14.304285,50.129375],[14.302434,50.130077],[14.300465,50.12866],[14.300203,50.126644],[14.297043,50.1256],[14.295124,50.124653],[14.295915,50.122183],[14.297449,50.120964],[14.295674,50.119657],[14.291912,50.118081],[14.287879,50.116069],[14.284663,50.11547],[14.278838,50.119081],[14.260044,50.113444],[14.257161,50.114564],[14.256076,50.112539],[14.250979,50.110987],[14.246055,50.110081],[14.244763,50.110069],[14.242889,50.110985],[14.238806,50.111799],[14.237055,50.110509],[14.237523,50.108938],[14.23917,50.107211],[14.237711,50.106766],[14.236323,50.107343],[14.231093,50.105776],[14.230712,50.105188],[14.228522,50.104497],[14.225465,50.104002],[14.224479,50.102837],[14.226105,50.100589],[14.226669,50.100414],[14.232761,50.102235],[14.236041,50.101157],[14.237822,50.101289],[14.238979,50.102048],[14.249838,50.103469],[14.258344,50.099384],[14.254323,50.098428],[14.254269,50.097197],[14.255349,50.096716],[14.260265,50.096607],[14.261033,50.095856],[14.261095,50.087095],[14.264886,50.087259],[14.268271,50.085747],[14.270959,50.086137],[14.273347,50.087619],[14.274477,50.085782],[14.274497,50.084539],[14.275254,50.081072],[14.277494,50.081112],[14.281639,50.081619],[14.285333,50.081209],[14.285009,50.078261],[14.289373,50.077137],[14.290373,50.074936],[14.290192,50.073178],[14.284483,50.073589],[14.282433,50.074305],[14.281094,50.073276],[14.278251,50.07294],[14.277859,50.071337],[14.2753,50.073087],[14.266754,50.072628],[14.258052,50.071517],[14.257799,50.070832],[14.258257,50.067825],[14.25911,50.067522],[14.258715,50.064424],[14.253822,50.063013],[14.253307,50.062565],[14.247558,50.062224],[14.248085,50.058308],[14.250104,50.057623],[14.250847,50.056769],[14.255596,50.057087],[14.25723,50.054423],[14.262304,50.05553],[14.264307,50.052332],[14.267355,50.053054],[14.269928,50.054143],[14.271632,50.054319],[14.271498,50.05308],[14.272636,50.050611],[14.270304,50.049248],[14.271001,50.046313],[14.269877,50.043358],[14.269226,50.042748],[14.270016,50.040274],[14.271861,50.037588],[14.274142,50.035718],[14.27983,50.033092],[14.282064,50.031893],[14.28675,50.028241],[14.289334,50.026967],[14.294145,50.025368],[14.297593,50.024586],[14.298052,50.023934],[14.300319,50.024649],[14.30473,50.024525],[14.307039,50.024251],[14.315551,50.023668],[14.316418,50.022001],[14.316536,50.019913],[14.315528,50.017483],[14.31513,50.014986],[14.314569,50.013974],[14.312608,50.012944],[14.313175,50.012045],[14.311723,50.009211],[14.311457,50.006978],[14.30879,50.007114],[14.306427,50.007953],[14.303315,50.010896],[14.300793,50.011814],[14.300183,50.009037],[14.30018,50.006567],[14.30053,50.00438],[14.299394,50.004143],[14.298043,50.002985],[14.295117,50.002241],[14.297449,50.000622],[14.29977,49.999992],[14.301838,49.999949],[14.300525,49.998583],[14.301036,49.997789],[14.302558,49.997506],[14.306401,49.997457],[14.307388,49.996259],[14.307227,49.995468],[14.310103,49.993838],[14.313961,49.994783],[14.314715,49.992809],[14.317212,49.990546],[14.318101,49.988893],[14.321528,49.989887],[14.326471,49.991618],[14.32767,49.991547],[14.334981,49.993848],[14.336344,49.993783],[14.337739,49.993021],[14.338591,49.991553],[14.342626,49.990668],[14.340301,49.989717],[14.335792,49.988862],[14.334788,49.987986],[14.334657,49.986936],[14.336889,49.985933],[14.338689,49.985704],[14.3389,49.983511],[14.337585,49.982391],[14.33959,49.980752],[14.335194,49.978511],[14.334671,49.977526],[14.332341,49.977306],[14.332607,49.975881],[14.329934,49.975416],[14.330209,49.974179],[14.327858,49.973202],[14.326814,49.971859],[14.327464,49.970732],[14.332299,49.97103],[14.335169,49.972909],[14.340619,49.974614],[14.342649,49.974852],[14.346179,49.974711],[14.347076,49.972475],[14.346006,49.971874],[14.344916,49.967628],[14.343392,49.966354],[14.341487,49.965729],[14.33776,49.966884],[14.334699,49.96753],[14.328121,49.964204],[14.327299,49.963298],[14.326094,49.959849],[14.325089,49.958787],[14.325439,49.957209],[14.326768,49.956173],[14.330825,49.955099],[14.334969,49.952567],[14.337178,49.949788],[14.337634,49.948384],[14.340349,49.948669],[14.342877,49.947584],[14.346593,49.948246],[14.351663,49.94821],[14.353669,49.947783],[14.358736,49.948684],[14.360393,49.947455],[14.366091,49.949531],[14.367092,49.951297],[14.369444,49.951164],[14.372023,49.949963],[14.373208,49.947122],[14.375066,49.947435],[14.377029,49.946666],[14.378779,49.948644],[14.379822,49.949195],[14.385396,49.949243],[14.38797,49.949784],[14.388936,49.948095],[14.389049,49.945175],[14.395562,49.941901],[14.396705,49.943174],[14.396777,49.94486],[14.395063,49.948807],[14.394362,49.952998],[14.394952,49.956631],[14.395523,49.958039],[14.397732,49.961896],[14.399126,49.967817],[14.399924,49.96792],[14.400359,49.970328],[14.402475,49.970564],[14.404313,49.969121],[14.408924,49.967643],[14.40964,49.966814],[14.411585,49.965794],[14.414594,49.96539],[14.416851,49.963906],[14.418984,49.963584],[14.424265,49.963889],[14.427743,49.9645],[14.430234,49.966839],[14.436614,49.968172],[14.438619,49.96812],[14.441264,49.969338],[14.442788,49.970858],[14.444594,49.973863],[14.447551,49.973841],[14.449916,49.973426],[14.453986,49.971894],[14.457315,49.971884],[14.46224,49.970771],[14.462725,49.972205],[14.464108,49.972691],[14.465062,49.975772],[14.466304,49.981037],[14.469475,49.980109],[14.473992,49.980404],[14.473838,49.983396],[14.475948,49.98411],[14.480754,49.98519],[14.486985,49.985687],[14.487038,49.987585],[14.484584,49.987415],[14.484229,49.989033],[14.484846,49.990065],[14.483933,49.992419],[14.507253,49.997477],[14.509356,49.993854],[14.507514,49.993473],[14.508185,49.992139],[14.513746,49.992583],[14.513421,49.994534],[14.517516,49.995161],[14.519134,49.9971],[14.524322,49.997434],[14.530019,50.000715],[14.525604,50.003875],[14.523262,50.006152],[14.520994,50.007722],[14.522431,50.008112],[14.527472,50.010838],[14.529473,50.010787],[14.535484,50.011751],[14.540932,50.009892],[14.542105,50.008781],[14.544536,50.008399],[14.546205,50.008769],[14.550852,50.007987],[14.55379,50.009914],[14.553015,50.010998],[14.554322,50.012091],[14.557492,50.011793],[14.562752,50.011586],[14.563557,50.011228],[14.564598,50.009631],[14.567526,50.009489],[14.56802,50.007599],[14.571647,50.008968],[14.572207,50.009855],[14.57441,50.011648],[14.576279,50.013597],[14.582393,50.016364],[14.581937,50.013889],[14.582038,50.011048],[14.587087,50.011453],[14.588578,50.009],[14.589162,50.008657],[14.591838,50.00976],[14.594964,50.009348],[14.594675,50.007746],[14.602263,50.009432],[14.6039,50.001926],[14.60783,50.002937],[14.609329,50.001574],[14.608253,50.000987],[14.60859,50.000106],[14.610829,49.998493],[14.61141,49.999709],[14.613855,49.999856],[14.615532,49.998625],[14.617778,49.998239],[14.619491,49.998615],[14.622347,49.998616],[14.628184,49.996182],[14.62916,49.995537],[14.633601,49.996103],[14.638832,49.995171],[14.640152,49.994441],[14.646923,49.998755],[14.643207,50.001283],[14.639218,50.005294],[14.639655,50.006357],[14.642941,50.006127],[14.643814,50.006539],[14.645357,50.005156],[14.64681,50.005902],[14.649804,50.008794],[14.657785,50.004349],[14.662615,50.008403],[14.661619,50.009301],[14.662864,50.010509],[14.662783,50.011641],[14.661277,50.012399],[14.663193,50.013589],[14.668548,50.013435],[14.669017,50.01724],[14.669537,50.018841],[14.668034,50.018949],[14.656127,50.030955],[14.656701,50.034048],[14.656957,50.037818],[14.660368,50.03778],[14.666851,50.038528],[14.66373,50.040854],[14.66148,50.043018],[14.660147,50.044958],[14.656492,50.047222],[14.653867,50.049254],[14.651977,50.047375],[14.650362,50.046322],[14.648124,50.043803],[14.646363,50.042868],[14.644039,50.042183],[14.643685,50.044168],[14.64022,50.048413],[14.640984,50.048848],[14.640629,50.05124],[14.641282,50.053119],[14.640192,50.056895],[14.643048,50.057556],[14.645827,50.058735],[14.644837,50.060057],[14.652135,50.059538],[14.65145,50.061954],[14.654524,50.06136],[14.657874,50.061277],[14.658169,50.062284],[14.661794,50.063084],[14.667136,50.063785],[14.668878,50.064997],[14.673022,50.066918],[14.676692,50.068186],[14.677184,50.067968],[14.679907,50.069097],[14.682081,50.069136],[14.689137,50.071182],[14.69086,50.072018],[14.694306,50.071856],[14.699992,50.072129],[14.701756,50.076568],[14.702592,50.07655],[14.706787,50.087019],[14.705327,50.088305],[14.705346,50.090171],[14.703917,50.091743],[14.698403,50.093415],[14.696128,50.094332],[14.694194,50.094286],[14.692691,50.095461],[14.688693,50.0963],[14.688645,50.098844],[14.691196,50.099895],[14.689982,50.100683],[14.676803,50.101645],[14.671889,50.103109],[14.668979,50.103272],[14.668594,50.103972],[14.665883,50.102652],[14.661553,50.105153],[14.660621,50.106535],[14.657435,50.106501],[14.656759,50.10989],[14.657419,50.11298],[14.658899,50.117749],[14.659583,50.120663],[14.658604,50.12052],[14.659115,50.122604],[14.652169,50.123537],[14.650073,50.123471],[14.647519,50.124183],[14.645382,50.12341],[14.640628,50.12353],[14.639769,50.124168],[14.638443,50.123607],[14.635201,50.123919],[14.635442,50.126145],[14.634275,50.128237],[14.6323,50.129903],[14.621771,50.12783],[14.62054,50.129435],[14.608634,50.127115],[14.607109,50.127848],[14.604568,50.128413]]]},"properties":{"name":"Prag","code":"A","name_cz":"Hlavní město Praha"}},
{"type":"Feature","geometry":{"type":"Polygon","coordinates":[[[15.4971,49.861104],[15.498345,49.861199],[15.499854,49.86234],[15.500824,49.865375],[15.500087,49.867021],[15.495759,49.870409],[15.496713,49.87066],[15.498737,49.872139],[15.498122,49.872892],[15.498696,49.874307],[15.500169,49.874626],[15.501415,49.873009],[15.503139,49.871552],[15.50361,49.873883],[15.5047,49.87446],[15.504108,49.877478],[15.501356,49.878781],[15.502218,49.880199],[15.502348,49.88203],[15.503724,49.882885],[15.505238,49.88315],[15.504108,49.885187],[15.503437,49.889004],[15.501964,49.89055],[15.50054,49.890153],[15.499938,49.891318],[15.500803,49.89379],[15.498824,49.893936],[15.49721,49.89619],[15.497663,49.8979],[15.49872,49.897529],[15.506747,49.89834],[15.512995,49.898554],[15.516406,49.899341],[15.520548,49.901934],[15.515847,49.904239],[15.519566,49.911048],[15.518263,49.911491],[15.521698,49.913068],[15.522911,49.914132],[15.522904,49.91612],[15.526139,49.915973],[15.524733,49.918097],[15.528011,49.92136],[15.525887,49.923323],[15.530264,49.922804],[15.531904,49.923511],[15.533549,49.925743],[15.535457,49.927406],[15.532004,49.928173],[15.533738,49.929788],[15.529475,49.930308],[15.525635,49.932942],[15.523251,49.934345],[15.522183,49.936372],[15.519542,49.938767],[15.516105,49.941155],[15.516414,49.942298],[15.521099,49.945798],[15.527536,49.94804],[15.528364,49.94703],[15.53086,49.947716],[15.52856,49.94977],[15.530355,49.9506],[15.53284,49.952249],[15.531885,49.952589],[15.527834,49.955225],[15.53334,49.958432],[15.533295,49.959111],[15.531696,49.960919],[15.53153,49.961685],[15.529053,49.963421],[15.526632,49.964234],[15.524663,49.96263],[15.52219,49.962521],[15.521484,49.963331],[15.520061,49.962974],[15.518137,49.963313],[15.52001,49.965257],[15.520107,49.966547],[15.518286,49.966847],[15.516727,49.96806],[15.515365,49.967165],[15.513049,49.967892],[15.511631,49.96908],[15.509676,49.969968],[15.507783,49.969313],[15.505845,49.96951],[15.504928,49.966997],[15.501306,49.96819],[15.500586,49.968818],[15.496787,49.970295],[15.494944,49.971829],[15.493234,49.97202],[15.488917,49.974203],[15.48368,49.976398],[15.479571,49.978567],[15.475146,49.980391],[15.474433,49.981194],[15.472281,49.9819],[15.469438,49.982129],[15.465687,49.984127],[15.460969,49.987326],[15.463595,49.989178],[15.464947,49.989178],[15.468178,49.990761],[15.474017,49.994298],[15.47297,49.99479],[15.472047,49.996436],[15.472038,49.997563],[15.472848,49.999701],[15.475058,50.001694],[15.473776,50.003445],[15.471597,50.002516],[15.470651,50.003395],[15.470938,50.004761],[15.468823,50.006925],[15.467679,50.007326],[15.466788,50.004598],[15.465281,50.001816],[15.464146,50.000551],[15.465502,49.999055],[15.463902,49.998842],[15.459356,49.997478],[15.458894,49.998639],[15.455914,50.000722],[15.456844,50.001362],[15.454945,50.001986],[15.454354,50.003629],[15.456582,50.00368],[15.458609,50.00575],[15.45957,50.005715],[15.461417,50.007034],[15.459257,50.007887],[15.458423,50.008709],[15.46027,50.010181],[15.457701,50.010624],[15.456254,50.010292],[15.455025,50.010973],[15.453131,50.010408],[15.451092,50.008063],[15.450061,50.007503],[15.44714,50.00704],[15.445416,50.005225],[15.443377,50.007189],[15.441295,50.007029],[15.437805,50.008977],[15.437155,50.009842],[15.434759,50.01043],[15.431912,50.010646],[15.430829,50.010092],[15.429458,50.008234],[15.424069,50.009759],[15.42409,50.01035],[15.421808,50.010809],[15.420077,50.011763],[15.420795,50.012808],[15.425276,50.011505],[15.425954,50.012382],[15.431378,50.016048],[15.430906,50.016753],[15.428163,50.016943],[15.425757,50.017711],[15.423433,50.017481],[15.420821,50.016747],[15.417111,50.018888],[15.412843,50.019202],[15.412471,50.02075],[15.415053,50.020638],[15.415037,50.019839],[15.41728,50.018935],[15.417732,50.02085],[15.414348,50.021837],[15.407384,50.021735],[15.407646,50.020289],[15.40519,50.018768],[15.402278,50.018334],[15.402286,50.019577],[15.397838,50.019773],[15.393234,50.020658],[15.39233,50.022216],[15.389614,50.022259],[15.387619,50.023427],[15.385031,50.024335],[15.385518,50.025289],[15.383268,50.02666],[15.382142,50.024815],[15.379076,50.026024],[15.377002,50.028147],[15.374343,50.029494],[15.372989,50.032788],[15.373463,50.034786],[15.369589,50.034639],[15.366499,50.039212],[15.364831,50.040398],[15.362811,50.041087],[15.365889,50.042326],[15.369132,50.042404],[15.371891,50.042773],[15.373884,50.043732],[15.376262,50.046828],[15.378725,50.04728],[15.382357,50.047395],[15.385653,50.047256],[15.387403,50.04675],[15.389348,50.044463],[15.39216,50.044204],[15.390122,50.045555],[15.389296,50.046737],[15.389616,50.04752],[15.391492,50.047892],[15.393268,50.046136],[15.395879,50.046056],[15.401242,50.046236],[15.402595,50.046541],[15.402542,50.047484],[15.401403,50.048369],[15.403535,50.049605],[15.402574,50.050692],[15.4003,50.050134],[15.396237,50.048615],[15.394036,50.050443],[15.392413,50.050919],[15.391413,50.051895],[15.389642,50.052281],[15.385742,50.052401],[15.383321,50.051966],[15.382955,50.052485],[15.379401,50.053852],[15.379014,50.05476],[15.375338,50.055737],[15.376832,50.05748],[15.380755,50.057663],[15.38056,50.06054],[15.383596,50.060548],[15.386944,50.061015],[15.389832,50.059663],[15.392468,50.059105],[15.394233,50.059779],[15.39472,50.060662],[15.396999,50.061365],[15.399987,50.061719],[15.40217,50.062535],[15.405881,50.062361],[15.406928,50.062796],[15.410373,50.063261],[15.412582,50.063055],[15.413676,50.065807],[15.412753,50.06664],[15.413524,50.067644],[15.412777,50.071235],[15.413474,50.074466],[15.412339,50.076087],[15.410573,50.077646],[15.407945,50.079269],[15.406094,50.08136],[15.405492,50.083081],[15.406654,50.083755],[15.404253,50.086042],[15.40529,50.08709],[15.408893,50.085456],[15.411085,50.087121],[15.412923,50.087793],[15.414346,50.087221],[15.41601,50.089097],[15.420378,50.087182],[15.423559,50.087859],[15.423677,50.088381],[15.421696,50.089732],[15.419628,50.091664],[15.416139,50.093652],[15.414703,50.094029],[15.412699,50.09265],[15.411913,50.091478],[15.40985,50.090624],[15.407517,50.091935],[15.409469,50.092979],[15.407408,50.093684],[15.405557,50.093695],[15.403356,50.094239],[15.401559,50.095903],[15.399119,50.0955],[15.407849,50.105331],[15.413927,50.107697],[15.415843,50.107471],[15.419063,50.106286],[15.420439,50.104362],[15.421013,50.101629],[15.422951,50.10139],[15.425211,50.100101],[15.425487,50.099209],[15.428989,50.100085],[15.434003,50.101887],[15.436626,50.102276],[15.434308,50.103258],[15.434108,50.106716],[15.43257,50.107968],[15.433107,50.109],[15.432926,50.110453],[15.433749,50.111033],[15.43738,50.109887],[15.438399,50.110585],[15.438237,50.112052],[15.439036,50.112991],[15.437107,50.113745],[15.434898,50.115239],[15.436379,50.116363],[15.43895,50.1175],[15.439944,50.118717],[15.441917,50.118493],[15.442018,50.119382],[15.445739,50.121559],[15.446624,50.122649],[15.447404,50.12481],[15.445581,50.124779],[15.440526,50.126542],[15.440237,50.128595],[15.438625,50.126796],[15.435762,50.127737],[15.429716,50.128517],[15.427047,50.129188],[15.423201,50.130731],[15.416807,50.134875],[15.413606,50.136152],[15.41628,50.138828],[15.415396,50.140466],[15.413071,50.140429],[15.413165,50.138936],[15.409657,50.13901],[15.405349,50.140187],[15.403963,50.141005],[15.402704,50.140571],[15.40579,50.138591],[15.404781,50.137431],[15.404395,50.1352],[15.403271,50.134993],[15.401876,50.13577],[15.399563,50.135471],[15.396456,50.13683],[15.392063,50.138077],[15.390831,50.138037],[15.38963,50.140445],[15.388045,50.141225],[15.38393,50.144472],[15.381873,50.145555],[15.377591,50.14592],[15.372784,50.145185],[15.370426,50.144216],[15.366006,50.143807],[15.355142,50.144906],[15.348784,50.144637],[15.348542,50.145772],[15.349879,50.145821],[15.357723,50.147297],[15.360213,50.148204],[15.374005,50.155777],[15.37529,50.158048],[15.374952,50.158971],[15.372648,50.159682],[15.368429,50.160384],[15.362999,50.162652],[15.360734,50.162999],[15.356347,50.16322],[15.356039,50.166062],[15.357449,50.165912],[15.357376,50.167431],[15.35938,50.167245],[15.360909,50.166665],[15.361814,50.165584],[15.366414,50.166479],[15.365073,50.168882],[15.365473,50.171041],[15.369686,50.169717],[15.369151,50.17126],[15.370641,50.172385],[15.369013,50.173212],[15.370703,50.174551],[15.372814,50.173455],[15.373432,50.173967],[15.376435,50.172879],[15.376739,50.173508],[15.378954,50.174887],[15.378831,50.176602],[15.38053,50.178455],[15.384154,50.179668],[15.386196,50.18253],[15.388697,50.182978],[15.38893,50.185389],[15.389581,50.187284],[15.389468,50.189011],[15.388723,50.190346],[15.390431,50.192619],[15.392767,50.191871],[15.397442,50.197851],[15.396799,50.200461],[15.395972,50.20184],[15.392529,50.204009],[15.397301,50.206601],[15.395641,50.208597],[15.393966,50.212052],[15.393707,50.213388],[15.390908,50.213283],[15.39129,50.217799],[15.386696,50.219737],[15.383332,50.220172],[15.384453,50.221091],[15.382236,50.221497],[15.381441,50.219503],[15.380271,50.219025],[15.378666,50.224822],[15.375161,50.225669],[15.372422,50.226801],[15.370791,50.226685],[15.372615,50.228899],[15.373743,50.231667],[15.374583,50.231814],[15.375288,50.233749],[15.373902,50.235112],[15.374282,50.237018],[15.373967,50.239667],[15.372684,50.241909],[15.372988,50.24369],[15.371913,50.246602],[15.367196,50.2472],[15.371372,50.249722],[15.374045,50.250823],[15.381662,50.251692],[15.381024,50.252708],[15.384297,50.2549],[15.383769,50.255908],[15.381902,50.257371],[15.381481,50.259281],[15.38043,50.260337],[15.377161,50.261142],[15.377003,50.261859],[15.378606,50.265092],[15.378917,50.268724],[15.374917,50.270326],[15.377414,50.271803],[15.376091,50.272636],[15.376058,50.273659],[15.379616,50.273578],[15.378844,50.275727],[15.378116,50.276349],[15.378132,50.278052],[15.375021,50.279628],[15.378446,50.282699],[15.378073,50.284681],[15.373788,50.28585],[15.372053,50.285337],[15.370446,50.28616],[15.371233,50.287115],[15.369959,50.288689],[15.367152,50.289733],[15.364763,50.289811],[15.36364,50.289301],[15.359188,50.289917],[15.359288,50.290848],[15.355791,50.290439],[15.35709,50.293393],[15.354194,50.297966],[15.343632,50.296762],[15.342988,50.294007],[15.340613,50.294816],[15.337467,50.295201],[15.334662,50.295041],[15.333042,50.294172],[15.33172,50.292374],[15.329363,50.292658],[15.327922,50.291161],[15.318879,50.292141],[15.317049,50.287163],[15.316015,50.285392],[15.313865,50.285552],[15.313101,50.284598],[15.311142,50.283661],[15.308819,50.283296],[15.306833,50.28121],[15.304663,50.282294],[15.299915,50.285823],[15.293592,50.288565],[15.292055,50.288888],[15.290773,50.289823],[15.287146,50.290355],[15.28497,50.29103],[15.283492,50.28933],[15.280452,50.289947],[15.27862,50.29175],[15.277219,50.292501],[15.275787,50.290728],[15.270033,50.291815],[15.267868,50.29206],[15.267594,50.293396],[15.265236,50.294151],[15.262117,50.294426],[15.260311,50.293801],[15.258681,50.29381],[15.256237,50.293221],[15.254767,50.290808],[15.25381,50.290482],[15.250583,50.290662],[15.249607,50.28987],[15.246094,50.289609],[15.24277,50.290197],[15.240197,50.289851],[15.2399,50.289156],[15.241674,50.288215],[15.240211,50.287665],[15.23728,50.288018],[15.237909,50.28646],[15.23671,50.285907],[15.234266,50.286897],[15.231924,50.287439],[15.232914,50.288401],[15.233159,50.289562],[15.230579,50.290572],[15.229074,50.289009],[15.222948,50.291947],[15.216112,50.294423],[15.210268,50.295586],[15.206203,50.296889],[15.207217,50.298138],[15.208528,50.298841],[15.21015,50.30119],[15.209722,50.303026],[15.208702,50.303865],[15.209573,50.305149],[15.208636,50.305956],[15.209145,50.307446],[15.205013,50.308155],[15.20361,50.30898],[15.20545,50.311003],[15.206954,50.313499],[15.208123,50.313369],[15.209514,50.314577],[15.210669,50.314645],[15.214346,50.315764],[15.2165,50.314673],[15.217363,50.31499],[15.217169,50.316464],[15.217798,50.318076],[15.216262,50.31981],[15.213006,50.319579],[15.212012,50.321131],[15.210355,50.32106],[15.207493,50.322797],[15.204259,50.323338],[15.199037,50.325013],[15.199928,50.326514],[15.197446,50.327309],[15.194349,50.327668],[15.19413,50.328753],[15.195771,50.329873],[15.19295,50.331778],[15.191595,50.331064],[15.188206,50.328565],[15.18723,50.327304],[15.180829,50.328431],[15.182148,50.332339],[15.181909,50.333947],[15.182341,50.335365],[15.1866,50.334759],[15.187962,50.33535],[15.188803,50.336734],[15.188284,50.338247],[15.188705,50.339884],[15.187181,50.339556],[15.184718,50.34013],[15.184187,50.340684],[15.180568,50.341507],[15.179832,50.34062],[15.176003,50.341903],[15.175079,50.341598],[15.168872,50.343884],[15.169647,50.345408],[15.167446,50.346669],[15.164422,50.345773],[15.163831,50.344752],[15.160829,50.344354],[15.159263,50.343232],[15.158313,50.341929],[15.158202,50.340672],[15.156502,50.339748],[15.154055,50.339065],[15.152104,50.339373],[15.14506,50.340988],[15.142026,50.341946],[15.141891,50.342355],[15.13881,50.343487],[15.138014,50.343241],[15.135761,50.344155],[15.135564,50.345258],[15.134127,50.345055],[15.132533,50.345771],[15.129795,50.345777],[15.12865,50.34679],[15.126817,50.349321],[15.12202,50.354656],[15.121719,50.357441],[15.120572,50.359115],[15.123785,50.359562],[15.12393,50.360263],[15.126119,50.361227],[15.126658,50.363108],[15.130634,50.362891],[15.130084,50.363815],[15.127766,50.365205],[15.124869,50.365635],[15.121721,50.365566],[15.119252,50.365118],[15.117474,50.367727],[15.114956,50.369253],[15.115249,50.370195],[15.113453,50.370445],[15.112209,50.372294],[15.10782,50.374928],[15.106803,50.374555],[15.105615,50.375656],[15.105561,50.376956],[15.106817,50.378728],[15.109126,50.378618],[15.109265,50.380101],[15.111267,50.38234],[15.112965,50.382165],[15.114217,50.383963],[15.116221,50.385931],[15.117884,50.3889],[15.119172,50.38884],[15.123382,50.387043],[15.124493,50.388],[15.126745,50.387225],[15.130406,50.386424],[15.131708,50.388508],[15.134362,50.388001],[15.135208,50.386648],[15.136648,50.385825],[15.137371,50.387915],[15.141205,50.387542],[15.144064,50.387586],[15.143555,50.388649],[15.141682,50.390321],[15.140273,50.391054],[15.137661,50.394181],[15.13698,50.395912],[15.139152,50.395977],[15.14164,50.396504],[15.140466,50.398256],[15.138048,50.398355],[15.1372,50.400748],[15.136887,50.402872],[15.137141,50.404247],[15.140813,50.404774],[15.144025,50.404263],[15.145543,50.405126],[15.147782,50.407123],[15.149751,50.405399],[15.151362,50.404909],[15.153034,50.405959],[15.152217,50.4073],[15.152568,50.407902],[15.155081,50.407508],[15.159763,50.420102],[15.162302,50.427262],[15.15414,50.428553],[15.155542,50.429413],[15.154511,50.430443],[15.150099,50.430978],[15.149797,50.433883],[15.150814,50.435536],[15.153302,50.43595],[15.154777,50.438049],[15.15303,50.439354],[15.150964,50.440037],[15.14988,50.441739],[15.150373,50.443902],[15.14859,50.445902],[15.148711,50.446823],[15.146576,50.447047],[15.145422,50.447833],[15.142556,50.44736],[15.140176,50.446633],[15.139884,50.447821],[15.138813,50.449026],[15.134149,50.447318],[15.131126,50.449677],[15.129586,50.450523],[15.131487,50.452925],[15.134843,50.454778],[15.136072,50.45512],[15.136745,50.456957],[15.134945,50.457918],[15.135279,50.459441],[15.13656,50.459549],[15.136392,50.461152],[15.137834,50.462198],[15.136667,50.46342],[15.137426,50.464287],[15.139411,50.465317],[15.13921,50.465916],[15.136622,50.465699],[15.135736,50.466742],[15.137342,50.467249],[15.136011,50.468109],[15.136738,50.469884],[15.135348,50.47049],[15.134854,50.471567],[15.135478,50.472519],[15.137591,50.471353],[15.141968,50.470748],[15.144743,50.475049],[15.141357,50.476539],[15.135937,50.477798],[15.134317,50.479215],[15.127968,50.479976],[15.128813,50.480758],[15.131244,50.48107],[15.133826,50.483417],[15.136369,50.48458],[15.13392,50.488049],[15.134322,50.489501],[15.132995,50.490528],[15.131564,50.490951],[15.130733,50.492733],[15.128158,50.493705],[15.123692,50.496156],[15.12161,50.497531],[15.119179,50.496579],[15.117406,50.497581],[15.11632,50.498941],[15.114653,50.50243],[15.113475,50.503382],[15.113627,50.506544],[15.115114,50.507613],[15.11735,50.508243],[15.119102,50.509534],[15.122435,50.509778],[15.126847,50.508898],[15.127557,50.509766],[15.131479,50.510759],[15.129982,50.51247],[15.133188,50.513099],[15.136012,50.512841],[15.137514,50.513901],[15.139989,50.513161],[15.140936,50.513414],[15.136799,50.516672],[15.139288,50.516764],[15.140337,50.518364],[15.138976,50.519573],[15.140679,50.520931],[15.142954,50.519859],[15.145534,50.522525],[15.146928,50.522674],[15.1452,50.523091],[15.141133,50.522651],[15.141326,50.523307],[15.139645,50.525043],[15.138763,50.52782],[15.136451,50.52787],[15.133446,50.529545],[15.130185,50.529503],[15.127143,50.531026],[15.124037,50.531567],[15.122549,50.529823],[15.120132,50.529391],[15.118148,50.530208],[15.11629,50.529968],[15.115868,50.533056],[15.108977,50.532617],[15.104175,50.531781],[15.103142,50.532273],[15.102168,50.534045],[15.100426,50.534887],[15.097645,50.534562],[15.097019,50.540419],[15.096058,50.541173],[15.096031,50.54256],[15.094548,50.54523],[15.094657,50.54643],[15.093372,50.549043],[15.094697,50.552276],[15.093628,50.552105],[15.091371,50.550534],[15.090105,50.551176],[15.091298,50.552276],[15.095232,50.554254],[15.091161,50.556063],[15.084405,50.557893],[15.082096,50.559285],[15.079009,50.560091],[15.07504,50.560413],[15.075702,50.562674],[15.071948,50.56342],[15.068002,50.565057],[15.06691,50.566127],[15.066305,50.56901],[15.06498,50.570573],[15.063425,50.571298],[15.058917,50.570974],[15.054675,50.569616],[15.050366,50.567555],[15.048129,50.568479],[15.045684,50.568947],[15.042729,50.566479],[15.039484,50.565462],[15.040494,50.568869],[15.040665,50.571744],[15.039368,50.57202],[15.038053,50.5731],[15.038921,50.573946],[15.035955,50.575042],[15.038075,50.577841],[15.036795,50.578361],[15.036152,50.580511],[15.033684,50.580668],[15.032339,50.578459],[15.030333,50.578367],[15.029952,50.580938],[15.028893,50.581231],[15.028816,50.582343],[15.026542,50.584319],[15.016766,50.586814],[15.017046,50.587214],[15.016084,50.589351],[15.014156,50.592365],[15.007686,50.599475],[15.006327,50.601459],[15.006565,50.602685],[15.004481,50.603969],[15.003655,50.603783],[15.000228,50.601833],[15.000846,50.600892],[14.997421,50.6001],[14.995484,50.60204],[14.993907,50.600571],[14.992086,50.600579],[14.990832,50.599892],[14.988468,50.601159],[14.986603,50.601055],[14.983306,50.601611],[14.982187,50.603202],[14.980952,50.602033],[14.979332,50.603586],[14.980901,50.605363],[14.979867,50.606333],[14.976833,50.606341],[14.975529,50.605689],[14.9728,50.601832],[14.973744,50.601015],[14.973543,50.599998],[14.974204,50.598355],[14.971369,50.597485],[14.96782,50.598406],[14.965972,50.597543],[14.966882,50.596025],[14.966554,50.595228],[14.968772,50.59374],[14.968369,50.592379],[14.967039,50.592284],[14.965507,50.594112],[14.961535,50.594335],[14.957797,50.593742],[14.955524,50.594578],[14.956756,50.595517],[14.95333,50.596714],[14.948721,50.598033],[14.945286,50.598789],[14.946524,50.599961],[14.948184,50.599237],[14.94964,50.599565],[14.954658,50.598073],[14.956832,50.599093],[14.953691,50.601132],[14.951654,50.603461],[14.950795,50.605819],[14.949774,50.6066],[14.94543,50.607197],[14.944841,50.606296],[14.942183,50.607087],[14.941376,50.60412],[14.940091,50.604146],[14.937714,50.606486],[14.933587,50.60743],[14.931782,50.606837],[14.930347,50.607606],[14.930693,50.610644],[14.933287,50.610941],[14.931286,50.613586],[14.931624,50.61526],[14.932862,50.61554],[14.932512,50.617214],[14.930834,50.6171],[14.930459,50.616199],[14.928286,50.617008],[14.926319,50.618161],[14.923647,50.618839],[14.920441,50.617997],[14.917021,50.618224],[14.912021,50.618949],[14.909823,50.617784],[14.907981,50.617437],[14.910323,50.615058],[14.912919,50.613301],[14.913128,50.611233],[14.917476,50.606976],[14.915116,50.606663],[14.911215,50.605754],[14.909553,50.605029],[14.906662,50.605355],[14.906028,50.606135],[14.903412,50.605916],[14.901898,50.603865],[14.899955,50.604058],[14.897883,50.603333],[14.897472,50.602039],[14.899242,50.601012],[14.902796,50.596731],[14.904099,50.595781],[14.904632,50.594567],[14.903799,50.593614],[14.905793,50.591005],[14.907346,50.589937],[14.90811,50.588566],[14.907715,50.587735],[14.908651,50.586461],[14.907283,50.585851],[14.903835,50.585135],[14.902809,50.583859],[14.899053,50.582532],[14.897661,50.580717],[14.892833,50.579092],[14.890608,50.582205],[14.890063,50.583394],[14.886477,50.580352],[14.884228,50.581625],[14.882789,50.580701],[14.880796,50.580102],[14.876847,50.58048],[14.874979,50.580231],[14.871567,50.577501],[14.870537,50.578108],[14.868023,50.576479],[14.865098,50.575647],[14.865419,50.574977],[14.862132,50.574201],[14.856198,50.573574],[14.85235,50.572215],[14.848999,50.572222],[14.846979,50.571897],[14.84764,50.57069],[14.846843,50.56923],[14.848806,50.568146],[14.848235,50.567129],[14.848854,50.566369],[14.847716,50.564957],[14.849811,50.56369],[14.850512,50.564033],[14.852163,50.562347],[14.853695,50.562187],[14.858175,50.559849],[14.859109,50.558868],[14.858326,50.556328],[14.852642,50.553555],[14.851928,50.552417],[14.849843,50.552776],[14.846999,50.551406],[14.842663,50.548685],[14.8268,50.538511],[14.814153,50.544945],[14.802338,50.550331],[14.750443,50.556821],[14.749644,50.552451],[14.749211,50.547562],[14.749612,50.545721],[14.752528,50.541502],[14.754213,50.538011],[14.754766,50.53596],[14.756822,50.532725],[14.757454,50.53216],[14.758183,50.529613],[14.757603,50.526546],[14.75585,50.521734],[14.753651,50.51845],[14.751379,50.516265],[14.743729,50.518018],[14.743382,50.517543],[14.740579,50.517503],[14.73284,50.519032],[14.728049,50.519431],[14.725961,50.520187],[14.72536,50.519294],[14.725975,50.518385],[14.725329,50.515648],[14.724175,50.513746],[14.723862,50.511195],[14.722005,50.508881],[14.721291,50.50751],[14.721315,50.506215],[14.719674,50.501703],[14.719692,50.499413],[14.719116,50.498537],[14.715402,50.499436],[14.71315,50.497987],[14.713575,50.497356],[14.712102,50.496628],[14.708579,50.496155],[14.706077,50.495483],[14.701788,50.495849],[14.699672,50.495707],[14.698667,50.493283],[14.694904,50.493296],[14.692983,50.492481],[14.690028,50.492343],[14.688195,50.491669],[14.688482,50.489923],[14.690226,50.485803],[14.691875,50.484724],[14.690528,50.483047],[14.692466,50.480892],[14.690801,50.480542],[14.687187,50.481218],[14.683017,50.482861],[14.681727,50.483857],[14.676971,50.486534],[14.674364,50.486139],[14.674014,50.484847],[14.67185,50.485147],[14.667983,50.484928],[14.667716,50.484234],[14.66124,50.484815],[14.65952,50.485208],[14.657917,50.484814],[14.653078,50.48566],[14.651335,50.485561],[14.648081,50.484682],[14.647655,50.48367],[14.648514,50.481976],[14.648097,50.480569],[14.646739,50.479979],[14.642675,50.480695],[14.639992,50.48334],[14.637801,50.483801],[14.634442,50.485314],[14.633806,50.48659],[14.632648,50.487159],[14.630691,50.485634],[14.630502,50.482818],[14.63144,50.481969],[14.630377,50.480697],[14.628556,50.479875],[14.626663,50.480718],[14.622622,50.479875],[14.620046,50.48019],[14.619077,50.482281],[14.617583,50.481552],[14.617159,50.480687],[14.614846,50.480103],[14.612554,50.47872],[14.612283,50.477618],[14.613876,50.47606],[14.613039,50.475481],[14.612964,50.474008],[14.611353,50.473608],[14.611054,50.472269],[14.610195,50.4719],[14.607617,50.473055],[14.607021,50.475097],[14.603403,50.475101],[14.601255,50.475741],[14.599106,50.477383],[14.599038,50.478426],[14.597404,50.478533],[14.595857,50.477399],[14.592364,50.478894],[14.591864,50.47671],[14.592789,50.475764],[14.589845,50.473734],[14.586896,50.475284],[14.584625,50.478113],[14.581944,50.480339],[14.581283,50.481891],[14.581707,50.483339],[14.58067,50.484048],[14.579501,50.487683],[14.580075,50.488561],[14.577293,50.49006],[14.575118,50.493086],[14.575166,50.494375],[14.577741,50.496156],[14.578272,50.497543],[14.580019,50.499245],[14.581933,50.499462],[14.577171,50.501611],[14.577724,50.502971],[14.57978,50.504677],[14.579577,50.505433],[14.577061,50.50789],[14.579035,50.508985],[14.579551,50.510368],[14.578496,50.511022],[14.5726,50.510246],[14.570188,50.51091],[14.567723,50.510951],[14.567362,50.509169],[14.565755,50.508568],[14.566176,50.506512],[14.562901,50.505403],[14.559917,50.505433],[14.557294,50.504666],[14.554138,50.505018],[14.550985,50.504746],[14.548768,50.503692],[14.551022,50.501943],[14.553645,50.498097],[14.552805,50.496859],[14.549462,50.496847],[14.547141,50.495833],[14.542192,50.496566],[14.540877,50.496961],[14.537882,50.496975],[14.535492,50.497467],[14.534239,50.497117],[14.532685,50.49765],[14.529108,50.50351],[14.527333,50.503665],[14.526619,50.504529],[14.527039,50.50573],[14.524855,50.506881],[14.522666,50.508831],[14.524381,50.509275],[14.52542,50.510181],[14.523069,50.51049],[14.519345,50.509717],[14.516834,50.510082],[14.51344,50.509604],[14.510306,50.509613],[14.507252,50.50726],[14.507286,50.50628],[14.505844,50.505052],[14.506153,50.504101],[14.505016,50.502186],[14.503094,50.500981],[14.505462,50.499934],[14.501919,50.495519],[14.501026,50.491949],[14.49976,50.49262],[14.498194,50.494555],[14.496436,50.498554],[14.494676,50.499293],[14.491323,50.499593],[14.490813,50.49865],[14.48774,50.499173],[14.488225,50.500359],[14.486646,50.501676],[14.485456,50.504132],[14.486427,50.504986],[14.48149,50.506579],[14.480138,50.506469],[14.476316,50.507371],[14.473576,50.509013],[14.469271,50.509348],[14.472358,50.502502],[14.473955,50.499306],[14.472175,50.49902],[14.47099,50.4982],[14.468704,50.498919],[14.463358,50.499029],[14.458674,50.497283],[14.456737,50.497489],[14.454842,50.4965],[14.455901,50.495223],[14.45623,50.493824],[14.459327,50.493086],[14.462075,50.489534],[14.462172,50.488287],[14.463054,50.486727],[14.466373,50.483301],[14.466371,50.481826],[14.467769,50.480726],[14.470459,50.479439],[14.469972,50.477585],[14.472467,50.473637],[14.470898,50.47256],[14.471211,50.470309],[14.470622,50.468291],[14.471749,50.467318],[14.472873,50.464106],[14.473732,50.463026],[14.473364,50.460283],[14.471457,50.458629],[14.472248,50.456948],[14.473124,50.456361],[14.47336,50.454706],[14.47182,50.452413],[14.472403,50.449265],[14.469626,50.449687],[14.466686,50.449039],[14.461553,50.449099],[14.460519,50.449359],[14.458477,50.451521],[14.456068,50.451914],[14.453011,50.452864],[14.450609,50.453187],[14.447598,50.454157],[14.448554,50.450933],[14.448906,50.446389],[14.447935,50.446609],[14.443563,50.446599],[14.43949,50.446955],[14.434597,50.448618],[14.433252,50.448801],[14.423452,50.453288],[14.4263,50.439924],[14.423355,50.438999],[14.4205,50.436793],[14.417624,50.437775],[14.416989,50.437162],[14.419755,50.436101],[14.422356,50.435599],[14.420071,50.432536],[14.417892,50.433281],[14.416297,50.434303],[14.413653,50.43307],[14.410044,50.430928],[14.412643,50.429378],[14.416357,50.429142],[14.419501,50.429975],[14.422413,50.428021],[14.419227,50.426189],[14.418223,50.424981],[14.421596,50.423211],[14.420744,50.422034],[14.418108,50.422932],[14.41639,50.420727],[14.415438,50.420988],[14.405212,50.422884],[14.394789,50.42566],[14.391048,50.427031],[14.386385,50.429297],[14.383803,50.430903],[14.38164,50.432663],[14.377993,50.436112],[14.372982,50.434732],[14.371773,50.433946],[14.369588,50.433281],[14.367888,50.432094],[14.365378,50.431516],[14.365039,50.430264],[14.362497,50.43043],[14.359834,50.429836],[14.359335,50.428286],[14.36215,50.428195],[14.361512,50.42729],[14.365767,50.4262],[14.368235,50.4248],[14.367322,50.42424],[14.369801,50.422527],[14.370892,50.420927],[14.370504,50.420012],[14.366522,50.421214],[14.367429,50.419878],[14.367132,50.418037],[14.370674,50.417034],[14.371956,50.416345],[14.370929,50.413977],[14.375487,50.41122],[14.375926,50.409989],[14.375106,50.408653],[14.373443,50.40885],[14.371334,50.410236],[14.368966,50.410767],[14.367079,50.409556],[14.363722,50.408473],[14.363169,50.406335],[14.363817,50.405366],[14.369249,50.403825],[14.370211,50.402558],[14.369423,50.399287],[14.368229,50.398446],[14.372058,50.398517],[14.37473,50.39832],[14.378401,50.396999],[14.379496,50.396125],[14.378347,50.394652],[14.378856,50.393148],[14.376634,50.392769],[14.376413,50.392016],[14.376669,50.388936],[14.376595,50.385873],[14.377035,50.381121],[14.377421,50.378965],[14.377534,50.375986],[14.368247,50.377077],[14.367315,50.37455],[14.369098,50.371603],[14.367221,50.367945],[14.370881,50.367459],[14.370096,50.365083],[14.372105,50.365047],[14.371752,50.362305],[14.369974,50.362305],[14.369843,50.361437],[14.372034,50.361258],[14.372014,50.358748],[14.370761,50.358851],[14.367757,50.35399],[14.367117,50.352029],[14.362591,50.352041],[14.360242,50.350178],[14.358,50.349397],[14.356793,50.350525],[14.359031,50.352303],[14.354153,50.352929],[14.356141,50.350159],[14.354786,50.349233],[14.353876,50.349872],[14.351552,50.348924],[14.349933,50.352464],[14.346213,50.352267],[14.343883,50.352513],[14.344026,50.354594],[14.338557,50.355254],[14.33929,50.356218],[14.335904,50.356933],[14.328748,50.357621],[14.327813,50.357184],[14.326991,50.355771],[14.324973,50.356229],[14.324648,50.35744],[14.323324,50.357157],[14.321829,50.354064],[14.322975,50.35329],[14.321741,50.352609],[14.318473,50.352907],[14.31375,50.354414],[14.312872,50.353762],[14.306872,50.355228],[14.308592,50.349841],[14.30354,50.350371],[14.304303,50.352048],[14.299157,50.35315],[14.295948,50.35075],[14.295246,50.349115],[14.288993,50.349538],[14.285738,50.350286],[14.282266,50.350749],[14.280392,50.3525],[14.280089,50.353364],[14.27661,50.353876],[14.274482,50.354745],[14.271624,50.351429],[14.272613,50.350455],[14.270828,50.349849],[14.268415,50.35038],[14.267162,50.349058],[14.268075,50.348743],[14.264119,50.343698],[14.264317,50.342737],[14.262791,50.340627],[14.261382,50.339585],[14.259868,50.340045],[14.258189,50.337268],[14.257164,50.337516],[14.25561,50.335165],[14.253845,50.334967],[14.251585,50.331875],[14.252666,50.331629],[14.251264,50.330223],[14.25059,50.328356],[14.247624,50.328433],[14.247416,50.329682],[14.248751,50.330673],[14.244911,50.331718],[14.240283,50.33231],[14.240687,50.333546],[14.236368,50.334275],[14.230188,50.33555],[14.226206,50.337028],[14.221271,50.338384],[14.221169,50.338794],[14.215754,50.339959],[14.214846,50.337249],[14.211749,50.33706],[14.211131,50.335153],[14.201761,50.336695],[14.200721,50.335217],[14.198782,50.336633],[14.193046,50.33936],[14.196151,50.341356],[14.197892,50.342938],[14.195504,50.343505],[14.18875,50.344702],[14.182334,50.345223],[14.183679,50.34239],[14.182992,50.33709],[14.181643,50.334351],[14.176477,50.335007],[14.168898,50.335643],[14.168662,50.334062],[14.166858,50.33418],[14.166766,50.333319],[14.162098,50.333174],[14.155594,50.33251],[14.146012,50.332386],[14.145849,50.331284],[14.143128,50.330664],[14.14125,50.330819],[14.140076,50.332321],[14.133255,50.333096],[14.131749,50.332529],[14.127196,50.33288],[14.121965,50.332953],[14.117042,50.332813],[14.11672,50.334671],[14.10807,50.334997],[14.100063,50.334538],[14.096972,50.334588],[14.096883,50.334059],[14.09138,50.334503],[14.080832,50.334927],[14.077989,50.33474],[14.075171,50.334958],[14.074399,50.337635],[14.072423,50.338076],[14.07031,50.337941],[14.070098,50.338949],[14.066712,50.338953],[14.066632,50.340528],[14.054134,50.340442],[14.052663,50.341239],[14.044701,50.343236],[14.03961,50.344706],[14.036177,50.345983],[14.035815,50.344354],[14.032118,50.343968],[14.032296,50.340378],[14.030109,50.340424],[14.026221,50.342217],[14.024222,50.343584],[14.023076,50.345304],[14.019765,50.348436],[14.017499,50.347955],[14.007622,50.346285],[14.004057,50.343331],[14.0019,50.342406],[13.997227,50.341956],[13.996423,50.338021],[13.994966,50.337998],[13.989491,50.337195],[13.9941,50.336188],[13.988161,50.334789],[13.981539,50.333796],[13.981855,50.329914],[13.98339,50.324716],[13.983151,50.32262],[13.985007,50.322049],[13.986785,50.322164],[13.987708,50.320661],[13.987859,50.319245],[13.990833,50.31836],[13.991382,50.317298],[13.990574,50.315242],[13.989566,50.315236],[13.988789,50.313874],[13.988252,50.309002],[13.990123,50.30892],[13.990502,50.307687],[13.98771,50.307627],[13.987456,50.306979],[13.992293,50.305914],[13.991323,50.3037],[13.985156,50.303099],[13.983125,50.302747],[13.979356,50.302692],[13.971942,50.30181],[13.970167,50.301769],[13.969576,50.303768],[13.971911,50.304079],[13.97179,50.305035],[13.968923,50.304749],[13.966388,50.303653],[13.962689,50.303992],[13.959818,50.303862],[13.959485,50.305829],[13.956519,50.305558],[13.955012,50.305724],[13.954805,50.306709],[13.951237,50.306568],[13.95203,50.303601],[13.95412,50.303483],[13.953781,50.301704],[13.955497,50.301768],[13.956504,50.300967],[13.956816,50.29909],[13.956573,50.297427],[13.957365,50.297264],[13.957426,50.295632],[13.956346,50.295326],[13.956342,50.293438],[13.957035,50.292117],[13.955408,50.290976],[13.952446,50.290781],[13.950325,50.289923],[13.951474,50.288147],[13.949832,50.287549],[13.948211,50.288807],[13.943287,50.287764],[13.942226,50.287107],[13.940548,50.28417],[13.942048,50.284383],[13.942236,50.282664],[13.941225,50.281983],[13.940326,50.280095],[13.932866,50.278994],[13.930238,50.278436],[13.928066,50.278387],[13.925389,50.275397],[13.92227,50.273962],[13.918181,50.27254],[13.915892,50.272396],[13.911591,50.271417],[13.912083,50.27312],[13.913823,50.27347],[13.913378,50.27584],[13.908862,50.275474],[13.904787,50.274197],[13.900845,50.273751],[13.897223,50.272927],[13.893185,50.272546],[13.891367,50.272088],[13.890283,50.271216],[13.88612,50.270095],[13.883976,50.270239],[13.877874,50.27018],[13.876702,50.268037],[13.876412,50.26629],[13.875023,50.265242],[13.87356,50.263215],[13.870147,50.26117],[13.864952,50.259488],[13.865003,50.258878],[13.867226,50.256749],[13.868494,50.254408],[13.864374,50.253823],[13.863074,50.248601],[13.863865,50.244262],[13.862966,50.243648],[13.856006,50.242366],[13.846659,50.242104],[13.843482,50.241748],[13.839811,50.240094],[13.836152,50.24319],[13.836713,50.244704],[13.835864,50.246574],[13.836216,50.247451],[13.834342,50.25087],[13.832101,50.252335],[13.830287,50.255842],[13.82977,50.257507],[13.827682,50.259163],[13.826707,50.26071],[13.822547,50.260457],[13.821589,50.258886],[13.818646,50.258904],[13.820059,50.260155],[13.820514,50.261383],[13.817946,50.261036],[13.817457,50.262955],[13.813688,50.262621],[13.809776,50.261143],[13.807598,50.260989],[13.805233,50.25981],[13.803694,50.260494],[13.800139,50.259886],[13.798666,50.257332],[13.798205,50.255483],[13.795174,50.252424],[13.793408,50.25173],[13.790673,50.249466],[13.787306,50.247193],[13.783654,50.243168],[13.781625,50.242146],[13.778662,50.238715],[13.777259,50.23776],[13.77678,50.236219],[13.771617,50.236648],[13.770509,50.233589],[13.768772,50.23219],[13.763697,50.233005],[13.763692,50.235121],[13.764468,50.236862],[13.76337,50.2376],[13.762284,50.239222],[13.760032,50.240573],[13.757454,50.236565],[13.757243,50.233481],[13.754613,50.233458],[13.754573,50.234884],[13.753308,50.234848],[13.753133,50.232619],[13.753565,50.229691],[13.752024,50.22591],[13.751419,50.223679],[13.749758,50.223484],[13.748116,50.224739],[13.743231,50.225496],[13.741341,50.224349],[13.733824,50.224345],[13.722124,50.225539],[13.719561,50.225412],[13.713388,50.22447],[13.710522,50.223611],[13.707927,50.222093],[13.705808,50.222316],[13.701445,50.222262],[13.699559,50.221033],[13.695978,50.2212],[13.694242,50.22167],[13.692296,50.223235],[13.689669,50.224516],[13.686629,50.225191],[13.684387,50.225233],[13.683281,50.225826],[13.680154,50.226175],[13.675749,50.225459],[13.671626,50.222453],[13.66977,50.224348],[13.669667,50.225371],[13.671026,50.226256],[13.672545,50.230581],[13.671327,50.2318],[13.670367,50.233967],[13.67309,50.235272],[13.672364,50.236211],[13.669722,50.238319],[13.667385,50.237326],[13.664552,50.23562],[13.663094,50.234009],[13.660955,50.232304],[13.659232,50.231503],[13.656265,50.228403],[13.652692,50.225941],[13.648467,50.221317],[13.646945,50.220354],[13.647391,50.219462],[13.646659,50.218516],[13.644699,50.217874],[13.641254,50.217615],[13.637631,50.218059],[13.638478,50.216829],[13.634493,50.213045],[13.63484,50.21232],[13.633967,50.209634],[13.631878,50.208363],[13.625564,50.20881],[13.621909,50.208819],[13.61982,50.2091],[13.61607,50.210801],[13.621176,50.205998],[13.622718,50.202433],[13.620857,50.202304],[13.618541,50.201092],[13.617339,50.200063],[13.613312,50.198105],[13.607851,50.196345],[13.605883,50.195389],[13.608962,50.192731],[13.607723,50.191782],[13.60614,50.192611],[13.600045,50.194352],[13.597291,50.192022],[13.592826,50.189891],[13.590976,50.189364],[13.589107,50.188021],[13.586939,50.187512],[13.580636,50.187672],[13.575889,50.187315],[13.572801,50.186488],[13.57092,50.185107],[13.568598,50.184833],[13.567688,50.185778],[13.565315,50.186601],[13.56368,50.188997],[13.560922,50.19034],[13.560436,50.191307],[13.558169,50.192467],[13.556577,50.191982],[13.552939,50.192682],[13.554715,50.190711],[13.550093,50.190614],[13.546157,50.191148],[13.543662,50.191023],[13.542191,50.19011],[13.539574,50.189865],[13.53855,50.189234],[13.535581,50.189018],[13.535235,50.187188],[13.536037,50.185326],[13.535001,50.185207],[13.534403,50.183529],[13.530022,50.183094],[13.526501,50.182325],[13.525381,50.180329],[13.523326,50.180512],[13.523111,50.178975],[13.522335,50.17816],[13.519832,50.179033],[13.517741,50.178794],[13.51435,50.176746],[13.516013,50.175422],[13.51533,50.174196],[13.516438,50.172916],[13.514717,50.171821],[13.513969,50.172151],[13.511961,50.171215],[13.513654,50.170105],[13.512546,50.168487],[13.508725,50.168422],[13.508929,50.167683],[13.507628,50.166591],[13.502703,50.165472],[13.502488,50.166246],[13.49712,50.165757],[13.494686,50.16523],[13.493745,50.164268],[13.492315,50.165287],[13.489032,50.165935],[13.489716,50.163006],[13.488143,50.163142],[13.490687,50.159289],[13.488537,50.158798],[13.487675,50.15764],[13.489567,50.157587],[13.489527,50.15679],[13.491857,50.153611],[13.490856,50.153571],[13.491146,50.151787],[13.492668,50.150103],[13.493152,50.147219],[13.492462,50.144229],[13.487989,50.144492],[13.486477,50.144185],[13.481483,50.143872],[13.47917,50.143436],[13.481392,50.142336],[13.485905,50.142913],[13.488487,50.140874],[13.489096,50.138464],[13.488112,50.136161],[13.489574,50.135321],[13.489914,50.133816],[13.491681,50.13385],[13.491243,50.132126],[13.490284,50.131738],[13.492783,50.128],[13.490571,50.126622],[13.488988,50.126829],[13.487959,50.126307],[13.486687,50.126788],[13.484179,50.126185],[13.481867,50.126561],[13.477976,50.126452],[13.476324,50.127137],[13.476075,50.12889],[13.472937,50.130438],[13.472599,50.13152],[13.470712,50.13242],[13.469131,50.13119],[13.469294,50.130151],[13.467621,50.128478],[13.467234,50.127113],[13.467445,50.125192],[13.468118,50.125074],[13.467628,50.122794],[13.469815,50.121354],[13.468595,50.120529],[13.469252,50.119409],[13.469104,50.117395],[13.468315,50.11654],[13.470172,50.115692],[13.471036,50.1139],[13.46446,50.113002],[13.463454,50.113998],[13.461071,50.11383],[13.459915,50.113355],[13.45982,50.112253],[13.462794,50.111117],[13.464453,50.110058],[13.462926,50.107755],[13.463001,50.105709],[13.460378,50.105365],[13.456739,50.104396],[13.455507,50.104342],[13.45167,50.105357],[13.450829,50.106108],[13.448872,50.106523],[13.448155,50.106025],[13.445225,50.105993],[13.443479,50.107164],[13.441595,50.107809],[13.44075,50.108946],[13.438692,50.109983],[13.4379,50.108997],[13.435989,50.10965],[13.429687,50.109772],[13.42538,50.109162],[13.426336,50.105987],[13.425435,50.105316],[13.425631,50.103882],[13.424361,50.103529],[13.420571,50.103597],[13.420406,50.101697],[13.418033,50.101666],[13.416408,50.099503],[13.412047,50.100645],[13.410588,50.098992],[13.406092,50.098421],[13.404431,50.097966],[13.406146,50.096685],[13.409146,50.095933],[13.409661,50.093893],[13.407982,50.090906],[13.406764,50.08958],[13.409043,50.088625],[13.40813,50.086847],[13.408075,50.083693],[13.407145,50.081676],[13.409753,50.079197],[13.41024,50.080371],[13.413057,50.082116],[13.415704,50.083338],[13.416946,50.081796],[13.417688,50.078811],[13.419086,50.076351],[13.42018,50.076673],[13.424137,50.075968],[13.427861,50.074118],[13.425363,50.072738],[13.427557,50.071178],[13.42991,50.070267],[13.428581,50.067786],[13.426323,50.066922],[13.427597,50.065623],[13.429232,50.062807],[13.429533,50.060947],[13.422532,50.060365],[13.420611,50.060531],[13.413793,50.062363],[13.413707,50.060018],[13.41399,50.057424],[13.411869,50.055964],[13.409944,50.054136],[13.409344,50.052348],[13.410182,50.050044],[13.411529,50.049049],[13.408776,50.048456],[13.402601,50.046084],[13.400628,50.043612],[13.400955,50.042493],[13.403094,50.041949],[13.404302,50.040903],[13.400714,50.041087],[13.400657,50.039477],[13.401865,50.039311],[13.401742,50.03808],[13.400406,50.036094],[13.397758,50.037889],[13.396748,50.037952],[13.396473,50.035978],[13.398042,50.035249],[13.398476,50.032681],[13.399753,50.031937],[13.402424,50.032001],[13.405085,50.033529],[13.415387,50.034719],[13.419262,50.034752],[13.423121,50.034492],[13.423581,50.033778],[13.42264,50.032164],[13.423653,50.030333],[13.42416,50.028142],[13.429886,50.028293],[13.434624,50.027702],[13.434446,50.029696],[13.435576,50.031904],[13.436678,50.032327],[13.437284,50.033728],[13.438542,50.034396],[13.441173,50.034252],[13.443877,50.037567],[13.445067,50.038579],[13.444377,50.040489],[13.445212,50.04157],[13.448245,50.040733],[13.449439,50.040815],[13.454701,50.040054],[13.460695,50.040482],[13.463522,50.040081],[13.467092,50.039988],[13.468311,50.041679],[13.470983,50.042739],[13.471345,50.04016],[13.471866,50.039029],[13.475686,50.039596],[13.480198,50.038964],[13.478841,50.037051],[13.477854,50.036598],[13.478955,50.035442],[13.481086,50.034108],[13.487269,50.032135],[13.49149,50.033018],[13.493181,50.033766],[13.493517,50.035508],[13.494682,50.03677],[13.497323,50.038162],[13.497423,50.039236],[13.49897,50.039563],[13.502408,50.039688],[13.505471,50.04049],[13.51142,50.04083],[13.514421,50.041574],[13.518584,50.040658],[13.520538,50.040559],[13.52024,50.038209],[13.522649,50.034224],[13.522639,50.033108],[13.525034,50.033763],[13.527482,50.033759],[13.531627,50.032969],[13.533582,50.032156],[13.537482,50.031998],[13.536503,50.029221],[13.531868,50.030412],[13.524117,50.030927],[13.522582,50.030588],[13.518923,50.030672],[13.513631,50.031343],[13.511411,50.030862],[13.508359,50.031211],[13.507986,50.029464],[13.507075,50.028286],[13.503865,50.028893],[13.50187,50.026863],[13.501551,50.025464],[13.501867,50.023992],[13.50157,50.022561],[13.503184,50.020814],[13.507883,50.020234],[13.513023,50.020308],[13.515768,50.020839],[13.516654,50.019573],[13.519557,50.016609],[13.52032,50.013977],[13.521352,50.013255],[13.523511,50.013585],[13.527168,50.013452],[13.531462,50.013761],[13.535125,50.014936],[13.537599,50.013569],[13.541339,50.01336],[13.543307,50.012989],[13.543141,50.011493],[13.545087,50.010686],[13.549102,50.010011],[13.553363,50.009022],[13.554509,50.007588],[13.557178,50.00683],[13.556878,50.005756],[13.553861,50.005416],[13.554187,50.0046],[13.561268,50.002182],[13.562935,50.001061],[13.562288,49.99937],[13.567982,49.997561],[13.566283,49.996388],[13.568686,49.99446],[13.575394,49.994604],[13.575969,49.994146],[13.579025,49.993999],[13.583483,49.99333],[13.585368,49.993444],[13.58958,49.992579],[13.593175,49.993618],[13.595778,49.993116],[13.599802,49.993192],[13.605003,49.99271],[13.606544,49.993081],[13.610604,49.992434],[13.613564,49.993069],[13.616344,49.99259],[13.618814,49.99312],[13.621125,49.993],[13.623826,49.993784],[13.6258,49.995582],[13.627468,49.996048],[13.631132,49.99584],[13.632505,49.996192],[13.630541,49.997341],[13.62901,49.998726],[13.630806,50.000291],[13.632525,50.000431],[13.634093,49.999294],[13.636717,49.999271],[13.638108,49.9988],[13.640469,49.998663],[13.642468,49.999509],[13.642388,50.000416],[13.643474,50.001905],[13.645148,50.002766],[13.648528,50.00168],[13.656431,50.001781],[13.657349,49.999341],[13.658847,49.99822],[13.662268,49.99747],[13.667315,49.997157],[13.667921,49.99649],[13.667601,49.995249],[13.668219,49.994039],[13.667809,49.993128],[13.668313,49.990608],[13.669423,49.987531],[13.671483,49.986405],[13.671198,49.984922],[13.672251,49.98431],[13.672422,49.982508],[13.674733,49.982602],[13.678252,49.979739],[13.679137,49.977733],[13.682047,49.977277],[13.683763,49.97664],[13.685502,49.977116],[13.686067,49.978381],[13.687087,49.978867],[13.691914,49.978382],[13.694258,49.976915],[13.693996,49.975317],[13.695984,49.973858],[13.697485,49.973883],[13.698397,49.973135],[13.698565,49.971701],[13.700314,49.970036],[13.70034,49.96804],[13.699197,49.966843],[13.70078,49.965332],[13.699331,49.961939],[13.702003,49.962673],[13.702665,49.961994],[13.704401,49.962814],[13.709561,49.965797],[13.712347,49.966215],[13.713663,49.965494],[13.716543,49.966618],[13.718347,49.966956],[13.724161,49.966913],[13.724147,49.967606],[13.730278,49.966661],[13.738667,49.963682],[13.739492,49.963658],[13.744846,49.964726],[13.748044,49.966057],[13.749033,49.963761],[13.749001,49.960596],[13.749824,49.959727],[13.752608,49.958102],[13.750399,49.954898],[13.750278,49.953229],[13.749636,49.95203],[13.750432,49.950841],[13.748617,49.949631],[13.749428,49.946461],[13.750775,49.945163],[13.749379,49.94278],[13.747509,49.942202],[13.74717,49.943225],[13.74479,49.944158],[13.743789,49.943957],[13.743854,49.942587],[13.74523,49.94214],[13.743387,49.941057],[13.744597,49.940583],[13.747129,49.940446],[13.748799,49.93979],[13.752299,49.939894],[13.754303,49.940578],[13.756408,49.942926],[13.761079,49.943548],[13.763992,49.942841],[13.766127,49.94102],[13.768737,49.941355],[13.772049,49.940904],[13.77615,49.939507],[13.777843,49.93947],[13.782823,49.94139],[13.786565,49.940317],[13.789334,49.937721],[13.791103,49.935435],[13.792745,49.934529],[13.794737,49.934348],[13.797514,49.933515],[13.798435,49.932196],[13.800852,49.930504],[13.805336,49.928964],[13.80881,49.927245],[13.812535,49.926851],[13.817626,49.926551],[13.822415,49.927175],[13.825541,49.927027],[13.83034,49.927486],[13.831458,49.926925],[13.829957,49.925706],[13.824693,49.924223],[13.821186,49.923783],[13.820149,49.923085],[13.818475,49.920207],[13.821209,49.919057],[13.821182,49.916322],[13.822155,49.914473],[13.821821,49.913214],[13.818727,49.911785],[13.818935,49.909736],[13.818329,49.90885],[13.819156,49.908107],[13.819349,49.905861],[13.820663,49.904734],[13.823331,49.904612],[13.826007,49.900413],[13.824295,49.899933],[13.823849,49.894999],[13.826485,49.89269],[13.828001,49.890347],[13.826988,49.888688],[13.827208,49.88446],[13.82684,49.882562],[13.827687,49.880529],[13.828162,49.878352],[13.829342,49.876159],[13.831019,49.874065],[13.83291,49.870074],[13.834307,49.867686],[13.829381,49.865642],[13.828017,49.868296],[13.826116,49.868771],[13.825967,49.867758],[13.82342,49.867545],[13.822719,49.868577],[13.819015,49.868357],[13.818516,49.867055],[13.817131,49.866767],[13.816626,49.867811],[13.814596,49.867279],[13.814589,49.86602],[13.809798,49.86702],[13.808305,49.867935],[13.810149,49.863501],[13.810421,49.861104],[13.811596,49.859569],[13.807913,49.859294],[13.810106,49.85563],[13.811601,49.853836],[13.811302,49.852742],[13.809283,49.850231],[13.806755,49.848363],[13.804875,49.846307],[13.802695,49.847062],[13.80085,49.846358],[13.799774,49.845092],[13.797503,49.844628],[13.798896,49.842354],[13.801773,49.84327],[13.803909,49.83962],[13.806437,49.836647],[13.802324,49.834284],[13.799076,49.831093],[13.797002,49.829792],[13.797479,49.828515],[13.797895,49.825015],[13.800124,49.822158],[13.804384,49.821138],[13.806872,49.821535],[13.807613,49.818458],[13.806714,49.816711],[13.806985,49.814883],[13.806107,49.812369],[13.807903,49.812028],[13.804871,49.809735],[13.800804,49.808408],[13.802217,49.807784],[13.803186,49.806233],[13.803513,49.804296],[13.789133,49.801486],[13.790123,49.799366],[13.789569,49.796969],[13.790344,49.795771],[13.791555,49.795099],[13.792259,49.79304],[13.793097,49.792349],[13.792442,49.790072],[13.793782,49.788385],[13.79719,49.78668],[13.799875,49.781455],[13.796893,49.778371],[13.797617,49.775688],[13.796867,49.773753],[13.796591,49.771361],[13.795636,49.770743],[13.794454,49.768853],[13.792546,49.768519],[13.788713,49.76674],[13.782759,49.766332],[13.782075,49.765746],[13.781603,49.759825],[13.788513,49.761559],[13.791343,49.761847],[13.792757,49.764201],[13.795159,49.764362],[13.795965,49.765074],[13.797936,49.765586],[13.799616,49.765262],[13.802587,49.764018],[13.804189,49.76217],[13.807595,49.761114],[13.812854,49.760945],[13.816931,49.755349],[13.820158,49.752771],[13.817569,49.747451],[13.836274,49.708626],[13.838446,49.703785],[13.840328,49.696565],[13.839111,49.695689],[13.837527,49.695745],[13.836865,49.694537],[13.835539,49.693675],[13.833272,49.693516],[13.828511,49.692067],[13.826081,49.690758],[13.825727,49.689085],[13.824618,49.686408],[13.823654,49.686304],[13.820804,49.687295],[13.819411,49.68909],[13.815988,49.690125],[13.813753,49.690374],[13.812111,49.692119],[13.808029,49.693081],[13.806472,49.692935],[13.787176,49.681486],[13.793245,49.677212],[13.79167,49.675789],[13.791455,49.674673],[13.787367,49.673365],[13.786418,49.672675],[13.785611,49.670747],[13.784131,49.669837],[13.782834,49.670691],[13.780502,49.670732],[13.776344,49.671434],[13.776454,49.670194],[13.772186,49.662799],[13.771002,49.660994],[13.767659,49.661145],[13.766289,49.659593],[13.764631,49.656563],[13.764506,49.655084],[13.76383,49.654557],[13.763872,49.651257],[13.764323,49.650035],[13.763094,49.64866],[13.763167,49.647986],[13.766611,49.647011],[13.766229,49.645008],[13.766765,49.643386],[13.770734,49.640477],[13.770598,49.639324],[13.772727,49.638731],[13.77344,49.637917],[13.771603,49.637329],[13.770529,49.635703],[13.768847,49.634771],[13.765747,49.635269],[13.76338,49.634843],[13.761515,49.635604],[13.759807,49.637903],[13.757713,49.636684],[13.7568,49.635677],[13.754192,49.634551],[13.75197,49.632491],[13.753552,49.626798],[13.750778,49.625964],[13.74986,49.62473],[13.746876,49.623996],[13.744589,49.62407],[13.742049,49.623248],[13.740844,49.622014],[13.741922,49.621187],[13.74632,49.622306],[13.747903,49.623108],[13.750316,49.623094],[13.750798,49.621713],[13.753295,49.621255],[13.753826,49.619716],[13.753359,49.616623],[13.753867,49.614911],[13.752109,49.614536],[13.750205,49.613523],[13.749965,49.612265],[13.747559,49.610692],[13.747276,49.610035],[13.74866,49.606183],[13.750572,49.605515],[13.750113,49.603907],[13.750015,49.599735],[13.751263,49.59824],[13.751606,49.595908],[13.749954,49.594037],[13.748261,49.592964],[13.74664,49.591003],[13.745601,49.588918],[13.741906,49.587973],[13.739653,49.586488],[13.74049,49.580743],[13.741978,49.578451],[13.743201,49.57748],[13.743568,49.575974],[13.742832,49.574935],[13.741651,49.571442],[13.740239,49.569775],[13.7405,49.568507],[13.741825,49.567039],[13.740775,49.564444],[13.739034,49.562225],[13.739171,49.561818],[13.74283,49.561738],[13.745063,49.5603],[13.745469,49.558692],[13.744127,49.557795],[13.743985,49.556513],[13.743127,49.555422],[13.742864,49.553309],[13.741459,49.551381],[13.741239,49.550165],[13.740119,49.548797],[13.738664,49.548208],[13.737718,49.547035],[13.737102,49.545091],[13.740065,49.546285],[13.740182,49.547114],[13.741415,49.548087],[13.741462,49.549302],[13.742272,49.55144],[13.744323,49.551591],[13.74589,49.552431],[13.748126,49.552458],[13.7511,49.551128],[13.753673,49.550442],[13.756037,49.548355],[13.757765,49.548257],[13.758998,49.547647],[13.763737,49.546863],[13.764923,49.546255],[13.764642,49.54421],[13.763525,49.543101],[13.763642,49.542082],[13.762667,49.54036],[13.763278,49.538757],[13.762946,49.537711],[13.766987,49.537632],[13.770281,49.53715],[13.772204,49.536526],[13.772372,49.533414],[13.771968,49.531088],[13.771169,49.529692],[13.771149,49.528552],[13.768797,49.524881],[13.768429,49.523448],[13.768647,49.521305],[13.767854,49.519681],[13.765874,49.520256],[13.764701,49.519365],[13.764342,49.518201],[13.767385,49.517837],[13.765897,49.515098],[13.765715,49.513945],[13.765921,49.513177],[13.768333,49.511369],[13.77214,49.510651],[13.776544,49.510891],[13.781314,49.510612],[13.782067,49.508985],[13.784283,49.508918],[13.78443,49.509522],[13.787073,49.512435],[13.789034,49.513368],[13.791058,49.515292],[13.791356,49.516968],[13.790988,49.519075],[13.793036,49.518655],[13.79545,49.518716],[13.799188,49.517796],[13.801392,49.517905],[13.806959,49.516645],[13.808449,49.518807],[13.810661,49.518349],[13.814254,49.518625],[13.812552,49.520566],[13.813964,49.521695],[13.814604,49.524046],[13.816996,49.524167],[13.817621,49.525425],[13.821173,49.525111],[13.821358,49.527311],[13.823952,49.527011],[13.824368,49.526127],[13.82699,49.524466],[13.826852,49.523091],[13.829237,49.519216],[13.832921,49.51848],[13.833637,49.516321],[13.833193,49.515366],[13.833938,49.512873],[13.833186,49.512247],[13.834577,49.510958],[13.83671,49.510517],[13.837928,49.513245],[13.838187,49.514568],[13.842001,49.514375],[13.839911,49.511369],[13.841976,49.510707],[13.843269,49.512717],[13.845458,49.513151],[13.847974,49.512697],[13.847801,49.513834],[13.852934,49.513687],[13.854435,49.515715],[13.854525,49.516521],[13.857988,49.518552],[13.857685,49.519804],[13.860232,49.519556],[13.863712,49.521434],[13.862704,49.522619],[13.858296,49.52326],[13.858671,49.523958],[13.863614,49.525768],[13.867469,49.525678],[13.868953,49.525235],[13.873262,49.524908],[13.881497,49.522715],[13.878592,49.518319],[13.8801,49.515842],[13.881426,49.515774],[13.881282,49.512938],[13.883293,49.513421],[13.887172,49.512539],[13.887506,49.511106],[13.889117,49.511789],[13.889089,49.513911],[13.893742,49.514152],[13.895931,49.513878],[13.89871,49.514245],[13.901159,49.513958],[13.899869,49.512732],[13.896533,49.511738],[13.897591,49.510636],[13.896934,49.509971],[13.89497,49.509351],[13.890855,49.507278],[13.893585,49.507454],[13.894227,49.508581],[13.897002,49.507943],[13.899317,49.507846],[13.900573,49.510435],[13.903299,49.508989],[13.904194,49.507354],[13.905778,49.5067],[13.909555,49.505771],[13.910112,49.504602],[13.914781,49.503869],[13.917666,49.502318],[13.92009,49.502169],[13.922715,49.502475],[13.923079,49.501974],[13.926972,49.50281],[13.928155,49.503338],[13.930929,49.503708],[13.932027,49.501346],[13.937729,49.50511],[13.938439,49.504202],[13.940662,49.504486],[13.939393,49.505545],[13.93816,49.505708],[13.938969,49.507118],[13.93816,49.509671],[13.936946,49.509608],[13.936519,49.51196],[13.938062,49.512015],[13.938861,49.514235],[13.942118,49.514449],[13.943542,49.51591],[13.947235,49.516686],[13.948111,49.517306],[13.950653,49.518026],[13.953817,49.516691],[13.954769,49.515548],[13.954123,49.514506],[13.960281,49.513056],[13.961315,49.512589],[13.96701,49.511723],[13.970396,49.511554],[13.978264,49.51168],[13.979158,49.515552],[13.978825,49.516889],[13.98105,49.517469],[13.981565,49.518813],[13.983144,49.519328],[13.983122,49.521803],[13.981756,49.52397],[13.982162,49.524389],[13.985061,49.524098],[13.985742,49.525179],[13.985793,49.527149],[13.987979,49.527673],[13.990565,49.524918],[13.994324,49.52462],[13.993741,49.522429],[13.996755,49.519039],[13.999035,49.519402],[13.998698,49.520335],[14.000393,49.522533],[14.005234,49.522619],[14.002494,49.523916],[13.998876,49.528756],[13.99844,49.531245],[14.002517,49.530517],[14.00352,49.528354],[14.005995,49.528735],[14.006114,49.529381],[14.00847,49.530471],[14.00859,49.53248],[14.009918,49.533301],[14.009923,49.535057],[14.008977,49.535003],[14.009914,49.539092],[14.012761,49.537622],[14.014654,49.539783],[14.013093,49.540928],[14.010273,49.545347],[14.010333,49.546737],[14.009583,49.548647],[14.009772,49.551069],[14.017131,49.549858],[14.018757,49.550823],[14.021903,49.551246],[14.023623,49.549091],[14.024467,49.548785],[14.02551,49.550433],[14.02799,49.551976],[14.03124,49.552765],[14.031443,49.553834],[14.033663,49.554467],[14.036207,49.556405],[14.036437,49.557825],[14.038927,49.56008],[14.043094,49.558537],[14.056793,49.559986],[14.061806,49.562945],[14.06414,49.560702],[14.06705,49.558853],[14.068378,49.557306],[14.072474,49.558259],[14.073099,49.556527],[14.071588,49.555608],[14.067287,49.55592],[14.067372,49.555172],[14.069371,49.551642],[14.069009,49.55069],[14.066889,49.550353],[14.067828,49.542496],[14.0642,49.541512],[14.06462,49.540203],[14.064021,49.538857],[14.064933,49.536176],[14.065223,49.534337],[14.066512,49.534388],[14.066585,49.532371],[14.068797,49.53216],[14.071808,49.531238],[14.072071,49.530577],[14.077146,49.52968],[14.081513,49.530036],[14.086625,49.529609],[14.088182,49.527254],[14.090766,49.528009],[14.090405,49.529729],[14.093541,49.529752],[14.093444,49.528756],[14.101952,49.528579],[14.101179,49.529315],[14.101182,49.530646],[14.10245,49.532235],[14.101763,49.53279],[14.100783,49.53491],[14.102413,49.535744],[14.102941,49.536699],[14.104497,49.537016],[14.107241,49.536915],[14.108786,49.535531],[14.108913,49.534591],[14.106472,49.532536],[14.107133,49.529806],[14.110246,49.528553],[14.114928,49.528708],[14.115465,49.529447],[14.118349,49.529656],[14.120653,49.529036],[14.120516,49.528365],[14.124224,49.528359],[14.125501,49.528052],[14.124795,49.530252],[14.122606,49.532998],[14.121929,49.536883],[14.125255,49.536552],[14.131642,49.534472],[14.133712,49.533619],[14.136131,49.533764],[14.136902,49.534396],[14.146102,49.532194],[14.148709,49.531057],[14.151195,49.530441],[14.152612,49.531124],[14.151419,49.531767],[14.151395,49.532977],[14.152611,49.534201],[14.153752,49.533655],[14.159785,49.533135],[14.162199,49.534386],[14.166834,49.534821],[14.17343,49.534144],[14.174653,49.53425],[14.175687,49.53249],[14.17734,49.532142],[14.179834,49.53288],[14.181283,49.53398],[14.181691,49.535505],[14.182509,49.535866],[14.18717,49.53531],[14.188861,49.53678],[14.190538,49.536915],[14.192849,49.536203],[14.193967,49.53705],[14.196013,49.537415],[14.198389,49.537203],[14.20051,49.537799],[14.204245,49.537363],[14.205699,49.536894],[14.206429,49.535714],[14.204584,49.535607],[14.203705,49.53485],[14.201208,49.535182],[14.200325,49.533788],[14.200719,49.532548],[14.201932,49.531932],[14.206322,49.531446],[14.209582,49.532356],[14.209395,49.533314],[14.209901,49.536204],[14.21317,49.535981],[14.214596,49.536862],[14.214528,49.538019],[14.21572,49.538407],[14.215188,49.539813],[14.213533,49.53941],[14.212168,49.540004],[14.209681,49.538905],[14.21104,49.541477],[14.212077,49.541223],[14.21405,49.541982],[14.215091,49.541342],[14.216647,49.543142],[14.218074,49.544154],[14.220163,49.543829],[14.220582,49.545147],[14.222137,49.544973],[14.222723,49.546054],[14.22171,49.546763],[14.221664,49.548346],[14.223555,49.548418],[14.224649,49.54987],[14.225843,49.549244],[14.227052,49.551527],[14.227209,49.553783],[14.226365,49.554496],[14.226488,49.555795],[14.225849,49.557177],[14.223276,49.559668],[14.225145,49.559626],[14.226671,49.561831],[14.228774,49.561773],[14.2319,49.561022],[14.232443,49.562608],[14.234285,49.565085],[14.236521,49.563969],[14.238772,49.56332],[14.238823,49.5625],[14.237553,49.560709],[14.240666,49.560084],[14.242043,49.561613],[14.245094,49.561832],[14.247641,49.563279],[14.254889,49.565738],[14.258721,49.565774],[14.260012,49.565188],[14.263582,49.567801],[14.264899,49.567083],[14.266854,49.566955],[14.268404,49.564623],[14.269445,49.563604],[14.272044,49.564321],[14.274666,49.565825],[14.276058,49.564241],[14.276452,49.562704],[14.277501,49.562218],[14.279199,49.563461],[14.281666,49.562583],[14.284617,49.562274],[14.286873,49.561503],[14.289431,49.559735],[14.292355,49.559323],[14.292766,49.558056],[14.289606,49.557935],[14.289664,49.557392],[14.291882,49.556452],[14.292377,49.554936],[14.290648,49.554873],[14.291331,49.551898],[14.288964,49.550852],[14.289713,49.549473],[14.293022,49.54896],[14.292136,49.547745],[14.29273,49.54705],[14.296625,49.548291],[14.297629,49.546408],[14.297775,49.544973],[14.30014,49.544195],[14.300834,49.545593],[14.303707,49.547265],[14.303902,49.548392],[14.306101,49.54986],[14.308505,49.547189],[14.310346,49.547133],[14.312443,49.545977],[14.313937,49.54644],[14.315988,49.543874],[14.316841,49.544872],[14.316764,49.545833],[14.31823,49.546705],[14.320208,49.546017],[14.320568,49.544531],[14.321603,49.544656],[14.324252,49.542472],[14.323607,49.540822],[14.32575,49.540721],[14.326398,49.539618],[14.32864,49.539673],[14.331229,49.540422],[14.334456,49.539192],[14.332737,49.537973],[14.331216,49.535848],[14.328464,49.534081],[14.329531,49.530941],[14.329433,49.529319],[14.328026,49.529263],[14.327753,49.527459],[14.32974,49.52672],[14.33189,49.526799],[14.332731,49.528081],[14.336942,49.529013],[14.340765,49.531943],[14.342503,49.531562],[14.343061,49.530157],[14.345668,49.530295],[14.345772,49.528841],[14.346766,49.528207],[14.348901,49.528649],[14.351457,49.528529],[14.353174,49.529029],[14.353239,49.527587],[14.354642,49.524115],[14.355764,49.524085],[14.356533,49.525371],[14.356318,49.529631],[14.357229,49.529402],[14.361438,49.531385],[14.362684,49.530249],[14.364756,49.530113],[14.365234,49.528917],[14.363732,49.52823],[14.366603,49.527641],[14.367801,49.528728],[14.367793,49.530992],[14.368629,49.531624],[14.370532,49.534597],[14.371818,49.535205],[14.373247,49.534449],[14.372854,49.533275],[14.374298,49.533155],[14.376459,49.533745],[14.375174,49.534832],[14.377262,49.536692],[14.37912,49.536878],[14.380911,49.537649],[14.381212,49.538831],[14.379982,49.539165],[14.380308,49.541014],[14.382085,49.540083],[14.384664,49.539481],[14.385772,49.540716],[14.385665,49.542657],[14.387973,49.543102],[14.3909,49.542375],[14.39353,49.543558],[14.394305,49.542805],[14.396757,49.542434],[14.397831,49.541093],[14.400434,49.541424],[14.403525,49.540933],[14.40374,49.536751],[14.406111,49.534768],[14.407419,49.534716],[14.408441,49.537231],[14.410558,49.53687],[14.413556,49.536824],[14.413983,49.538459],[14.412116,49.539022],[14.409167,49.538407],[14.40748,49.538454],[14.406563,49.539481],[14.404874,49.540085],[14.404373,49.541871],[14.406149,49.541663],[14.407206,49.542291],[14.406626,49.543473],[14.405246,49.543421],[14.405598,49.544675],[14.407445,49.545439],[14.407777,49.54716],[14.406205,49.54721],[14.405214,49.548892],[14.404165,49.549506],[14.405421,49.550434],[14.402344,49.551598],[14.403336,49.552615],[14.39983,49.554123],[14.401513,49.555196],[14.403254,49.553881],[14.404933,49.553501],[14.406265,49.552094],[14.407866,49.552122],[14.409288,49.553659],[14.405947,49.5578],[14.407754,49.556989],[14.408798,49.557165],[14.412562,49.554648],[14.415137,49.55505],[14.416736,49.554071],[14.417666,49.551928],[14.419034,49.550644],[14.421681,49.54976],[14.422171,49.54849],[14.424914,49.54655],[14.4264,49.544079],[14.427896,49.542319],[14.429188,49.543573],[14.430923,49.543508],[14.431451,49.544931],[14.433169,49.547611],[14.434793,49.547515],[14.441253,49.547957],[14.442456,49.548424],[14.443775,49.546446],[14.443345,49.545377],[14.444078,49.544192],[14.443307,49.542271],[14.444503,49.541333],[14.447228,49.541241],[14.449421,49.541758],[14.451726,49.539095],[14.454571,49.538244],[14.456245,49.538332],[14.455698,49.535693],[14.456359,49.534287],[14.462046,49.532287],[14.462751,49.533412],[14.462694,49.534569],[14.463573,49.535247],[14.464317,49.532463],[14.466908,49.531502],[14.469693,49.532234],[14.46924,49.533591],[14.467145,49.533524],[14.46566,49.535473],[14.466519,49.536147],[14.468868,49.536635],[14.469728,49.537539],[14.47367,49.537191],[14.475856,49.537582],[14.475621,49.539632],[14.47765,49.543319],[14.475348,49.544814],[14.476049,49.54575],[14.477476,49.546104],[14.484113,49.545276],[14.486159,49.543697],[14.489313,49.544354],[14.49075,49.542291],[14.494232,49.540979],[14.49701,49.54064],[14.49941,49.54145],[14.499793,49.542429],[14.503631,49.543762],[14.507283,49.543527],[14.509436,49.544544],[14.5104,49.544522],[14.511706,49.543323],[14.511549,49.541851],[14.510536,49.541692],[14.510793,49.538136],[14.511672,49.536583],[14.512786,49.53693],[14.515914,49.536017],[14.51444,49.534866],[14.517735,49.534806],[14.520586,49.536198],[14.522313,49.535391],[14.522462,49.534218],[14.525973,49.535064],[14.527074,49.533358],[14.52822,49.532583],[14.529607,49.534923],[14.531756,49.535171],[14.533212,49.53656],[14.53476,49.53693],[14.535555,49.536093],[14.537883,49.534784],[14.539288,49.534872],[14.540734,49.534203],[14.544014,49.533565],[14.545047,49.533991],[14.546036,49.532172],[14.548619,49.532013],[14.550903,49.533409],[14.552211,49.532536],[14.554429,49.532993],[14.55453,49.531843],[14.557719,49.531337],[14.561015,49.531087],[14.562553,49.531413],[14.563558,49.532853],[14.562511,49.533316],[14.561995,49.535122],[14.563575,49.535434],[14.566056,49.537124],[14.566675,49.534689],[14.567678,49.533178],[14.569705,49.533124],[14.570245,49.533909],[14.572784,49.533157],[14.575221,49.536772],[14.572756,49.536565],[14.572965,49.537709],[14.575665,49.537],[14.577809,49.53541],[14.584032,49.538143],[14.584747,49.540148],[14.586298,49.540315],[14.585217,49.541557],[14.585261,49.542922],[14.586897,49.543515],[14.587418,49.544421],[14.590311,49.543639],[14.590975,49.541272],[14.590404,49.538158],[14.591446,49.537534],[14.590546,49.533912],[14.589115,49.532658],[14.585571,49.532504],[14.58365,49.531556],[14.583923,49.52997],[14.584895,49.529104],[14.583069,49.52801],[14.582968,49.526675],[14.581628,49.526211],[14.577686,49.52632],[14.574834,49.524938],[14.575596,49.523469],[14.573332,49.522185],[14.573518,49.521608],[14.579009,49.52224],[14.580828,49.520973],[14.58127,49.519633],[14.582633,49.518185],[14.584219,49.518645],[14.586165,49.518319],[14.588539,49.518409],[14.593122,49.519059],[14.596169,49.518954],[14.598158,49.52015],[14.600453,49.520633],[14.602619,49.521897],[14.606014,49.522141],[14.607978,49.522728],[14.609739,49.522759],[14.615182,49.521493],[14.615787,49.521125],[14.621974,49.51935],[14.625598,49.519825],[14.627833,49.518662],[14.629542,49.519192],[14.630791,49.518505],[14.631654,49.51928],[14.633368,49.518449],[14.634091,49.517362],[14.635859,49.517313],[14.638132,49.514725],[14.637954,49.51245],[14.639162,49.5107],[14.638812,49.508983],[14.639218,49.507937],[14.638996,49.505469],[14.640448,49.503475],[14.64265,49.504719],[14.645864,49.50348],[14.648025,49.503124],[14.649719,49.503815],[14.6528,49.506091],[14.654135,49.508072],[14.652787,49.511175],[14.655072,49.512311],[14.656434,49.514092],[14.654128,49.515699],[14.650878,49.516612],[14.64986,49.517803],[14.650826,49.519391],[14.651875,49.519916],[14.656091,49.519579],[14.656801,49.522327],[14.658529,49.524765],[14.664128,49.525342],[14.66484,49.526173],[14.665474,49.528489],[14.667716,49.529142],[14.669265,49.528749],[14.670592,49.529123],[14.672239,49.527764],[14.67359,49.528965],[14.674727,49.529],[14.676098,49.531584],[14.677607,49.531023],[14.679967,49.533005],[14.68412,49.534093],[14.683116,49.53583],[14.684938,49.53849],[14.68887,49.538309],[14.690935,49.538791],[14.692522,49.538499],[14.693414,49.539505],[14.691522,49.541796],[14.693227,49.54258],[14.693847,49.544293],[14.697973,49.543473],[14.70296,49.543165],[14.706292,49.543746],[14.707542,49.542351],[14.707847,49.541322],[14.709818,49.540777],[14.712623,49.541415],[14.712512,49.542503],[14.717266,49.542966],[14.721875,49.544804],[14.721686,49.546584],[14.724546,49.547813],[14.729627,49.547588],[14.731831,49.547163],[14.735774,49.549199],[14.737219,49.548499],[14.738002,49.549042],[14.737048,49.550193],[14.734264,49.548923],[14.732175,49.549726],[14.732313,49.551071],[14.736227,49.550969],[14.737402,49.550516],[14.737675,49.552321],[14.7362,49.554117],[14.73389,49.555583],[14.731741,49.555914],[14.729254,49.556819],[14.732588,49.557885],[14.731238,49.559113],[14.72852,49.557728],[14.727286,49.55955],[14.724914,49.560097],[14.72447,49.560958],[14.725859,49.562108],[14.729096,49.563868],[14.729387,49.566537],[14.727912,49.567645],[14.721638,49.567736],[14.721094,49.570043],[14.719535,49.569458],[14.71953,49.570981],[14.720941,49.57087],[14.720427,49.572467],[14.722303,49.572747],[14.722707,49.575575],[14.722705,49.578628],[14.722989,49.579723],[14.724376,49.579752],[14.72624,49.579106],[14.728069,49.579256],[14.728775,49.580446],[14.730813,49.58013],[14.732688,49.581156],[14.731122,49.583071],[14.731823,49.585186],[14.732999,49.585471],[14.732528,49.586673],[14.734006,49.586818],[14.733979,49.588016],[14.732703,49.588708],[14.731558,49.587941],[14.72938,49.589657],[14.729368,49.591889],[14.727294,49.592308],[14.730234,49.593941],[14.728429,49.596869],[14.729702,49.597484],[14.730944,49.596204],[14.732272,49.596647],[14.733893,49.595132],[14.735234,49.59586],[14.739771,49.596033],[14.741086,49.594934],[14.745494,49.595145],[14.746462,49.596224],[14.745389,49.597686],[14.743502,49.598694],[14.744343,49.600113],[14.742363,49.601382],[14.741758,49.602876],[14.742856,49.603359],[14.743026,49.605609],[14.744456,49.605851],[14.745149,49.604558],[14.747043,49.604763],[14.74701,49.606302],[14.748183,49.607012],[14.749854,49.606921],[14.752031,49.608001],[14.752138,49.610295],[14.753699,49.609617],[14.75618,49.609242],[14.756664,49.609968],[14.758472,49.61056],[14.763155,49.609847],[14.762206,49.611506],[14.762077,49.612811],[14.76297,49.613388],[14.763605,49.616028],[14.765083,49.617752],[14.764267,49.618589],[14.766342,49.621113],[14.76743,49.621088],[14.766611,49.619206],[14.768116,49.615669],[14.771464,49.613473],[14.773494,49.611461],[14.774609,49.611128],[14.777749,49.608798],[14.778381,49.607922],[14.779514,49.604689],[14.782934,49.605128],[14.786975,49.605242],[14.789843,49.604239],[14.791144,49.603202],[14.794287,49.603955],[14.796227,49.603014],[14.799986,49.602681],[14.803808,49.601228],[14.807922,49.601592],[14.808666,49.602546],[14.81192,49.602574],[14.813778,49.602281],[14.814762,49.599885],[14.816522,49.598705],[14.81897,49.595533],[14.820366,49.594724],[14.820607,49.591663],[14.823455,49.590479],[14.825568,49.588299],[14.827305,49.586928],[14.829819,49.585745],[14.834222,49.584948],[14.833738,49.584058],[14.835026,49.583267],[14.837136,49.583341],[14.837681,49.584124],[14.840523,49.582629],[14.84258,49.580285],[14.844426,49.580141],[14.843941,49.57853],[14.844334,49.577007],[14.845146,49.576125],[14.849602,49.575862],[14.850747,49.575082],[14.851789,49.577681],[14.848555,49.578442],[14.848431,49.58025],[14.850485,49.582481],[14.851068,49.583993],[14.854052,49.586396],[14.855018,49.587702],[14.856546,49.588199],[14.858589,49.588065],[14.860159,49.587001],[14.86227,49.58616],[14.862993,49.586671],[14.865402,49.586952],[14.866295,49.588413],[14.865364,49.588734],[14.86549,49.590956],[14.867088,49.590924],[14.86796,49.588102],[14.87281,49.588062],[14.875385,49.587801],[14.877188,49.586827],[14.877216,49.585968],[14.875445,49.584456],[14.873797,49.581379],[14.874447,49.581186],[14.875994,49.579314],[14.872854,49.57819],[14.874323,49.576666],[14.875633,49.577301],[14.878299,49.575021],[14.87546,49.572593],[14.876827,49.572467],[14.87936,49.574228],[14.881072,49.575079],[14.883083,49.575578],[14.882762,49.571796],[14.885188,49.565181],[14.887002,49.563672],[14.889867,49.563329],[14.890063,49.562439],[14.886504,49.562664],[14.888081,49.560333],[14.891566,49.558968],[14.892695,49.557988],[14.894228,49.557461],[14.894121,49.556761],[14.8956,49.556141],[14.892565,49.553215],[14.895156,49.553052],[14.896912,49.551565],[14.896953,49.550686],[14.898807,49.549809],[14.899296,49.548825],[14.901593,49.548297],[14.902908,49.545695],[14.902353,49.544433],[14.903611,49.543975],[14.90988,49.543059],[14.911653,49.544507],[14.91261,49.545785],[14.916272,49.545464],[14.920401,49.543916],[14.922053,49.543967],[14.925359,49.545645],[14.924174,49.546603],[14.923215,49.548937],[14.926341,49.550421],[14.929442,49.549265],[14.932006,49.549379],[14.931381,49.550856],[14.932357,49.552345],[14.930986,49.554554],[14.932769,49.557506],[14.936488,49.5583],[14.939299,49.558009],[14.941609,49.558146],[14.944093,49.557658],[14.946439,49.556736],[14.945082,49.559852],[14.944074,49.560866],[14.942349,49.561716],[14.941536,49.56314],[14.94137,49.565206],[14.938901,49.566424],[14.936773,49.566337],[14.935564,49.567363],[14.936554,49.568954],[14.939569,49.56931],[14.940689,49.573672],[14.942005,49.575281],[14.940594,49.576125],[14.93908,49.578759],[14.939594,49.579835],[14.943967,49.579893],[14.947489,49.579665],[14.948079,49.578734],[14.950198,49.577594],[14.954022,49.577101],[14.956892,49.576192],[14.959245,49.578299],[14.959739,49.579645],[14.961821,49.579596],[14.966057,49.578395],[14.967841,49.578203],[14.973939,49.578492],[14.974969,49.578922],[14.977672,49.579054],[14.978991,49.578794],[14.982297,49.579523],[14.98311,49.580408],[14.987795,49.580633],[14.989562,49.581506],[14.992966,49.581857],[14.992892,49.582619],[14.991302,49.58365],[14.990734,49.585115],[14.988466,49.585315],[14.985081,49.586144],[14.985171,49.587719],[14.984396,49.588332],[14.982041,49.591669],[14.980076,49.59184],[14.978001,49.59249],[14.975624,49.592453],[14.972464,49.59383],[14.971433,49.595596],[14.968968,49.59577],[14.970123,49.597109],[14.970705,49.599434],[14.974005,49.601307],[14.974677,49.603681],[14.976488,49.604376],[14.978968,49.604493],[14.981821,49.605953],[14.983985,49.60489],[14.986268,49.605186],[14.988167,49.606149],[14.991251,49.607015],[14.993283,49.607143],[14.997445,49.607982],[15.001732,49.607104],[15.002209,49.605494],[15.007691,49.603643],[15.006414,49.602363],[15.006673,49.601143],[15.008814,49.601418],[15.012833,49.599868],[15.01378,49.600781],[15.015921,49.600624],[15.016365,49.60003],[15.018489,49.599427],[15.021301,49.596804],[15.024513,49.598097],[15.026789,49.597253],[15.028086,49.599206],[15.029367,49.599076],[15.031344,49.600178],[15.033013,49.60046],[15.036174,49.601504],[15.036261,49.599823],[15.037823,49.599401],[15.040096,49.600565],[15.041649,49.600615],[15.043345,49.599828],[15.04553,49.600284],[15.046163,49.599105],[15.048906,49.598206],[15.051221,49.596603],[15.050542,49.595362],[15.053008,49.594441],[15.05588,49.594071],[15.058916,49.595656],[15.059824,49.595466],[15.062436,49.596804],[15.065752,49.596785],[15.066672,49.596286],[15.069126,49.595914],[15.074124,49.597608],[15.073479,49.598222],[15.074366,49.599142],[15.075795,49.599225],[15.076874,49.59837],[15.080844,49.597049],[15.082105,49.597861],[15.083451,49.597856],[15.082902,49.600608],[15.087913,49.599996],[15.090467,49.602392],[15.090931,49.60207],[15.093856,49.602681],[15.096492,49.603723],[15.095952,49.604475],[15.098256,49.604957],[15.098849,49.603282],[15.100739,49.603421],[15.101084,49.602442],[15.102718,49.602375],[15.102815,49.604628],[15.102054,49.607345],[15.107977,49.608079],[15.10966,49.607163],[15.111112,49.609279],[15.112132,49.608841],[15.113885,49.610432],[15.117506,49.610361],[15.117813,49.609521],[15.116571,49.608],[15.112708,49.608735],[15.112101,49.60756],[15.112027,49.604541],[15.114769,49.605396],[15.117665,49.604509],[15.119029,49.604698],[15.119479,49.603191],[15.121765,49.603249],[15.124634,49.601757],[15.126934,49.599678],[15.129112,49.601078],[15.13197,49.600555],[15.133868,49.600854],[15.135005,49.599874],[15.136812,49.600304],[15.135854,49.603091],[15.137433,49.603346],[15.137578,49.601916],[15.139046,49.6015],[15.140378,49.603317],[15.141693,49.602987],[15.14215,49.601874],[15.144084,49.602721],[15.146637,49.602147],[15.14795,49.600668],[15.148723,49.598208],[15.151809,49.596537],[15.15365,49.596002],[15.153189,49.594801],[15.153114,49.591521],[15.15828,49.590804],[15.158468,49.590393],[15.164909,49.588967],[15.164873,49.58984],[15.166926,49.590076],[15.165598,49.591755],[15.167013,49.593783],[15.164477,49.593753],[15.16357,49.595389],[15.165093,49.596746],[15.164802,49.598701],[15.16569,49.599848],[15.167584,49.599843],[15.167494,49.602375],[15.171945,49.603402],[15.172249,49.60617],[15.17082,49.607199],[15.172801,49.609176],[15.169691,49.610397],[15.170101,49.611844],[15.171812,49.613152],[15.17341,49.61337],[15.174745,49.612568],[15.176044,49.610159],[15.178165,49.609374],[15.181342,49.610357],[15.179602,49.61154],[15.177896,49.613449],[15.18046,49.614659],[15.180492,49.615996],[15.182103,49.615459],[15.18257,49.618081],[15.184598,49.619346],[15.188009,49.618637],[15.188806,49.620198],[15.192917,49.618798],[15.194172,49.617979],[15.194716,49.616921],[15.199714,49.613115],[15.200952,49.611633],[15.204772,49.611872],[15.205814,49.613838],[15.207861,49.614077],[15.209169,49.612472],[15.210912,49.611866],[15.212835,49.612143],[15.214428,49.61326],[15.216847,49.614036],[15.221929,49.612389],[15.223123,49.613647],[15.225108,49.614296],[15.227077,49.613662],[15.227683,49.614772],[15.230572,49.615198],[15.229569,49.616431],[15.229793,49.619416],[15.232491,49.619585],[15.234126,49.620317],[15.234081,49.621657],[15.237231,49.621855],[15.237308,49.623372],[15.241265,49.622313],[15.242629,49.623451],[15.240092,49.624908],[15.241087,49.625523],[15.243146,49.624147],[15.244515,49.624206],[15.245418,49.627361],[15.24985,49.630119],[15.249572,49.63225],[15.247177,49.634049],[15.244011,49.635892],[15.244647,49.637434],[15.246146,49.637569],[15.247638,49.639331],[15.250376,49.640839],[15.250385,49.641873],[15.249354,49.643878],[15.248005,49.644487],[15.246646,49.647035],[15.243852,49.648899],[15.242921,49.650274],[15.240741,49.651847],[15.239301,49.652345],[15.237872,49.653708],[15.236768,49.653781],[15.236236,49.654916],[15.236416,49.656625],[15.235714,49.658836],[15.233066,49.66173],[15.232824,49.66237],[15.23424,49.663317],[15.234936,49.664746],[15.228533,49.664803],[15.224005,49.664581],[15.221253,49.664886],[15.21965,49.66573],[15.216639,49.665547],[15.212468,49.664157],[15.208804,49.662648],[15.20753,49.66273],[15.204805,49.664475],[15.201928,49.667474],[15.20084,49.669323],[15.199629,49.669835],[15.196305,49.672883],[15.195051,49.672604],[15.193752,49.67002],[15.192139,49.66877],[15.191784,49.667871],[15.189942,49.66731],[15.185179,49.667434],[15.182547,49.670276],[15.181484,49.673142],[15.183071,49.67353],[15.182575,49.674359],[15.17981,49.676335],[15.180403,49.678318],[15.182568,49.680627],[15.179139,49.682928],[15.179076,49.684383],[15.180525,49.685133],[15.179933,49.686571],[15.178313,49.688246],[15.178111,49.688998],[15.179617,49.692218],[15.179366,49.693676],[15.178284,49.695804],[15.179391,49.697489],[15.180342,49.700301],[15.179143,49.700844],[15.180413,49.702094],[15.180041,49.703885],[15.183432,49.704837],[15.184586,49.707063],[15.182034,49.707979],[15.18177,49.710067],[15.183389,49.710182],[15.18653,49.712546],[15.190914,49.712423],[15.190684,49.711509],[15.192402,49.711357],[15.192813,49.712117],[15.195702,49.714763],[15.198515,49.71639],[15.20011,49.718157],[15.200225,49.718902],[15.199201,49.720468],[15.201516,49.721216],[15.203989,49.722429],[15.205798,49.723973],[15.210151,49.724936],[15.212594,49.724839],[15.217054,49.725892],[15.216523,49.726713],[15.217818,49.728043],[15.21807,49.732464],[15.216515,49.733498],[15.214783,49.738573],[15.219195,49.741221],[15.221613,49.741544],[15.226178,49.74171],[15.227327,49.742409],[15.222816,49.747109],[15.220211,49.747956],[15.222132,49.749921],[15.220999,49.750336],[15.220931,49.751552],[15.222319,49.752713],[15.224396,49.753005],[15.224608,49.754201],[15.227717,49.757132],[15.22913,49.756347],[15.232833,49.756896],[15.234893,49.757557],[15.23529,49.758345],[15.238332,49.757459],[15.240564,49.759674],[15.242588,49.760279],[15.244863,49.760529],[15.245864,49.762316],[15.247921,49.762356],[15.249018,49.763581],[15.252058,49.762751],[15.253845,49.763115],[15.254808,49.761488],[15.25434,49.76105],[15.254129,49.758779],[15.252982,49.756862],[15.249822,49.754467],[15.250986,49.753884],[15.257689,49.754349],[15.259275,49.75276],[15.260285,49.753449],[15.260288,49.755126],[15.262422,49.755489],[15.263126,49.754953],[15.263518,49.751817],[15.264547,49.750929],[15.267438,49.751988],[15.268469,49.752956],[15.268562,49.754136],[15.271555,49.755023],[15.273397,49.754951],[15.275784,49.755995],[15.278222,49.756642],[15.279933,49.757929],[15.278943,49.759954],[15.280517,49.760152],[15.281149,49.758703],[15.284539,49.759813],[15.285229,49.763574],[15.284587,49.764934],[15.288227,49.765032],[15.291291,49.764553],[15.294099,49.765067],[15.29632,49.764329],[15.2978,49.764736],[15.296851,49.766192],[15.29825,49.76796],[15.300526,49.766409],[15.303229,49.766745],[15.305533,49.766193],[15.310961,49.76563],[15.312889,49.766897],[15.314463,49.765597],[15.316179,49.766331],[15.316275,49.767246],[15.320231,49.768225],[15.321313,49.768981],[15.324552,49.76984],[15.325863,49.77209],[15.329234,49.772963],[15.331576,49.772641],[15.333206,49.773505],[15.334057,49.77502],[15.335051,49.775348],[15.339879,49.773982],[15.342109,49.772752],[15.343932,49.772199],[15.345091,49.771241],[15.346327,49.769356],[15.348659,49.770859],[15.350245,49.772298],[15.351183,49.774107],[15.352421,49.774611],[15.354503,49.776862],[15.356983,49.778388],[15.360173,49.779241],[15.362467,49.778387],[15.363775,49.778519],[15.364597,49.777756],[15.365903,49.775345],[15.367247,49.775677],[15.368082,49.778572],[15.367166,49.779803],[15.370501,49.781965],[15.368689,49.782966],[15.369802,49.785575],[15.370831,49.786429],[15.370593,49.788507],[15.372302,49.790282],[15.374367,49.790745],[15.375397,49.792668],[15.378049,49.793804],[15.381222,49.797668],[15.382091,49.798091],[15.382222,49.79986],[15.384263,49.798892],[15.385296,49.799615],[15.388295,49.800331],[15.389165,49.798971],[15.387987,49.797934],[15.387717,49.796781],[15.388578,49.79623],[15.3913,49.792567],[15.39559,49.793571],[15.39659,49.794324],[15.395506,49.795078],[15.394779,49.796998],[15.395805,49.797076],[15.398641,49.795603],[15.402467,49.794882],[15.405053,49.793909],[15.40805,49.793646],[15.410185,49.793987],[15.41166,49.793748],[15.413424,49.795043],[15.41425,49.793474],[15.415472,49.792287],[15.420177,49.793353],[15.421648,49.79186],[15.425093,49.792545],[15.425121,49.793714],[15.42677,49.795773],[15.42832,49.796457],[15.430706,49.796028],[15.432224,49.797624],[15.435989,49.799219],[15.433659,49.802952],[15.436226,49.803374],[15.438938,49.804187],[15.435773,49.805015],[15.432213,49.806466],[15.432754,49.807637],[15.432096,49.808315],[15.432705,49.809573],[15.430147,49.81132],[15.428652,49.814885],[15.429122,49.81619],[15.428136,49.816734],[15.4239,49.817478],[15.422359,49.816572],[15.419328,49.816606],[15.418449,49.818359],[15.415831,49.819292],[15.41511,49.819949],[15.415064,49.822145],[15.41448,49.823716],[15.415459,49.825091],[15.41638,49.827704],[15.41844,49.829228],[15.419623,49.829545],[15.42235,49.832568],[15.424209,49.832988],[15.429434,49.831732],[15.431577,49.832082],[15.431991,49.834107],[15.430905,49.835244],[15.432841,49.836615],[15.434326,49.837023],[15.434465,49.838254],[15.43649,49.8394],[15.440916,49.841103],[15.440829,49.841619],[15.442673,49.842946],[15.446391,49.845156],[15.448531,49.844588],[15.449931,49.845837],[15.455428,49.844836],[15.457134,49.843715],[15.459273,49.842812],[15.462638,49.840289],[15.463806,49.838699],[15.465268,49.839144],[15.464108,49.840512],[15.463578,49.842266],[15.469222,49.843709],[15.473467,49.842699],[15.475597,49.84377],[15.47593,49.844835],[15.475236,49.846179],[15.474682,49.848564],[15.473929,49.848575],[15.473985,49.850803],[15.475587,49.850941],[15.477332,49.85195],[15.479577,49.852682],[15.482845,49.852503],[15.48488,49.852807],[15.48694,49.851012],[15.48761,49.84927],[15.489398,49.850373],[15.491006,49.850218],[15.491703,49.851405],[15.494245,49.854139],[15.495288,49.855965],[15.494405,49.858027],[15.495534,49.85828],[15.494444,49.859544],[15.4971,49.861104]],[[14.604568,50.128413],[14.607109,50.127848],[14.608634,50.127115],[14.62054,50.129435],[14.621771,50.12783],[14.6323,50.129903],[14.634275,50.128237],[14.635442,50.126145],[14.635201,50.123919],[14.638443,50.123607],[14.639769,50.124168],[14.640628,50.12353],[14.645382,50.12341],[14.647519,50.124183],[14.650073,50.123471],[14.652169,50.123537],[14.659115,50.122604],[14.658604,50.12052],[14.659583,50.120663],[14.658899,50.117749],[14.657419,50.11298],[14.656759,50.10989],[14.657435,50.106501],[14.660621,50.106535],[14.661553,50.105153],[14.665883,50.102652],[14.668594,50.103972],[14.668979,50.103272],[14.671889,50.103109],[14.676803,50.101645],[14.689982,50.100683],[14.691196,50.099895],[14.688645,50.098844],[14.688693,50.0963],[14.692691,50.095461],[14.694194,50.094286],[14.696128,50.094332],[14.698403,50.093415],[14.703917,50.091743],[14.705346,50.090171],[14.705327,50.088305],[14.706787,50.087019],[14.702592,50.07655],[14.701756,50.076568],[14.699992,50.072129],[14.694306,50.071856],[14.69086,50.072018],[14.689137,50.071182],[14.682081,50.069136],[14.679907,50.069097],[14.677184,50.067968],[14.676692,50.068186],[14.673022,50.066918],[14.668878,50.064997],[14.667136,50.063785],[14.661794,50.063084],[14.658169,50.062284],[14.657874,50.061277],[14.654524,50.06136],[14.65145,50.061954],[14.652135,50.059538],[14.644837,50.060057],[14.645827,50.058735],[14.643048,50.057556],[14.640192,50.056895],[14.641282,50.053119],[14.640629,50.05124],[14.640984,50.048848],[14.64022,50.048413],[14.643685,50.044168],[14.644039,50.042183],[14.646363,50.042868],[14.648124,50.043803],[14.650362,50.046322],[14.651977,50.047375],[14.653867,50.049254],[14.656492,50.047222],[14.660147,50.044958],[14.66148,50.043018],[14.66373,50.040854],[14.666851,50.038528],[14.660368,50.03778],[14.656957,50.037818],[14.656701,50.034048],[14.656127,50.030955],[14.668034,50.018949],[14.669537,50.018841],[14.669017,50.01724],[14.668548,50.013435],[14.663193,50.013589],[14.661277,50.012399],[14.662783,50.011641],[14.662864,50.010509],[14.661619,50.009301],[14.662615,50.008403],[14.657785,50.004349],[14.649804,50.008794],[14.64681,50.005902],[14.645357,50.005156],[14.643814,50.006539],[14.642941,50.006127],[14.639655,50.006357],[14.639218,50.005294],[14.643207,50.001283],[14.646923,49.998755],[14.640152,49.994441],[14.638832,49.995171],[14.633601,49.996103],[14.62916,49.995537],[14.628184,49.996182],[14.622347,49.998616],[14.619491,49.998615],[14.617778,49.998239],[14.615532,49.998625],[14.613855,49.999856],[14.61141,49.999709],[14.610829,49.998493],[14.60859,50.000106],[14.608253,50.000987],[14.609329,50.001574],[14.60783,50.002937],[14.6039,50.001926],[14.602263,50.009432],[14.594675,50.007746],[14.594964,50.009348],[14.591838,50.00976],[14.589162,50.008657],[14.588578,50.009],[14.587087,50.011453],[14.582038,50.011048],[14.581937,50.013889],[14.582393,50.016364],[14.576279,50.013597],[14.57441,50.011648],[14.572207,50.009855],[14.571647,50.008968],[14.56802,50.007599],[14.567526,50.009489],[14.564598,50.009631],[14.563557,50.011228],[14.562752,50.011586],[14.557492,50.011793],[14.554322,50.012091],[14.553015,50.010998],[14.55379,50.009914],[14.550852,50.007987],[14.546205,50.008769],[14.544536,50.008399],[14.542105,50.008781],[14.540932,50.009892],[14.535484,50.011751],[14.529473,50.010787],[14.527472,50.010838],[14.522431,50.008112],[14.520994,50.007722],[14.523262,50.006152],[14.525604,50.003875],[14.530019,50.000715],[14.524322,49.997434],[14.519134,49.9971],[14.517516,49.995161],[14.513421,49.994534],[14.513746,49.992583],[14.508185,49.992139],[14.507514,49.993473],[14.509356,49.993854],[14.507253,49.997477],[14.483933,49.992419],[14.484846,49.990065],[14.484229,49.989033],[14.484584,49.987415],[14.487038,49.987585],[14.486985,49.985687],[14.480754,49.98519],[14.475948,49.98411],[14.473838,49.983396],[14.473992,49.980404],[14.469475,49.980109],[14.466304,49.981037],[14.465062,49.975772],[14.464108,49.972691],[14.462725,49.972205],[14.46224,49.970771],[14.457315,49.971884],[14.453986,49.971894],[14.449916,49.973426],[14.447551,49.973841],[14.444594,49.973863],[14.442788,49.970858],[14.441264,49.969338],[14.438619,49.96812],[14.436614,49.968172],[14.430234,49.966839],[14.427743,49.9645],[14.424265,49.963889],[14.418984,49.963584],[14.416851,49.963906],[14.414594,49.96539],[14.411585,49.965794],[14.40964,49.966814],[14.408924,49.967643],[14.404313,49.969121],[14.402475,49.970564],[14.400359,49.970328],[14.399924,49.96792],[14.399126,49.967817],[14.397732,49.961896],[14.395523,49.958039],[14.394952,49.956631],[14.394362,49.952998],[14.395063,49.948807],[14.396777,49.94486],[14.396705,49.943174],[14.395562,49.941901],[14.389049,49.945175],[14.388936,49.948095],[14.38797,49.949784],[14.385396,49.949243],[14.379822,49.949195],[14.378779,49.948644],[14.377029,49.946666],[14.375066,49.947435],[14.373208,49.947122],[14.372023,49.949963],[14.369444,49.951164],[14.367092,49.951297],[14.366091,49.949531],[14.360393,49.947455],[14.358736,49.948684],[14.353669,49.947783],[14.351663,49.94821],[14.346593,49.948246],[14.342877,49.947584],[14.340349,49.948669],[14.337634,49.948384],[14.337178,49.949788],[14.334969,49.952567],[14.330825,49.955099],[14.326768,49.956173],[14.325439,49.957209],[14.325089,49.958787],[14.326094,49.959849],[14.327299,49.963298],[14.328121,49.964204],[14.334699,49.96753],[14.33776,49.966884],[14.341487,49.965729],[14.343392,49.966354],[14.344916,49.967628],[14.346006,49.971874],[14.347076,49.972475],[14.346179,49.974711],[14.342649,49.974852],[14.340619,49.974614],[14.335169,49.972909],[14.332299,49.97103],[14.327464,49.970732],[14.326814,49.971859],[14.327858,49.973202],[14.330209,49.974179],[14.329934,49.975416],[14.332607,49.975881],[14.332341,49.977306],[14.334671,49.977526],[14.335194,49.978511],[14.33959,49.980752],[14.337585,49.982391],[14.3389,49.983511],[14.338689,49.985704],[14.336889,49.985933],[14.334657,49.986936],[14.334788,49.987986],[14.335792,49.988862],[14.340301,49.989717],[14.342626,49.990668],[14.338591,49.991553],[14.337739,49.993021],[14.336344,49.993783],[14.334981,49.993848],[14.32767,49.991547],[14.326471,49.991618],[14.321528,49.989887],[14.318101,49.988893],[14.317212,49.990546],[14.314715,49.992809],[14.313961,49.994783],[14.310103,49.993838],[14.307227,49.995468],[14.307388,49.996259],[14.306401,49.997457],[14.302558,49.997506],[14.301036,49.997789],[14.300525,49.998583],[14.301838,49.999949],[14.29977,49.999992],[14.297449,50.000622],[14.295117,50.002241],[14.298043,50.002985],[14.299394,50.004143],[14.30053,50.00438],[14.30018,50.006567],[14.300183,50.009037],[14.300793,50.011814],[14.303315,50.010896],[14.306427,50.007953],[14.30879,50.007114],[14.311457,50.006978],[14.311723,50.009211],[14.313175,50.012045],[14.312608,50.012944],[14.314569,50.013974],[14.31513,50.014986],[14.315528,50.017483],[14.316536,50.019913],[14.316418,50.022001],[14.315551,50.023668],[14.307039,50.024251],[14.30473,50.024525],[14.300319,50.024649],[14.298052,50.023934],[14.297593,50.024586],[14.294145,50.025368],[14.289334,50.026967],[14.28675,50.028241],[14.282064,50.031893],[14.27983,50.033092],[14.274142,50.035718],[14.271861,50.037588],[14.270016,50.040274],[14.269226,50.042748],[14.269877,50.043358],[14.271001,50.046313],[14.270304,50.049248],[14.272636,50.050611],[14.271498,50.05308],[14.271632,50.054319],[14.269928,50.054143],[14.267355,50.053054],[14.264307,50.052332],[14.262304,50.05553],[14.25723,50.054423],[14.255596,50.057087],[14.250847,50.056769],[14.250104,50.057623],[14.248085,50.058308],[14.247558,50.062224],[14.253307,50.062565],[14.253822,50.063013],[14.258715,50.064424],[14.25911,50.067522],[14.258257,50.067825],[14.257799,50.070832],[14.258052,50.071517],[14.266754,50.072628],[14.2753,50.073087],[14.277859,50.071337],[14.278251,50.07294],[14.281094,50.073276],[14.282433,50.074305],[14.284483,50.073589],[14.290192,50.073178],[14.290373,50.074936],[14.289373,50.077137],[14.285009,50.078261],[14.285333,50.081209],[14.281639,50.081619],[14.277494,50.081112],[14.275254,50.081072],[14.274497,50.084539],[14.274477,50.085782],[14.273347,50.087619],[14.270959,50.086137],[14.268271,50.085747],[14.264886,50.087259],[14.261095,50.087095],[14.261033,50.095856],[14.260265,50.096607],[14.255349,50.096716],[14.254269,50.097197],[14.254323,50.098428],[14.258344,50.099384],[14.249838,50.103469],[14.238979,50.102048],[14.237822,50.101289],[14.236041,50.101157],[14.232761,50.102235],[14.226669,50.100414],[14.226105,50.100589],[14.224479,50.102837],[14.225465,50.104002],[14.228522,50.104497],[14.230712,50.105188],[14.231093,50.105776],[14.236323,50.107343],[14.237711,50.106766],[14.23917,50.107211],[14.237523,50.108938],[14.237055,50.110509],[14.238806,50.111799],[14.242889,50.110985],[14.244763,50.110069],[14.246055,50.110081],[14.250979,50.110987],[14.256076,50.112539],[14.257161,50.114564],[14.260044,50.113444],[14.278838,50.119081],[14.284663,50.11547],[14.287879,50.116069],[14.291912,50.118081],[14.295674,50.119657],[14.297449,50.120964],[14.295915,50.122183],[14.295124,50.124653],[14.297043,50.1256],[14.300203,50.126644],[14.300465,50.12866],[14.302434,50.130077],[14.304285,50.129375],[14.305916,50.129951],[14.307909,50.128359],[14.309983,50.128021],[14.315879,50.128617],[14.315577,50.127102],[14.315696,50.122946],[14.317097,50.121005],[14.317664,50.118775],[14.321569,50.115413],[14.327643,50.116752],[14.334557,50.116566],[14.33937,50.116898],[14.350164,50.11642],[14.353425,50.116097],[14.354764,50.116248],[14.360783,50.116019],[14.360404,50.118747],[14.358811,50.121312],[14.355641,50.124653],[14.357656,50.127316],[14.360042,50.129522],[14.357443,50.129648],[14.356874,50.131405],[14.356155,50.136635],[14.354419,50.136257],[14.354124,50.137526],[14.355347,50.138663],[14.35743,50.139288],[14.357788,50.140572],[14.35609,50.141173],[14.357758,50.142274],[14.358719,50.143436],[14.360063,50.14404],[14.362126,50.146606],[14.365704,50.148032],[14.36812,50.147367],[14.371581,50.147973],[14.372381,50.147494],[14.375038,50.14729],[14.378439,50.146492],[14.380304,50.146383],[14.381433,50.146857],[14.384914,50.146907],[14.3877,50.145785],[14.391114,50.143961],[14.392049,50.141785],[14.393679,50.14125],[14.394901,50.141429],[14.396698,50.142446],[14.397034,50.143522],[14.399147,50.143375],[14.400086,50.147779],[14.403332,50.147592],[14.40712,50.146977],[14.412571,50.14823],[14.414572,50.148141],[14.416985,50.14848],[14.419126,50.149407],[14.42111,50.149383],[14.420013,50.152965],[14.423131,50.152796],[14.427676,50.153147],[14.429181,50.154006],[14.428137,50.157667],[14.435975,50.159086],[14.436715,50.157516],[14.451865,50.157832],[14.452145,50.158368],[14.460436,50.158994],[14.464123,50.159923],[14.463719,50.161228],[14.463844,50.164879],[14.466769,50.165427],[14.466913,50.169544],[14.469042,50.169807],[14.478122,50.169753],[14.480149,50.169878],[14.479522,50.172294],[14.492187,50.17235],[14.497988,50.171919],[14.506904,50.171436],[14.509071,50.174161],[14.515609,50.174893],[14.516597,50.174634],[14.518717,50.175155],[14.51958,50.174877],[14.526589,50.176516],[14.526908,50.177394],[14.532483,50.177183],[14.53164,50.173271],[14.531475,50.170929],[14.532617,50.167474],[14.530692,50.166588],[14.534235,50.161565],[14.538839,50.163345],[14.540266,50.164935],[14.542346,50.162848],[14.543898,50.164004],[14.544926,50.163987],[14.547839,50.165378],[14.550539,50.166122],[14.550447,50.164824],[14.553584,50.164246],[14.553074,50.16372],[14.560624,50.162008],[14.560994,50.161575],[14.562747,50.156028],[14.560483,50.155365],[14.56323,50.15017],[14.565202,50.150698],[14.566156,50.151649],[14.568589,50.15085],[14.568785,50.150038],[14.573597,50.149935],[14.578326,50.150814],[14.578533,50.150202],[14.581839,50.151427],[14.583703,50.152682],[14.584351,50.153643],[14.589324,50.154294],[14.597077,50.153445],[14.594737,50.150841],[14.59302,50.149485],[14.592238,50.147349],[14.58843,50.147155],[14.587729,50.145244],[14.588626,50.143952],[14.59127,50.14288],[14.589733,50.139672],[14.591974,50.139028],[14.592704,50.138239],[14.593872,50.135751],[14.595213,50.133922],[14.598238,50.131187],[14.601305,50.129144],[14.604568,50.128413]]]},"properties":{"name":"Mittelböhmen","code":"S","name_cz":"Středočeský kraj"}},
{"type":"Feature","geometry":{"type":"Polygon","coordinates":[[[15.586811,48.946959],[15.580359,48.951425],[15.5775,48.95271],[15.577325,48.953269],[15.575149,48.954319],[15.573658,48.955734],[15.57314,48.957451],[15.575103,48.958554],[15.578766,48.958219],[15.579986,48.959667],[15.578136,48.961103],[15.578599,48.962425],[15.580481,48.962825],[15.580304,48.965745],[15.577656,48.966258],[15.575363,48.966166],[15.572525,48.966522],[15.567511,48.967879],[15.562665,48.969445],[15.559873,48.971406],[15.55841,48.972026],[15.549076,48.973879],[15.546957,48.973847],[15.544647,48.973032],[15.541399,48.973753],[15.540264,48.973365],[15.536401,48.973788],[15.5338,48.973753],[15.52976,48.974072],[15.523705,48.975979],[15.522476,48.977381],[15.520847,48.97844],[15.52319,48.980966],[15.523748,48.98281],[15.524566,48.988725],[15.526345,48.989645],[15.527048,48.991083],[15.529161,48.991182],[15.527907,48.993335],[15.528141,48.995035],[15.519966,48.996101],[15.515429,48.99757],[15.512691,48.997577],[15.510046,48.998384],[15.508304,48.998554],[15.506094,48.99515],[15.504004,48.994725],[15.503174,48.992883],[15.502317,48.992584],[15.499261,48.993166],[15.497586,48.99291],[15.496844,48.991653],[15.496266,48.989414],[15.49303,48.989354],[15.492577,48.99142],[15.49083,48.991358],[15.489189,48.992884],[15.488117,48.995684],[15.487281,48.996867],[15.489309,48.998021],[15.493543,49.000003],[15.492421,49.000599],[15.492861,49.002582],[15.491804,49.004918],[15.493937,49.004813],[15.497962,49.005617],[15.50027,49.007368],[15.503271,49.007307],[15.504232,49.007633],[15.50421,49.010804],[15.505797,49.010453],[15.506265,49.011787],[15.507264,49.011695],[15.508609,49.014369],[15.509241,49.017408],[15.510651,49.016767],[15.512372,49.016815],[15.513844,49.016278],[15.516328,49.016523],[15.51821,49.015778],[15.516784,49.021309],[15.518518,49.021499],[15.524982,49.021242],[15.529415,49.024522],[15.531175,49.02441],[15.53309,49.025061],[15.533746,49.025764],[15.53075,49.026609],[15.531003,49.029149],[15.532429,49.029219],[15.531989,49.030752],[15.530723,49.030431],[15.528331,49.033015],[15.530213,49.033945],[15.528437,49.035161],[15.524857,49.036989],[15.527289,49.039288],[15.532701,49.040238],[15.536478,49.040067],[15.538826,49.039558],[15.539251,49.040634],[15.541905,49.04167],[15.545015,49.042061],[15.545785,49.042462],[15.546605,49.044505],[15.549345,49.049909],[15.546661,49.050753],[15.543136,49.051418],[15.54435,49.056965],[15.540937,49.058251],[15.542048,49.060459],[15.54502,49.060932],[15.546462,49.060669],[15.550237,49.061823],[15.555222,49.06112],[15.556235,49.06409],[15.555504,49.064382],[15.556778,49.066854],[15.553829,49.070398],[15.551669,49.071775],[15.553239,49.077106],[15.55571,49.076525],[15.561775,49.074568],[15.566814,49.072753],[15.569948,49.072081],[15.571492,49.070888],[15.575519,49.074119],[15.577602,49.072984],[15.58105,49.072144],[15.582577,49.072922],[15.583612,49.072017],[15.58572,49.071687],[15.589917,49.072199],[15.591721,49.073062],[15.591444,49.073694],[15.595068,49.074885],[15.597786,49.076481],[15.597269,49.077802],[15.595842,49.079775],[15.595989,49.081242],[15.593604,49.082827],[15.591171,49.083577],[15.589973,49.084497],[15.593521,49.085248],[15.596128,49.084876],[15.599253,49.085251],[15.601871,49.086567],[15.602846,49.086363],[15.604204,49.087781],[15.603052,49.089383],[15.601004,49.090382],[15.595697,49.092224],[15.58204,49.098277],[15.583783,49.099667],[15.585578,49.101968],[15.587154,49.10143],[15.588534,49.103206],[15.590199,49.104441],[15.58478,49.105908],[15.582944,49.105324],[15.579325,49.105749],[15.577817,49.106395],[15.576301,49.105226],[15.574537,49.105576],[15.574008,49.103617],[15.575171,49.103287],[15.574714,49.102031],[15.5713,49.102991],[15.572292,49.104216],[15.569916,49.105057],[15.567508,49.106606],[15.565558,49.109056],[15.559047,49.11107],[15.557055,49.111024],[15.554178,49.111645],[15.549699,49.114763],[15.551833,49.116421],[15.553902,49.117032],[15.559655,49.118209],[15.563068,49.118545],[15.564527,49.118351],[15.567527,49.118554],[15.570082,49.116579],[15.570157,49.118113],[15.569565,49.120106],[15.569719,49.121865],[15.568979,49.122838],[15.567576,49.123246],[15.566831,49.124195],[15.56663,49.126501],[15.567466,49.128902],[15.564686,49.129035],[15.559909,49.130301],[15.557431,49.130109],[15.555063,49.12822],[15.554825,49.131242],[15.552457,49.131945],[15.550218,49.13369],[15.548315,49.134635],[15.544555,49.135659],[15.54325,49.135543],[15.542746,49.134019],[15.539415,49.134136],[15.537841,49.13457],[15.53672,49.135492],[15.535745,49.134168],[15.535807,49.131664],[15.534429,49.131084],[15.538281,49.129097],[15.53925,49.128199],[15.539304,49.126729],[15.536534,49.126074],[15.535856,49.124681],[15.532629,49.125814],[15.529948,49.126161],[15.52888,49.127731],[15.526669,49.129542],[15.523812,49.12947],[15.522678,49.129949],[15.519965,49.130206],[15.519782,49.130789],[15.515573,49.131294],[15.514231,49.130539],[15.511958,49.130026],[15.509844,49.128182],[15.507912,49.124688],[15.504838,49.122334],[15.502778,49.119233],[15.498721,49.118967],[15.494842,49.11911],[15.492337,49.119448],[15.489271,49.120593],[15.489654,49.121544],[15.484183,49.122296],[15.480633,49.121422],[15.478692,49.121281],[15.475181,49.121691],[15.469958,49.122821],[15.46887,49.121347],[15.468392,49.119619],[15.466547,49.12008],[15.465276,49.121072],[15.464285,49.120072],[15.461677,49.121426],[15.459472,49.121528],[15.456335,49.12223],[15.456678,49.123052],[15.454941,49.123531],[15.451947,49.125871],[15.449918,49.128195],[15.448208,49.128645],[15.445066,49.130395],[15.44127,49.133023],[15.440403,49.132227],[15.437994,49.131966],[15.435241,49.131044],[15.432748,49.129717],[15.430343,49.129768],[15.430232,49.128379],[15.427062,49.124055],[15.427668,49.123156],[15.425586,49.119847],[15.423849,49.117636],[15.421573,49.118712],[15.422209,49.119669],[15.421563,49.120743],[15.421523,49.122973],[15.422795,49.124178],[15.422222,49.1252],[15.414987,49.126561],[15.414085,49.126532],[15.410684,49.1278],[15.408256,49.130367],[15.406264,49.13152],[15.403185,49.132099],[15.400388,49.132071],[15.399434,49.132663],[15.39436,49.133864],[15.391346,49.134944],[15.388287,49.134238],[15.382747,49.136082],[15.379472,49.137878],[15.379044,49.139699],[15.380123,49.141558],[15.379728,49.142406],[15.377285,49.144889],[15.375971,49.146878],[15.373799,49.148701],[15.372608,49.150475],[15.371481,49.148907],[15.369443,49.149019],[15.368801,49.148307],[15.366546,49.148031],[15.363972,49.14858],[15.3619,49.150023],[15.360204,49.150524],[15.358403,49.150483],[15.358187,49.153016],[15.3606,49.155231],[15.358381,49.156016],[15.355218,49.156657],[15.35451,49.154998],[15.357264,49.154384],[15.3574,49.153038],[15.353516,49.152959],[15.351736,49.153878],[15.350428,49.155508],[15.347259,49.160284],[15.34611,49.161066],[15.345411,49.16341],[15.343266,49.166891],[15.341749,49.167218],[15.337218,49.166836],[15.337174,49.167481],[15.339905,49.169152],[15.340962,49.170746],[15.344324,49.172826],[15.341794,49.174592],[15.342764,49.1756],[15.342693,49.179228],[15.34326,49.180501],[15.344927,49.1817],[15.346175,49.18328],[15.348272,49.185203],[15.347651,49.187528],[15.34815,49.188314],[15.350459,49.190056],[15.350916,49.193157],[15.347853,49.193499],[15.348289,49.195942],[15.349186,49.197134],[15.347896,49.198289],[15.344611,49.199895],[15.344319,49.201483],[15.34293,49.204546],[15.342346,49.204698],[15.343287,49.207596],[15.345692,49.212035],[15.34549,49.216377],[15.343451,49.216827],[15.341485,49.21833],[15.338548,49.218387],[15.335679,49.21913],[15.332547,49.218938],[15.331204,49.219427],[15.32888,49.21741],[15.325086,49.217134],[15.321656,49.217385],[15.321702,49.218212],[15.318855,49.219165],[15.317414,49.218227],[15.315044,49.217623],[15.313085,49.218663],[15.312436,49.216808],[15.313192,49.214831],[15.30756,49.213162],[15.306825,49.213763],[15.305269,49.213432],[15.301966,49.215139],[15.300756,49.215188],[15.297373,49.216653],[15.293351,49.217089],[15.290767,49.216462],[15.287135,49.216501],[15.284927,49.216785],[15.282841,49.214543],[15.282735,49.213421],[15.281564,49.21112],[15.27955,49.210276],[15.275572,49.211247],[15.271285,49.210596],[15.269066,49.211798],[15.268124,49.21315],[15.265528,49.214707],[15.263361,49.214092],[15.261048,49.212282],[15.260109,49.210998],[15.258945,49.210688],[15.258353,49.209447],[15.258781,49.207948],[15.25791,49.20744],[15.254571,49.207653],[15.254557,49.209057],[15.256459,49.211175],[15.254668,49.212205],[15.253963,49.213562],[15.255572,49.213445],[15.256275,49.214773],[15.256558,49.216681],[15.257528,49.217603],[15.254105,49.21855],[15.251896,49.219426],[15.247625,49.220503],[15.247213,49.221759],[15.242036,49.223733],[15.241478,49.221917],[15.237277,49.222954],[15.231177,49.224023],[15.22908,49.223725],[15.227154,49.224525],[15.223971,49.224725],[15.222768,49.225111],[15.218846,49.227255],[15.216491,49.227967],[15.214614,49.226842],[15.210313,49.226462],[15.207422,49.226793],[15.205724,49.225952],[15.204404,49.227864],[15.203781,49.228063],[15.202997,49.2308],[15.201658,49.231093],[15.199154,49.233078],[15.199131,49.23381],[15.197573,49.235294],[15.192394,49.236168],[15.191194,49.235872],[15.19062,49.23321],[15.190597,49.231127],[15.188103,49.230248],[15.186864,49.229102],[15.182859,49.226803],[15.179014,49.224046],[15.176136,49.221238],[15.172739,49.219828],[15.169697,49.218223],[15.166516,49.216023],[15.162551,49.217367],[15.159728,49.217315],[15.155197,49.218166],[15.153172,49.219168],[15.150583,49.221156],[15.146077,49.220748],[15.143258,49.220913],[15.141267,49.221424],[15.13931,49.221161],[15.140794,49.223074],[15.139606,49.226057],[15.138317,49.228164],[15.138165,49.229127],[15.136553,49.231005],[15.134844,49.233553],[15.136236,49.233889],[15.137051,49.235414],[15.135383,49.237574],[15.132608,49.237249],[15.130181,49.241299],[15.13164,49.241827],[15.131659,49.243073],[15.128018,49.243457],[15.126628,49.245131],[15.123732,49.24779],[15.119991,49.248263],[15.114106,49.247493],[15.109578,49.246716],[15.105947,49.245896],[15.10471,49.243982],[15.099808,49.242322],[15.09912,49.240808],[15.096848,49.242856],[15.092754,49.245532],[15.089222,49.24597],[15.085338,49.246799],[15.084305,49.24638],[15.081363,49.246522],[15.080737,49.247742],[15.078905,49.248054],[15.078981,49.248897],[15.077639,49.250306],[15.076035,49.250843],[15.074951,49.252169],[15.076583,49.252672],[15.080235,49.250587],[15.083862,49.250011],[15.087857,49.250581],[15.091568,49.250704],[15.095581,49.248992],[15.096944,49.248738],[15.100842,49.249036],[15.101866,49.250726],[15.100353,49.256509],[15.097963,49.259383],[15.099093,49.26079],[15.102044,49.260449],[15.103354,49.260807],[15.104465,49.263385],[15.103779,49.264811],[15.10525,49.266277],[15.104482,49.267129],[15.104399,49.268968],[15.103673,49.270112],[15.100653,49.270455],[15.097288,49.270327],[15.094435,49.270852],[15.092062,49.270978],[15.085702,49.272069],[15.08332,49.271817],[15.081149,49.273027],[15.079584,49.272598],[15.072576,49.273071],[15.069684,49.273415],[15.068038,49.272025],[15.063909,49.272802],[15.062086,49.273967],[15.060967,49.274054],[15.058305,49.275254],[15.057268,49.276171],[15.055232,49.276906],[15.052154,49.278641],[15.050663,49.278718],[15.048156,49.280093],[15.047134,49.281759],[15.044682,49.282351],[15.043628,49.283919],[15.044867,49.285717],[15.043705,49.287175],[15.044292,49.287565],[15.041642,49.290235],[15.037755,49.290799],[15.035504,49.290487],[15.034922,49.291609],[15.035381,49.294325],[15.032239,49.295868],[15.029896,49.296601],[15.029479,49.295974],[15.023869,49.293601],[15.022313,49.292267],[15.019641,49.291564],[15.018626,49.290861],[15.015939,49.290794],[15.013868,49.29019],[15.012811,49.289335],[15.010265,49.288561],[15.008682,49.287575],[15.005275,49.28621],[15.004796,49.285751],[15.001093,49.284883],[14.996668,49.280257],[14.996529,49.279554],[14.991176,49.275017],[14.987526,49.275769],[14.984165,49.276702],[14.981358,49.276769],[14.978394,49.277329],[14.977541,49.278559],[14.975318,49.279886],[14.977163,49.280969],[14.976898,49.282042],[14.975412,49.281926],[14.974609,49.283281],[14.969705,49.287858],[14.966281,49.289587],[14.962947,49.290907],[14.962113,49.292303],[14.959743,49.292657],[14.958281,49.291954],[14.95684,49.292276],[14.955015,49.293596],[14.953593,49.293934],[14.949519,49.29697],[14.948973,49.30091],[14.949739,49.301982],[14.947869,49.304244],[14.945324,49.303451],[14.94516,49.305222],[14.94,49.306447],[14.931175,49.308898],[14.929486,49.30966],[14.924169,49.310405],[14.926064,49.313366],[14.929978,49.316482],[14.92713,49.318667],[14.927368,49.319363],[14.926496,49.320969],[14.923731,49.321751],[14.918632,49.323636],[14.918208,49.324313],[14.915555,49.326401],[14.913425,49.327455],[14.91139,49.327499],[14.909332,49.328054],[14.906723,49.33141],[14.905736,49.333022],[14.904272,49.333382],[14.905623,49.335194],[14.907547,49.336457],[14.909329,49.337046],[14.908784,49.338587],[14.909942,49.339598],[14.909881,49.34067],[14.915212,49.342],[14.914054,49.344937],[14.916894,49.34496],[14.918676,49.345582],[14.918936,49.346984],[14.921481,49.348714],[14.922798,49.351398],[14.92508,49.352066],[14.928088,49.351882],[14.931121,49.351215],[14.93257,49.352256],[14.931594,49.354059],[14.933291,49.354711],[14.932661,49.356547],[14.930949,49.355505],[14.928663,49.352707],[14.926885,49.352549],[14.926452,49.353244],[14.926655,49.355064],[14.925752,49.355557],[14.925767,49.359341],[14.924971,49.36101],[14.925808,49.362546],[14.924157,49.363496],[14.91943,49.365169],[14.918352,49.367042],[14.915129,49.368367],[14.91258,49.366888],[14.910798,49.366957],[14.9079,49.367995],[14.907863,49.36862],[14.905913,49.36895],[14.902472,49.369977],[14.900125,49.371831],[14.896365,49.372176],[14.895568,49.373263],[14.891554,49.373406],[14.888181,49.375964],[14.891981,49.378715],[14.892534,49.379901],[14.89254,49.38194],[14.889712,49.384122],[14.892065,49.38527],[14.892232,49.387916],[14.894639,49.38808],[14.895691,49.389315],[14.89386,49.389754],[14.892537,49.389509],[14.892547,49.391345],[14.894032,49.393377],[14.896974,49.393439],[14.898794,49.39478],[14.901535,49.39497],[14.901505,49.398319],[14.902921,49.399579],[14.901624,49.401494],[14.903574,49.402096],[14.905902,49.404819],[14.904647,49.405798],[14.904384,49.407197],[14.905354,49.408554],[14.901909,49.410909],[14.902433,49.412998],[14.904109,49.412653],[14.906708,49.415185],[14.905432,49.416813],[14.905992,49.417912],[14.90929,49.418193],[14.910987,49.419238],[14.911113,49.420249],[14.912721,49.421861],[14.91451,49.42271],[14.916046,49.424694],[14.909673,49.425863],[14.9086,49.423879],[14.906735,49.423204],[14.903387,49.423721],[14.90201,49.42209],[14.901092,49.422223],[14.90065,49.424082],[14.901873,49.424905],[14.900674,49.425949],[14.900156,49.427965],[14.902358,49.428333],[14.905081,49.428034],[14.906841,49.431228],[14.911336,49.430852],[14.912129,49.433636],[14.914138,49.437274],[14.913282,49.438658],[14.913629,49.439766],[14.912197,49.440147],[14.911906,49.441262],[14.91279,49.441811],[14.91252,49.443626],[14.915232,49.446207],[14.916761,49.446795],[14.919749,49.446585],[14.920152,49.448026],[14.921432,49.448691],[14.92113,49.450211],[14.923171,49.451904],[14.922958,49.452704],[14.924439,49.453916],[14.924472,49.45626],[14.927523,49.456361],[14.926618,49.45819],[14.924826,49.460245],[14.926082,49.462149],[14.926467,49.464097],[14.927736,49.46593],[14.930087,49.467988],[14.925031,49.470471],[14.922276,49.470427],[14.921498,49.471519],[14.919621,49.472309],[14.918693,49.473194],[14.918482,49.474344],[14.921407,49.474511],[14.921356,49.475501],[14.922534,49.475847],[14.924077,49.47789],[14.925337,49.481454],[14.926025,49.48243],[14.928316,49.482599],[14.931135,49.483416],[14.933072,49.483669],[14.930854,49.485278],[14.928292,49.488099],[14.927761,49.490539],[14.928803,49.492396],[14.928703,49.495162],[14.926127,49.495631],[14.925351,49.499012],[14.926516,49.49953],[14.926953,49.500619],[14.925214,49.501627],[14.925962,49.502325],[14.92446,49.503885],[14.918674,49.506382],[14.918201,49.508029],[14.91591,49.508129],[14.914162,49.510278],[14.912752,49.51152],[14.910675,49.511065],[14.909571,49.512505],[14.908084,49.513054],[14.906077,49.512203],[14.903801,49.51392],[14.901323,49.514509],[14.902112,49.517098],[14.903064,49.518351],[14.905721,49.51865],[14.905645,49.520914],[14.906215,49.522345],[14.9099,49.522587],[14.911129,49.521982],[14.915751,49.522487],[14.917036,49.522136],[14.918768,49.522802],[14.920372,49.522371],[14.926476,49.524021],[14.928211,49.521102],[14.932636,49.520725],[14.935844,49.520653],[14.937269,49.522135],[14.938689,49.521731],[14.939825,49.523273],[14.941615,49.52459],[14.943689,49.524311],[14.945122,49.526614],[14.945026,49.52763],[14.943296,49.528225],[14.942216,49.52919],[14.939525,49.530331],[14.935609,49.534797],[14.935576,49.535923],[14.934739,49.537402],[14.931863,49.539694],[14.929613,49.540779],[14.928265,49.543468],[14.928464,49.545904],[14.929793,49.547768],[14.932292,49.548697],[14.932006,49.549379],[14.929442,49.549265],[14.926341,49.550421],[14.923215,49.548937],[14.924174,49.546603],[14.925359,49.545645],[14.922053,49.543967],[14.920401,49.543916],[14.916272,49.545464],[14.91261,49.545785],[14.911653,49.544507],[14.90988,49.543059],[14.903611,49.543975],[14.902353,49.544433],[14.902908,49.545695],[14.901593,49.548297],[14.899296,49.548825],[14.898807,49.549809],[14.896953,49.550686],[14.896912,49.551565],[14.895156,49.553052],[14.892565,49.553215],[14.8956,49.556141],[14.894121,49.556761],[14.894228,49.557461],[14.892695,49.557988],[14.891566,49.558968],[14.888081,49.560333],[14.886504,49.562664],[14.890063,49.562439],[14.889867,49.563329],[14.887002,49.563672],[14.885188,49.565181],[14.882762,49.571796],[14.883083,49.575578],[14.881072,49.575079],[14.87936,49.574228],[14.876827,49.572467],[14.87546,49.572593],[14.878299,49.575021],[14.875633,49.577301],[14.874323,49.576666],[14.872854,49.57819],[14.875994,49.579314],[14.874447,49.581186],[14.873797,49.581379],[14.875445,49.584456],[14.877216,49.585968],[14.877188,49.586827],[14.875385,49.587801],[14.87281,49.588062],[14.86796,49.588102],[14.867088,49.590924],[14.86549,49.590956],[14.865364,49.588734],[14.866295,49.588413],[14.865402,49.586952],[14.862993,49.586671],[14.86227,49.58616],[14.860159,49.587001],[14.858589,49.588065],[14.856546,49.588199],[14.855018,49.587702],[14.854052,49.586396],[14.851068,49.583993],[14.850485,49.582481],[14.848431,49.58025],[14.848555,49.578442],[14.851789,49.577681],[14.850747,49.575082],[14.849602,49.575862],[14.845146,49.576125],[14.844334,49.577007],[14.843941,49.57853],[14.844426,49.580141],[14.84258,49.580285],[14.840523,49.582629],[14.837681,49.584124],[14.837136,49.583341],[14.835026,49.583267],[14.833738,49.584058],[14.834222,49.584948],[14.829819,49.585745],[14.827305,49.586928],[14.825568,49.588299],[14.823455,49.590479],[14.820607,49.591663],[14.820366,49.594724],[14.81897,49.595533],[14.816522,49.598705],[14.814762,49.599885],[14.813778,49.602281],[14.81192,49.602574],[14.808666,49.602546],[14.807922,49.601592],[14.803808,49.601228],[14.799986,49.602681],[14.796227,49.603014],[14.794287,49.603955],[14.791144,49.603202],[14.789843,49.604239],[14.786975,49.605242],[14.782934,49.605128],[14.779514,49.604689],[14.778381,49.607922],[14.777749,49.608798],[14.774609,49.611128],[14.773494,49.611461],[14.771464,49.613473],[14.768116,49.615669],[14.766611,49.619206],[14.76743,49.621088],[14.766342,49.621113],[14.764267,49.618589],[14.765083,49.617752],[14.763605,49.616028],[14.76297,49.613388],[14.762077,49.612811],[14.762206,49.611506],[14.763155,49.609847],[14.758472,49.61056],[14.756664,49.609968],[14.75618,49.609242],[14.753699,49.609617],[14.752138,49.610295],[14.752031,49.608001],[14.749854,49.606921],[14.748183,49.607012],[14.74701,49.606302],[14.747043,49.604763],[14.745149,49.604558],[14.744456,49.605851],[14.743026,49.605609],[14.742856,49.603359],[14.741758,49.602876],[14.742363,49.601382],[14.744343,49.600113],[14.743502,49.598694],[14.745389,49.597686],[14.746462,49.596224],[14.745494,49.595145],[14.741086,49.594934],[14.739771,49.596033],[14.735234,49.59586],[14.733893,49.595132],[14.732272,49.596647],[14.730944,49.596204],[14.729702,49.597484],[14.728429,49.596869],[14.730234,49.593941],[14.727294,49.592308],[14.729368,49.591889],[14.72938,49.589657],[14.731558,49.587941],[14.732703,49.588708],[14.733979,49.588016],[14.734006,49.586818],[14.732528,49.586673],[14.732999,49.585471],[14.731823,49.585186],[14.731122,49.583071],[14.732688,49.581156],[14.730813,49.58013],[14.728775,49.580446],[14.728069,49.579256],[14.72624,49.579106],[14.724376,49.579752],[14.722989,49.579723],[14.722705,49.578628],[14.722707,49.575575],[14.722303,49.572747],[14.720427,49.572467],[14.720941,49.57087],[14.71953,49.570981],[14.719535,49.569458],[14.721094,49.570043],[14.721638,49.567736],[14.727912,49.567645],[14.729387,49.566537],[14.729096,49.563868],[14.725859,49.562108],[14.72447,49.560958],[14.724914,49.560097],[14.727286,49.55955],[14.72852,49.557728],[14.731238,49.559113],[14.732588,49.557885],[14.729254,49.556819],[14.731741,49.555914],[14.73389,49.555583],[14.7362,49.554117],[14.737675,49.552321],[14.737402,49.550516],[14.736227,49.550969],[14.732313,49.551071],[14.732175,49.549726],[14.734264,49.548923],[14.737048,49.550193],[14.738002,49.549042],[14.737219,49.548499],[14.735774,49.549199],[14.731831,49.547163],[14.729627,49.547588],[14.724546,49.547813],[14.721686,49.546584],[14.721875,49.544804],[14.717266,49.542966],[14.712512,49.542503],[14.712623,49.541415],[14.709818,49.540777],[14.707847,49.541322],[14.707542,49.542351],[14.706292,49.543746],[14.70296,49.543165],[14.697973,49.543473],[14.693847,49.544293],[14.693227,49.54258],[14.691522,49.541796],[14.693414,49.539505],[14.692522,49.538499],[14.690935,49.538791],[14.68887,49.538309],[14.684938,49.53849],[14.683116,49.53583],[14.68412,49.534093],[14.679967,49.533005],[14.677607,49.531023],[14.676098,49.531584],[14.674727,49.529],[14.67359,49.528965],[14.672239,49.527764],[14.670592,49.529123],[14.669265,49.528749],[14.667716,49.529142],[14.665474,49.528489],[14.66484,49.526173],[14.664128,49.525342],[14.658529,49.524765],[14.656801,49.522327],[14.656091,49.519579],[14.651875,49.519916],[14.650826,49.519391],[14.64986,49.517803],[14.650878,49.516612],[14.654128,49.515699],[14.656434,49.514092],[14.655072,49.512311],[14.652787,49.511175],[14.654135,49.508072],[14.6528,49.506091],[14.649719,49.503815],[14.648025,49.503124],[14.645864,49.50348],[14.64265,49.504719],[14.640448,49.503475],[14.638996,49.505469],[14.639218,49.507937],[14.638812,49.508983],[14.639162,49.5107],[14.637954,49.51245],[14.638132,49.514725],[14.635859,49.517313],[14.634091,49.517362],[14.633368,49.518449],[14.631654,49.51928],[14.630791,49.518505],[14.629542,49.519192],[14.627833,49.518662],[14.625598,49.519825],[14.621974,49.51935],[14.615787,49.521125],[14.615182,49.521493],[14.609739,49.522759],[14.607978,49.522728],[14.606014,49.522141],[14.602619,49.521897],[14.600453,49.520633],[14.598158,49.52015],[14.596169,49.518954],[14.593122,49.519059],[14.588539,49.518409],[14.586165,49.518319],[14.584219,49.518645],[14.582633,49.518185],[14.58127,49.519633],[14.580828,49.520973],[14.579009,49.52224],[14.573518,49.521608],[14.573332,49.522185],[14.575596,49.523469],[14.574834,49.524938],[14.577686,49.52632],[14.581628,49.526211],[14.582968,49.526675],[14.583069,49.52801],[14.584895,49.529104],[14.583923,49.52997],[14.58365,49.531556],[14.585571,49.532504],[14.589115,49.532658],[14.590546,49.533912],[14.591446,49.537534],[14.590404,49.538158],[14.590975,49.541272],[14.590311,49.543639],[14.587418,49.544421],[14.586897,49.543515],[14.585261,49.542922],[14.585217,49.541557],[14.586298,49.540315],[14.584747,49.540148],[14.584032,49.538143],[14.577809,49.53541],[14.575665,49.537],[14.572965,49.537709],[14.572756,49.536565],[14.575221,49.536772],[14.572784,49.533157],[14.570245,49.533909],[14.569705,49.533124],[14.567678,49.533178],[14.566675,49.534689],[14.566056,49.537124],[14.563575,49.535434],[14.561995,49.535122],[14.562511,49.533316],[14.563558,49.532853],[14.562553,49.531413],[14.561015,49.531087],[14.557719,49.531337],[14.55453,49.531843],[14.554429,49.532993],[14.552211,49.532536],[14.550903,49.533409],[14.548619,49.532013],[14.546036,49.532172],[14.545047,49.533991],[14.544014,49.533565],[14.540734,49.534203],[14.539288,49.534872],[14.537883,49.534784],[14.535555,49.536093],[14.53476,49.53693],[14.533212,49.53656],[14.531756,49.535171],[14.529607,49.534923],[14.52822,49.532583],[14.527074,49.533358],[14.525973,49.535064],[14.522462,49.534218],[14.522313,49.535391],[14.520586,49.536198],[14.517735,49.534806],[14.51444,49.534866],[14.515914,49.536017],[14.512786,49.53693],[14.511672,49.536583],[14.510793,49.538136],[14.510536,49.541692],[14.511549,49.541851],[14.511706,49.543323],[14.5104,49.544522],[14.509436,49.544544],[14.507283,49.543527],[14.503631,49.543762],[14.499793,49.542429],[14.49941,49.54145],[14.49701,49.54064],[14.494232,49.540979],[14.49075,49.542291],[14.489313,49.544354],[14.486159,49.543697],[14.484113,49.545276],[14.477476,49.546104],[14.476049,49.54575],[14.475348,49.544814],[14.47765,49.543319],[14.475621,49.539632],[14.475856,49.537582],[14.47367,49.537191],[14.469728,49.537539],[14.468868,49.536635],[14.466519,49.536147],[14.46566,49.535473],[14.467145,49.533524],[14.46924,49.533591],[14.469693,49.532234],[14.466908,49.531502],[14.464317,49.532463],[14.463573,49.535247],[14.462694,49.534569],[14.462751,49.533412],[14.462046,49.532287],[14.456359,49.534287],[14.455698,49.535693],[14.456245,49.538332],[14.454571,49.538244],[14.451726,49.539095],[14.449421,49.541758],[14.447228,49.541241],[14.444503,49.541333],[14.443307,49.542271],[14.444078,49.544192],[14.443345,49.545377],[14.443775,49.546446],[14.442456,49.548424],[14.441253,49.547957],[14.434793,49.547515],[14.433169,49.547611],[14.431451,49.544931],[14.430923,49.543508],[14.429188,49.543573],[14.427896,49.542319],[14.4264,49.544079],[14.424914,49.54655],[14.422171,49.54849],[14.421681,49.54976],[14.419034,49.550644],[14.417666,49.551928],[14.416736,49.554071],[14.415137,49.55505],[14.412562,49.554648],[14.408798,49.557165],[14.407754,49.556989],[14.405947,49.5578],[14.409288,49.553659],[14.407866,49.552122],[14.406265,49.552094],[14.404933,49.553501],[14.403254,49.553881],[14.401513,49.555196],[14.39983,49.554123],[14.403336,49.552615],[14.402344,49.551598],[14.405421,49.550434],[14.404165,49.549506],[14.405214,49.548892],[14.406205,49.54721],[14.407777,49.54716],[14.407445,49.545439],[14.405598,49.544675],[14.405246,49.543421],[14.406626,49.543473],[14.407206,49.542291],[14.406149,49.541663],[14.404373,49.541871],[14.404874,49.540085],[14.406563,49.539481],[14.40748,49.538454],[14.409167,49.538407],[14.412116,49.539022],[14.413983,49.538459],[14.413556,49.536824],[14.410558,49.53687],[14.408441,49.537231],[14.407419,49.534716],[14.406111,49.534768],[14.40374,49.536751],[14.403525,49.540933],[14.400434,49.541424],[14.397831,49.541093],[14.396757,49.542434],[14.394305,49.542805],[14.39353,49.543558],[14.3909,49.542375],[14.387973,49.543102],[14.385665,49.542657],[14.385772,49.540716],[14.384664,49.539481],[14.382085,49.540083],[14.380308,49.541014],[14.379982,49.539165],[14.381212,49.538831],[14.380911,49.537649],[14.37912,49.536878],[14.377262,49.536692],[14.375174,49.534832],[14.376459,49.533745],[14.374298,49.533155],[14.372854,49.533275],[14.373247,49.534449],[14.371818,49.535205],[14.370532,49.534597],[14.368629,49.531624],[14.367793,49.530992],[14.367801,49.528728],[14.366603,49.527641],[14.363732,49.52823],[14.365234,49.528917],[14.364756,49.530113],[14.362684,49.530249],[14.361438,49.531385],[14.357229,49.529402],[14.356318,49.529631],[14.356533,49.525371],[14.355764,49.524085],[14.354642,49.524115],[14.353239,49.527587],[14.353174,49.529029],[14.351457,49.528529],[14.348901,49.528649],[14.346766,49.528207],[14.345772,49.528841],[14.345668,49.530295],[14.343061,49.530157],[14.342503,49.531562],[14.340765,49.531943],[14.336942,49.529013],[14.332731,49.528081],[14.33189,49.526799],[14.32974,49.52672],[14.327753,49.527459],[14.328026,49.529263],[14.329433,49.529319],[14.329531,49.530941],[14.328464,49.534081],[14.331216,49.535848],[14.332737,49.537973],[14.334456,49.539192],[14.331229,49.540422],[14.32864,49.539673],[14.326398,49.539618],[14.32575,49.540721],[14.323607,49.540822],[14.324252,49.542472],[14.321603,49.544656],[14.320568,49.544531],[14.320208,49.546017],[14.31823,49.546705],[14.316764,49.545833],[14.316841,49.544872],[14.315988,49.543874],[14.313937,49.54644],[14.312443,49.545977],[14.310346,49.547133],[14.308505,49.547189],[14.306101,49.54986],[14.303902,49.548392],[14.303707,49.547265],[14.300834,49.545593],[14.30014,49.544195],[14.297775,49.544973],[14.297629,49.546408],[14.296625,49.548291],[14.29273,49.54705],[14.292136,49.547745],[14.293022,49.54896],[14.289713,49.549473],[14.288964,49.550852],[14.291331,49.551898],[14.290648,49.554873],[14.292377,49.554936],[14.291882,49.556452],[14.289664,49.557392],[14.289606,49.557935],[14.292766,49.558056],[14.292355,49.559323],[14.289431,49.559735],[14.286873,49.561503],[14.284617,49.562274],[14.281666,49.562583],[14.279199,49.563461],[14.277501,49.562218],[14.276452,49.562704],[14.276058,49.564241],[14.274666,49.565825],[14.272044,49.564321],[14.269445,49.563604],[14.268404,49.564623],[14.266854,49.566955],[14.264899,49.567083],[14.263582,49.567801],[14.260012,49.565188],[14.258721,49.565774],[14.254889,49.565738],[14.247641,49.563279],[14.245094,49.561832],[14.242043,49.561613],[14.240666,49.560084],[14.237553,49.560709],[14.238823,49.5625],[14.238772,49.56332],[14.236521,49.563969],[14.234285,49.565085],[14.232443,49.562608],[14.2319,49.561022],[14.228774,49.561773],[14.226671,49.561831],[14.225145,49.559626],[14.223276,49.559668],[14.225849,49.557177],[14.226488,49.555795],[14.226365,49.554496],[14.227209,49.553783],[14.227052,49.551527],[14.225843,49.549244],[14.224649,49.54987],[14.223555,49.548418],[14.221664,49.548346],[14.22171,49.546763],[14.222723,49.546054],[14.222137,49.544973],[14.220582,49.545147],[14.220163,49.543829],[14.218074,49.544154],[14.216647,49.543142],[14.215091,49.541342],[14.21405,49.541982],[14.212077,49.541223],[14.21104,49.541477],[14.209681,49.538905],[14.212168,49.540004],[14.213533,49.53941],[14.215188,49.539813],[14.21572,49.538407],[14.214528,49.538019],[14.214596,49.536862],[14.21317,49.535981],[14.209901,49.536204],[14.209395,49.533314],[14.209582,49.532356],[14.206322,49.531446],[14.201932,49.531932],[14.200719,49.532548],[14.200325,49.533788],[14.201208,49.535182],[14.203705,49.53485],[14.204584,49.535607],[14.206429,49.535714],[14.205699,49.536894],[14.204245,49.537363],[14.20051,49.537799],[14.198389,49.537203],[14.196013,49.537415],[14.193967,49.53705],[14.192849,49.536203],[14.190538,49.536915],[14.188861,49.53678],[14.18717,49.53531],[14.182509,49.535866],[14.181691,49.535505],[14.181283,49.53398],[14.179834,49.53288],[14.17734,49.532142],[14.175687,49.53249],[14.174653,49.53425],[14.17343,49.534144],[14.166834,49.534821],[14.162199,49.534386],[14.159785,49.533135],[14.153752,49.533655],[14.152611,49.534201],[14.151395,49.532977],[14.151419,49.531767],[14.152612,49.531124],[14.151195,49.530441],[14.148709,49.531057],[14.146102,49.532194],[14.136902,49.534396],[14.136131,49.533764],[14.133712,49.533619],[14.131642,49.534472],[14.125255,49.536552],[14.121929,49.536883],[14.122606,49.532998],[14.124795,49.530252],[14.125501,49.528052],[14.124224,49.528359],[14.120516,49.528365],[14.120653,49.529036],[14.118349,49.529656],[14.115465,49.529447],[14.114928,49.528708],[14.110246,49.528553],[14.107133,49.529806],[14.106472,49.532536],[14.108913,49.534591],[14.108786,49.535531],[14.107241,49.536915],[14.104497,49.537016],[14.102941,49.536699],[14.102413,49.535744],[14.100783,49.53491],[14.101763,49.53279],[14.10245,49.532235],[14.101182,49.530646],[14.101179,49.529315],[14.101952,49.528579],[14.093444,49.528756],[14.093541,49.529752],[14.090405,49.529729],[14.090766,49.528009],[14.088182,49.527254],[14.086625,49.529609],[14.081513,49.530036],[14.077146,49.52968],[14.072071,49.530577],[14.071808,49.531238],[14.068797,49.53216],[14.066585,49.532371],[14.066512,49.534388],[14.065223,49.534337],[14.064933,49.536176],[14.064021,49.538857],[14.06462,49.540203],[14.0642,49.541512],[14.067828,49.542496],[14.066889,49.550353],[14.069009,49.55069],[14.069371,49.551642],[14.067372,49.555172],[14.067287,49.55592],[14.071588,49.555608],[14.073099,49.556527],[14.072474,49.558259],[14.068378,49.557306],[14.06705,49.558853],[14.06414,49.560702],[14.061806,49.562945],[14.056793,49.559986],[14.043094,49.558537],[14.038927,49.56008],[14.036437,49.557825],[14.036207,49.556405],[14.033663,49.554467],[14.031443,49.553834],[14.03124,49.552765],[14.02799,49.551976],[14.02551,49.550433],[14.024467,49.548785],[14.023623,49.549091],[14.021903,49.551246],[14.018757,49.550823],[14.017131,49.549858],[14.009772,49.551069],[14.009583,49.548647],[14.010333,49.546737],[14.010273,49.545347],[14.013093,49.540928],[14.014654,49.539783],[14.012761,49.537622],[14.009914,49.539092],[14.008977,49.535003],[14.009923,49.535057],[14.009918,49.533301],[14.00859,49.53248],[14.00847,49.530471],[14.006114,49.529381],[14.005995,49.528735],[14.00352,49.528354],[14.002517,49.530517],[13.99844,49.531245],[13.998876,49.528756],[14.002494,49.523916],[14.005234,49.522619],[14.000393,49.522533],[13.998698,49.520335],[13.999035,49.519402],[13.996755,49.519039],[13.993741,49.522429],[13.994324,49.52462],[13.990565,49.524918],[13.987979,49.527673],[13.985793,49.527149],[13.985742,49.525179],[13.985061,49.524098],[13.982162,49.524389],[13.981756,49.52397],[13.983122,49.521803],[13.983144,49.519328],[13.981565,49.518813],[13.98105,49.517469],[13.978825,49.516889],[13.979158,49.515552],[13.978264,49.51168],[13.970396,49.511554],[13.96701,49.511723],[13.961315,49.512589],[13.960281,49.513056],[13.954123,49.514506],[13.954769,49.515548],[13.953817,49.516691],[13.950653,49.518026],[13.948111,49.517306],[13.947235,49.516686],[13.943542,49.51591],[13.942118,49.514449],[13.938861,49.514235],[13.938062,49.512015],[13.936519,49.51196],[13.936946,49.509608],[13.93816,49.509671],[13.938969,49.507118],[13.93816,49.505708],[13.939393,49.505545],[13.940662,49.504486],[13.938439,49.504202],[13.937729,49.50511],[13.932027,49.501346],[13.930929,49.503708],[13.928155,49.503338],[13.926972,49.50281],[13.923079,49.501974],[13.922715,49.502475],[13.92009,49.502169],[13.917666,49.502318],[13.914781,49.503869],[13.910112,49.504602],[13.909555,49.505771],[13.905778,49.5067],[13.904194,49.507354],[13.903299,49.508989],[13.900573,49.510435],[13.899317,49.507846],[13.897002,49.507943],[13.894227,49.508581],[13.893585,49.507454],[13.890855,49.507278],[13.89497,49.509351],[13.896934,49.509971],[13.897591,49.510636],[13.896533,49.511738],[13.899869,49.512732],[13.901159,49.513958],[13.89871,49.514245],[13.895931,49.513878],[13.893742,49.514152],[13.889089,49.513911],[13.889117,49.511789],[13.887506,49.511106],[13.887172,49.512539],[13.883293,49.513421],[13.881282,49.512938],[13.881426,49.515774],[13.8801,49.515842],[13.878592,49.518319],[13.881497,49.522715],[13.873262,49.524908],[13.868953,49.525235],[13.867469,49.525678],[13.863614,49.525768],[13.858671,49.523958],[13.858296,49.52326],[13.862704,49.522619],[13.863712,49.521434],[13.860232,49.519556],[13.857685,49.519804],[13.857988,49.518552],[13.854525,49.516521],[13.854435,49.515715],[13.852934,49.513687],[13.847801,49.513834],[13.847974,49.512697],[13.845458,49.513151],[13.843269,49.512717],[13.841976,49.510707],[13.839911,49.511369],[13.842001,49.514375],[13.838187,49.514568],[13.837928,49.513245],[13.83671,49.510517],[13.834577,49.510958],[13.833186,49.512247],[13.833938,49.512873],[13.833193,49.515366],[13.833637,49.516321],[13.832921,49.51848],[13.829237,49.519216],[13.826852,49.523091],[13.82699,49.524466],[13.824368,49.526127],[13.823952,49.527011],[13.821358,49.527311],[13.821173,49.525111],[13.817621,49.525425],[13.816996,49.524167],[13.814604,49.524046],[13.813964,49.521695],[13.812552,49.520566],[13.814254,49.518625],[13.810661,49.518349],[13.808449,49.518807],[13.806959,49.516645],[13.801392,49.517905],[13.799188,49.517796],[13.79545,49.518716],[13.793036,49.518655],[13.790988,49.519075],[13.791356,49.516968],[13.791058,49.515292],[13.789034,49.513368],[13.787073,49.512435],[13.78443,49.509522],[13.784283,49.508918],[13.782067,49.508985],[13.781314,49.510612],[13.776544,49.510891],[13.77214,49.510651],[13.768333,49.511369],[13.765921,49.513177],[13.765715,49.513945],[13.762445,49.514227],[13.756437,49.512346],[13.760245,49.510518],[13.760467,49.50983],[13.757676,49.509687],[13.757397,49.508719],[13.755026,49.508973],[13.753405,49.508498],[13.753259,49.506954],[13.750551,49.506729],[13.750214,49.505173],[13.753967,49.503324],[13.758335,49.502162],[13.758323,49.497082],[13.75664,49.497053],[13.754553,49.497917],[13.752062,49.497589],[13.752842,49.4954],[13.751782,49.494478],[13.747372,49.495455],[13.747821,49.494215],[13.74771,49.492409],[13.75008,49.492528],[13.750814,49.491625],[13.748443,49.490302],[13.750054,49.488604],[13.747808,49.486738],[13.752073,49.485355],[13.75479,49.483554],[13.758463,49.482678],[13.761117,49.483525],[13.764318,49.483928],[13.767283,49.483641],[13.768941,49.482755],[13.768532,49.481486],[13.766004,49.480922],[13.759521,49.481752],[13.759022,49.481129],[13.761221,49.480139],[13.759971,49.476971],[13.76072,49.47678],[13.762124,49.480679],[13.762931,49.479425],[13.766073,49.477312],[13.762899,49.476244],[13.762871,49.475644],[13.76639,49.47619],[13.766316,49.473289],[13.764995,49.472866],[13.76322,49.470911],[13.764211,49.469467],[13.76634,49.468007],[13.766377,49.466874],[13.765073,49.464817],[13.762896,49.46501],[13.761752,49.463243],[13.762087,49.460775],[13.762862,49.459996],[13.765291,49.459775],[13.767859,49.458965],[13.767624,49.458312],[13.764959,49.458466],[13.765944,49.455906],[13.765634,49.453956],[13.764067,49.452599],[13.767609,49.450106],[13.76968,49.447561],[13.771422,49.448561],[13.772904,49.444925],[13.775094,49.443596],[13.775345,49.442159],[13.778813,49.442124],[13.779282,49.439373],[13.776703,49.440038],[13.776552,49.438381],[13.779513,49.436291],[13.781973,49.435592],[13.783037,49.434851],[13.780636,49.434203],[13.780202,49.433652],[13.777833,49.433473],[13.775463,49.431523],[13.774562,49.430263],[13.775149,49.428305],[13.771346,49.428075],[13.771752,49.426772],[13.767962,49.426047],[13.767497,49.424325],[13.767894,49.423268],[13.767167,49.422494],[13.763326,49.422285],[13.763713,49.420784],[13.767084,49.421163],[13.764349,49.41898],[13.761619,49.418282],[13.763792,49.417232],[13.7636,49.41439],[13.762312,49.413626],[13.762409,49.411816],[13.765564,49.410984],[13.764608,49.410006],[13.764383,49.406933],[13.761271,49.405256],[13.763636,49.40358],[13.759401,49.404554],[13.75853,49.403159],[13.759053,49.402003],[13.762381,49.402115],[13.762089,49.40115],[13.759714,49.400298],[13.760723,49.399199],[13.760333,49.398134],[13.762576,49.397207],[13.762744,49.395988],[13.764972,49.393761],[13.764141,49.391892],[13.764742,49.390449],[13.763497,49.390429],[13.763098,49.388754],[13.763818,49.387926],[13.765852,49.387668],[13.7666,49.38666],[13.768184,49.386489],[13.768263,49.385245],[13.77125,49.384726],[13.773544,49.383215],[13.775578,49.38141],[13.771239,49.380508],[13.771343,49.379796],[13.775619,49.37916],[13.774747,49.378225],[13.770746,49.378223],[13.771373,49.375968],[13.774159,49.376019],[13.774105,49.376954],[13.777133,49.376665],[13.776687,49.376055],[13.779563,49.375219],[13.781545,49.373914],[13.783495,49.374419],[13.785321,49.374028],[13.785475,49.372805],[13.787767,49.372234],[13.787859,49.371159],[13.789836,49.370985],[13.790584,49.368642],[13.789153,49.367205],[13.789216,49.365559],[13.790424,49.363863],[13.789954,49.363077],[13.787889,49.363565],[13.786612,49.363268],[13.785865,49.361533],[13.784713,49.361156],[13.783474,49.359652],[13.781212,49.359283],[13.781674,49.358299],[13.780198,49.357586],[13.779307,49.355615],[13.779934,49.354367],[13.782177,49.354472],[13.783009,49.355976],[13.785509,49.355388],[13.784597,49.354222],[13.783116,49.353354],[13.78402,49.351937],[13.782027,49.350979],[13.776638,49.350012],[13.775202,49.350022],[13.775511,49.34831],[13.774359,49.346588],[13.773427,49.346364],[13.770075,49.343126],[13.769066,49.341669],[13.768331,49.339708],[13.768023,49.337363],[13.768641,49.336777],[13.772137,49.336625],[13.771701,49.334829],[13.76747,49.334911],[13.76653,49.334224],[13.766045,49.332756],[13.768317,49.332112],[13.769623,49.331215],[13.770344,49.32947],[13.771269,49.328863],[13.770932,49.325091],[13.770088,49.323395],[13.76505,49.323817],[13.761331,49.324553],[13.755503,49.325081],[13.754397,49.32363],[13.752106,49.32336],[13.749746,49.322365],[13.750626,49.320669],[13.747716,49.320361],[13.747691,49.318147],[13.744402,49.318384],[13.741258,49.317839],[13.741464,49.317131],[13.738978,49.316616],[13.737221,49.316772],[13.736021,49.316054],[13.7359,49.314261],[13.73477,49.312894],[13.735386,49.311215],[13.733927,49.309545],[13.734458,49.30852],[13.733805,49.307825],[13.728378,49.309088],[13.724066,49.310617],[13.722413,49.310761],[13.722177,49.309516],[13.723438,49.308347],[13.722178,49.307017],[13.723241,49.306522],[13.725758,49.304535],[13.724959,49.303523],[13.727337,49.302644],[13.725226,49.299257],[13.723049,49.299426],[13.721007,49.299189],[13.723213,49.297455],[13.72422,49.295829],[13.724944,49.292867],[13.727634,49.29273],[13.730987,49.293261],[13.732545,49.292439],[13.73511,49.292017],[13.734737,49.290607],[13.735576,49.28898],[13.733733,49.28755],[13.733659,49.285643],[13.730581,49.285038],[13.730055,49.284055],[13.731106,49.282531],[13.73088,49.280163],[13.729184,49.279304],[13.726677,49.278779],[13.724315,49.277063],[13.719011,49.277698],[13.719032,49.278652],[13.714706,49.278268],[13.712695,49.276646],[13.709184,49.277284],[13.70722,49.277991],[13.701764,49.279147],[13.699764,49.279855],[13.698476,49.277987],[13.699585,49.277359],[13.703102,49.27668],[13.703081,49.271845],[13.702374,49.271734],[13.702492,49.268962],[13.704328,49.266726],[13.705795,49.266113],[13.704955,49.265213],[13.70702,49.261862],[13.707942,49.261648],[13.707612,49.259199],[13.710098,49.258747],[13.711703,49.258006],[13.713821,49.258074],[13.71469,49.256534],[13.716419,49.256568],[13.721205,49.257284],[13.72884,49.257298],[13.728903,49.258403],[13.730989,49.259142],[13.73345,49.257105],[13.73228,49.25651],[13.728438,49.256881],[13.727186,49.254731],[13.724903,49.253782],[13.723501,49.252212],[13.72041,49.251629],[13.719499,49.249316],[13.723834,49.247272],[13.7238,49.246293],[13.726697,49.243632],[13.724688,49.242653],[13.722615,49.242433],[13.717293,49.242584],[13.715883,49.243094],[13.713952,49.243132],[13.714032,49.245242],[13.71282,49.245675],[13.706447,49.245486],[13.70507,49.243995],[13.703463,49.243838],[13.705695,49.242115],[13.709203,49.242204],[13.709022,49.240002],[13.709658,49.239387],[13.709319,49.236324],[13.702508,49.238528],[13.699141,49.23876],[13.697949,49.236954],[13.696628,49.235946],[13.692269,49.233517],[13.690949,49.232079],[13.692549,49.231618],[13.693574,49.232328],[13.694799,49.232037],[13.695267,49.230908],[13.693994,49.229305],[13.691487,49.229979],[13.688797,49.2282],[13.688593,49.225759],[13.689037,49.225149],[13.692329,49.225545],[13.693208,49.225047],[13.691229,49.223828],[13.691458,49.223007],[13.690298,49.222284],[13.693431,49.220352],[13.695094,49.221529],[13.696815,49.220639],[13.695988,49.219972],[13.69654,49.218252],[13.697458,49.21704],[13.697144,49.215697],[13.697652,49.214241],[13.699355,49.212726],[13.702047,49.212409],[13.70661,49.211179],[13.709443,49.211929],[13.711681,49.210696],[13.710448,49.209201],[13.714966,49.208607],[13.714848,49.203118],[13.714166,49.200683],[13.715716,49.200035],[13.715385,49.198201],[13.718487,49.196839],[13.718157,49.196272],[13.71988,49.19486],[13.717963,49.194069],[13.71733,49.192918],[13.715615,49.192068],[13.711694,49.191738],[13.709763,49.192156],[13.707139,49.192223],[13.70672,49.192885],[13.704057,49.19323],[13.69823,49.192058],[13.696919,49.190377],[13.695142,49.189534],[13.696222,49.188562],[13.694171,49.188165],[13.691718,49.187158],[13.691339,49.185505],[13.690258,49.183142],[13.691783,49.181582],[13.692432,49.17934],[13.692027,49.176727],[13.693102,49.173745],[13.692589,49.172411],[13.69322,49.171528],[13.692664,49.170139],[13.693879,49.169381],[13.690442,49.167913],[13.68831,49.167331],[13.685518,49.167295],[13.684476,49.165223],[13.68623,49.164727],[13.689659,49.165279],[13.691251,49.164552],[13.693048,49.165537],[13.694609,49.165183],[13.69403,49.16375],[13.692642,49.162771],[13.690191,49.161768],[13.689323,49.160149],[13.687775,49.162658],[13.686442,49.163145],[13.684393,49.162055],[13.681721,49.164201],[13.68074,49.164035],[13.677629,49.161479],[13.674897,49.163078],[13.674138,49.163086],[13.671997,49.160886],[13.669059,49.159533],[13.666057,49.159371],[13.663118,49.159969],[13.660077,49.160184],[13.658609,49.159837],[13.658302,49.158383],[13.659391,49.15634],[13.66063,49.155633],[13.660193,49.154342],[13.657895,49.153712],[13.655202,49.152479],[13.656218,49.151575],[13.655617,49.150549],[13.654079,49.150566],[13.653404,49.149146],[13.647418,49.148763],[13.646443,49.147794],[13.644023,49.144037],[13.641212,49.142641],[13.639246,49.141177],[13.634591,49.138612],[13.632958,49.13709],[13.629751,49.135725],[13.628414,49.138083],[13.626872,49.140032],[13.622877,49.14081],[13.620272,49.141012],[13.61819,49.14065],[13.613273,49.143013],[13.610316,49.14294],[13.606285,49.143767],[13.605239,49.144613],[13.608021,49.145519],[13.607017,49.147117],[13.60555,49.146765],[13.604015,49.147396],[13.60126,49.147519],[13.599329,49.147268],[13.594856,49.148241],[13.590105,49.147458],[13.589067,49.146302],[13.589116,49.145318],[13.590671,49.144477],[13.593165,49.144222],[13.594775,49.142295],[13.597163,49.143663],[13.599345,49.143232],[13.600405,49.141691],[13.599438,49.140661],[13.599966,49.139788],[13.59878,49.138285],[13.596416,49.137277],[13.594005,49.134801],[13.593909,49.133158],[13.592894,49.132407],[13.592819,49.130895],[13.594021,49.130229],[13.591334,49.128816],[13.5895,49.126271],[13.590454,49.125302],[13.59066,49.122896],[13.592761,49.122353],[13.594466,49.120246],[13.594679,49.116849],[13.595936,49.114191],[13.595576,49.113435],[13.597256,49.112996],[13.597531,49.110412],[13.596861,49.109237],[13.59814,49.108752],[13.597133,49.107656],[13.595739,49.107601],[13.591896,49.106831],[13.590441,49.107185],[13.585738,49.105887],[13.584123,49.106157],[13.581529,49.106037],[13.579413,49.104357],[13.582073,49.098855],[13.584165,49.097134],[13.586419,49.094271],[13.588496,49.093733],[13.59207,49.091994],[13.593884,49.092158],[13.596707,49.088797],[13.598393,49.088379],[13.59875,49.085749],[13.597881,49.084421],[13.596538,49.083426],[13.593979,49.08076],[13.594109,49.080132],[13.59618,49.079605],[13.598525,49.07837],[13.599789,49.076868],[13.600063,49.074762],[13.600728,49.074099],[13.605777,49.070739],[13.605727,49.068405],[13.606463,49.064292],[13.60556,49.063327],[13.605857,49.062085],[13.604423,49.060128],[13.604828,49.058602],[13.604455,49.056991],[13.603201,49.054498],[13.599753,49.052933],[13.597302,49.052144],[13.593166,49.050106],[13.58854,49.045357],[13.584829,49.043712],[13.582077,49.045461],[13.580583,49.047533],[13.578012,49.048346],[13.575026,49.048579],[13.572937,49.050351],[13.571448,49.050666],[13.56999,49.048822],[13.563634,49.044195],[13.563092,49.042156],[13.561241,49.041075],[13.559129,49.039277],[13.556971,49.038212],[13.556508,49.037251],[13.557141,49.031833],[13.555772,49.030646],[13.55333,49.030613],[13.552674,49.029388],[13.553217,49.027359],[13.552616,49.026367],[13.548686,49.024199],[13.548706,49.023284],[13.547771,49.022116],[13.544117,49.019128],[13.543172,49.017949],[13.546009,49.017015],[13.545893,49.015668],[13.546487,49.014836],[13.545686,49.013545],[13.543792,49.011622],[13.543599,49.010604],[13.544254,49.008437],[13.546358,49.00721],[13.546584,49.005603],[13.545663,49.004068],[13.544266,49.003492],[13.543575,49.001619],[13.541787,48.999299],[13.537908,48.997737],[13.53861,48.996009],[13.539479,48.995203],[13.539489,48.992386],[13.538814,48.991327],[13.537607,48.990797],[13.535967,48.985689],[13.537425,48.984178],[13.541873,48.981938],[13.544336,48.980377],[13.547368,48.979758],[13.550191,48.979466],[13.551441,48.977063],[13.54919,48.975202],[13.549202,48.973492],[13.550237,48.971677],[13.551521,48.970385],[13.5509,48.967631],[13.557133,48.967067],[13.560888,48.96898],[13.563237,48.970497],[13.566912,48.96877],[13.569437,48.966514],[13.572723,48.966019],[13.574994,48.967362],[13.575967,48.970162],[13.580079,48.970739],[13.583902,48.969208],[13.585854,48.968041],[13.586893,48.966136],[13.588456,48.965251],[13.589394,48.963726],[13.592197,48.962268],[13.593003,48.960659],[13.591401,48.958172],[13.589238,48.956296],[13.589235,48.954626],[13.590341,48.952971],[13.592063,48.951564],[13.593115,48.950077],[13.594116,48.949519],[13.597816,48.946011],[13.600983,48.94489],[13.60263,48.94294],[13.604955,48.942125],[13.60515,48.941203],[13.607646,48.940982],[13.60792,48.943507],[13.609851,48.944461],[13.613907,48.944321],[13.616795,48.94652],[13.617182,48.947208],[13.619732,48.947848],[13.621575,48.948985],[13.623857,48.948648],[13.628603,48.949243],[13.629221,48.948203],[13.631136,48.947001],[13.623837,48.942217],[13.622489,48.938805],[13.627731,48.934012],[13.631305,48.930436],[13.632795,48.930663],[13.63802,48.92569],[13.637146,48.925193],[13.63777,48.923374],[13.638019,48.919226],[13.639905,48.916408],[13.641426,48.916832],[13.645348,48.91123],[13.647259,48.906974],[13.651378,48.900419],[13.655475,48.893574],[13.66124,48.894414],[13.66468,48.893605],[13.669639,48.890513],[13.668006,48.88787],[13.669577,48.886064],[13.669409,48.883724],[13.671433,48.880141],[13.675938,48.878734],[13.680525,48.878757],[13.682046,48.879662],[13.684207,48.879954],[13.68637,48.879293],[13.687653,48.878461],[13.68926,48.878228],[13.694061,48.87929],[13.695834,48.880643],[13.69868,48.880783],[13.700689,48.881671],[13.703062,48.881538],[13.705796,48.880506],[13.712886,48.879296],[13.715915,48.878154],[13.717972,48.878787],[13.72051,48.879053],[13.722977,48.880645],[13.725102,48.881315],[13.726338,48.882765],[13.727792,48.883153],[13.729415,48.886551],[13.731116,48.887129],[13.734834,48.886479],[13.736804,48.88545],[13.737736,48.884453],[13.736625,48.882861],[13.737263,48.882095],[13.737193,48.879707],[13.74045,48.877342],[13.741164,48.876403],[13.743702,48.875716],[13.743698,48.873896],[13.745135,48.872349],[13.746394,48.872052],[13.747258,48.870411],[13.747174,48.869265],[13.749037,48.868293],[13.75095,48.866209],[13.750854,48.864002],[13.749115,48.861814],[13.749335,48.859943],[13.750376,48.857783],[13.75125,48.856991],[13.754871,48.855],[13.758137,48.847064],[13.759147,48.846366],[13.759828,48.844306],[13.762889,48.841351],[13.762783,48.839415],[13.765641,48.837584],[13.76498,48.835764],[13.764187,48.835096],[13.765418,48.833622],[13.766973,48.833598],[13.768799,48.831421],[13.771085,48.830876],[13.774089,48.830531],[13.775057,48.831309],[13.779079,48.83223],[13.780842,48.831307],[13.782653,48.831843],[13.783619,48.831185],[13.786697,48.830613],[13.787291,48.831312],[13.789111,48.831259],[13.79095,48.830176],[13.792937,48.830114],[13.791704,48.827798],[13.789724,48.82709],[13.788098,48.825758],[13.788228,48.824799],[13.790112,48.82391],[13.792106,48.823586],[13.794563,48.82165],[13.796141,48.819458],[13.798329,48.817281],[13.797644,48.816271],[13.795578,48.814847],[13.802065,48.80907],[13.814987,48.797345],[13.813856,48.79405],[13.812133,48.792866],[13.810054,48.788514],[13.809634,48.785491],[13.808221,48.783423],[13.804319,48.78086],[13.808496,48.77853],[13.811582,48.775726],[13.813174,48.773997],[13.815719,48.773645],[13.82087,48.772401],[13.823465,48.772359],[13.827184,48.771976],[13.83139,48.770791],[13.836867,48.770816],[13.839552,48.771618],[13.844081,48.772553],[13.846995,48.770397],[13.848469,48.769772],[13.851151,48.770024],[13.85515,48.77138],[13.857304,48.771281],[13.861868,48.769534],[13.868407,48.769623],[13.876112,48.766604],[13.882894,48.761904],[13.889207,48.758465],[13.895466,48.757078],[13.90085,48.753667],[13.904509,48.749852],[13.907538,48.748439],[13.910197,48.747487],[13.91093,48.746399],[13.913016,48.745424],[13.916269,48.742598],[13.919731,48.740779],[13.920895,48.738186],[13.920843,48.737021],[13.923722,48.736458],[13.926287,48.735144],[13.926296,48.733238],[13.927136,48.731774],[13.928935,48.731019],[13.932649,48.728916],[13.935302,48.726845],[13.937293,48.725928],[13.937782,48.724457],[13.939153,48.723231],[13.941296,48.721982],[13.942584,48.72172],[13.944161,48.722446],[13.947558,48.721865],[13.950099,48.720967],[13.952695,48.721066],[13.954543,48.719734],[13.95592,48.716762],[13.955523,48.714938],[13.958964,48.713713],[13.965789,48.712961],[13.969744,48.712913],[13.970181,48.713214],[13.974021,48.711483],[13.976765,48.711054],[13.977969,48.709871],[13.981288,48.709798],[13.983423,48.71084],[13.98645,48.710619],[13.988807,48.709915],[13.992671,48.710118],[13.994751,48.709485],[14.000192,48.708949],[14.001007,48.708557],[14.003279,48.708582],[14.005229,48.70721],[14.00798,48.706169],[14.009835,48.704809],[14.008255,48.703797],[14.008757,48.702286],[14.010812,48.699627],[14.011468,48.700257],[14.013357,48.698426],[14.012707,48.697053],[14.01156,48.696824],[14.009935,48.695366],[14.012244,48.694753],[14.01457,48.696485],[14.01817,48.696242],[14.018452,48.694112],[14.01651,48.692631],[14.016167,48.691891],[14.017751,48.691094],[14.025369,48.689087],[14.025606,48.687072],[14.027195,48.685895],[14.027909,48.684662],[14.025673,48.684874],[14.025983,48.683899],[14.029958,48.680957],[14.031927,48.680002],[14.033489,48.679706],[14.033269,48.678802],[14.034728,48.677273],[14.03709,48.677446],[14.04062,48.677021],[14.043972,48.677397],[14.049808,48.675134],[14.05203,48.675159],[14.052737,48.675647],[14.055846,48.675548],[14.059399,48.673737],[14.059597,48.672125],[14.058605,48.671525],[14.059845,48.669507],[14.058784,48.668294],[14.05906,48.666641],[14.060282,48.665236],[14.05989,48.66388],[14.05835,48.662638],[14.057469,48.660343],[14.058356,48.659597],[14.057841,48.657739],[14.055589,48.656292],[14.052939,48.652653],[14.051023,48.652617],[14.04837,48.653188],[14.045017,48.654504],[14.038853,48.654708],[14.034875,48.65414],[14.032623,48.654356],[14.02874,48.652717],[14.026718,48.652754],[14.024543,48.651877],[14.024016,48.649287],[14.024223,48.64764],[14.022852,48.645561],[14.021362,48.644769],[14.017727,48.643645],[14.014492,48.640658],[14.011309,48.639058],[14.015601,48.637354],[14.018255,48.636898],[14.020359,48.634014],[14.023349,48.632364],[14.022972,48.630712],[14.026376,48.629771],[14.027686,48.629125],[14.029892,48.628949],[14.02995,48.62671],[14.031723,48.627425],[14.034973,48.627977],[14.038194,48.627637],[14.0397,48.628358],[14.042622,48.628976],[14.045397,48.628483],[14.048134,48.627367],[14.047002,48.625368],[14.045644,48.623947],[14.046397,48.622453],[14.04526,48.619682],[14.045521,48.618867],[14.0424,48.61811],[14.040897,48.617418],[14.042329,48.616523],[14.042912,48.614631],[14.043675,48.613992],[14.042149,48.612866],[14.04898,48.610906],[14.051552,48.609488],[14.05081,48.607684],[14.053103,48.606473],[14.054238,48.604132],[14.058038,48.604878],[14.06036,48.606335],[14.064446,48.606546],[14.06771,48.606096],[14.069621,48.606389],[14.068843,48.60436],[14.066955,48.602649],[14.066202,48.599521],[14.066561,48.597695],[14.066488,48.595513],[14.068194,48.595149],[14.06922,48.59548],[14.070866,48.598607],[14.07171,48.599647],[14.076085,48.599855],[14.081773,48.599373],[14.086239,48.600093],[14.088067,48.599489],[14.092524,48.599262],[14.094211,48.598957],[14.097085,48.599837],[14.098261,48.597778],[14.098012,48.596933],[14.095851,48.594021],[14.095575,48.592238],[14.102502,48.590409],[14.103215,48.589999],[14.106346,48.589478],[14.113402,48.589568],[14.115927,48.58917],[14.118953,48.59084],[14.120056,48.592962],[14.122331,48.59281],[14.123635,48.593211],[14.127919,48.595175],[14.128609,48.597056],[14.13018,48.597573],[14.132824,48.597503],[14.134647,48.596749],[14.13625,48.595565],[14.140331,48.594675],[14.141879,48.593747],[14.143189,48.594691],[14.146984,48.594586],[14.147959,48.594314],[14.150353,48.594851],[14.151849,48.595916],[14.15448,48.595871],[14.155795,48.594767],[14.155518,48.593783],[14.157657,48.593403],[14.158253,48.592275],[14.160521,48.592277],[14.162017,48.592913],[14.163517,48.591564],[14.162714,48.590996],[14.16301,48.589726],[14.164604,48.589384],[14.165887,48.590033],[14.16886,48.590496],[14.170992,48.590185],[14.17404,48.591285],[14.177485,48.591106],[14.177248,48.592695],[14.177948,48.593065],[14.180877,48.592939],[14.181724,48.593901],[14.183722,48.593746],[14.186473,48.592687],[14.189269,48.592522],[14.190971,48.593019],[14.19526,48.592509],[14.19737,48.59093],[14.199664,48.590742],[14.201332,48.589995],[14.20379,48.590479],[14.20519,48.590086],[14.206717,48.588681],[14.208012,48.588149],[14.20987,48.588409],[14.212283,48.588281],[14.214407,48.587103],[14.218139,48.586285],[14.222908,48.586385],[14.228196,48.585215],[14.231288,48.583671],[14.235389,48.582337],[14.237309,48.581339],[14.238678,48.578535],[14.239287,48.577936],[14.241649,48.577648],[14.244789,48.578561],[14.247865,48.578037],[14.249335,48.580077],[14.252039,48.580881],[14.254489,48.580663],[14.255852,48.581596],[14.258752,48.581305],[14.261613,48.581793],[14.263068,48.581239],[14.265144,48.581037],[14.26662,48.581627],[14.269896,48.580915],[14.271369,48.581148],[14.272785,48.579204],[14.2746,48.577348],[14.27885,48.574233],[14.279902,48.574179],[14.283574,48.572872],[14.285958,48.572474],[14.28906,48.570753],[14.292199,48.569977],[14.295029,48.568391],[14.300754,48.566761],[14.304392,48.567219],[14.307528,48.565122],[14.309024,48.564409],[14.31531,48.563371],[14.318208,48.563439],[14.321995,48.563065],[14.324055,48.564081],[14.325283,48.559845],[14.326122,48.557693],[14.327093,48.557628],[14.327113,48.554073],[14.329404,48.552839],[14.333204,48.551827],[14.336727,48.554162],[14.338691,48.553998],[14.340114,48.554707],[14.342023,48.554573],[14.343287,48.556101],[14.344832,48.557012],[14.345238,48.558982],[14.34469,48.559906],[14.346006,48.560387],[14.348111,48.561875],[14.350476,48.56186],[14.353121,48.562472],[14.351487,48.565008],[14.353186,48.566325],[14.352376,48.567437],[14.352406,48.568891],[14.35791,48.573484],[14.358025,48.574675],[14.361642,48.574707],[14.365846,48.57584],[14.3661,48.574676],[14.368377,48.572289],[14.368494,48.56983],[14.376136,48.569194],[14.37968,48.569264],[14.383858,48.570132],[14.384937,48.570937],[14.388081,48.57188],[14.389508,48.573785],[14.393121,48.577373],[14.393577,48.578763],[14.390981,48.579254],[14.391457,48.582107],[14.388899,48.582357],[14.387737,48.583237],[14.387163,48.584952],[14.387821,48.585863],[14.386839,48.586629],[14.386898,48.588038],[14.387594,48.588919],[14.385782,48.591922],[14.387129,48.592484],[14.39106,48.593294],[14.391921,48.5943],[14.393507,48.593151],[14.395597,48.593164],[14.396484,48.592104],[14.398872,48.592871],[14.399783,48.592254],[14.404052,48.593317],[14.407174,48.592024],[14.409381,48.592802],[14.412148,48.59279],[14.413321,48.592209],[14.415442,48.592507],[14.417687,48.59156],[14.419294,48.591507],[14.422131,48.59017],[14.424788,48.588332],[14.425427,48.588799],[14.427705,48.588929],[14.430349,48.588528],[14.431413,48.589131],[14.431701,48.590502],[14.43435,48.594085],[14.434336,48.595103],[14.435476,48.598044],[14.43836,48.599413],[14.441788,48.600285],[14.441374,48.601292],[14.44341,48.60355],[14.443714,48.606046],[14.444709,48.608416],[14.447959,48.612428],[14.448604,48.614237],[14.448382,48.616114],[14.447564,48.61716],[14.447304,48.619808],[14.450116,48.62217],[14.451895,48.6247],[14.455578,48.624473],[14.45594,48.625527],[14.453223,48.631006],[14.451589,48.632901],[14.449033,48.635172],[14.4471,48.636201],[14.445584,48.637788],[14.444319,48.639759],[14.44376,48.64343],[14.445936,48.643374],[14.448804,48.643777],[14.453321,48.643901],[14.453435,48.644718],[14.458279,48.643462],[14.459246,48.644211],[14.463192,48.644804],[14.466629,48.646149],[14.468572,48.64621],[14.46863,48.64738],[14.469871,48.648494],[14.471217,48.645537],[14.472597,48.643971],[14.474684,48.643952],[14.477358,48.642806],[14.477781,48.642165],[14.475477,48.64161],[14.475418,48.64067],[14.476517,48.639534],[14.479669,48.63852],[14.480401,48.637037],[14.48373,48.635156],[14.48531,48.635051],[14.488307,48.633483],[14.490912,48.633053],[14.492358,48.63332],[14.494076,48.631878],[14.49434,48.628909],[14.495904,48.627806],[14.495902,48.626541],[14.494912,48.62418],[14.495211,48.622328],[14.496488,48.621464],[14.50047,48.619755],[14.502344,48.61786],[14.503986,48.617218],[14.507247,48.617634],[14.512026,48.619484],[14.516239,48.619792],[14.520802,48.618603],[14.522101,48.617279],[14.523195,48.616908],[14.52454,48.615456],[14.530284,48.614342],[14.532669,48.614832],[14.535634,48.614931],[14.538742,48.614397],[14.540809,48.614825],[14.543472,48.614434],[14.54533,48.61372],[14.547557,48.613629],[14.551323,48.611139],[14.551282,48.610015],[14.552043,48.608747],[14.551505,48.607706],[14.55354,48.60583],[14.556831,48.605996],[14.559026,48.604238],[14.562057,48.603329],[14.563508,48.60477],[14.564338,48.608498],[14.565986,48.608345],[14.567746,48.608762],[14.568546,48.610145],[14.570991,48.610531],[14.571841,48.611462],[14.573493,48.611743],[14.575119,48.611359],[14.57585,48.612995],[14.577173,48.613392],[14.578324,48.615007],[14.580895,48.6169],[14.583604,48.61651],[14.584428,48.617605],[14.586378,48.618019],[14.589794,48.617637],[14.592747,48.619355],[14.593403,48.620169],[14.595186,48.620245],[14.595282,48.62176],[14.597055,48.623415],[14.598795,48.624071],[14.599093,48.625372],[14.601963,48.625346],[14.602602,48.627076],[14.603487,48.627754],[14.606117,48.628455],[14.607742,48.628036],[14.611094,48.627854],[14.613989,48.625889],[14.614306,48.624479],[14.616317,48.622349],[14.617359,48.622228],[14.619588,48.617598],[14.621503,48.615673],[14.621196,48.614983],[14.622028,48.613115],[14.621365,48.612341],[14.622864,48.611149],[14.622656,48.608907],[14.624614,48.606833],[14.624976,48.605725],[14.626369,48.604508],[14.629564,48.603302],[14.630689,48.603171],[14.632558,48.604976],[14.634632,48.604639],[14.636558,48.60616],[14.638175,48.606245],[14.64158,48.6084],[14.643392,48.60928],[14.645959,48.609893],[14.648099,48.60902],[14.648909,48.607778],[14.652006,48.605627],[14.653852,48.604075],[14.65581,48.600215],[14.657669,48.598099],[14.659537,48.592575],[14.663459,48.581959],[14.666426,48.58218],[14.668674,48.581515],[14.671117,48.58153],[14.676333,48.583094],[14.68235,48.582669],[14.684629,48.583861],[14.68773,48.585101],[14.692581,48.585095],[14.694202,48.585348],[14.696515,48.584705],[14.700104,48.582872],[14.7062,48.585107],[14.707751,48.587116],[14.707466,48.588594],[14.706498,48.589367],[14.705997,48.590896],[14.707591,48.592477],[14.708182,48.59364],[14.7115,48.594075],[14.711277,48.596426],[14.714117,48.597688],[14.718405,48.600757],[14.720388,48.601298],[14.721137,48.602379],[14.714094,48.617448],[14.719351,48.631298],[14.722118,48.638228],[14.720019,48.638908],[14.719135,48.641149],[14.720127,48.641915],[14.718272,48.643867],[14.717971,48.646776],[14.718815,48.648622],[14.717809,48.649559],[14.715483,48.6497],[14.714498,48.649251],[14.712355,48.650106],[14.718245,48.666092],[14.719528,48.668552],[14.722459,48.67309],[14.723461,48.675718],[14.725292,48.676501],[14.727142,48.679202],[14.725855,48.682965],[14.726047,48.685228],[14.727855,48.688411],[14.731037,48.690751],[14.731669,48.692388],[14.733432,48.694208],[14.733655,48.695855],[14.736566,48.698932],[14.739639,48.700396],[14.740791,48.701317],[14.748261,48.703223],[14.750658,48.702748],[14.752544,48.703161],[14.754004,48.70302],[14.755664,48.703469],[14.756568,48.705208],[14.7565,48.707758],[14.757045,48.709331],[14.762267,48.710287],[14.766086,48.710322],[14.769351,48.710856],[14.772539,48.711118],[14.774817,48.712117],[14.775415,48.713056],[14.780407,48.714921],[14.782177,48.716292],[14.78383,48.716985],[14.785564,48.718338],[14.786818,48.721472],[14.787691,48.722281],[14.790696,48.723659],[14.791137,48.724559],[14.793084,48.726216],[14.793094,48.728229],[14.794691,48.729985],[14.797194,48.730306],[14.800012,48.73257],[14.801116,48.73296],[14.801718,48.731687],[14.804495,48.732583],[14.8069,48.733851],[14.808132,48.733883],[14.806834,48.735729],[14.805306,48.738652],[14.803377,48.74169],[14.802533,48.742511],[14.801537,48.745907],[14.800494,48.747388],[14.801718,48.7507],[14.802791,48.751533],[14.803052,48.752694],[14.804887,48.753274],[14.805253,48.754697],[14.807317,48.757755],[14.80843,48.757769],[14.809873,48.759184],[14.8115,48.76145],[14.811369,48.763077],[14.812148,48.764573],[14.811173,48.765498],[14.810779,48.76734],[14.806382,48.771474],[14.809891,48.77395],[14.808789,48.774496],[14.809021,48.775941],[14.808301,48.777447],[14.808661,48.778802],[14.810401,48.778716],[14.813172,48.78037],[14.820207,48.781265],[14.821318,48.782383],[14.824352,48.783706],[14.825527,48.78385],[14.827255,48.781406],[14.829284,48.780489],[14.832917,48.781199],[14.834912,48.782073],[14.838147,48.782054],[14.839958,48.782546],[14.842537,48.78397],[14.844506,48.782379],[14.84532,48.779992],[14.846789,48.780702],[14.848887,48.780401],[14.849737,48.779627],[14.851136,48.777306],[14.854738,48.777062],[14.857158,48.775781],[14.85875,48.775971],[14.857698,48.777207],[14.862273,48.777107],[14.869385,48.781053],[14.871169,48.780313],[14.874151,48.780604],[14.881293,48.780109],[14.882548,48.778935],[14.88465,48.777974],[14.88634,48.775985],[14.885284,48.775438],[14.884474,48.773751],[14.884747,48.771894],[14.886983,48.771578],[14.888093,48.770077],[14.892024,48.771639],[14.892967,48.772392],[14.896701,48.772214],[14.899268,48.771412],[14.902071,48.769302],[14.906206,48.767],[14.911629,48.767029],[14.916308,48.76857],[14.916976,48.769484],[14.919032,48.768446],[14.920493,48.768579],[14.923198,48.767581],[14.926965,48.767336],[14.92729,48.766786],[14.930802,48.766307],[14.93189,48.766559],[14.934622,48.763704],[14.935599,48.763118],[14.9401,48.761297],[14.943653,48.76125],[14.94586,48.761717],[14.948179,48.762904],[14.950422,48.760766],[14.95226,48.76175],[14.953196,48.7605],[14.955791,48.758086],[14.956778,48.758525],[14.958737,48.76027],[14.959726,48.760442],[14.96052,48.762113],[14.964106,48.763216],[14.96504,48.763123],[14.967096,48.764287],[14.970292,48.767249],[14.97318,48.767893],[14.975551,48.768834],[14.977392,48.770934],[14.979327,48.772353],[14.980833,48.775286],[14.978044,48.776442],[14.980119,48.779151],[14.978898,48.780174],[14.973686,48.783238],[14.96838,48.785002],[14.960193,48.787029],[14.956556,48.787802],[14.955067,48.788923],[14.953419,48.789538],[14.954494,48.79049],[14.955576,48.792907],[14.953528,48.794018],[14.953255,48.795353],[14.955213,48.798529],[14.956875,48.799893],[14.956518,48.800991],[14.955303,48.801359],[14.960508,48.804526],[14.959376,48.8053],[14.958182,48.807699],[14.957404,48.810672],[14.958205,48.81393],[14.960923,48.817495],[14.965514,48.820234],[14.969596,48.823829],[14.968554,48.824767],[14.968481,48.828304],[14.967511,48.831349],[14.968324,48.83432],[14.968262,48.836795],[14.971642,48.839118],[14.972009,48.839629],[14.972062,48.84227],[14.984524,48.842391],[14.984453,48.846016],[14.981985,48.847111],[14.979926,48.849784],[14.978571,48.850379],[14.977733,48.853125],[14.973362,48.853075],[14.97417,48.854972],[14.973159,48.85782],[14.972402,48.858459],[14.972823,48.859753],[14.972264,48.860558],[14.973301,48.863969],[14.972938,48.874654],[14.983823,48.874746],[14.983464,48.890957],[14.988912,48.891017],[14.988792,48.894741],[14.987254,48.895661],[14.989698,48.896952],[14.991519,48.897302],[14.992632,48.901559],[14.992923,48.904041],[14.992472,48.905968],[14.990294,48.90978],[14.990017,48.915879],[14.988618,48.917342],[14.985938,48.919484],[14.983855,48.923075],[14.984906,48.924462],[14.979382,48.927536],[14.979021,48.928038],[14.979427,48.931301],[14.98132,48.931568],[14.983697,48.932477],[14.984701,48.934131],[14.986521,48.935924],[14.985324,48.938268],[14.985224,48.939466],[14.983455,48.940208],[14.984648,48.941528],[14.980678,48.943779],[14.979535,48.946973],[14.979131,48.949045],[14.97649,48.955826],[14.977582,48.95815],[14.977815,48.960536],[14.976916,48.967008],[14.976194,48.971007],[14.978515,48.974462],[14.978142,48.97629],[14.978592,48.978921],[14.98054,48.979591],[14.980451,48.981001],[14.982155,48.982601],[14.982562,48.984178],[14.983836,48.985022],[14.984521,48.986587],[14.987739,48.988072],[14.990017,48.988003],[14.991162,48.989154],[14.992404,48.989088],[14.995063,48.990076],[14.996411,48.991926],[14.995063,48.993249],[14.99653,48.995712],[14.996588,48.997121],[14.998166,48.999584],[14.998916,49.000007],[15.000809,49.002959],[15.000791,49.00372],[14.998879,49.00476],[14.997666,49.004347],[14.994997,49.005353],[14.991846,49.007959],[14.990627,49.009854],[14.993377,49.011374],[14.995135,49.014711],[14.995918,49.015087],[14.997479,49.014068],[14.999671,49.013345],[15.000291,49.012605],[15.002287,49.012815],[15.00303,49.011491],[15.004269,49.012419],[15.011458,49.014354],[15.012725,49.015389],[15.013105,49.016767],[15.015649,49.018483],[15.016642,49.018058],[15.019581,49.020029],[15.021726,49.02047],[15.02318,49.019486],[15.0248,49.019245],[15.027779,49.0167],[15.028296,49.01556],[15.031515,49.015268],[15.035056,49.013278],[15.036677,49.013042],[15.038774,49.011799],[15.040815,49.011488],[15.044397,49.012481],[15.046223,49.013242],[15.052512,49.015286],[15.054295,49.015558],[15.058682,49.01547],[15.060763,49.014705],[15.065426,49.014221],[15.064317,49.012134],[15.066985,49.008778],[15.067284,49.006245],[15.065951,49.004996],[15.064412,49.004303],[15.064052,49.00083],[15.06443,48.999738],[15.06729,48.999449],[15.074985,48.998137],[15.081243,48.997834],[15.085693,48.997908],[15.088855,48.997289],[15.092023,48.996949],[15.099903,48.994884],[15.102566,48.993842],[15.103102,48.994635],[15.105637,48.996211],[15.107315,48.998809],[15.110376,48.999503],[15.115183,48.999188],[15.117047,48.998511],[15.120031,48.997921],[15.121918,48.997251],[15.123895,48.998843],[15.125657,48.998948],[15.12924,48.997573],[15.130154,48.997732],[15.13244,48.999535],[15.134182,48.9999],[15.1368,48.997645],[15.138582,48.997661],[15.142765,48.997041],[15.143572,48.996485],[15.146993,48.996076],[15.149345,48.995479],[15.156272,48.993291],[15.157603,48.990897],[15.158633,48.989914],[15.157608,48.986994],[15.157346,48.984601],[15.156433,48.984186],[15.152968,48.984513],[15.151141,48.982416],[15.151084,48.980947],[15.153187,48.978912],[15.157217,48.978391],[15.159188,48.977917],[15.162038,48.97771],[15.163072,48.975392],[15.15946,48.972101],[15.162151,48.971114],[15.163931,48.970793],[15.165577,48.969918],[15.166137,48.968763],[15.168301,48.967159],[15.168648,48.964197],[15.16973,48.962768],[15.169095,48.960433],[15.166867,48.958578],[15.164557,48.958385],[15.16243,48.957336],[15.162433,48.95601],[15.161641,48.954997],[15.161731,48.953071],[15.159193,48.950643],[15.15782,48.94996],[15.155381,48.946138],[15.15913,48.945063],[15.16059,48.943347],[15.160788,48.941769],[15.16354,48.942958],[15.166976,48.943779],[15.168053,48.943036],[15.170178,48.943038],[15.171028,48.944331],[15.174918,48.946894],[15.177012,48.947694],[15.179884,48.946613],[15.18189,48.945214],[15.187577,48.943765],[15.189253,48.943016],[15.192861,48.94464],[15.192225,48.945681],[15.197355,48.948271],[15.199186,48.950569],[15.200018,48.952209],[15.205305,48.953497],[15.206417,48.954459],[15.209396,48.955936],[15.209564,48.957529],[15.212791,48.956876],[15.214581,48.95818],[15.217842,48.958831],[15.221615,48.958491],[15.224445,48.960144],[15.228601,48.958996],[15.232522,48.959084],[15.238518,48.957542],[15.240824,48.959399],[15.246401,48.959513],[15.248153,48.957955],[15.253094,48.956718],[15.254578,48.955912],[15.260062,48.953909],[15.261321,48.953641],[15.26194,48.954646],[15.261928,48.957592],[15.264555,48.957962],[15.2684,48.957028],[15.269073,48.958274],[15.267624,48.961432],[15.267265,48.963876],[15.265365,48.964043],[15.267147,48.967199],[15.269847,48.967025],[15.271885,48.96639],[15.274826,48.970533],[15.276069,48.971399],[15.277471,48.97365],[15.280197,48.977019],[15.281827,48.98075],[15.277941,48.982947],[15.276873,48.985148],[15.275779,48.985838],[15.275662,48.987512],[15.276069,48.989927],[15.276866,48.990376],[15.276789,48.992186],[15.27779,48.994611],[15.281822,48.994065],[15.284555,48.993155],[15.289479,48.992736],[15.29163,48.990328],[15.293413,48.989441],[15.291778,48.986925],[15.292257,48.985712],[15.291027,48.984319],[15.292867,48.983182],[15.295105,48.982285],[15.296889,48.980712],[15.299685,48.979843],[15.302934,48.979394],[15.305693,48.977918],[15.312094,48.980754],[15.316036,48.979014],[15.321732,48.97613],[15.326026,48.978547],[15.328049,48.980147],[15.327702,48.980626],[15.329535,48.982461],[15.331063,48.983213],[15.332228,48.984827],[15.333893,48.983867],[15.336048,48.983231],[15.337602,48.983467],[15.340796,48.983333],[15.342239,48.984018],[15.344381,48.984209],[15.347024,48.98402],[15.34803,48.984806],[15.35001,48.98434],[15.353244,48.984057],[15.357455,48.982154],[15.35942,48.982347],[15.365881,48.981714],[15.366973,48.981884],[15.369297,48.980221],[15.372316,48.979536],[15.37453,48.977512],[15.375523,48.977008],[15.379918,48.976023],[15.384066,48.973836],[15.387918,48.972718],[15.389448,48.971941],[15.388977,48.971207],[15.390111,48.969654],[15.391027,48.967062],[15.393663,48.96521],[15.395775,48.964565],[15.400022,48.964243],[15.403398,48.96344],[15.404851,48.96256],[15.40703,48.960583],[15.412252,48.956634],[15.414664,48.955482],[15.419676,48.954012],[15.423265,48.952221],[15.425431,48.951704],[15.42952,48.951197],[15.434883,48.949931],[15.440978,48.950299],[15.443887,48.951014],[15.446557,48.95023],[15.450509,48.949797],[15.452241,48.948372],[15.453717,48.94665],[15.455891,48.945286],[15.45951,48.946921],[15.461607,48.948766],[15.46521,48.950272],[15.466369,48.951498],[15.46849,48.951818],[15.46938,48.950661],[15.47358,48.947403],[15.473392,48.946373],[15.477317,48.945701],[15.477039,48.944498],[15.4795,48.944227],[15.480095,48.943595],[15.483138,48.943718],[15.486302,48.942657],[15.488425,48.94111],[15.490013,48.940399],[15.49628,48.939247],[15.49892,48.93817],[15.502011,48.935974],[15.502348,48.935455],[15.502353,48.932892],[15.50335,48.930589],[15.503207,48.927818],[15.505112,48.926249],[15.505403,48.921327],[15.506536,48.919023],[15.509102,48.917896],[15.510486,48.916797],[15.511579,48.915174],[15.51339,48.914122],[15.516357,48.913401],[15.521287,48.912537],[15.527949,48.911756],[15.530916,48.910834],[15.534938,48.910012],[15.537957,48.908912],[15.542425,48.907737],[15.542782,48.909174],[15.545603,48.914835],[15.547351,48.916857],[15.548637,48.916476],[15.549215,48.917805],[15.549528,48.920197],[15.548686,48.92169],[15.54959,48.923886],[15.55389,48.92465],[15.556638,48.922743],[15.557974,48.922298],[15.558625,48.924177],[15.560139,48.92448],[15.560699,48.925627],[15.562999,48.925681],[15.563093,48.927577],[15.559244,48.928331],[15.561884,48.930146],[15.561917,48.931201],[15.563486,48.932012],[15.565351,48.932199],[15.569221,48.931892],[15.569766,48.93529],[15.571821,48.937444],[15.56699,48.939942],[15.567409,48.941965],[15.569532,48.942433],[15.571338,48.942245],[15.57264,48.940344],[15.575565,48.939107],[15.579649,48.938503],[15.580034,48.939945],[15.579021,48.941018],[15.579402,48.942977],[15.580395,48.943842],[15.582955,48.943422],[15.584627,48.945427],[15.586811,48.946959]]]},"properties":{"name":"Südböhmen","code":"C","name_cz":"Jihočeský kraj"}},
{"type":"Feature","geometry":{"type":"Polygon","coordinates":[[[13.301754,50.099348],[13.301716,50.097563],[13.299138,50.097253],[13.298526,50.096416],[13.297177,50.096224],[13.293984,50.097331],[13.292228,50.09712],[13.292282,50.098205],[13.291193,50.099291],[13.286665,50.099255],[13.285297,50.099596],[13.283952,50.099145],[13.282027,50.099238],[13.281645,50.096965],[13.284279,50.096851],[13.287078,50.096362],[13.288414,50.095523],[13.288652,50.094388],[13.287898,50.093499],[13.291147,50.092423],[13.289502,50.091847],[13.288884,50.090955],[13.286134,50.089896],[13.284301,50.088547],[13.282678,50.086554],[13.285434,50.085806],[13.283068,50.084495],[13.283746,50.083421],[13.283286,50.082533],[13.281146,50.082352],[13.278461,50.08024],[13.277689,50.079007],[13.2781,50.07706],[13.2774,50.076371],[13.280653,50.075525],[13.282744,50.075623],[13.282948,50.074369],[13.284857,50.07471],[13.285618,50.0754],[13.285206,50.076474],[13.288124,50.076545],[13.288286,50.076024],[13.291007,50.07579],[13.29399,50.07468],[13.297353,50.074538],[13.296283,50.073801],[13.296361,50.072909],[13.298123,50.072515],[13.299066,50.070337],[13.295937,50.068831],[13.294878,50.067474],[13.296056,50.066455],[13.294063,50.066259],[13.29451,50.064942],[13.2947,50.062362],[13.292853,50.060231],[13.291566,50.059513],[13.288873,50.058946],[13.285894,50.059096],[13.285157,50.057578],[13.281497,50.058257],[13.281807,50.057401],[13.280451,50.056735],[13.278196,50.059984],[13.277555,50.061407],[13.276065,50.06193],[13.277585,50.058427],[13.280342,50.054337],[13.281286,50.053884],[13.280311,50.052346],[13.277522,50.052465],[13.273724,50.053571],[13.270605,50.053491],[13.265061,50.052278],[13.265047,50.0511],[13.263472,50.051446],[13.258142,50.051127],[13.257425,50.051749],[13.254076,50.05098],[13.255781,50.04688],[13.251589,50.045558],[13.248314,50.045492],[13.246716,50.046641],[13.242061,50.046963],[13.237851,50.048786],[13.230936,50.049199],[13.231738,50.048339],[13.234988,50.046761],[13.233761,50.045061],[13.231752,50.045574],[13.230976,50.044175],[13.228198,50.04301],[13.228732,50.041473],[13.235361,50.041374],[13.235302,50.040736],[13.238495,50.039285],[13.239764,50.038366],[13.236457,50.037343],[13.237815,50.035912],[13.239186,50.03263],[13.23845,50.032034],[13.239302,50.030659],[13.238456,50.029991],[13.240329,50.028408],[13.240385,50.027804],[13.242303,50.026192],[13.241899,50.023771],[13.239621,50.023876],[13.234671,50.020938],[13.232248,50.01822],[13.2305,50.015718],[13.229299,50.01335],[13.230862,50.010141],[13.230547,50.008784],[13.231889,50.003368],[13.234782,50.000905],[13.235684,49.999633],[13.235153,49.998101],[13.233373,49.996632],[13.231768,49.995955],[13.229282,49.995528],[13.22572,49.99559],[13.222638,49.996653],[13.21761,49.997249],[13.217477,49.997729],[13.21376,49.998296],[13.211539,49.998363],[13.205892,50.000002],[13.204633,50.000986],[13.200156,50.002829],[13.197033,50.005719],[13.194746,50.007431],[13.187806,50.009842],[13.185712,50.011384],[13.184405,50.013005],[13.184576,50.015093],[13.185431,50.016319],[13.185032,50.017053],[13.182697,50.016903],[13.18154,50.014052],[13.182232,50.011877],[13.182928,50.011294],[13.180652,50.010054],[13.18038,50.012007],[13.178792,50.013857],[13.178638,50.015296],[13.177295,50.015434],[13.176793,50.017424],[13.174915,50.016632],[13.173796,50.017415],[13.17345,50.018621],[13.170816,50.01883],[13.167861,50.020317],[13.16445,50.021378],[13.164087,50.020213],[13.16247,50.020703],[13.162977,50.022444],[13.162657,50.023201],[13.16104,50.023423],[13.160481,50.024559],[13.158085,50.024534],[13.158144,50.022324],[13.154832,50.02372],[13.152719,50.023305],[13.151035,50.024054],[13.148644,50.024209],[13.14942,50.026505],[13.148902,50.028001],[13.146673,50.027428],[13.147244,50.026737],[13.144731,50.025493],[13.14311,50.025805],[13.143028,50.024635],[13.140398,50.024224],[13.137351,50.025141],[13.13419,50.025001],[13.131663,50.025218],[13.12962,50.023821],[13.126843,50.026704],[13.125287,50.026521],[13.122862,50.025128],[13.119519,50.022483],[13.11799,50.023357],[13.11507,50.024221],[13.114832,50.02506],[13.11199,50.02712],[13.110317,50.027406],[13.109972,50.025472],[13.108268,50.024201],[13.106162,50.024952],[13.1025,50.026666],[13.101544,50.030341],[13.102686,50.03072],[13.101406,50.032254],[13.099584,50.031122],[13.098026,50.035094],[13.096865,50.035107],[13.094787,50.033153],[13.092647,50.032046],[13.089633,50.03166],[13.08957,50.029615],[13.088577,50.028829],[13.085614,50.028357],[13.084941,50.027488],[13.083261,50.027263],[13.080663,50.025525],[13.0812,50.02432],[13.085109,50.021493],[13.08366,50.018481],[13.077162,50.018211],[13.074616,50.017795],[13.070428,50.018779],[13.06968,50.018701],[13.068399,50.016082],[13.066729,50.01538],[13.068344,50.013045],[13.07055,50.013718],[13.072777,50.014836],[13.073644,50.014806],[13.073175,50.012882],[13.070766,50.012302],[13.068522,50.009153],[13.065256,50.008578],[13.060687,50.009238],[13.056551,50.010234],[13.054064,50.010003],[13.053781,50.009036],[13.051515,50.007932],[13.050647,50.007047],[13.050427,50.004614],[13.049723,50.003388],[13.048408,50.002449],[13.046596,50.002139],[13.041252,50.003186],[13.038648,50.002653],[13.037346,50.001562],[13.038564,49.998529],[13.035841,49.997749],[13.03421,49.996132],[13.028596,49.996979],[13.030048,49.995666],[13.026203,49.99558],[13.025085,49.994654],[13.025091,49.993642],[13.022969,49.993684],[13.018999,49.992572],[13.021534,49.99158],[13.021034,49.988286],[13.018631,49.986743],[13.017467,49.986539],[13.016715,49.988059],[13.014733,49.989706],[13.013946,49.991052],[13.009858,49.99028],[13.00858,49.989502],[13.005612,49.989599],[13.000103,49.989239],[12.999467,49.98842],[13.000542,49.987017],[12.999654,49.985968],[13.000089,49.984764],[12.998961,49.983381],[12.999987,49.982612],[13.000064,49.980814],[13.000932,49.980095],[13.000924,49.978958],[12.996951,49.980184],[12.994789,49.981248],[12.990761,49.982127],[12.990666,49.980832],[12.989752,49.978588],[12.9869,49.977999],[12.987888,49.976758],[12.987107,49.97602],[12.985535,49.976766],[12.98219,49.976757],[12.977718,49.977082],[12.976578,49.977773],[12.973828,49.977926],[12.971909,49.977304],[12.968886,49.976796],[12.965441,49.976865],[12.964018,49.975788],[12.960506,49.976031],[12.958711,49.974161],[12.957088,49.973062],[12.957409,49.970211],[12.956289,49.969019],[12.956541,49.967782],[12.958315,49.967158],[12.962298,49.96523],[12.962498,49.964356],[12.964046,49.963438],[12.963121,49.96256],[12.965107,49.961948],[12.965362,49.961281],[12.967928,49.961075],[12.969454,49.958461],[12.967067,49.957908],[12.968637,49.954177],[12.968637,49.953155],[12.967257,49.952934],[12.963335,49.954131],[12.961628,49.953452],[12.963455,49.951006],[12.958546,49.950748],[12.959855,49.949484],[12.96355,49.949215],[12.964305,49.947636],[12.966439,49.947231],[12.965689,49.945306],[12.966679,49.943642],[12.963945,49.942761],[12.962009,49.942665],[12.962069,49.941378],[12.95968,49.940936],[12.958749,49.939639],[12.958429,49.93775],[12.957704,49.937115],[12.952692,49.938468],[12.952254,49.936731],[12.9507,49.935849],[12.950108,49.934577],[12.944183,49.932483],[12.945049,49.931803],[12.942383,49.931217],[12.943224,49.930348],[12.939674,49.928834],[12.939842,49.928201],[12.936037,49.927855],[12.934938,49.927],[12.936964,49.926116],[12.935708,49.925502],[12.93038,49.925994],[12.928127,49.926537],[12.925563,49.926589],[12.927381,49.922713],[12.928346,49.921988],[12.928227,49.920844],[12.924601,49.920832],[12.921593,49.921212],[12.918181,49.923015],[12.916223,49.924719],[12.912544,49.925796],[12.909702,49.926962],[12.908134,49.92816],[12.907016,49.928304],[12.905944,49.929378],[12.905274,49.932092],[12.900722,49.932809],[12.899552,49.933325],[12.893885,49.934422],[12.890922,49.934341],[12.889159,49.934719],[12.887352,49.933791],[12.884956,49.931563],[12.88344,49.930662],[12.880045,49.929719],[12.880204,49.927851],[12.879681,49.926778],[12.877806,49.925279],[12.876743,49.924904],[12.874783,49.925961],[12.871875,49.926438],[12.871256,49.926853],[12.864234,49.927295],[12.863101,49.927511],[12.861453,49.926336],[12.85805,49.925395],[12.855033,49.924833],[12.852985,49.923968],[12.849475,49.924467],[12.849118,49.925875],[12.850251,49.929091],[12.847886,49.929834],[12.844348,49.930234],[12.84286,49.931932],[12.841446,49.932627],[12.839454,49.934265],[12.838527,49.934167],[12.83362,49.932535],[12.8316,49.932064],[12.830208,49.93221],[12.828882,49.933413],[12.826186,49.933339],[12.82295,49.933637],[12.822226,49.932832],[12.822432,49.931338],[12.817927,49.932282],[12.818185,49.933046],[12.815369,49.934521],[12.81318,49.933586],[12.812699,49.934039],[12.815223,49.935429],[12.816347,49.937422],[12.815656,49.938381],[12.811783,49.938504],[12.811555,49.939785],[12.810462,49.939796],[12.806215,49.938047],[12.803391,49.937996],[12.800481,49.937515],[12.798021,49.937746],[12.796528,49.938443],[12.79309,49.941005],[12.788645,49.940441],[12.788963,49.938839],[12.792199,49.937795],[12.789093,49.936424],[12.785795,49.93578],[12.785767,49.935372],[12.779739,49.934077],[12.7776,49.932724],[12.775467,49.931919],[12.773273,49.929909],[12.772241,49.931192],[12.769268,49.93121],[12.766058,49.932984],[12.76589,49.934029],[12.764424,49.934637],[12.760882,49.933601],[12.761672,49.932249],[12.760043,49.931609],[12.755578,49.930506],[12.755068,49.931054],[12.752614,49.930425],[12.74907,49.930569],[12.748118,49.931645],[12.744699,49.93231],[12.742383,49.931572],[12.740911,49.930114],[12.73966,49.929533],[12.739333,49.92854],[12.737534,49.926406],[12.732514,49.923648],[12.729947,49.923029],[12.722706,49.922027],[12.719713,49.921948],[12.717269,49.923844],[12.715706,49.924511],[12.711516,49.925523],[12.710012,49.925095],[12.705722,49.925563],[12.703456,49.926089],[12.703124,49.925297],[12.707306,49.922314],[12.709836,49.921254],[12.710818,49.919854],[12.711303,49.916947],[12.712329,49.915683],[12.712873,49.913556],[12.711903,49.912627],[12.709778,49.912371],[12.709593,49.911647],[12.701946,49.911565],[12.694587,49.912641],[12.690443,49.911387],[12.683276,49.910782],[12.683522,49.909476],[12.682206,49.909511],[12.680261,49.908728],[12.678312,49.908517],[12.675331,49.908658],[12.673509,49.908103],[12.676304,49.905494],[12.6803,49.904522],[12.681668,49.901233],[12.682843,49.897057],[12.682107,49.895837],[12.683378,49.893571],[12.683014,49.891492],[12.680821,49.891539],[12.677734,49.891057],[12.675777,49.890407],[12.670257,49.891751],[12.670847,49.892868],[12.673009,49.893859],[12.673379,49.894737],[12.67176,49.895031],[12.670443,49.896057],[12.669937,49.898368],[12.669004,49.900253],[12.667786,49.904656],[12.665499,49.910153],[12.664678,49.911019],[12.661883,49.911456],[12.659874,49.912397],[12.65844,49.914242],[12.649316,49.91605],[12.645123,49.916331],[12.638253,49.914916],[12.633699,49.91483],[12.623404,49.913938],[12.623731,49.91255],[12.621014,49.912678],[12.621697,49.910073],[12.620115,49.909486],[12.617162,49.910308],[12.61404,49.910133],[12.613297,49.908641],[12.611284,49.9077],[12.609374,49.905987],[12.609177,49.90446],[12.609708,49.903101],[12.610818,49.902397],[12.611069,49.900216],[12.611893,49.898998],[12.610736,49.898505],[12.609557,49.899297],[12.606443,49.899735],[12.600475,49.899767],[12.596535,49.89708],[12.596208,49.894262],[12.595166,49.893418],[12.59388,49.893409],[12.593387,49.894905],[12.589408,49.898693],[12.58757,49.899353],[12.58606,49.900878],[12.58491,49.90121],[12.583524,49.902439],[12.579801,49.903813],[12.573547,49.903597],[12.572036,49.903122],[12.567576,49.902527],[12.567391,49.902026],[12.564258,49.901548],[12.561946,49.902307],[12.560097,49.90354],[12.55692,49.904195],[12.553967,49.904531],[12.550701,49.905287],[12.550997,49.903934],[12.550029,49.901537],[12.548083,49.898851],[12.545184,49.895644],[12.543476,49.894703],[12.539877,49.891234],[12.535464,49.890809],[12.533788,49.889705],[12.530569,49.88814],[12.525434,49.884599],[12.524391,49.88345],[12.521608,49.881692],[12.521612,49.880779],[12.520301,49.879457],[12.518731,49.877153],[12.518838,49.872101],[12.518575,49.869071],[12.516965,49.865854],[12.514985,49.863413],[12.514613,49.861969],[12.513064,49.860831],[12.51097,49.858549],[12.507696,49.857607],[12.503441,49.85749],[12.497864,49.856937],[12.498161,49.85487],[12.497436,49.851537],[12.499109,49.847329],[12.498613,49.842931],[12.498989,49.841271],[12.49855,49.838725],[12.498022,49.83762],[12.495695,49.838399],[12.492004,49.83908],[12.489781,49.83978],[12.489322,49.840605],[12.486225,49.841809],[12.483237,49.841935],[12.481461,49.841058],[12.478342,49.838984],[12.477543,49.837703],[12.475981,49.837293],[12.474476,49.834693],[12.473057,49.833671],[12.473087,49.831888],[12.47395,49.828968],[12.47594,49.82607],[12.476242,49.824891],[12.474776,49.821973],[12.474812,49.819077],[12.473113,49.816672],[12.473364,49.8151],[12.46726,49.813063],[12.465288,49.811572],[12.464007,49.810051],[12.465061,49.809507],[12.466417,49.807901],[12.467064,49.805354],[12.470501,49.802328],[12.470552,49.799524],[12.465774,49.79667],[12.465427,49.795117],[12.466609,49.794059],[12.470814,49.792115],[12.474186,49.791999],[12.474889,49.790184],[12.474189,49.788867],[12.47243,49.787338],[12.471954,49.785891],[12.470203,49.787106],[12.467731,49.786463],[12.467187,49.785746],[12.453124,49.78046],[12.429559,49.77166],[12.420063,49.768055],[12.406495,49.763014],[12.404761,49.762785],[12.40311,49.761861],[12.401535,49.759139],[12.401433,49.757177],[12.400503,49.755648],[12.400555,49.753805],[12.405361,49.74877],[12.40564,49.747406],[12.404312,49.745921],[12.404528,49.743558],[12.4058,49.740303],[12.40674,49.73928],[12.408439,49.738388],[12.410124,49.736597],[12.412463,49.735931],[12.412513,49.732709],[12.413995,49.732028],[12.418431,49.731644],[12.420555,49.731026],[12.423974,49.731024],[12.425697,49.730567],[12.42607,49.728584],[12.427195,49.727476],[12.428494,49.72447],[12.42852,49.721798],[12.429377,49.720149],[12.431076,49.718822],[12.43293,49.717961],[12.432807,49.716095],[12.434538,49.71428],[12.435077,49.712622],[12.437651,49.709329],[12.438444,49.708673],[12.440087,49.705844],[12.443602,49.703654],[12.447302,49.70209],[12.448938,49.702046],[12.452979,49.701092],[12.457328,49.702026],[12.462798,49.699594],[12.468764,49.698377],[12.469123,49.697809],[12.479741,49.695427],[12.484048,49.693992],[12.485436,49.691435],[12.485074,49.690458],[12.485128,49.687875],[12.486473,49.687716],[12.491381,49.686017],[12.496716,49.685645],[12.500203,49.686436],[12.505249,49.68518],[12.508374,49.686322],[12.511786,49.686383],[12.514679,49.687846],[12.521359,49.686728],[12.521607,49.684779],[12.5225,49.683702],[12.522948,49.680624],[12.521886,49.679689],[12.52307,49.676021],[12.524369,49.675613],[12.524454,49.674549],[12.525742,49.673372],[12.525403,49.672852],[12.526721,49.670803],[12.527675,49.670195],[12.529394,49.667667],[12.529973,49.666086],[12.528123,49.664937],[12.528092,49.663819],[12.526807,49.663533],[12.525317,49.662009],[12.522561,49.660707],[12.522397,49.659126],[12.52358,49.655658],[12.525946,49.654185],[12.524955,49.653805],[12.524907,49.652262],[12.523613,49.651217],[12.520935,49.650562],[12.521411,49.649179],[12.51829,49.647435],[12.518291,49.646562],[12.517268,49.64544],[12.518286,49.643096],[12.52248,49.641969],[12.524288,49.642333],[12.527823,49.640497],[12.528773,49.639243],[12.528469,49.638126],[12.526709,49.636997],[12.525391,49.635614],[12.522596,49.6338],[12.522459,49.631855],[12.523859,49.627719],[12.528418,49.626399],[12.529179,49.627016],[12.533641,49.626541],[12.534285,49.626085],[12.532645,49.623909],[12.529967,49.622685],[12.526913,49.622257],[12.528248,49.620443],[12.528104,49.618102],[12.536054,49.617907],[12.545785,49.621261],[12.548122,49.621017],[12.556093,49.620677],[12.560742,49.619609],[12.55762,49.61636],[12.556942,49.614284],[12.557352,49.612576],[12.55918,49.611942],[12.559561,49.610853],[12.561555,49.61018],[12.562277,49.609017],[12.562438,49.607458],[12.563325,49.606118],[12.56362,49.604471],[12.563666,49.600253],[12.56408,49.596764],[12.565627,49.595191],[12.570416,49.591976],[12.574663,49.588752],[12.576679,49.586345],[12.576332,49.583642],[12.574233,49.581131],[12.574258,49.578638],[12.573498,49.575819],[12.573815,49.57496],[12.571113,49.570084],[12.570983,49.568852],[12.572422,49.567307],[12.574217,49.564407],[12.574452,49.561841],[12.57405,49.559824],[12.574477,49.558969],[12.576351,49.557653],[12.578567,49.556806],[12.58039,49.555673],[12.581627,49.552307],[12.583575,49.549533],[12.587878,49.546515],[12.587866,49.545778],[12.590646,49.543762],[12.594916,49.541724],[12.5938,49.540546],[12.591814,49.539532],[12.588541,49.538477],[12.591733,49.536651],[12.596647,49.534481],[12.602137,49.532429],[12.607741,49.530981],[12.612043,49.530532],[12.614529,49.52843],[12.618907,49.52933],[12.62043,49.527882],[12.62077,49.526585],[12.625915,49.527439],[12.628594,49.527005],[12.630602,49.531066],[12.632169,49.532006],[12.636109,49.531983],[12.637939,49.531198],[12.639105,49.530135],[12.639705,49.528831],[12.641015,49.527775],[12.642542,49.524517],[12.644196,49.522966],[12.644204,49.521424],[12.642969,49.52007],[12.642138,49.517868],[12.642551,49.515042],[12.643625,49.513429],[12.643815,49.510337],[12.642735,49.508624],[12.642514,49.50688],[12.641125,49.505656],[12.640417,49.503853],[12.640896,49.502891],[12.640288,49.501959],[12.639795,49.499068],[12.643835,49.494448],[12.643926,49.492483],[12.643494,49.489498],[12.644247,49.487293],[12.643727,49.486362],[12.643987,49.484206],[12.642897,49.48347],[12.640986,49.483627],[12.638178,49.482822],[12.638568,49.482248],[12.635718,49.48008],[12.63559,49.479004],[12.63428,49.476735],[12.637096,49.475967],[12.638109,49.475127],[12.639442,49.473145],[12.639291,49.472199],[12.641655,49.469926],[12.643921,49.469109],[12.645262,49.469207],[12.648538,49.468281],[12.652998,49.460267],[12.657977,49.450338],[12.655809,49.449237],[12.656124,49.446315],[12.657457,49.444554],[12.656921,49.444203],[12.657979,49.442382],[12.658179,49.43914],[12.655904,49.434764],[12.663238,49.432326],[12.669611,49.429747],[12.679371,49.426096],[12.681054,49.426332],[12.693381,49.425549],[12.708703,49.42476],[12.71364,49.419781],[12.714035,49.417886],[12.715067,49.416833],[12.714408,49.416088],[12.714813,49.414132],[12.72864,49.410963],[12.733041,49.409876],[12.757668,49.394802],[12.761101,49.382531],[12.758073,49.37524],[12.768427,49.365374],[12.777136,49.363965],[12.781285,49.360411],[12.782363,49.359215],[12.780644,49.357049],[12.778637,49.355244],[12.778327,49.3518],[12.778704,49.348159],[12.785082,49.345917],[12.785782,49.345464],[12.790595,49.344222],[12.799007,49.342399],[12.803088,49.341628],[12.80662,49.342019],[12.812595,49.341168],[12.817937,49.341345],[12.826648,49.340975],[12.829826,49.341201],[12.837238,49.340731],[12.840166,49.342078],[12.842891,49.342345],[12.843452,49.343491],[12.84349,49.34509],[12.847679,49.344389],[12.848624,49.34268],[12.851477,49.339445],[12.85339,49.338121],[12.856709,49.339224],[12.859351,49.338819],[12.865487,49.336875],[12.868856,49.33535],[12.876913,49.332478],[12.878874,49.332941],[12.883947,49.332887],[12.886847,49.33235],[12.888867,49.333425],[12.887845,49.333923],[12.887212,49.336927],[12.886272,49.337752],[12.885339,49.340306],[12.884191,49.340746],[12.882896,49.342479],[12.88099,49.343509],[12.880672,49.346666],[12.879928,49.347053],[12.880269,49.349449],[12.88001,49.350406],[12.884343,49.350437],[12.885909,49.350952],[12.889907,49.350656],[12.890635,49.350047],[12.892405,49.349955],[12.896074,49.34897],[12.900609,49.349694],[12.906001,49.348681],[12.909597,49.346908],[12.912091,49.346019],[12.914037,49.344819],[12.919322,49.343446],[12.927581,49.344887],[12.930005,49.344755],[12.932492,49.344202],[12.935904,49.34267],[12.937457,49.342818],[12.939019,49.342253],[12.941413,49.342756],[12.942835,49.344172],[12.946198,49.343599],[12.947512,49.342989],[12.950033,49.342911],[12.955747,49.338948],[12.958436,49.336744],[12.961937,49.336827],[12.963997,49.337117],[12.96513,49.336193],[12.967184,49.335827],[12.969758,49.334724],[12.972628,49.333863],[12.976456,49.329963],[12.981197,49.327056],[12.988625,49.323796],[12.989087,49.321843],[12.991399,49.319223],[12.992232,49.319076],[12.993717,49.317604],[12.995614,49.31719],[12.998336,49.314737],[13.000854,49.314269],[13.003724,49.312364],[13.004868,49.310911],[13.005728,49.307194],[13.007293,49.307149],[13.007704,49.305898],[13.011802,49.305199],[13.019734,49.304763],[13.022558,49.304992],[13.029112,49.304328],[13.030494,49.291802],[13.030416,49.287588],[13.028613,49.28468],[13.025536,49.278763],[13.03025,49.269908],[13.032355,49.266786],[13.033982,49.263929],[13.036003,49.26462],[13.040822,49.264561],[13.043097,49.264981],[13.044219,49.264019],[13.047266,49.263641],[13.050157,49.264903],[13.054976,49.264034],[13.056425,49.263003],[13.058083,49.260347],[13.057567,49.258331],[13.056705,49.256793],[13.057944,49.254727],[13.057615,49.25375],[13.058101,49.252475],[13.060405,49.250206],[13.06419,49.249544],[13.065982,49.250012],[13.06784,49.249627],[13.068092,49.247584],[13.073742,49.246449],[13.075637,49.247183],[13.077719,49.246811],[13.080609,49.247471],[13.082983,49.245612],[13.084779,49.243682],[13.08575,49.241785],[13.086935,49.240727],[13.087318,49.238538],[13.08836,49.237634],[13.088377,49.23621],[13.089068,49.234981],[13.088636,49.231445],[13.08648,49.230267],[13.086211,49.22912],[13.088117,49.227809],[13.094023,49.224995],[13.097124,49.224483],[13.098001,49.2239],[13.100528,49.223767],[13.102819,49.222736],[13.104877,49.222351],[13.106544,49.22103],[13.109175,49.22081],[13.110283,49.219594],[13.112867,49.21933],[13.114336,49.217952],[13.114763,49.215563],[13.114102,49.212845],[13.112829,49.209471],[13.111566,49.208458],[13.109634,49.20422],[13.109887,49.203129],[13.115102,49.200614],[13.117197,49.19918],[13.122097,49.19846],[13.123141,49.197312],[13.128602,49.197051],[13.132412,49.194959],[13.133992,49.193337],[13.137298,49.190751],[13.140288,49.190298],[13.141795,49.189667],[13.142577,49.188108],[13.146655,49.184922],[13.148625,49.182019],[13.15116,49.181305],[13.153601,49.180169],[13.159564,49.176574],[13.16175,49.174788],[13.165183,49.173885],[13.16791,49.173762],[13.170043,49.174009],[13.170897,49.173623],[13.174171,49.170356],[13.176899,49.16423],[13.176703,49.161904],[13.174045,49.156581],[13.172956,49.149853],[13.170294,49.144005],[13.173711,49.141862],[13.182776,49.134485],[13.191538,49.130401],[13.194529,49.128758],[13.205531,49.12218],[13.208978,49.121821],[13.215269,49.12006],[13.236408,49.113695],[13.244318,49.114975],[13.257578,49.118027],[13.262945,49.118694],[13.266291,49.118834],[13.276403,49.120479],[13.28232,49.120494],[13.289182,49.118635],[13.304353,49.109319],[13.312714,49.104493],[13.316659,49.104214],[13.31772,49.103662],[13.319541,49.101743],[13.324278,49.100334],[13.32547,49.099229],[13.326607,49.096825],[13.327711,49.096088],[13.330742,49.095406],[13.336084,49.093789],[13.337836,49.092485],[13.339304,49.090189],[13.344183,49.088891],[13.346151,49.086416],[13.346566,49.085376],[13.345957,49.083238],[13.346405,49.082068],[13.349661,49.080292],[13.352939,49.07942],[13.354891,49.078154],[13.355976,49.075795],[13.357889,49.073801],[13.361965,49.071534],[13.363525,49.069871],[13.36453,49.069385],[13.366874,49.069325],[13.367879,49.068181],[13.369885,49.067819],[13.371859,49.066181],[13.372511,49.064766],[13.374655,49.062164],[13.374556,49.060003],[13.375756,49.058584],[13.378086,49.057229],[13.380119,49.056942],[13.38279,49.057549],[13.384664,49.056632],[13.386344,49.052818],[13.389643,49.053077],[13.392176,49.054343],[13.39332,49.053182],[13.396289,49.051543],[13.397371,49.05066],[13.398069,49.048715],[13.397865,49.045791],[13.396958,49.044215],[13.39517,49.043494],[13.392362,49.042881],[13.391673,49.042147],[13.392171,49.041074],[13.394205,49.039832],[13.396209,49.039626],[13.399661,49.037067],[13.399456,49.035574],[13.401115,49.033564],[13.402046,49.031457],[13.401869,49.028962],[13.403238,49.027047],[13.403261,49.026243],[13.405829,49.023846],[13.405091,49.02195],[13.402663,49.021487],[13.401451,49.020103],[13.401531,49.018655],[13.40052,49.017009],[13.400287,49.015672],[13.401022,49.014325],[13.401057,49.012924],[13.402979,49.010636],[13.406157,49.009212],[13.408567,49.007252],[13.409413,49.00322],[13.402268,48.994439],[13.402724,48.987223],[13.417484,48.979483],[13.421361,48.978746],[13.424578,48.977278],[13.425586,48.97516],[13.425525,48.973806],[13.426184,48.972492],[13.427264,48.972085],[13.432159,48.972089],[13.43388,48.97154],[13.442984,48.965831],[13.449054,48.965277],[13.450232,48.964067],[13.454009,48.963055],[13.458631,48.962851],[13.460122,48.962145],[13.461913,48.959351],[13.463897,48.958177],[13.46562,48.956396],[13.469134,48.954431],[13.473102,48.953546],[13.477801,48.953029],[13.479706,48.95188],[13.483692,48.950964],[13.484337,48.948319],[13.487554,48.94578],[13.490413,48.944457],[13.491886,48.943236],[13.494381,48.941832],[13.495772,48.941488],[13.499051,48.94129],[13.50289,48.94207],[13.506563,48.941957],[13.508234,48.942152],[13.507784,48.945167],[13.50829,48.951058],[13.50668,48.954341],[13.505861,48.959912],[13.506345,48.962813],[13.507593,48.965577],[13.507071,48.969113],[13.515889,48.968742],[13.522446,48.971669],[13.529274,48.974049],[13.533736,48.97396],[13.537002,48.973399],[13.537226,48.972511],[13.540509,48.970399],[13.543364,48.968023],[13.548057,48.966878],[13.5509,48.967631],[13.551521,48.970385],[13.550237,48.971677],[13.549202,48.973492],[13.54919,48.975202],[13.551441,48.977063],[13.550191,48.979466],[13.547368,48.979758],[13.544336,48.980377],[13.541873,48.981938],[13.537425,48.984178],[13.535967,48.985689],[13.537607,48.990797],[13.538814,48.991327],[13.539489,48.992386],[13.539479,48.995203],[13.53861,48.996009],[13.537908,48.997737],[13.541787,48.999299],[13.543575,49.001619],[13.544266,49.003492],[13.545663,49.004068],[13.546584,49.005603],[13.546358,49.00721],[13.544254,49.008437],[13.543599,49.010604],[13.543792,49.011622],[13.545686,49.013545],[13.546487,49.014836],[13.545893,49.015668],[13.546009,49.017015],[13.543172,49.017949],[13.544117,49.019128],[13.547771,49.022116],[13.548706,49.023284],[13.548686,49.024199],[13.552616,49.026367],[13.553217,49.027359],[13.552674,49.029388],[13.55333,49.030613],[13.555772,49.030646],[13.557141,49.031833],[13.556508,49.037251],[13.556971,49.038212],[13.559129,49.039277],[13.561241,49.041075],[13.563092,49.042156],[13.563634,49.044195],[13.56999,49.048822],[13.571448,49.050666],[13.572937,49.050351],[13.575026,49.048579],[13.578012,49.048346],[13.580583,49.047533],[13.582077,49.045461],[13.584829,49.043712],[13.58854,49.045357],[13.593166,49.050106],[13.597302,49.052144],[13.599753,49.052933],[13.603201,49.054498],[13.604455,49.056991],[13.604828,49.058602],[13.604423,49.060128],[13.605857,49.062085],[13.60556,49.063327],[13.606463,49.064292],[13.605727,49.068405],[13.605777,49.070739],[13.600728,49.074099],[13.600063,49.074762],[13.599789,49.076868],[13.598525,49.07837],[13.59618,49.079605],[13.594109,49.080132],[13.593979,49.08076],[13.596538,49.083426],[13.597881,49.084421],[13.59875,49.085749],[13.598393,49.088379],[13.596707,49.088797],[13.593884,49.092158],[13.59207,49.091994],[13.588496,49.093733],[13.586419,49.094271],[13.584165,49.097134],[13.582073,49.098855],[13.579413,49.104357],[13.581529,49.106037],[13.584123,49.106157],[13.585738,49.105887],[13.590441,49.107185],[13.591896,49.106831],[13.595739,49.107601],[13.597133,49.107656],[13.59814,49.108752],[13.596861,49.109237],[13.597531,49.110412],[13.597256,49.112996],[13.595576,49.113435],[13.595936,49.114191],[13.594679,49.116849],[13.594466,49.120246],[13.592761,49.122353],[13.59066,49.122896],[13.590454,49.125302],[13.5895,49.126271],[13.591334,49.128816],[13.594021,49.130229],[13.592819,49.130895],[13.592894,49.132407],[13.593909,49.133158],[13.594005,49.134801],[13.596416,49.137277],[13.59878,49.138285],[13.599966,49.139788],[13.599438,49.140661],[13.600405,49.141691],[13.599345,49.143232],[13.597163,49.143663],[13.594775,49.142295],[13.593165,49.144222],[13.590671,49.144477],[13.589116,49.145318],[13.589067,49.146302],[13.590105,49.147458],[13.594856,49.148241],[13.599329,49.147268],[13.60126,49.147519],[13.604015,49.147396],[13.60555,49.146765],[13.607017,49.147117],[13.608021,49.145519],[13.605239,49.144613],[13.606285,49.143767],[13.610316,49.14294],[13.613273,49.143013],[13.61819,49.14065],[13.620272,49.141012],[13.622877,49.14081],[13.626872,49.140032],[13.628414,49.138083],[13.629751,49.135725],[13.632958,49.13709],[13.634591,49.138612],[13.639246,49.141177],[13.641212,49.142641],[13.644023,49.144037],[13.646443,49.147794],[13.647418,49.148763],[13.653404,49.149146],[13.654079,49.150566],[13.655617,49.150549],[13.656218,49.151575],[13.655202,49.152479],[13.657895,49.153712],[13.660193,49.154342],[13.66063,49.155633],[13.659391,49.15634],[13.658302,49.158383],[13.658609,49.159837],[13.660077,49.160184],[13.663118,49.159969],[13.666057,49.159371],[13.669059,49.159533],[13.671997,49.160886],[13.674138,49.163086],[13.674897,49.163078],[13.677629,49.161479],[13.68074,49.164035],[13.681721,49.164201],[13.684393,49.162055],[13.686442,49.163145],[13.687775,49.162658],[13.689323,49.160149],[13.690191,49.161768],[13.692642,49.162771],[13.69403,49.16375],[13.694609,49.165183],[13.693048,49.165537],[13.691251,49.164552],[13.689659,49.165279],[13.68623,49.164727],[13.684476,49.165223],[13.685518,49.167295],[13.68831,49.167331],[13.690442,49.167913],[13.693879,49.169381],[13.692664,49.170139],[13.69322,49.171528],[13.692589,49.172411],[13.693102,49.173745],[13.692027,49.176727],[13.692432,49.17934],[13.691783,49.181582],[13.690258,49.183142],[13.691339,49.185505],[13.691718,49.187158],[13.694171,49.188165],[13.696222,49.188562],[13.695142,49.189534],[13.696919,49.190377],[13.69823,49.192058],[13.704057,49.19323],[13.70672,49.192885],[13.707139,49.192223],[13.709763,49.192156],[13.711694,49.191738],[13.715615,49.192068],[13.71733,49.192918],[13.717963,49.194069],[13.71988,49.19486],[13.718157,49.196272],[13.718487,49.196839],[13.715385,49.198201],[13.715716,49.200035],[13.714166,49.200683],[13.714848,49.203118],[13.714966,49.208607],[13.710448,49.209201],[13.711681,49.210696],[13.709443,49.211929],[13.70661,49.211179],[13.702047,49.212409],[13.699355,49.212726],[13.697652,49.214241],[13.697144,49.215697],[13.697458,49.21704],[13.69654,49.218252],[13.695988,49.219972],[13.696815,49.220639],[13.695094,49.221529],[13.693431,49.220352],[13.690298,49.222284],[13.691458,49.223007],[13.691229,49.223828],[13.693208,49.225047],[13.692329,49.225545],[13.689037,49.225149],[13.688593,49.225759],[13.688797,49.2282],[13.691487,49.229979],[13.693994,49.229305],[13.695267,49.230908],[13.694799,49.232037],[13.693574,49.232328],[13.692549,49.231618],[13.690949,49.232079],[13.692269,49.233517],[13.696628,49.235946],[13.697949,49.236954],[13.699141,49.23876],[13.702508,49.238528],[13.709319,49.236324],[13.709658,49.239387],[13.709022,49.240002],[13.709203,49.242204],[13.705695,49.242115],[13.703463,49.243838],[13.70507,49.243995],[13.706447,49.245486],[13.71282,49.245675],[13.714032,49.245242],[13.713952,49.243132],[13.715883,49.243094],[13.717293,49.242584],[13.722615,49.242433],[13.724688,49.242653],[13.726697,49.243632],[13.7238,49.246293],[13.723834,49.247272],[13.719499,49.249316],[13.72041,49.251629],[13.723501,49.252212],[13.724903,49.253782],[13.727186,49.254731],[13.728438,49.256881],[13.73228,49.25651],[13.73345,49.257105],[13.730989,49.259142],[13.728903,49.258403],[13.72884,49.257298],[13.721205,49.257284],[13.716419,49.256568],[13.71469,49.256534],[13.713821,49.258074],[13.711703,49.258006],[13.710098,49.258747],[13.707612,49.259199],[13.707942,49.261648],[13.70702,49.261862],[13.704955,49.265213],[13.705795,49.266113],[13.704328,49.266726],[13.702492,49.268962],[13.702374,49.271734],[13.703081,49.271845],[13.703102,49.27668],[13.699585,49.277359],[13.698476,49.277987],[13.699764,49.279855],[13.701764,49.279147],[13.70722,49.277991],[13.709184,49.277284],[13.712695,49.276646],[13.714706,49.278268],[13.719032,49.278652],[13.719011,49.277698],[13.724315,49.277063],[13.726677,49.278779],[13.729184,49.279304],[13.73088,49.280163],[13.731106,49.282531],[13.730055,49.284055],[13.730581,49.285038],[13.733659,49.285643],[13.733733,49.28755],[13.735576,49.28898],[13.734737,49.290607],[13.73511,49.292017],[13.732545,49.292439],[13.730987,49.293261],[13.727634,49.29273],[13.724944,49.292867],[13.72422,49.295829],[13.723213,49.297455],[13.721007,49.299189],[13.723049,49.299426],[13.725226,49.299257],[13.727337,49.302644],[13.724959,49.303523],[13.725758,49.304535],[13.723241,49.306522],[13.722178,49.307017],[13.723438,49.308347],[13.722177,49.309516],[13.722413,49.310761],[13.724066,49.310617],[13.728378,49.309088],[13.733805,49.307825],[13.734458,49.30852],[13.733927,49.309545],[13.735386,49.311215],[13.73477,49.312894],[13.7359,49.314261],[13.736021,49.316054],[13.737221,49.316772],[13.738978,49.316616],[13.741464,49.317131],[13.741258,49.317839],[13.744402,49.318384],[13.747691,49.318147],[13.747716,49.320361],[13.750626,49.320669],[13.749746,49.322365],[13.752106,49.32336],[13.754397,49.32363],[13.755503,49.325081],[13.761331,49.324553],[13.76505,49.323817],[13.770088,49.323395],[13.770932,49.325091],[13.771269,49.328863],[13.770344,49.32947],[13.769623,49.331215],[13.768317,49.332112],[13.766045,49.332756],[13.76653,49.334224],[13.76747,49.334911],[13.771701,49.334829],[13.772137,49.336625],[13.768641,49.336777],[13.768023,49.337363],[13.768331,49.339708],[13.769066,49.341669],[13.770075,49.343126],[13.773427,49.346364],[13.774359,49.346588],[13.775511,49.34831],[13.775202,49.350022],[13.776638,49.350012],[13.782027,49.350979],[13.78402,49.351937],[13.783116,49.353354],[13.784597,49.354222],[13.785509,49.355388],[13.783009,49.355976],[13.782177,49.354472],[13.779934,49.354367],[13.779307,49.355615],[13.780198,49.357586],[13.781674,49.358299],[13.781212,49.359283],[13.783474,49.359652],[13.784713,49.361156],[13.785865,49.361533],[13.786612,49.363268],[13.787889,49.363565],[13.789954,49.363077],[13.790424,49.363863],[13.789216,49.365559],[13.789153,49.367205],[13.790584,49.368642],[13.789836,49.370985],[13.787859,49.371159],[13.787767,49.372234],[13.785475,49.372805],[13.785321,49.374028],[13.783495,49.374419],[13.781545,49.373914],[13.779563,49.375219],[13.776687,49.376055],[13.777133,49.376665],[13.774105,49.376954],[13.774159,49.376019],[13.771373,49.375968],[13.770746,49.378223],[13.774747,49.378225],[13.775619,49.37916],[13.771343,49.379796],[13.771239,49.380508],[13.775578,49.38141],[13.773544,49.383215],[13.77125,49.384726],[13.768263,49.385245],[13.768184,49.386489],[13.7666,49.38666],[13.765852,49.387668],[13.763818,49.387926],[13.763098,49.388754],[13.763497,49.390429],[13.764742,49.390449],[13.764141,49.391892],[13.764972,49.393761],[13.762744,49.395988],[13.762576,49.397207],[13.760333,49.398134],[13.760723,49.399199],[13.759714,49.400298],[13.762089,49.40115],[13.762381,49.402115],[13.759053,49.402003],[13.75853,49.403159],[13.759401,49.404554],[13.763636,49.40358],[13.761271,49.405256],[13.764383,49.406933],[13.764608,49.410006],[13.765564,49.410984],[13.762409,49.411816],[13.762312,49.413626],[13.7636,49.41439],[13.763792,49.417232],[13.761619,49.418282],[13.764349,49.41898],[13.767084,49.421163],[13.763713,49.420784],[13.763326,49.422285],[13.767167,49.422494],[13.767894,49.423268],[13.767497,49.424325],[13.767962,49.426047],[13.771752,49.426772],[13.771346,49.428075],[13.775149,49.428305],[13.774562,49.430263],[13.775463,49.431523],[13.777833,49.433473],[13.780202,49.433652],[13.780636,49.434203],[13.783037,49.434851],[13.781973,49.435592],[13.779513,49.436291],[13.776552,49.438381],[13.776703,49.440038],[13.779282,49.439373],[13.778813,49.442124],[13.775345,49.442159],[13.775094,49.443596],[13.772904,49.444925],[13.771422,49.448561],[13.76968,49.447561],[13.767609,49.450106],[13.764067,49.452599],[13.765634,49.453956],[13.765944,49.455906],[13.764959,49.458466],[13.767624,49.458312],[13.767859,49.458965],[13.765291,49.459775],[13.762862,49.459996],[13.762087,49.460775],[13.761752,49.463243],[13.762896,49.46501],[13.765073,49.464817],[13.766377,49.466874],[13.76634,49.468007],[13.764211,49.469467],[13.76322,49.470911],[13.764995,49.472866],[13.766316,49.473289],[13.76639,49.47619],[13.762871,49.475644],[13.762899,49.476244],[13.766073,49.477312],[13.762931,49.479425],[13.762124,49.480679],[13.76072,49.47678],[13.759971,49.476971],[13.761221,49.480139],[13.759022,49.481129],[13.759521,49.481752],[13.766004,49.480922],[13.768532,49.481486],[13.768941,49.482755],[13.767283,49.483641],[13.764318,49.483928],[13.761117,49.483525],[13.758463,49.482678],[13.75479,49.483554],[13.752073,49.485355],[13.747808,49.486738],[13.750054,49.488604],[13.748443,49.490302],[13.750814,49.491625],[13.75008,49.492528],[13.74771,49.492409],[13.747821,49.494215],[13.747372,49.495455],[13.751782,49.494478],[13.752842,49.4954],[13.752062,49.497589],[13.754553,49.497917],[13.75664,49.497053],[13.758323,49.497082],[13.758335,49.502162],[13.753967,49.503324],[13.750214,49.505173],[13.750551,49.506729],[13.753259,49.506954],[13.753405,49.508498],[13.755026,49.508973],[13.757397,49.508719],[13.757676,49.509687],[13.760467,49.50983],[13.760245,49.510518],[13.756437,49.512346],[13.762445,49.514227],[13.765715,49.513945],[13.765897,49.515098],[13.767385,49.517837],[13.764342,49.518201],[13.764701,49.519365],[13.765874,49.520256],[13.767854,49.519681],[13.768647,49.521305],[13.768429,49.523448],[13.768797,49.524881],[13.771149,49.528552],[13.771169,49.529692],[13.771968,49.531088],[13.772372,49.533414],[13.772204,49.536526],[13.770281,49.53715],[13.766987,49.537632],[13.762946,49.537711],[13.763278,49.538757],[13.762667,49.54036],[13.763642,49.542082],[13.763525,49.543101],[13.764642,49.54421],[13.764923,49.546255],[13.763737,49.546863],[13.758998,49.547647],[13.757765,49.548257],[13.756037,49.548355],[13.753673,49.550442],[13.7511,49.551128],[13.748126,49.552458],[13.74589,49.552431],[13.744323,49.551591],[13.742272,49.55144],[13.741462,49.549302],[13.741415,49.548087],[13.740182,49.547114],[13.740065,49.546285],[13.737102,49.545091],[13.737718,49.547035],[13.738664,49.548208],[13.740119,49.548797],[13.741239,49.550165],[13.741459,49.551381],[13.742864,49.553309],[13.743127,49.555422],[13.743985,49.556513],[13.744127,49.557795],[13.745469,49.558692],[13.745063,49.5603],[13.74283,49.561738],[13.739171,49.561818],[13.739034,49.562225],[13.740775,49.564444],[13.741825,49.567039],[13.7405,49.568507],[13.740239,49.569775],[13.741651,49.571442],[13.742832,49.574935],[13.743568,49.575974],[13.743201,49.57748],[13.741978,49.578451],[13.74049,49.580743],[13.739653,49.586488],[13.741906,49.587973],[13.745601,49.588918],[13.74664,49.591003],[13.748261,49.592964],[13.749954,49.594037],[13.751606,49.595908],[13.751263,49.59824],[13.750015,49.599735],[13.750113,49.603907],[13.750572,49.605515],[13.74866,49.606183],[13.747276,49.610035],[13.747559,49.610692],[13.749965,49.612265],[13.750205,49.613523],[13.752109,49.614536],[13.753867,49.614911],[13.753359,49.616623],[13.753826,49.619716],[13.753295,49.621255],[13.750798,49.621713],[13.750316,49.623094],[13.747903,49.623108],[13.74632,49.622306],[13.741922,49.621187],[13.740844,49.622014],[13.742049,49.623248],[13.744589,49.62407],[13.746876,49.623996],[13.74986,49.62473],[13.750778,49.625964],[13.753552,49.626798],[13.75197,49.632491],[13.754192,49.634551],[13.7568,49.635677],[13.757713,49.636684],[13.759807,49.637903],[13.761515,49.635604],[13.76338,49.634843],[13.765747,49.635269],[13.768847,49.634771],[13.770529,49.635703],[13.771603,49.637329],[13.77344,49.637917],[13.772727,49.638731],[13.770598,49.639324],[13.770734,49.640477],[13.766765,49.643386],[13.766229,49.645008],[13.766611,49.647011],[13.763167,49.647986],[13.763094,49.64866],[13.764323,49.650035],[13.763872,49.651257],[13.76383,49.654557],[13.764506,49.655084],[13.764631,49.656563],[13.766289,49.659593],[13.767659,49.661145],[13.771002,49.660994],[13.772186,49.662799],[13.776454,49.670194],[13.776344,49.671434],[13.780502,49.670732],[13.782834,49.670691],[13.784131,49.669837],[13.785611,49.670747],[13.786418,49.672675],[13.787367,49.673365],[13.791455,49.674673],[13.79167,49.675789],[13.793245,49.677212],[13.787176,49.681486],[13.806472,49.692935],[13.808029,49.693081],[13.812111,49.692119],[13.813753,49.690374],[13.815988,49.690125],[13.819411,49.68909],[13.820804,49.687295],[13.823654,49.686304],[13.824618,49.686408],[13.825727,49.689085],[13.826081,49.690758],[13.828511,49.692067],[13.833272,49.693516],[13.835539,49.693675],[13.836865,49.694537],[13.837527,49.695745],[13.839111,49.695689],[13.840328,49.696565],[13.838446,49.703785],[13.836274,49.708626],[13.817569,49.747451],[13.820158,49.752771],[13.816931,49.755349],[13.812854,49.760945],[13.807595,49.761114],[13.804189,49.76217],[13.802587,49.764018],[13.799616,49.765262],[13.797936,49.765586],[13.795965,49.765074],[13.795159,49.764362],[13.792757,49.764201],[13.791343,49.761847],[13.788513,49.761559],[13.781603,49.759825],[13.782075,49.765746],[13.782759,49.766332],[13.788713,49.76674],[13.792546,49.768519],[13.794454,49.768853],[13.795636,49.770743],[13.796591,49.771361],[13.796867,49.773753],[13.797617,49.775688],[13.796893,49.778371],[13.799875,49.781455],[13.79719,49.78668],[13.793782,49.788385],[13.792442,49.790072],[13.793097,49.792349],[13.792259,49.79304],[13.791555,49.795099],[13.790344,49.795771],[13.789569,49.796969],[13.790123,49.799366],[13.789133,49.801486],[13.803513,49.804296],[13.803186,49.806233],[13.802217,49.807784],[13.800804,49.808408],[13.804871,49.809735],[13.807903,49.812028],[13.806107,49.812369],[13.806985,49.814883],[13.806714,49.816711],[13.807613,49.818458],[13.806872,49.821535],[13.804384,49.821138],[13.800124,49.822158],[13.797895,49.825015],[13.797479,49.828515],[13.797002,49.829792],[13.799076,49.831093],[13.802324,49.834284],[13.806437,49.836647],[13.803909,49.83962],[13.801773,49.84327],[13.798896,49.842354],[13.797503,49.844628],[13.799774,49.845092],[13.80085,49.846358],[13.802695,49.847062],[13.804875,49.846307],[13.806755,49.848363],[13.809283,49.850231],[13.811302,49.852742],[13.811601,49.853836],[13.810106,49.85563],[13.807913,49.859294],[13.811596,49.859569],[13.810421,49.861104],[13.810149,49.863501],[13.808305,49.867935],[13.809798,49.86702],[13.814589,49.86602],[13.814596,49.867279],[13.816626,49.867811],[13.817131,49.866767],[13.818516,49.867055],[13.819015,49.868357],[13.822719,49.868577],[13.82342,49.867545],[13.825967,49.867758],[13.826116,49.868771],[13.828017,49.868296],[13.829381,49.865642],[13.834307,49.867686],[13.83291,49.870074],[13.831019,49.874065],[13.829342,49.876159],[13.828162,49.878352],[13.827687,49.880529],[13.82684,49.882562],[13.827208,49.88446],[13.826988,49.888688],[13.828001,49.890347],[13.826485,49.89269],[13.823849,49.894999],[13.824295,49.899933],[13.826007,49.900413],[13.823331,49.904612],[13.820663,49.904734],[13.819349,49.905861],[13.819156,49.908107],[13.818329,49.90885],[13.818935,49.909736],[13.818727,49.911785],[13.821821,49.913214],[13.822155,49.914473],[13.821182,49.916322],[13.821209,49.919057],[13.818475,49.920207],[13.820149,49.923085],[13.821186,49.923783],[13.824693,49.924223],[13.829957,49.925706],[13.831458,49.926925],[13.83034,49.927486],[13.825541,49.927027],[13.822415,49.927175],[13.817626,49.926551],[13.812535,49.926851],[13.80881,49.927245],[13.805336,49.928964],[13.800852,49.930504],[13.798435,49.932196],[13.797514,49.933515],[13.794737,49.934348],[13.792745,49.934529],[13.791103,49.935435],[13.789334,49.937721],[13.786565,49.940317],[13.782823,49.94139],[13.777843,49.93947],[13.77615,49.939507],[13.772049,49.940904],[13.768737,49.941355],[13.766127,49.94102],[13.763992,49.942841],[13.761079,49.943548],[13.756408,49.942926],[13.754303,49.940578],[13.752299,49.939894],[13.748799,49.93979],[13.747129,49.940446],[13.744597,49.940583],[13.743387,49.941057],[13.74523,49.94214],[13.743854,49.942587],[13.743789,49.943957],[13.74479,49.944158],[13.74717,49.943225],[13.747509,49.942202],[13.749379,49.94278],[13.750775,49.945163],[13.749428,49.946461],[13.748617,49.949631],[13.750432,49.950841],[13.749636,49.95203],[13.750278,49.953229],[13.750399,49.954898],[13.752608,49.958102],[13.749824,49.959727],[13.749001,49.960596],[13.749033,49.963761],[13.748044,49.966057],[13.744846,49.964726],[13.739492,49.963658],[13.738667,49.963682],[13.730278,49.966661],[13.724147,49.967606],[13.724161,49.966913],[13.718347,49.966956],[13.716543,49.966618],[13.713663,49.965494],[13.712347,49.966215],[13.709561,49.965797],[13.704401,49.962814],[13.702665,49.961994],[13.702003,49.962673],[13.699331,49.961939],[13.70078,49.965332],[13.699197,49.966843],[13.70034,49.96804],[13.700314,49.970036],[13.698565,49.971701],[13.698397,49.973135],[13.697485,49.973883],[13.695984,49.973858],[13.693996,49.975317],[13.694258,49.976915],[13.691914,49.978382],[13.687087,49.978867],[13.686067,49.978381],[13.685502,49.977116],[13.683763,49.97664],[13.682047,49.977277],[13.679137,49.977733],[13.678252,49.979739],[13.674733,49.982602],[13.672422,49.982508],[13.672251,49.98431],[13.671198,49.984922],[13.671483,49.986405],[13.669423,49.987531],[13.668313,49.990608],[13.667809,49.993128],[13.668219,49.994039],[13.667601,49.995249],[13.667921,49.99649],[13.667315,49.997157],[13.662268,49.99747],[13.658847,49.99822],[13.657349,49.999341],[13.656431,50.001781],[13.648528,50.00168],[13.645148,50.002766],[13.643474,50.001905],[13.642388,50.000416],[13.642468,49.999509],[13.640469,49.998663],[13.638108,49.9988],[13.636717,49.999271],[13.634093,49.999294],[13.632525,50.000431],[13.630806,50.000291],[13.62901,49.998726],[13.630541,49.997341],[13.632505,49.996192],[13.631132,49.99584],[13.627468,49.996048],[13.6258,49.995582],[13.623826,49.993784],[13.621125,49.993],[13.618814,49.99312],[13.616344,49.99259],[13.613564,49.993069],[13.610604,49.992434],[13.606544,49.993081],[13.605003,49.99271],[13.599802,49.993192],[13.595778,49.993116],[13.593175,49.993618],[13.58958,49.992579],[13.585368,49.993444],[13.583483,49.99333],[13.579025,49.993999],[13.575969,49.994146],[13.575394,49.994604],[13.568686,49.99446],[13.566283,49.996388],[13.567982,49.997561],[13.562288,49.99937],[13.562935,50.001061],[13.561268,50.002182],[13.554187,50.0046],[13.553861,50.005416],[13.556878,50.005756],[13.557178,50.00683],[13.554509,50.007588],[13.553363,50.009022],[13.549102,50.010011],[13.545087,50.010686],[13.543141,50.011493],[13.543307,50.012989],[13.541339,50.01336],[13.537599,50.013569],[13.535125,50.014936],[13.531462,50.013761],[13.527168,50.013452],[13.523511,50.013585],[13.521352,50.013255],[13.52032,50.013977],[13.519557,50.016609],[13.516654,50.019573],[13.515768,50.020839],[13.513023,50.020308],[13.507883,50.020234],[13.503184,50.020814],[13.50157,50.022561],[13.501867,50.023992],[13.501551,50.025464],[13.50187,50.026863],[13.503865,50.028893],[13.507075,50.028286],[13.507986,50.029464],[13.508359,50.031211],[13.511411,50.030862],[13.513631,50.031343],[13.518923,50.030672],[13.522582,50.030588],[13.524117,50.030927],[13.531868,50.030412],[13.536503,50.029221],[13.537482,50.031998],[13.533582,50.032156],[13.531627,50.032969],[13.527482,50.033759],[13.525034,50.033763],[13.522639,50.033108],[13.522649,50.034224],[13.52024,50.038209],[13.520538,50.040559],[13.518584,50.040658],[13.514421,50.041574],[13.51142,50.04083],[13.505471,50.04049],[13.502408,50.039688],[13.49897,50.039563],[13.497423,50.039236],[13.497323,50.038162],[13.494682,50.03677],[13.493517,50.035508],[13.493181,50.033766],[13.49149,50.033018],[13.487269,50.032135],[13.481086,50.034108],[13.478955,50.035442],[13.477854,50.036598],[13.478841,50.037051],[13.480198,50.038964],[13.475686,50.039596],[13.471866,50.039029],[13.471345,50.04016],[13.470983,50.042739],[13.468311,50.041679],[13.467092,50.039988],[13.463522,50.040081],[13.460695,50.040482],[13.454701,50.040054],[13.449439,50.040815],[13.448245,50.040733],[13.445212,50.04157],[13.444377,50.040489],[13.445067,50.038579],[13.443877,50.037567],[13.441173,50.034252],[13.438542,50.034396],[13.437284,50.033728],[13.436678,50.032327],[13.435576,50.031904],[13.434446,50.029696],[13.434624,50.027702],[13.429886,50.028293],[13.42416,50.028142],[13.423653,50.030333],[13.42264,50.032164],[13.423581,50.033778],[13.423121,50.034492],[13.419262,50.034752],[13.415387,50.034719],[13.405085,50.033529],[13.402424,50.032001],[13.399753,50.031937],[13.398476,50.032681],[13.398042,50.035249],[13.396473,50.035978],[13.396748,50.037952],[13.397758,50.037889],[13.400406,50.036094],[13.401742,50.03808],[13.401865,50.039311],[13.400657,50.039477],[13.400714,50.041087],[13.404302,50.040903],[13.403094,50.041949],[13.400955,50.042493],[13.400628,50.043612],[13.402601,50.046084],[13.408776,50.048456],[13.411529,50.049049],[13.410182,50.050044],[13.409344,50.052348],[13.409944,50.054136],[13.411869,50.055964],[13.41399,50.057424],[13.413707,50.060018],[13.413793,50.062363],[13.420611,50.060531],[13.422532,50.060365],[13.429533,50.060947],[13.429232,50.062807],[13.427597,50.065623],[13.426323,50.066922],[13.428581,50.067786],[13.42991,50.070267],[13.427557,50.071178],[13.425363,50.072738],[13.427861,50.074118],[13.424137,50.075968],[13.42018,50.076673],[13.419086,50.076351],[13.417688,50.078811],[13.416946,50.081796],[13.415704,50.083338],[13.413057,50.082116],[13.41024,50.080371],[13.409753,50.079197],[13.407145,50.081676],[13.408075,50.083693],[13.40813,50.086847],[13.409043,50.088625],[13.406764,50.08958],[13.404646,50.090171],[13.404572,50.086786],[13.405362,50.086103],[13.403284,50.084746],[13.399794,50.083832],[13.397826,50.082046],[13.396949,50.083446],[13.394911,50.082358],[13.395282,50.080425],[13.391455,50.080408],[13.391203,50.082285],[13.386854,50.08205],[13.386828,50.08114],[13.383577,50.080329],[13.378317,50.078641],[13.376954,50.077619],[13.374402,50.077496],[13.373854,50.078373],[13.371672,50.078483],[13.370284,50.079506],[13.368728,50.07971],[13.368551,50.081686],[13.369151,50.082547],[13.368855,50.083749],[13.369829,50.084005],[13.370278,50.087735],[13.370899,50.089151],[13.370327,50.091191],[13.365561,50.090533],[13.365449,50.091827],[13.362581,50.092177],[13.360508,50.094573],[13.358089,50.093764],[13.356171,50.093955],[13.355373,50.094883],[13.358658,50.096238],[13.357766,50.097062],[13.358094,50.098819],[13.354892,50.098823],[13.354333,50.100076],[13.352031,50.099881],[13.351712,50.10041],[13.354269,50.101832],[13.358339,50.102438],[13.357084,50.104266],[13.354789,50.104372],[13.351081,50.101728],[13.350268,50.101724],[13.348278,50.100441],[13.34382,50.100309],[13.343725,50.098945],[13.341845,50.09886],[13.341761,50.097837],[13.340021,50.095534],[13.341556,50.093767],[13.340958,50.092033],[13.339038,50.092058],[13.336851,50.091559],[13.336704,50.090072],[13.335092,50.088993],[13.334976,50.087882],[13.333669,50.086607],[13.331035,50.087344],[13.331082,50.087892],[13.328939,50.088405],[13.328407,50.087574],[13.323995,50.087431],[13.324868,50.088954],[13.325241,50.093559],[13.326114,50.09462],[13.32521,50.096237],[13.325009,50.098135],[13.324283,50.099496],[13.323946,50.102835],[13.321582,50.103408],[13.321933,50.101047],[13.316278,50.100889],[13.313748,50.100443],[13.309594,50.100559],[13.306735,50.100077],[13.305607,50.101011],[13.302386,50.10037],[13.301754,50.099348]]]},"properties":{"name":"Pilsen","code":"P","name_cz":"Plzeňský kraj"}},
{"type":"Feature","geometry":{"type":"Polygon","coordinates":[[[12.550701,49.905287],[12.553967,49.904531],[12.55692,49.904195],[12.560097,49.90354],[12.561946,49.902307],[12.564258,49.901548],[12.567391,49.902026],[12.567576,49.902527],[12.572036,49.903122],[12.573547,49.903597],[12.579801,49.903813],[12.583524,49.902439],[12.58491,49.90121],[12.58606,49.900878],[12.58757,49.899353],[12.589408,49.898693],[12.593387,49.894905],[12.59388,49.893409],[12.595166,49.893418],[12.596208,49.894262],[12.596535,49.89708],[12.600475,49.899767],[12.606443,49.899735],[12.609557,49.899297],[12.610736,49.898505],[12.611893,49.898998],[12.611069,49.900216],[12.610818,49.902397],[12.609708,49.903101],[12.609177,49.90446],[12.609374,49.905987],[12.611284,49.9077],[12.613297,49.908641],[12.61404,49.910133],[12.617162,49.910308],[12.620115,49.909486],[12.621697,49.910073],[12.621014,49.912678],[12.623731,49.91255],[12.623404,49.913938],[12.633699,49.91483],[12.638253,49.914916],[12.645123,49.916331],[12.649316,49.91605],[12.65844,49.914242],[12.659874,49.912397],[12.661883,49.911456],[12.664678,49.911019],[12.665499,49.910153],[12.667786,49.904656],[12.669004,49.900253],[12.669937,49.898368],[12.670443,49.896057],[12.67176,49.895031],[12.673379,49.894737],[12.673009,49.893859],[12.670847,49.892868],[12.670257,49.891751],[12.675777,49.890407],[12.677734,49.891057],[12.680821,49.891539],[12.683014,49.891492],[12.683378,49.893571],[12.682107,49.895837],[12.682843,49.897057],[12.681668,49.901233],[12.6803,49.904522],[12.676304,49.905494],[12.673509,49.908103],[12.675331,49.908658],[12.678312,49.908517],[12.680261,49.908728],[12.682206,49.909511],[12.683522,49.909476],[12.683276,49.910782],[12.690443,49.911387],[12.694587,49.912641],[12.701946,49.911565],[12.709593,49.911647],[12.709778,49.912371],[12.711903,49.912627],[12.712873,49.913556],[12.712329,49.915683],[12.711303,49.916947],[12.710818,49.919854],[12.709836,49.921254],[12.707306,49.922314],[12.703124,49.925297],[12.703456,49.926089],[12.705722,49.925563],[12.710012,49.925095],[12.711516,49.925523],[12.715706,49.924511],[12.717269,49.923844],[12.719713,49.921948],[12.722706,49.922027],[12.729947,49.923029],[12.732514,49.923648],[12.737534,49.926406],[12.739333,49.92854],[12.73966,49.929533],[12.740911,49.930114],[12.742383,49.931572],[12.744699,49.93231],[12.748118,49.931645],[12.74907,49.930569],[12.752614,49.930425],[12.755068,49.931054],[12.755578,49.930506],[12.760043,49.931609],[12.761672,49.932249],[12.760882,49.933601],[12.764424,49.934637],[12.76589,49.934029],[12.766058,49.932984],[12.769268,49.93121],[12.772241,49.931192],[12.773273,49.929909],[12.775467,49.931919],[12.7776,49.932724],[12.779739,49.934077],[12.785767,49.935372],[12.785795,49.93578],[12.789093,49.936424],[12.792199,49.937795],[12.788963,49.938839],[12.788645,49.940441],[12.79309,49.941005],[12.796528,49.938443],[12.798021,49.937746],[12.800481,49.937515],[12.803391,49.937996],[12.806215,49.938047],[12.810462,49.939796],[12.811555,49.939785],[12.811783,49.938504],[12.815656,49.938381],[12.816347,49.937422],[12.815223,49.935429],[12.812699,49.934039],[12.81318,49.933586],[12.815369,49.934521],[12.818185,49.933046],[12.817927,49.932282],[12.822432,49.931338],[12.822226,49.932832],[12.82295,49.933637],[12.826186,49.933339],[12.828882,49.933413],[12.830208,49.93221],[12.8316,49.932064],[12.83362,49.932535],[12.838527,49.934167],[12.839454,49.934265],[12.841446,49.932627],[12.84286,49.931932],[12.844348,49.930234],[12.847886,49.929834],[12.850251,49.929091],[12.849118,49.925875],[12.849475,49.924467],[12.852985,49.923968],[12.855033,49.924833],[12.85805,49.925395],[12.861453,49.926336],[12.863101,49.927511],[12.864234,49.927295],[12.871256,49.926853],[12.871875,49.926438],[12.874783,49.925961],[12.876743,49.924904],[12.877806,49.925279],[12.879681,49.926778],[12.880204,49.927851],[12.880045,49.929719],[12.88344,49.930662],[12.884956,49.931563],[12.887352,49.933791],[12.889159,49.934719],[12.890922,49.934341],[12.893885,49.934422],[12.899552,49.933325],[12.900722,49.932809],[12.905274,49.932092],[12.905944,49.929378],[12.907016,49.928304],[12.908134,49.92816],[12.909702,49.926962],[12.912544,49.925796],[12.916223,49.924719],[12.918181,49.923015],[12.921593,49.921212],[12.924601,49.920832],[12.928227,49.920844],[12.928346,49.921988],[12.927381,49.922713],[12.925563,49.926589],[12.928127,49.926537],[12.93038,49.925994],[12.935708,49.925502],[12.936964,49.926116],[12.934938,49.927],[12.936037,49.927855],[12.939842,49.928201],[12.939674,49.928834],[12.943224,49.930348],[12.942383,49.931217],[12.945049,49.931803],[12.944183,49.932483],[12.950108,49.934577],[12.9507,49.935849],[12.952254,49.936731],[12.952692,49.938468],[12.957704,49.937115],[12.958429,49.93775],[12.958749,49.939639],[12.95968,49.940936],[12.962069,49.941378],[12.962009,49.942665],[12.963945,49.942761],[12.966679,49.943642],[12.965689,49.945306],[12.966439,49.947231],[12.964305,49.947636],[12.96355,49.949215],[12.959855,49.949484],[12.958546,49.950748],[12.963455,49.951006],[12.961628,49.953452],[12.963335,49.954131],[12.967257,49.952934],[12.968637,49.953155],[12.968637,49.954177],[12.967067,49.957908],[12.969454,49.958461],[12.967928,49.961075],[12.965362,49.961281],[12.965107,49.961948],[12.963121,49.96256],[12.964046,49.963438],[12.962498,49.964356],[12.962298,49.96523],[12.958315,49.967158],[12.956541,49.967782],[12.956289,49.969019],[12.957409,49.970211],[12.957088,49.973062],[12.958711,49.974161],[12.960506,49.976031],[12.964018,49.975788],[12.965441,49.976865],[12.968886,49.976796],[12.971909,49.977304],[12.973828,49.977926],[12.976578,49.977773],[12.977718,49.977082],[12.98219,49.976757],[12.985535,49.976766],[12.987107,49.97602],[12.987888,49.976758],[12.9869,49.977999],[12.989752,49.978588],[12.990666,49.980832],[12.990761,49.982127],[12.994789,49.981248],[12.996951,49.980184],[13.000924,49.978958],[13.000932,49.980095],[13.000064,49.980814],[12.999987,49.982612],[12.998961,49.983381],[13.000089,49.984764],[12.999654,49.985968],[13.000542,49.987017],[12.999467,49.98842],[13.000103,49.989239],[13.005612,49.989599],[13.00858,49.989502],[13.009858,49.99028],[13.013946,49.991052],[13.014733,49.989706],[13.016715,49.988059],[13.017467,49.986539],[13.018631,49.986743],[13.021034,49.988286],[13.021534,49.99158],[13.018999,49.992572],[13.022969,49.993684],[13.025091,49.993642],[13.025085,49.994654],[13.026203,49.99558],[13.030048,49.995666],[13.028596,49.996979],[13.03421,49.996132],[13.035841,49.997749],[13.038564,49.998529],[13.037346,50.001562],[13.038648,50.002653],[13.041252,50.003186],[13.046596,50.002139],[13.048408,50.002449],[13.049723,50.003388],[13.050427,50.004614],[13.050647,50.007047],[13.051515,50.007932],[13.053781,50.009036],[13.054064,50.010003],[13.056551,50.010234],[13.060687,50.009238],[13.065256,50.008578],[13.068522,50.009153],[13.070766,50.012302],[13.073175,50.012882],[13.073644,50.014806],[13.072777,50.014836],[13.07055,50.013718],[13.068344,50.013045],[13.066729,50.01538],[13.068399,50.016082],[13.06968,50.018701],[13.070428,50.018779],[13.074616,50.017795],[13.077162,50.018211],[13.08366,50.018481],[13.085109,50.021493],[13.0812,50.02432],[13.080663,50.025525],[13.083261,50.027263],[13.084941,50.027488],[13.085614,50.028357],[13.088577,50.028829],[13.08957,50.029615],[13.089633,50.03166],[13.092647,50.032046],[13.094787,50.033153],[13.096865,50.035107],[13.098026,50.035094],[13.099584,50.031122],[13.101406,50.032254],[13.102686,50.03072],[13.101544,50.030341],[13.1025,50.026666],[13.106162,50.024952],[13.108268,50.024201],[13.109972,50.025472],[13.110317,50.027406],[13.11199,50.02712],[13.114832,50.02506],[13.11507,50.024221],[13.11799,50.023357],[13.119519,50.022483],[13.122862,50.025128],[13.125287,50.026521],[13.126843,50.026704],[13.12962,50.023821],[13.131663,50.025218],[13.13419,50.025001],[13.137351,50.025141],[13.140398,50.024224],[13.143028,50.024635],[13.14311,50.025805],[13.144731,50.025493],[13.147244,50.026737],[13.146673,50.027428],[13.148902,50.028001],[13.14942,50.026505],[13.148644,50.024209],[13.151035,50.024054],[13.152719,50.023305],[13.154832,50.02372],[13.158144,50.022324],[13.158085,50.024534],[13.160481,50.024559],[13.16104,50.023423],[13.162657,50.023201],[13.162977,50.022444],[13.16247,50.020703],[13.164087,50.020213],[13.16445,50.021378],[13.167861,50.020317],[13.170816,50.01883],[13.17345,50.018621],[13.173796,50.017415],[13.174915,50.016632],[13.176793,50.017424],[13.177295,50.015434],[13.178638,50.015296],[13.178792,50.013857],[13.18038,50.012007],[13.180652,50.010054],[13.182928,50.011294],[13.182232,50.011877],[13.18154,50.014052],[13.182697,50.016903],[13.185032,50.017053],[13.185431,50.016319],[13.184576,50.015093],[13.184405,50.013005],[13.185712,50.011384],[13.187806,50.009842],[13.194746,50.007431],[13.197033,50.005719],[13.200156,50.002829],[13.204633,50.000986],[13.205892,50.000002],[13.211539,49.998363],[13.21376,49.998296],[13.217477,49.997729],[13.21761,49.997249],[13.222638,49.996653],[13.22572,49.99559],[13.229282,49.995528],[13.231768,49.995955],[13.233373,49.996632],[13.235153,49.998101],[13.235684,49.999633],[13.234782,50.000905],[13.231889,50.003368],[13.230547,50.008784],[13.230862,50.010141],[13.229299,50.01335],[13.2305,50.015718],[13.232248,50.01822],[13.234671,50.020938],[13.239621,50.023876],[13.241899,50.023771],[13.242303,50.026192],[13.240385,50.027804],[13.240329,50.028408],[13.238456,50.029991],[13.239302,50.030659],[13.23845,50.032034],[13.239186,50.03263],[13.237815,50.035912],[13.236457,50.037343],[13.239764,50.038366],[13.238495,50.039285],[13.235302,50.040736],[13.235361,50.041374],[13.228732,50.041473],[13.228198,50.04301],[13.230976,50.044175],[13.231752,50.045574],[13.233761,50.045061],[13.234988,50.046761],[13.231738,50.048339],[13.230936,50.049199],[13.237851,50.048786],[13.242061,50.046963],[13.246716,50.046641],[13.248314,50.045492],[13.251589,50.045558],[13.255781,50.04688],[13.254076,50.05098],[13.257425,50.051749],[13.258142,50.051127],[13.263472,50.051446],[13.265047,50.0511],[13.265061,50.052278],[13.270605,50.053491],[13.273724,50.053571],[13.277522,50.052465],[13.280311,50.052346],[13.281286,50.053884],[13.280342,50.054337],[13.277585,50.058427],[13.276065,50.06193],[13.277555,50.061407],[13.278196,50.059984],[13.280451,50.056735],[13.281807,50.057401],[13.281497,50.058257],[13.285157,50.057578],[13.285894,50.059096],[13.288873,50.058946],[13.291566,50.059513],[13.292853,50.060231],[13.2947,50.062362],[13.29451,50.064942],[13.294063,50.066259],[13.296056,50.066455],[13.294878,50.067474],[13.295937,50.068831],[13.299066,50.070337],[13.298123,50.072515],[13.296361,50.072909],[13.296283,50.073801],[13.297353,50.074538],[13.29399,50.07468],[13.291007,50.07579],[13.288286,50.076024],[13.288124,50.076545],[13.285206,50.076474],[13.285618,50.0754],[13.284857,50.07471],[13.282948,50.074369],[13.282744,50.075623],[13.280653,50.075525],[13.2774,50.076371],[13.2781,50.07706],[13.277689,50.079007],[13.278461,50.08024],[13.281146,50.082352],[13.283286,50.082533],[13.283746,50.083421],[13.283068,50.084495],[13.285434,50.085806],[13.282678,50.086554],[13.284301,50.088547],[13.286134,50.089896],[13.288884,50.090955],[13.289502,50.091847],[13.291147,50.092423],[13.287898,50.093499],[13.288652,50.094388],[13.288414,50.095523],[13.287078,50.096362],[13.284279,50.096851],[13.281645,50.096965],[13.282027,50.099238],[13.283952,50.099145],[13.285297,50.099596],[13.286665,50.099255],[13.291193,50.099291],[13.292282,50.098205],[13.292228,50.09712],[13.293984,50.097331],[13.297177,50.096224],[13.298526,50.096416],[13.299138,50.097253],[13.301716,50.097563],[13.301754,50.099348],[13.301296,50.099938],[13.298922,50.099398],[13.29697,50.099417],[13.296817,50.100854],[13.298466,50.102621],[13.297453,50.104347],[13.29829,50.105186],[13.29652,50.108556],[13.296425,50.111019],[13.295597,50.111893],[13.296506,50.112525],[13.293992,50.113225],[13.293882,50.113994],[13.29178,50.115182],[13.292339,50.116233],[13.290224,50.116275],[13.288718,50.11531],[13.285896,50.114769],[13.284833,50.114976],[13.282016,50.114272],[13.282199,50.115722],[13.284663,50.116577],[13.286257,50.116519],[13.28976,50.11812],[13.281007,50.119935],[13.279395,50.120592],[13.279213,50.1236],[13.278074,50.124839],[13.275359,50.126754],[13.273877,50.128115],[13.270721,50.127678],[13.268569,50.12771],[13.267469,50.128674],[13.264655,50.127863],[13.26028,50.127196],[13.256904,50.126024],[13.251873,50.126518],[13.2513,50.128279],[13.249507,50.126636],[13.250191,50.12532],[13.249557,50.123994],[13.247141,50.124324],[13.248283,50.125248],[13.245374,50.125947],[13.242253,50.126029],[13.243074,50.127001],[13.238583,50.128899],[13.238718,50.130187],[13.235754,50.131724],[13.23254,50.13145],[13.229313,50.133702],[13.229832,50.134251],[13.232311,50.134772],[13.235603,50.134894],[13.239409,50.134571],[13.240972,50.13485],[13.24182,50.136555],[13.239376,50.136677],[13.237276,50.137464],[13.23569,50.138965],[13.237531,50.139191],[13.239228,50.141556],[13.244042,50.141438],[13.246349,50.1427],[13.250157,50.143555],[13.249826,50.145055],[13.250802,50.146246],[13.252852,50.144751],[13.256682,50.144025],[13.256897,50.14353],[13.261943,50.142337],[13.262643,50.143812],[13.265823,50.14319],[13.271527,50.139958],[13.273191,50.139471],[13.2752,50.137977],[13.278892,50.136987],[13.28119,50.137232],[13.282325,50.137755],[13.282999,50.139375],[13.280577,50.141599],[13.281396,50.142847],[13.282676,50.142459],[13.284209,50.144551],[13.28057,50.145834],[13.277982,50.146465],[13.280208,50.147442],[13.278755,50.148377],[13.278526,50.149709],[13.277109,50.149696],[13.273676,50.151013],[13.268815,50.151799],[13.26843,50.152953],[13.266744,50.15298],[13.26743,50.156092],[13.265009,50.156604],[13.264884,50.157382],[13.268914,50.158048],[13.272095,50.158885],[13.274127,50.159072],[13.27893,50.157592],[13.281725,50.157696],[13.284088,50.156467],[13.284604,50.158492],[13.28363,50.159155],[13.285323,50.161659],[13.284221,50.163559],[13.284989,50.164371],[13.287123,50.168123],[13.283838,50.167899],[13.283142,50.168507],[13.280619,50.16823],[13.273984,50.16857],[13.27471,50.170235],[13.27797,50.171768],[13.279153,50.173727],[13.279087,50.175588],[13.279601,50.176361],[13.276934,50.178601],[13.277219,50.180068],[13.275849,50.183005],[13.274391,50.184153],[13.2744,50.185614],[13.271766,50.186284],[13.269666,50.187786],[13.269935,50.189116],[13.26618,50.190977],[13.264615,50.191298],[13.264225,50.192286],[13.258003,50.193204],[13.252419,50.195044],[13.250165,50.195439],[13.251937,50.198863],[13.252407,50.198999],[13.249041,50.206415],[13.248226,50.206164],[13.242257,50.206807],[13.241671,50.210172],[13.240083,50.211784],[13.236989,50.211055],[13.23429,50.21144],[13.233589,50.212684],[13.230634,50.214839],[13.227305,50.214004],[13.223928,50.214105],[13.221438,50.215621],[13.221035,50.216469],[13.218781,50.217314],[13.214148,50.215665],[13.21192,50.216372],[13.21262,50.218783],[13.212055,50.219634],[13.215042,50.219779],[13.217595,50.219207],[13.219126,50.219979],[13.221344,50.219962],[13.222555,50.219202],[13.224427,50.218903],[13.227683,50.219169],[13.230203,50.220188],[13.235226,50.221695],[13.236602,50.221896],[13.24123,50.223337],[13.245855,50.222676],[13.25053,50.220416],[13.25139,50.221217],[13.250583,50.222515],[13.252198,50.223377],[13.25179,50.224087],[13.248975,50.224803],[13.247392,50.225822],[13.2491,50.226165],[13.251204,50.225553],[13.254153,50.227299],[13.255485,50.229068],[13.251042,50.23025],[13.248662,50.229562],[13.246931,50.229851],[13.24718,50.230904],[13.24591,50.231517],[13.245551,50.232673],[13.238803,50.232954],[13.233776,50.231497],[13.233398,50.2319],[13.230399,50.232499],[13.226316,50.235246],[13.225206,50.236703],[13.223445,50.23998],[13.225194,50.241656],[13.222347,50.241888],[13.222105,50.242928],[13.223482,50.243799],[13.222721,50.244725],[13.224154,50.245891],[13.230133,50.24536],[13.234032,50.245463],[13.235935,50.246139],[13.237728,50.247615],[13.237971,50.248651],[13.237178,50.250985],[13.236985,50.252946],[13.233325,50.256553],[13.234175,50.258936],[13.232574,50.263057],[13.229764,50.262866],[13.229714,50.264646],[13.230344,50.268858],[13.233164,50.27088],[13.233334,50.272676],[13.231318,50.273335],[13.223479,50.273048],[13.22092,50.273563],[13.219799,50.274255],[13.21718,50.273198],[13.214834,50.272953],[13.21424,50.275471],[13.217644,50.277287],[13.220086,50.277875],[13.22017,50.279437],[13.220988,50.282134],[13.217141,50.282051],[13.21621,50.28148],[13.21335,50.282014],[13.211029,50.281859],[13.208325,50.280375],[13.202653,50.279852],[13.200404,50.279159],[13.199187,50.279758],[13.200145,50.28096],[13.202758,50.281686],[13.202835,50.282769],[13.209338,50.283666],[13.214062,50.283656],[13.218948,50.283868],[13.221719,50.28422],[13.219503,50.285822],[13.220907,50.286532],[13.223704,50.286379],[13.223525,50.287529],[13.22432,50.288201],[13.226789,50.288585],[13.226371,50.289196],[13.224312,50.289808],[13.223449,50.292307],[13.223136,50.294279],[13.228438,50.296444],[13.229329,50.297228],[13.234412,50.296465],[13.233923,50.300703],[13.23438,50.302229],[13.233928,50.302908],[13.229926,50.303354],[13.228951,50.303785],[13.228159,50.306588],[13.223464,50.306244],[13.223212,50.307721],[13.224466,50.309492],[13.223094,50.309865],[13.221532,50.311183],[13.220559,50.312891],[13.222819,50.314579],[13.222111,50.315157],[13.224434,50.316978],[13.230415,50.319889],[13.23166,50.321026],[13.235147,50.320834],[13.234782,50.322517],[13.234936,50.324312],[13.237442,50.325387],[13.236786,50.327322],[13.235049,50.329943],[13.232432,50.331772],[13.234277,50.333466],[13.236948,50.334824],[13.237514,50.335976],[13.234944,50.33771],[13.233605,50.337639],[13.22954,50.338107],[13.228078,50.338574],[13.227065,50.34009],[13.227969,50.34133],[13.225587,50.342816],[13.22605,50.345352],[13.224032,50.347934],[13.223137,50.350679],[13.221751,50.350621],[13.220511,50.352749],[13.216503,50.353655],[13.214616,50.353633],[13.211968,50.354258],[13.211202,50.35398],[13.207683,50.354438],[13.210645,50.357138],[13.210773,50.360081],[13.208418,50.361431],[13.205805,50.360372],[13.204381,50.359413],[13.202407,50.359003],[13.201339,50.357676],[13.199026,50.357091],[13.197062,50.355564],[13.196958,50.354547],[13.193953,50.353218],[13.191837,50.353181],[13.191059,50.354345],[13.188776,50.353319],[13.186196,50.352668],[13.185426,50.350637],[13.184124,50.349881],[13.183848,50.351739],[13.184333,50.35407],[13.183814,50.354303],[13.177869,50.354021],[13.17287,50.353121],[13.171105,50.353124],[13.169595,50.352124],[13.166786,50.352865],[13.163518,50.353232],[13.163135,50.352721],[13.16075,50.353363],[13.158636,50.352308],[13.155958,50.354397],[13.152399,50.354253],[13.151427,50.355338],[13.15151,50.356461],[13.149752,50.357272],[13.143583,50.357941],[13.140373,50.357385],[13.139347,50.357903],[13.137212,50.357976],[13.13723,50.358941],[13.133538,50.359979],[13.131179,50.358895],[13.129335,50.35718],[13.125889,50.356009],[13.124331,50.354957],[13.122018,50.354498],[13.11962,50.35347],[13.121705,50.352752],[13.122232,50.351197],[13.119732,50.351049],[13.11753,50.350278],[13.116628,50.348036],[13.116454,50.345769],[13.114817,50.345249],[13.113502,50.347012],[13.114296,50.349269],[13.112283,50.350677],[13.110343,50.35108],[13.112011,50.352105],[13.112206,50.353044],[13.110061,50.353572],[13.10755,50.353462],[13.105619,50.354214],[13.105084,50.353474],[13.103331,50.35394],[13.098042,50.356986],[13.096992,50.35679],[13.093908,50.355229],[13.092961,50.357907],[13.095864,50.358511],[13.097543,50.360177],[13.0984,50.362651],[13.098945,50.365673],[13.100418,50.368471],[13.102446,50.369631],[13.107719,50.369963],[13.108725,50.372189],[13.107894,50.373443],[13.104226,50.375055],[13.099582,50.380176],[13.098755,50.381731],[13.097156,50.382465],[13.094847,50.382466],[13.086181,50.380894],[13.085067,50.380397],[13.080658,50.380422],[13.079274,50.382061],[13.077681,50.381741],[13.076325,50.383083],[13.074848,50.386146],[13.07382,50.386598],[13.072403,50.388278],[13.070268,50.388768],[13.069541,50.389621],[13.067011,50.388596],[13.069055,50.386875],[13.066911,50.386524],[13.063795,50.386624],[13.059193,50.387109],[13.055063,50.388337],[13.051769,50.387757],[13.049723,50.388264],[13.04907,50.389055],[13.046198,50.388519],[13.045099,50.387219],[13.045741,50.386264],[13.044244,50.385405],[13.045053,50.384523],[13.04092,50.384909],[13.03957,50.385538],[13.038008,50.38714],[13.031799,50.387909],[13.027829,50.389462],[13.023835,50.391816],[13.021559,50.394817],[13.021452,50.395721],[13.010808,50.393696],[12.996066,50.390713],[12.991691,50.391484],[12.990181,50.393024],[12.987929,50.393363],[12.981407,50.391352],[12.974293,50.389299],[12.973418,50.391057],[12.971355,50.392748],[12.968919,50.397887],[12.966696,50.39898],[12.964093,50.400938],[12.958816,50.401353],[12.954547,50.402732],[12.949923,50.403981],[12.948192,50.404712],[12.948094,50.404251],[12.944409,50.404076],[12.942178,50.404575],[12.937383,50.406269],[12.936132,50.407045],[12.937095,50.409219],[12.936625,50.411193],[12.934799,50.412737],[12.927147,50.415314],[12.92478,50.416292],[12.919233,50.420018],[12.915892,50.421485],[12.912237,50.423843],[12.909887,50.42361],[12.905905,50.422151],[12.902949,50.422716],[12.901377,50.42359],[12.899131,50.425616],[12.89745,50.427632],[12.894633,50.429742],[12.889757,50.431114],[12.886842,50.432375],[12.882715,50.434719],[12.880011,50.435808],[12.872794,50.437687],[12.867871,50.440264],[12.859786,50.443792],[12.855204,50.445023],[12.85412,50.445813],[12.849103,50.447514],[12.846274,50.449629],[12.843663,50.45111],[12.841347,50.452081],[12.837613,50.454076],[12.834085,50.4547],[12.829712,50.456836],[12.826808,50.457292],[12.825994,50.457885],[12.821548,50.459056],[12.819036,50.460292],[12.818574,50.458466],[12.819329,50.456418],[12.818506,50.455478],[12.818742,50.453702],[12.817661,50.450873],[12.81543,50.448585],[12.814251,50.448289],[12.812524,50.446847],[12.807234,50.444637],[12.806654,50.443336],[12.807631,50.44142],[12.808156,50.43896],[12.811145,50.436477],[12.811272,50.432419],[12.810498,50.430898],[12.808001,50.433451],[12.805612,50.43647],[12.80249,50.439406],[12.800901,50.44161],[12.799912,50.44228],[12.799006,50.443981],[12.794856,50.449431],[12.775714,50.443345],[12.771507,50.442364],[12.765887,50.440771],[12.754561,50.437723],[12.752578,50.437422],[12.748779,50.436128],[12.741322,50.434028],[12.734473,50.43234],[12.733354,50.429696],[12.731237,50.426153],[12.731418,50.42371],[12.729741,50.421654],[12.727456,50.42084],[12.724342,50.418819],[12.720698,50.417576],[12.71594,50.413921],[12.714052,50.413232],[12.710824,50.410933],[12.710029,50.40981],[12.708585,50.409085],[12.707553,50.407946],[12.706862,50.404167],[12.708206,50.403378],[12.709043,50.402089],[12.708312,50.400743],[12.707118,50.39712],[12.704726,50.398573],[12.69687,50.400876],[12.695187,50.402106],[12.695567,50.403366],[12.692913,50.40536],[12.68891,50.406442],[12.687716,50.407937],[12.681879,50.409596],[12.68047,50.410655],[12.679128,50.412354],[12.677052,50.414159],[12.676055,50.415503],[12.673276,50.416806],[12.670782,50.416291],[12.667992,50.414753],[12.662489,50.412302],[12.65452,50.41108],[12.650943,50.41111],[12.648473,50.410568],[12.644081,50.410623],[12.641033,50.41192],[12.638034,50.412379],[12.636719,50.413514],[12.634435,50.413709],[12.630805,50.414462],[12.626682,50.416297],[12.6229,50.41573],[12.619622,50.415474],[12.617261,50.415732],[12.61612,50.414253],[12.614204,50.413782],[12.612551,50.412552],[12.609385,50.411591],[12.607885,50.4103],[12.60743,50.408484],[12.60443,50.407711],[12.603284,50.406501],[12.599948,50.405779],[12.596492,50.405616],[12.592839,50.407445],[12.591159,50.407617],[12.587375,50.407032],[12.583579,50.406969],[12.580147,50.407149],[12.576429,50.404009],[12.574769,50.403298],[12.563745,50.401131],[12.558232,50.39935],[12.554557,50.399455],[12.553512,50.398867],[12.550451,50.399169],[12.546003,50.40089],[12.543957,50.398932],[12.539004,50.398493],[12.537205,50.399711],[12.535929,50.39945],[12.533947,50.399793],[12.531581,50.398662],[12.5292,50.397014],[12.523833,50.396924],[12.521455,50.396581],[12.516794,50.397471],[12.515079,50.397156],[12.512032,50.397259],[12.512584,50.396498],[12.512032,50.394838],[12.510459,50.392545],[12.508747,50.390777],[12.507415,50.390379],[12.50226,50.386248],[12.500645,50.383707],[12.49895,50.382613],[12.496885,50.3798],[12.495956,50.378986],[12.492689,50.377393],[12.490184,50.375762],[12.488898,50.374549],[12.488226,50.372426],[12.486705,50.371163],[12.486438,50.36976],[12.488283,50.367357],[12.48826,50.366093],[12.487286,50.364172],[12.487542,50.362243],[12.489996,50.360264],[12.490143,50.358432],[12.491221,50.356992],[12.492631,50.35622],[12.492343,50.354488],[12.490934,50.352517],[12.489741,50.351682],[12.489548,50.349797],[12.488476,50.349206],[12.48556,50.348757],[12.483956,50.347009],[12.482482,50.346849],[12.479888,50.347574],[12.479045,50.349221],[12.475753,50.350966],[12.469341,50.354812],[12.465844,50.353385],[12.463679,50.353034],[12.460268,50.35164],[12.459052,50.349989],[12.458511,50.34848],[12.457224,50.348055],[12.453915,50.347953],[12.449665,50.34637],[12.445556,50.343842],[12.444269,50.342774],[12.442368,50.341999],[12.441224,50.340969],[12.441012,50.339276],[12.440012,50.337828],[12.437746,50.336086],[12.434957,50.332599],[12.436808,50.331201],[12.437222,50.330045],[12.437188,50.327771],[12.435038,50.32675],[12.433801,50.325745],[12.4327,50.323765],[12.430964,50.322721],[12.426255,50.324326],[12.424282,50.324551],[12.422221,50.322804],[12.420649,50.322702],[12.417473,50.324339],[12.416048,50.324461],[12.412768,50.323598],[12.409039,50.323234],[12.404666,50.324048],[12.403125,50.323908],[12.402148,50.323066],[12.398381,50.321429],[12.398628,50.319785],[12.400651,50.318576],[12.400696,50.315966],[12.398432,50.311476],[12.398329,50.307964],[12.399717,50.30668],[12.401303,50.304419],[12.401453,50.303469],[12.403042,50.300762],[12.401202,50.299497],[12.40051,50.297954],[12.400849,50.296138],[12.40054,50.294882],[12.398885,50.292883],[12.395586,50.291627],[12.39415,50.289586],[12.388657,50.289496],[12.386177,50.289082],[12.381965,50.288935],[12.380465,50.287945],[12.375589,50.286359],[12.371533,50.28553],[12.370676,50.285107],[12.369102,50.281504],[12.366491,50.281291],[12.365026,50.280418],[12.359647,50.273525],[12.360185,50.273039],[12.361616,50.270094],[12.358841,50.268339],[12.358348,50.266859],[12.356534,50.264448],[12.35467,50.263932],[12.35272,50.262492],[12.351926,50.26114],[12.352134,50.259776],[12.351602,50.258207],[12.351664,50.256296],[12.350463,50.253332],[12.352142,50.250359],[12.354411,50.248502],[12.354845,50.247296],[12.35625,50.245595],[12.358727,50.24387],[12.359196,50.242349],[12.356744,50.242768],[12.355971,50.241695],[12.353762,50.240649],[12.353237,50.23994],[12.351265,50.239293],[12.352803,50.238423],[12.353978,50.238387],[12.354713,50.23734],[12.351212,50.237043],[12.350071,50.237734],[12.34885,50.237025],[12.346858,50.238343],[12.345357,50.238659],[12.341977,50.240398],[12.339344,50.241348],[12.336106,50.241923],[12.335472,50.242469],[12.333029,50.242238],[12.331294,50.242451],[12.332449,50.24007],[12.332641,50.238734],[12.331931,50.237621],[12.328876,50.235767],[12.328154,50.234667],[12.331373,50.234526],[12.332693,50.234002],[12.331634,50.232369],[12.330756,50.227263],[12.329185,50.225282],[12.331703,50.22406],[12.332225,50.223088],[12.334988,50.221308],[12.334695,50.217291],[12.329257,50.217745],[12.326728,50.218522],[12.326906,50.214673],[12.327433,50.213196],[12.326768,50.21171],[12.327144,50.210005],[12.323348,50.207276],[12.324171,50.205365],[12.326254,50.203093],[12.326266,50.20225],[12.327809,50.201292],[12.332294,50.200539],[12.333517,50.199292],[12.332974,50.197577],[12.336504,50.194041],[12.338122,50.192797],[12.338247,50.192133],[12.336252,50.189589],[12.336291,50.188725],[12.333085,50.187691],[12.332431,50.186975],[12.329912,50.186322],[12.328585,50.185048],[12.327957,50.182716],[12.326373,50.18195],[12.323473,50.182018],[12.323523,50.181435],[12.325863,50.180742],[12.327562,50.179699],[12.327907,50.17884],[12.326983,50.176454],[12.329175,50.175448],[12.332206,50.175596],[12.334082,50.174941],[12.334998,50.174085],[12.337395,50.173544],[12.335356,50.17197],[12.332242,50.171442],[12.329008,50.171907],[12.326822,50.172803],[12.323433,50.171682],[12.318115,50.171945],[12.316383,50.172691],[12.310801,50.173341],[12.306379,50.174591],[12.304656,50.174723],[12.303453,50.175427],[12.295248,50.174645],[12.293595,50.175055],[12.292205,50.176188],[12.290439,50.176791],[12.291854,50.178443],[12.290423,50.17852],[12.29216,50.180341],[12.291021,50.182144],[12.291385,50.183426],[12.28926,50.186067],[12.286088,50.185659],[12.28422,50.187873],[12.284752,50.189899],[12.283292,50.189551],[12.282351,50.188617],[12.280434,50.189622],[12.277492,50.191664],[12.277682,50.192947],[12.277245,50.195089],[12.274654,50.196551],[12.277707,50.199472],[12.281075,50.199668],[12.285411,50.201324],[12.287492,50.202673],[12.288486,50.203873],[12.287816,50.20513],[12.285557,50.205953],[12.286949,50.207515],[12.28911,50.208882],[12.288994,50.210517],[12.28664,50.209633],[12.28602,50.208981],[12.283011,50.209103],[12.282525,50.213115],[12.283806,50.214875],[12.286378,50.215668],[12.28997,50.21888],[12.293857,50.221033],[12.289735,50.222094],[12.287983,50.222059],[12.285284,50.223163],[12.281209,50.222919],[12.279337,50.224257],[12.283891,50.224379],[12.28685,50.225313],[12.281761,50.228083],[12.280013,50.228847],[12.279108,50.229945],[12.277572,50.230842],[12.274968,50.233242],[12.26712,50.231834],[12.265675,50.232855],[12.263517,50.233566],[12.263345,50.235678],[12.260672,50.234597],[12.259546,50.235505],[12.254956,50.236778],[12.25365,50.238704],[12.2537,50.240297],[12.251741,50.241737],[12.246598,50.24348],[12.244321,50.244707],[12.240614,50.245192],[12.239076,50.246976],[12.241358,50.250068],[12.241645,50.250842],[12.245882,50.250998],[12.247554,50.252202],[12.250221,50.255109],[12.253248,50.254086],[12.254741,50.252325],[12.254951,50.251139],[12.259421,50.252224],[12.260229,50.250963],[12.26594,50.250181],[12.265904,50.251219],[12.264584,50.252505],[12.26461,50.253745],[12.266183,50.255863],[12.265254,50.258019],[12.266146,50.258852],[12.264239,50.259594],[12.261456,50.261303],[12.253843,50.270978],[12.25091,50.270157],[12.249991,50.27083],[12.247706,50.270149],[12.248144,50.269295],[12.246862,50.268174],[12.243158,50.268986],[12.238161,50.269744],[12.236372,50.269176],[12.234386,50.269527],[12.23345,50.270403],[12.231383,50.271198],[12.229551,50.270886],[12.224494,50.270705],[12.221245,50.270391],[12.216864,50.27062],[12.213164,50.270122],[12.212685,50.270743],[12.210463,50.27153],[12.208949,50.271193],[12.206371,50.271687],[12.204984,50.272376],[12.201325,50.272839],[12.200177,50.27423],[12.201808,50.276026],[12.201896,50.284788],[12.201638,50.286218],[12.202155,50.288009],[12.201559,50.289505],[12.199763,50.29101],[12.197726,50.291475],[12.195085,50.293335],[12.196784,50.296854],[12.196844,50.298737],[12.198153,50.301035],[12.198704,50.302663],[12.19818,50.304941],[12.199503,50.306715],[12.194008,50.30984],[12.190193,50.311117],[12.188114,50.311196],[12.186839,50.311677],[12.184655,50.314704],[12.184834,50.315672],[12.183414,50.316083],[12.182765,50.317535],[12.183913,50.318919],[12.185078,50.319128],[12.184605,50.322224],[12.181091,50.322649],[12.176415,50.322619],[12.174644,50.322823],[12.172827,50.322342],[12.168842,50.321844],[12.161971,50.321515],[12.157396,50.321913],[12.153785,50.32138],[12.151689,50.322097],[12.147434,50.321595],[12.146591,50.321909],[12.139448,50.320076],[12.135598,50.31987],[12.133084,50.318813],[12.130427,50.319049],[12.127503,50.316422],[12.124804,50.315309],[12.120819,50.315967],[12.117022,50.315744],[12.113785,50.316495],[12.113789,50.317976],[12.115511,50.320458],[12.113716,50.320925],[12.111028,50.320281],[12.109917,50.320414],[12.106531,50.322474],[12.104939,50.321807],[12.103525,50.320074],[12.100805,50.318031],[12.101955,50.317579],[12.10333,50.315768],[12.104888,50.314567],[12.108236,50.314721],[12.109157,50.313858],[12.111613,50.31407],[12.114346,50.31305],[12.115783,50.312065],[12.11749,50.311658],[12.119467,50.310669],[12.121686,50.310394],[12.123445,50.30854],[12.125602,50.307657],[12.12627,50.306374],[12.125069,50.305222],[12.122962,50.304069],[12.122138,50.302247],[12.119604,50.299861],[12.119719,50.298407],[12.121264,50.297377],[12.122694,50.293933],[12.12245,50.291789],[12.123505,50.290321],[12.125642,50.288907],[12.128792,50.287432],[12.129552,50.28651],[12.133382,50.28532],[12.135918,50.283822],[12.135664,50.281012],[12.137499,50.279484],[12.140062,50.277837],[12.138289,50.275024],[12.136434,50.27462],[12.132654,50.272845],[12.130065,50.270968],[12.126764,50.269667],[12.120477,50.268549],[12.119978,50.266922],[12.118836,50.266534],[12.116285,50.268128],[12.112691,50.267634],[12.10977,50.266465],[12.107827,50.264801],[12.105851,50.263699],[12.102979,50.263428],[12.097625,50.262175],[12.100729,50.26006],[12.102344,50.257545],[12.102327,50.255529],[12.097976,50.253555],[12.095122,50.252956],[12.09059,50.252403],[12.092604,50.249423],[12.096297,50.247734],[12.09759,50.24639],[12.10125,50.246109],[12.102217,50.246872],[12.104873,50.247099],[12.106604,50.246595],[12.108457,50.243131],[12.108397,50.241582],[12.108903,50.238008],[12.111829,50.237853],[12.116962,50.236165],[12.121557,50.235042],[12.122105,50.234237],[12.12781,50.232271],[12.136612,50.231755],[12.139372,50.230598],[12.142351,50.230883],[12.141217,50.232524],[12.142157,50.233764],[12.145956,50.235061],[12.14694,50.235727],[12.149513,50.236223],[12.151077,50.235716],[12.15181,50.23431],[12.14993,50.232824],[12.148417,50.232372],[12.145383,50.230394],[12.147077,50.22923],[12.148532,50.229582],[12.15107,50.229466],[12.15461,50.228657],[12.157985,50.226874],[12.158674,50.22573],[12.157283,50.224711],[12.156557,50.223549],[12.158734,50.223152],[12.16047,50.222424],[12.160322,50.219784],[12.162709,50.219314],[12.163969,50.217958],[12.159963,50.215347],[12.157865,50.214531],[12.158067,50.213629],[12.15971,50.212109],[12.161613,50.211693],[12.164858,50.213494],[12.166414,50.212022],[12.169834,50.212986],[12.170376,50.212256],[12.175384,50.212842],[12.177425,50.209497],[12.177278,50.208067],[12.178569,50.205835],[12.180918,50.205738],[12.181352,50.205157],[12.184223,50.20509],[12.186169,50.203081],[12.184676,50.201861],[12.182714,50.201299],[12.18169,50.200444],[12.182706,50.199271],[12.18504,50.199217],[12.186579,50.20037],[12.190145,50.200763],[12.191606,50.198665],[12.194376,50.199488],[12.196207,50.199519],[12.19742,50.197922],[12.191205,50.197661],[12.189512,50.196897],[12.188856,50.195541],[12.189509,50.194658],[12.193538,50.191885],[12.197617,50.190215],[12.199168,50.190062],[12.201186,50.188643],[12.202258,50.18567],[12.202606,50.183872],[12.2039,50.180728],[12.206829,50.175326],[12.208279,50.174361],[12.208623,50.171497],[12.207298,50.169479],[12.208744,50.168681],[12.213832,50.168918],[12.215971,50.168206],[12.214702,50.164582],[12.211394,50.158914],[12.200796,50.152672],[12.200052,50.151501],[12.20348,50.150552],[12.201312,50.148262],[12.203621,50.145694],[12.200359,50.145781],[12.198527,50.143733],[12.195163,50.143168],[12.194598,50.13767],[12.197417,50.135567],[12.19612,50.132831],[12.197146,50.130765],[12.196482,50.127325],[12.197358,50.126209],[12.196699,50.125039],[12.196344,50.122895],[12.199562,50.119272],[12.199101,50.118033],[12.200395,50.116767],[12.201518,50.11666],[12.202588,50.115358],[12.200826,50.113962],[12.199547,50.110957],[12.200889,50.109671],[12.200965,50.108572],[12.203096,50.108498],[12.206131,50.107062],[12.207952,50.105008],[12.208654,50.102652],[12.211161,50.101638],[12.214139,50.102649],[12.216355,50.102839],[12.217915,50.102353],[12.221487,50.103778],[12.22393,50.10268],[12.229121,50.102119],[12.229195,50.100537],[12.228081,50.099849],[12.227375,50.097572],[12.227777,50.096485],[12.230372,50.0963],[12.230891,50.094716],[12.233568,50.094136],[12.236493,50.094753],[12.237208,50.095681],[12.240701,50.096346],[12.24162,50.09606],[12.243174,50.096889],[12.245192,50.096479],[12.246322,50.097141],[12.247685,50.096793],[12.247983,50.095765],[12.247002,50.095328],[12.244614,50.095441],[12.244605,50.093864],[12.246079,50.092402],[12.248423,50.091904],[12.249439,50.09107],[12.252467,50.090799],[12.253467,50.090036],[12.252755,50.088856],[12.252972,50.087401],[12.254326,50.086405],[12.259141,50.084257],[12.259074,50.082942],[12.263364,50.081555],[12.265459,50.079015],[12.266816,50.078442],[12.274747,50.076785],[12.274762,50.076339],[12.272699,50.074033],[12.270723,50.072257],[12.267759,50.070437],[12.265234,50.067844],[12.263278,50.066986],[12.263265,50.066221],[12.26148,50.065151],[12.260746,50.064058],[12.260999,50.062975],[12.259721,50.061062],[12.260816,50.059697],[12.260986,50.058444],[12.262499,50.058429],[12.263266,50.059236],[12.267406,50.060749],[12.270173,50.06135],[12.272462,50.061248],[12.275853,50.05857],[12.278137,50.057695],[12.279229,50.056301],[12.279257,50.055174],[12.281496,50.055516],[12.283592,50.056437],[12.287676,50.056931],[12.292738,50.057253],[12.295403,50.058114],[12.29902,50.058613],[12.301447,50.058104],[12.304263,50.056998],[12.307582,50.056019],[12.311167,50.055439],[12.312924,50.054288],[12.314363,50.052474],[12.317282,50.053372],[12.318992,50.051422],[12.319187,50.048708],[12.31782,50.047344],[12.315719,50.046032],[12.319859,50.042469],[12.322417,50.041029],[12.32329,50.039126],[12.325528,50.037029],[12.324639,50.035256],[12.324525,50.033817],[12.325875,50.032833],[12.328849,50.03219],[12.333456,50.034802],[12.333699,50.036237],[12.335677,50.038522],[12.337868,50.039659],[12.339657,50.03933],[12.342601,50.03803],[12.345153,50.037412],[12.348254,50.035952],[12.34872,50.034008],[12.349675,50.033254],[12.349038,50.032079],[12.350114,50.031045],[12.35248,50.029616],[12.355004,50.0288],[12.355545,50.027219],[12.35738,50.025572],[12.359847,50.024407],[12.362108,50.024778],[12.364513,50.023015],[12.3657,50.022766],[12.365652,50.021637],[12.367456,50.019424],[12.367495,50.017426],[12.371754,50.018165],[12.37521,50.01916],[12.378612,50.019015],[12.377905,50.018089],[12.377779,50.016485],[12.379705,50.013887],[12.382604,50.013011],[12.386598,50.012477],[12.389539,50.012635],[12.398253,50.014156],[12.399975,50.015087],[12.402187,50.014569],[12.402873,50.013568],[12.401329,50.011255],[12.399453,50.010389],[12.397401,50.008974],[12.398221,50.00783],[12.400491,50.008535],[12.402736,50.00724],[12.401691,50.005248],[12.402136,50.004991],[12.406391,50.005406],[12.409863,50.004684],[12.411682,50.004953],[12.414626,50.004574],[12.417243,50.003541],[12.419172,50.002213],[12.423843,50.000576],[12.427517,50.001871],[12.43165,50.00251],[12.432055,50.00013],[12.433832,49.999706],[12.435273,49.998422],[12.435742,49.994462],[12.435302,49.993504],[12.431139,49.993024],[12.428347,49.992458],[12.425683,49.99099],[12.426912,49.990148],[12.431064,49.988541],[12.432002,49.987311],[12.431401,49.9847],[12.436541,49.985794],[12.439988,49.986962],[12.440723,49.986418],[12.443191,49.987955],[12.447533,49.990066],[12.453592,49.991666],[12.453829,49.993486],[12.460738,49.994875],[12.463553,49.994234],[12.467163,49.992815],[12.470134,49.990777],[12.468363,49.989885],[12.468747,49.98903],[12.470846,49.986704],[12.473666,49.985222],[12.475441,49.983816],[12.476611,49.980744],[12.479983,49.98117],[12.481602,49.980848],[12.484482,49.981155],[12.486025,49.98094],[12.489959,49.981603],[12.490789,49.979863],[12.491956,49.97887],[12.494347,49.975931],[12.499559,49.972049],[12.496967,49.971304],[12.494024,49.969864],[12.493667,49.968678],[12.494035,49.966649],[12.492856,49.964315],[12.490839,49.962159],[12.491323,49.960867],[12.49056,49.958595],[12.488126,49.957886],[12.484495,49.958372],[12.481576,49.958296],[12.478178,49.956727],[12.476053,49.954674],[12.474882,49.951879],[12.470454,49.948848],[12.469819,49.947583],[12.470093,49.945786],[12.472098,49.943251],[12.474931,49.938522],[12.478336,49.935537],[12.481105,49.935822],[12.482991,49.935695],[12.489694,49.93636],[12.492067,49.936335],[12.494318,49.936791],[12.493023,49.933162],[12.498294,49.932489],[12.501745,49.930434],[12.503777,49.929631],[12.507653,49.928968],[12.512115,49.92758],[12.514002,49.927848],[12.522327,49.927686],[12.534186,49.925076],[12.538552,49.924842],[12.540846,49.924284],[12.544603,49.922544],[12.547675,49.920496],[12.548324,49.919254],[12.54829,49.916526],[12.549035,49.9132],[12.550048,49.911918],[12.551208,49.909307],[12.550701,49.905287]]]},"properties":{"name":"Karlsbad","code":"K","name_cz":"Karlovarský kraj"}},
{"type":"Feature","geometry":{"type":"Polygon","coordinates":[[[14.486427,50.504986],[14.48696,50.506308],[14.485339,50.508183],[14.483818,50.508498],[14.482399,50.510573],[14.483705,50.511468],[14.481237,50.512055],[14.479816,50.513891],[14.480671,50.514405],[14.480429,50.515693],[14.47857,50.515465],[14.476473,50.515898],[14.476151,50.518063],[14.474723,50.520796],[14.475704,50.523057],[14.472363,50.52359],[14.47087,50.524236],[14.473093,50.525165],[14.470335,50.526223],[14.469337,50.526992],[14.467712,50.526182],[14.466276,50.526143],[14.462386,50.527242],[14.458717,50.52683],[14.456214,50.527271],[14.454895,50.528354],[14.452374,50.52783],[14.447789,50.528295],[14.446249,50.529085],[14.445149,50.528842],[14.43983,50.53006],[14.443399,50.532904],[14.441354,50.532517],[14.440736,50.533852],[14.438541,50.533717],[14.437062,50.534946],[14.439022,50.538372],[14.440424,50.539063],[14.439268,50.539932],[14.439285,50.541243],[14.434919,50.540563],[14.436961,50.543218],[14.436473,50.545043],[14.434933,50.545951],[14.431944,50.545838],[14.429939,50.547571],[14.430599,50.548491],[14.427433,50.550525],[14.426182,50.552589],[14.425314,50.554714],[14.423669,50.554923],[14.422779,50.553516],[14.421417,50.553449],[14.422478,50.555259],[14.419788,50.556103],[14.418378,50.556172],[14.417913,50.558],[14.420685,50.559299],[14.420136,50.560377],[14.418072,50.56272],[14.419061,50.564151],[14.418676,50.565171],[14.41534,50.56571],[14.415179,50.566539],[14.41613,50.568312],[14.413723,50.569912],[14.412496,50.572329],[14.415608,50.573474],[14.414278,50.5741],[14.41183,50.573453],[14.411894,50.576212],[14.410196,50.57738],[14.410247,50.578285],[14.408471,50.579585],[14.40824,50.581368],[14.402829,50.581858],[14.405136,50.583989],[14.403668,50.585318],[14.405078,50.585923],[14.405521,50.587351],[14.398881,50.59003],[14.395054,50.590212],[14.391466,50.59132],[14.390447,50.592572],[14.3918,50.593471],[14.391669,50.594388],[14.390359,50.595483],[14.387155,50.597274],[14.386204,50.599393],[14.38331,50.600283],[14.380002,50.600982],[14.380421,50.601968],[14.382981,50.604281],[14.381637,50.60828],[14.382001,50.609769],[14.381047,50.610436],[14.378656,50.613351],[14.378881,50.614147],[14.377103,50.615638],[14.37187,50.618216],[14.368546,50.619269],[14.368066,50.620101],[14.369798,50.623184],[14.367179,50.624657],[14.366162,50.625861],[14.363299,50.627175],[14.36008,50.627737],[14.359025,50.628276],[14.360619,50.630592],[14.362328,50.631163],[14.362913,50.633317],[14.364029,50.63295],[14.365961,50.635821],[14.365871,50.638846],[14.364997,50.641092],[14.363335,50.642992],[14.361952,50.645476],[14.361305,50.647357],[14.359908,50.647111],[14.359263,50.648004],[14.360562,50.648863],[14.359565,50.650523],[14.359259,50.652692],[14.361814,50.654669],[14.360859,50.65551],[14.362604,50.656694],[14.35879,50.657447],[14.35837,50.65658],[14.356789,50.656148],[14.355518,50.656429],[14.352717,50.65579],[14.347796,50.65656],[14.345394,50.657747],[14.342643,50.658382],[14.343133,50.659387],[14.34293,50.66338],[14.343441,50.665133],[14.34271,50.666809],[14.34373,50.668767],[14.345396,50.670267],[14.345865,50.671376],[14.348361,50.674302],[14.351652,50.677342],[14.354278,50.678902],[14.355825,50.678624],[14.359084,50.680911],[14.363834,50.683091],[14.374082,50.686762],[14.378953,50.69083],[14.378848,50.691895],[14.377094,50.693712],[14.374148,50.694861],[14.371564,50.696445],[14.368999,50.697179],[14.367448,50.698075],[14.366935,50.700031],[14.367779,50.703369],[14.367633,50.704756],[14.368336,50.705867],[14.370067,50.70622],[14.372521,50.707767],[14.372867,50.709115],[14.373847,50.70954],[14.373341,50.710852],[14.373828,50.71191],[14.372404,50.714387],[14.37409,50.717155],[14.375706,50.718255],[14.376541,50.719775],[14.37621,50.720827],[14.379629,50.721133],[14.380924,50.721807],[14.39001,50.722919],[14.396495,50.724978],[14.39886,50.725498],[14.402389,50.72561],[14.404103,50.726409],[14.407324,50.730372],[14.4081,50.731775],[14.410018,50.733753],[14.409215,50.736312],[14.412476,50.737982],[14.414178,50.737922],[14.414253,50.736491],[14.415252,50.733544],[14.414741,50.732034],[14.416492,50.73149],[14.423086,50.732714],[14.425458,50.732995],[14.427705,50.73366],[14.431162,50.736378],[14.428381,50.737199],[14.422242,50.739649],[14.41682,50.741364],[14.418897,50.745226],[14.418369,50.748369],[14.422187,50.749862],[14.421898,50.751274],[14.422292,50.753084],[14.424774,50.754749],[14.42417,50.755988],[14.425568,50.75646],[14.426442,50.759193],[14.427501,50.7605],[14.4274,50.762246],[14.426334,50.76428],[14.427584,50.766718],[14.429377,50.76825],[14.431151,50.769161],[14.433796,50.771294],[14.432609,50.772788],[14.433866,50.773103],[14.438506,50.773215],[14.445295,50.772162],[14.448369,50.770938],[14.451719,50.772917],[14.451462,50.774404],[14.453193,50.775661],[14.455093,50.776252],[14.457622,50.777594],[14.458178,50.778513],[14.45734,50.780091],[14.455485,50.781452],[14.452287,50.783259],[14.448324,50.784234],[14.448901,50.786738],[14.449654,50.78771],[14.452038,50.788435],[14.456769,50.790671],[14.458529,50.792654],[14.456058,50.793118],[14.45521,50.79483],[14.453166,50.794128],[14.448845,50.795724],[14.451034,50.795991],[14.451031,50.797161],[14.452764,50.796905],[14.453333,50.798212],[14.450378,50.800597],[14.451236,50.802093],[14.451282,50.803244],[14.452144,50.804962],[14.4538,50.805449],[14.455639,50.804912],[14.456264,50.805905],[14.454486,50.806639],[14.452257,50.80693],[14.449476,50.805481],[14.447476,50.805641],[14.449072,50.806756],[14.449958,50.808002],[14.447762,50.807762],[14.446946,50.808562],[14.448337,50.810175],[14.443668,50.810952],[14.443939,50.811528],[14.447784,50.812168],[14.448176,50.81305],[14.450046,50.813932],[14.453278,50.813449],[14.454985,50.812621],[14.454919,50.811004],[14.457459,50.810952],[14.458892,50.80933],[14.4602,50.809272],[14.464012,50.812092],[14.464604,50.813154],[14.466158,50.813443],[14.467245,50.814366],[14.47122,50.814515],[14.475184,50.816108],[14.476183,50.81627],[14.478989,50.814836],[14.480918,50.814426],[14.483849,50.816066],[14.483675,50.813612],[14.482821,50.812658],[14.484296,50.811053],[14.482105,50.809737],[14.479685,50.809335],[14.480416,50.80852],[14.485086,50.810321],[14.487531,50.810147],[14.490972,50.811845],[14.494229,50.811576],[14.496996,50.810177],[14.498577,50.808368],[14.500477,50.808226],[14.502699,50.80662],[14.503915,50.806924],[14.506689,50.805529],[14.506937,50.804137],[14.509417,50.802117],[14.509672,50.801065],[14.512591,50.799804],[14.515517,50.799787],[14.517904,50.798455],[14.521978,50.799107],[14.523228,50.798714],[14.52562,50.796173],[14.526822,50.795458],[14.529826,50.796871],[14.531449,50.796686],[14.535055,50.796953],[14.53765,50.796586],[14.539928,50.795646],[14.540872,50.794237],[14.542995,50.796062],[14.547147,50.796909],[14.548896,50.796873],[14.552446,50.797877],[14.553724,50.798853],[14.555287,50.798559],[14.557067,50.798838],[14.558599,50.799693],[14.560702,50.799816],[14.562302,50.803478],[14.563326,50.807745],[14.56194,50.809142],[14.559465,50.814323],[14.561967,50.815708],[14.563163,50.816887],[14.56464,50.821162],[14.563072,50.82302],[14.563918,50.824796],[14.563204,50.826067],[14.564143,50.826918],[14.566446,50.827132],[14.566391,50.827926],[14.57032,50.829038],[14.56872,50.831746],[14.568527,50.832911],[14.566827,50.835751],[14.566887,50.83773],[14.568019,50.838605],[14.569828,50.839007],[14.575304,50.839151],[14.580142,50.838595],[14.581265,50.838715],[14.586053,50.838005],[14.587828,50.838105],[14.592016,50.837796],[14.593092,50.838909],[14.596543,50.840176],[14.599861,50.840955],[14.603074,50.841017],[14.60503,50.841529],[14.608329,50.843303],[14.60965,50.846482],[14.614737,50.852341],[14.614721,50.852916],[14.616434,50.854492],[14.61735,50.856065],[14.618917,50.857759],[14.620087,50.860323],[14.618917,50.863587],[14.619202,50.864994],[14.621874,50.866565],[14.624234,50.868567],[14.624667,50.871185],[14.628495,50.877713],[14.629287,50.880155],[14.630475,50.881773],[14.632676,50.883304],[14.632491,50.884496],[14.634376,50.888526],[14.63485,50.890822],[14.635072,50.893976],[14.636259,50.89721],[14.638742,50.899743],[14.647175,50.904001],[14.652172,50.905148],[14.652823,50.90606],[14.652295,50.907375],[14.652362,50.909028],[14.651686,50.911702],[14.651995,50.917411],[14.65181,50.91782],[14.652283,50.925914],[14.650546,50.928815],[14.650202,50.931523],[14.644786,50.931588],[14.638208,50.929805],[14.636175,50.928775],[14.631846,50.927025],[14.629976,50.926503],[14.628171,50.925491],[14.62544,50.925358],[14.620766,50.925697],[14.617086,50.925574],[14.616236,50.924756],[14.612819,50.922543],[14.605568,50.920973],[14.603149,50.921145],[14.601554,50.920805],[14.598991,50.919668],[14.593386,50.916346],[14.592037,50.916991],[14.588732,50.916881],[14.588126,50.916345],[14.584469,50.915345],[14.583095,50.91417],[14.580623,50.914726],[14.577884,50.915936],[14.576334,50.916098],[14.572343,50.917135],[14.568402,50.917882],[14.564942,50.918227],[14.563672,50.919492],[14.563338,50.921087],[14.56205,50.923798],[14.560512,50.925084],[14.563503,50.927427],[14.566272,50.930139],[14.567629,50.933338],[14.572002,50.937516],[14.573131,50.938164],[14.577079,50.939568],[14.579814,50.941538],[14.581244,50.941999],[14.583718,50.946012],[14.583834,50.947253],[14.585389,50.949369],[14.585333,50.95167],[14.587711,50.953929],[14.594266,50.961386],[14.596159,50.962727],[14.593584,50.966265],[14.592174,50.966741],[14.596654,50.968861],[14.597223,50.969885],[14.597123,50.974254],[14.598044,50.976318],[14.600649,50.979519],[14.598552,50.980319],[14.598449,50.982145],[14.598969,50.983843],[14.599074,50.987175],[14.595985,50.986933],[14.593168,50.987791],[14.588283,50.990299],[14.586773,50.990743],[14.584751,50.99206],[14.581564,50.993525],[14.580816,50.995861],[14.579732,50.99743],[14.578742,51.000362],[14.57089,51.003343],[14.569176,51.00423],[14.567725,51.005597],[14.566396,51.006143],[14.567474,51.007405],[14.566028,51.009223],[14.564552,51.010167],[14.558783,51.007153],[14.554969,51.007094],[14.55304,51.006284],[14.549614,51.005358],[14.547776,51.0055],[14.542558,51.004854],[14.538813,51.004046],[14.534755,51.003743],[14.532597,51.005761],[14.535109,51.007471],[14.534689,51.008747],[14.536161,51.009622],[14.539464,51.010201],[14.538476,51.012536],[14.534188,51.014933],[14.532186,51.016581],[14.52846,51.017379],[14.525218,51.018607],[14.52099,51.019213],[14.516339,51.019355],[14.509367,51.020686],[14.507093,51.020367],[14.503172,51.020765],[14.498598,51.02209],[14.500033,51.025611],[14.500824,51.029675],[14.502286,51.033176],[14.504188,51.035357],[14.506604,51.039865],[14.508602,51.042705],[14.505235,51.044312],[14.503464,51.044621],[14.501435,51.046076],[14.500165,51.04655],[14.497908,51.045932],[14.496539,51.044608],[14.495215,51.044181],[14.490766,51.043555],[14.491439,51.042805],[14.494221,51.036279],[14.494147,51.034036],[14.492925,51.029317],[14.493598,51.027087],[14.492717,51.023413],[14.491051,51.023598],[14.486902,51.02352],[14.48458,51.023774],[14.482782,51.024422],[14.479761,51.024678],[14.474412,51.025539],[14.475013,51.028635],[14.474217,51.029598],[14.470429,51.030938],[14.468996,51.032675],[14.465685,51.035349],[14.461111,51.035598],[14.460527,51.035077],[14.45383,51.035944],[14.449529,51.034624],[14.448853,51.034058],[14.444165,51.031786],[14.441552,51.029733],[14.438019,51.027957],[14.435681,51.027302],[14.431583,51.024676],[14.431729,51.023442],[14.42712,51.022396],[14.422743,51.019996],[14.419835,51.019058],[14.415037,51.018812],[14.408568,51.018784],[14.405308,51.020899],[14.400739,51.022078],[14.396014,51.022304],[14.393388,51.023358],[14.389949,51.024081],[14.387779,51.02528],[14.386052,51.026657],[14.384773,51.02699],[14.383214,51.028385],[14.383551,51.029384],[14.383076,51.032682],[14.383515,51.034773],[14.382682,51.038537],[14.37594,51.039264],[14.374033,51.038626],[14.373539,51.039312],[14.369293,51.042182],[14.365972,51.043216],[14.361973,51.045331],[14.35658,51.043207],[14.353692,51.043302],[14.351131,51.042866],[14.348351,51.04153],[14.346832,51.041455],[14.345133,51.039026],[14.340839,51.038511],[14.336601,51.039079],[14.334944,51.039701],[14.331063,51.043283],[14.329835,51.04528],[14.326951,51.047015],[14.326668,51.049344],[14.322379,51.051761],[14.318667,51.053481],[14.318112,51.05462],[14.316028,51.05566],[14.310381,51.055409],[14.307793,51.054863],[14.302093,51.055095],[14.297572,51.05148],[14.296659,51.05113],[14.295164,51.047881],[14.292204,51.046547],[14.291402,51.044237],[14.291641,51.042967],[14.289788,51.041651],[14.289382,51.039735],[14.286495,51.038551],[14.28362,51.039193],[14.280225,51.039235],[14.273854,51.0398],[14.273554,51.037826],[14.275514,51.037803],[14.279789,51.036397],[14.281247,51.034853],[14.284043,51.032492],[14.285507,51.032007],[14.28629,51.029183],[14.286372,51.027489],[14.28456,51.024888],[14.279806,51.020944],[14.277666,51.018928],[14.27987,51.017886],[14.279672,51.016681],[14.281956,51.015594],[14.280133,51.014095],[14.272013,51.010637],[14.265348,51.008156],[14.260537,51.008827],[14.26048,51.007703],[14.262287,51.003925],[14.265172,51.001643],[14.267544,51.000321],[14.268282,50.999146],[14.266476,50.999175],[14.262528,50.995674],[14.262146,50.994264],[14.258584,50.992061],[14.258683,50.987536],[14.263067,50.986459],[14.262697,50.98541],[14.271911,50.983856],[14.275844,50.982721],[14.278116,50.981839],[14.280121,50.980446],[14.282036,50.97801],[14.285697,50.976922],[14.287056,50.977313],[14.287683,50.978252],[14.289868,50.978144],[14.292741,50.97853],[14.294771,50.978361],[14.29938,50.979393],[14.30104,50.98054],[14.303853,50.981608],[14.30492,50.981612],[14.308699,50.982868],[14.309251,50.983629],[14.311418,50.98465],[14.313465,50.984931],[14.316272,50.984559],[14.317879,50.985274],[14.323478,50.985391],[14.324992,50.984241],[14.32764,50.983508],[14.329708,50.982193],[14.326497,50.980647],[14.326019,50.979073],[14.326221,50.977221],[14.327368,50.975787],[14.328972,50.974732],[14.328181,50.973098],[14.326633,50.972333],[14.323012,50.972622],[14.320769,50.972126],[14.319218,50.972269],[14.317111,50.973225],[14.31519,50.973053],[14.313144,50.972298],[14.311253,50.970694],[14.309398,50.968606],[14.305007,50.967133],[14.302571,50.965259],[14.306364,50.962919],[14.308353,50.962625],[14.315252,50.960718],[14.316995,50.96062],[14.317585,50.958203],[14.313972,50.957048],[14.310552,50.954944],[14.312542,50.953433],[14.315165,50.952619],[14.316241,50.951917],[14.318092,50.951919],[14.322026,50.950529],[14.326504,50.949518],[14.331355,50.949615],[14.334342,50.9489],[14.335263,50.949497],[14.339514,50.949788],[14.341191,50.949252],[14.345861,50.948515],[14.347408,50.94802],[14.346693,50.946681],[14.348727,50.945201],[14.355252,50.944643],[14.357287,50.944236],[14.361109,50.942708],[14.360715,50.941398],[14.363779,50.941543],[14.36636,50.942151],[14.36934,50.942275],[14.369604,50.940761],[14.369199,50.93971],[14.374242,50.938085],[14.375973,50.93897],[14.377646,50.938813],[14.378495,50.9395],[14.381403,50.940097],[14.384387,50.94027],[14.386409,50.940696],[14.387807,50.941676],[14.390588,50.939111],[14.393657,50.937444],[14.394895,50.937409],[14.396993,50.936306],[14.398325,50.934294],[14.400153,50.933832],[14.400655,50.932757],[14.399656,50.931548],[14.399273,50.930078],[14.400125,50.928435],[14.401121,50.928131],[14.400341,50.926774],[14.401718,50.92462],[14.401793,50.92356],[14.400157,50.92345],[14.395577,50.921706],[14.393888,50.920499],[14.39254,50.920987],[14.391391,50.920601],[14.394641,50.919092],[14.39417,50.918076],[14.391573,50.917865],[14.390367,50.91854],[14.38854,50.91796],[14.389744,50.917128],[14.388752,50.916313],[14.385923,50.916807],[14.386826,50.914061],[14.385822,50.912695],[14.387735,50.911392],[14.387098,50.910224],[14.388398,50.90956],[14.388671,50.908569],[14.38797,50.905202],[14.385849,50.902348],[14.387401,50.901798],[14.388338,50.900241],[14.388003,50.899199],[14.385931,50.898793],[14.383526,50.899267],[14.381538,50.898502],[14.380806,50.8977],[14.379069,50.898281],[14.377148,50.897336],[14.375567,50.897992],[14.374748,50.896495],[14.372497,50.896275],[14.36999,50.896491],[14.367402,50.897325],[14.363727,50.897381],[14.360924,50.898173],[14.358288,50.899459],[14.356957,50.898235],[14.354567,50.898245],[14.350648,50.900763],[14.348785,50.900608],[14.349502,50.89922],[14.348468,50.897841],[14.348863,50.896847],[14.350454,50.895328],[14.349384,50.894273],[14.349146,50.892701],[14.347234,50.892466],[14.344009,50.892813],[14.340511,50.891256],[14.336989,50.890274],[14.334562,50.890697],[14.331032,50.890093],[14.32783,50.889834],[14.322691,50.889082],[14.319397,50.888873],[14.310995,50.8863],[14.308224,50.885625],[14.304917,50.883957],[14.302563,50.883935],[14.300401,50.884718],[14.297065,50.885161],[14.292457,50.885102],[14.289282,50.886006],[14.288523,50.887495],[14.286393,50.888339],[14.284762,50.890684],[14.283056,50.892219],[14.276677,50.893534],[14.271769,50.895201],[14.269315,50.895021],[14.267432,50.895313],[14.262141,50.892616],[14.257319,50.889739],[14.255559,50.889348],[14.251576,50.887815],[14.247651,50.887484],[14.245178,50.886581],[14.243617,50.88641],[14.239848,50.887406],[14.234937,50.888024],[14.233365,50.887599],[14.234862,50.885711],[14.236517,50.882287],[14.236673,50.879603],[14.23619,50.876932],[14.235151,50.874324],[14.232917,50.870074],[14.231088,50.867651],[14.228757,50.865397],[14.225568,50.86139],[14.2235,50.859086],[14.218225,50.860506],[14.21514,50.859418],[14.211653,50.856756],[14.209446,50.856059],[14.207421,50.85482],[14.20698,50.853841],[14.205465,50.852808],[14.200046,50.851142],[14.195117,50.851742],[14.191027,50.849626],[14.186906,50.849775],[14.184265,50.849598],[14.178403,50.848193],[14.173619,50.847837],[14.170977,50.847381],[14.167192,50.84716],[14.161543,50.847626],[14.158522,50.845356],[14.156775,50.844988],[14.155214,50.843601],[14.153849,50.842987],[14.151175,50.842483],[14.148303,50.842292],[14.144227,50.840572],[14.139156,50.83766],[14.137252,50.83626],[14.13289,50.833985],[14.13143,50.833863],[14.126937,50.83432],[14.120933,50.83277],[14.1161,50.832164],[14.114506,50.830525],[14.110644,50.829383],[14.107151,50.830242],[14.10234,50.82843],[14.099628,50.82643],[14.097708,50.826211],[14.095827,50.826726],[14.092953,50.826142],[14.089523,50.826079],[14.087091,50.825081],[14.086117,50.8243],[14.084388,50.821587],[14.082901,50.82132],[14.081204,50.819919],[14.079257,50.819167],[14.078294,50.817861],[14.077777,50.815751],[14.078463,50.812479],[14.073964,50.811493],[14.07237,50.810815],[14.070379,50.811306],[14.066507,50.810217],[14.063711,50.809913],[14.06116,50.809958],[14.058094,50.811917],[14.053894,50.811584],[14.047825,50.81007],[14.044366,50.810228],[14.041555,50.810747],[14.039471,50.810298],[14.038089,50.809207],[14.037143,50.807593],[14.035619,50.80662],[14.035051,50.805168],[14.033412,50.804361],[14.029592,50.804293],[14.028012,50.804755],[14.025486,50.807294],[14.022709,50.809242],[14.017427,50.810913],[14.013343,50.811156],[14.012246,50.811729],[14.007293,50.810734],[14.003539,50.810243],[14.003061,50.811176],[14.003513,50.81295],[14.002904,50.8146],[13.999667,50.815701],[13.998572,50.816894],[13.995228,50.81716],[13.992985,50.818067],[13.991872,50.819509],[13.990154,50.819781],[13.989839,50.818742],[13.98841,50.81862],[13.985941,50.816293],[13.979983,50.814375],[13.975739,50.813829],[13.974552,50.813004],[13.970717,50.811107],[13.964156,50.810996],[13.959039,50.809885],[13.956713,50.80852],[13.954363,50.807568],[13.953962,50.806927],[13.954935,50.805387],[13.955521,50.80339],[13.955723,50.800842],[13.952268,50.799182],[13.948111,50.796641],[13.947207,50.795709],[13.946968,50.794023],[13.944859,50.792404],[13.943048,50.791576],[13.941687,50.791659],[13.939159,50.78998],[13.937262,50.789615],[13.932877,50.789961],[13.929785,50.788667],[13.928454,50.788501],[13.923691,50.78883],[13.919645,50.789651],[13.918251,50.789138],[13.916996,50.789472],[13.915054,50.790945],[13.911337,50.791995],[13.90692,50.792614],[13.903906,50.794242],[13.901185,50.793486],[13.897621,50.79198],[13.896405,50.788453],[13.897036,50.787311],[13.899811,50.786225],[13.90035,50.784787],[13.898782,50.783657],[13.898238,50.782308],[13.896467,50.780812],[13.894833,50.780263],[13.8926,50.776246],[13.89221,50.774028],[13.889611,50.772877],[13.887688,50.771188],[13.887342,50.770038],[13.888936,50.766523],[13.888299,50.765331],[13.889879,50.762524],[13.891844,50.761985],[13.893441,50.760105],[13.895517,50.758758],[13.896265,50.757405],[13.898478,50.755316],[13.900815,50.754619],[13.902419,50.753376],[13.900724,50.751851],[13.899359,50.747851],[13.899461,50.746468],[13.898383,50.744636],[13.896628,50.743163],[13.891798,50.741685],[13.886345,50.740514],[13.885351,50.739526],[13.882138,50.738031],[13.880265,50.737773],[13.876096,50.738761],[13.87382,50.739924],[13.871883,50.741302],[13.868112,50.742696],[13.866031,50.742213],[13.863974,50.742164],[13.862073,50.742716],[13.861242,50.741748],[13.860999,50.739119],[13.861796,50.738186],[13.862011,50.736552],[13.861118,50.734584],[13.859743,50.73288],[13.859782,50.731539],[13.857562,50.728207],[13.85489,50.726945],[13.851605,50.727283],[13.848964,50.726008],[13.846801,50.725915],[13.845665,50.725352],[13.842937,50.725229],[13.841583,50.72569],[13.83875,50.725549],[13.836434,50.726878],[13.833934,50.726785],[13.832211,50.726096],[13.831679,50.725347],[13.828387,50.724379],[13.826179,50.724292],[13.82424,50.725943],[13.822847,50.725984],[13.819597,50.727495],[13.815632,50.727684],[13.81254,50.729823],[13.811023,50.7299],[13.80991,50.73092],[13.809745,50.732311],[13.807377,50.733338],[13.805268,50.733409],[13.802972,50.73307],[13.800056,50.73308],[13.796933,50.73439],[13.794796,50.733658],[13.792378,50.733332],[13.790769,50.73259],[13.790833,50.734388],[13.789996,50.735131],[13.788219,50.734896],[13.786073,50.733633],[13.784429,50.733658],[13.781782,50.735024],[13.780242,50.735251],[13.777904,50.736337],[13.7759,50.73608],[13.773425,50.73401],[13.771905,50.733398],[13.768835,50.732908],[13.767303,50.734413],[13.763269,50.735217],[13.759978,50.734358],[13.760078,50.735084],[13.758308,50.735825],[13.755936,50.733972],[13.752943,50.730904],[13.750873,50.729597],[13.746774,50.728319],[13.743996,50.727673],[13.740561,50.727286],[13.736384,50.728765],[13.732774,50.730515],[13.732343,50.731634],[13.730636,50.733253],[13.728132,50.733659],[13.726231,50.732376],[13.723433,50.731117],[13.721311,50.729347],[13.720546,50.729309],[13.71796,50.727397],[13.714904,50.726476],[13.713529,50.724957],[13.710109,50.726007],[13.708279,50.725393],[13.709596,50.724168],[13.711365,50.723432],[13.711347,50.721272],[13.712029,50.720139],[13.710072,50.718364],[13.707576,50.716866],[13.70616,50.716786],[13.702993,50.717993],[13.697382,50.718633],[13.692774,50.718361],[13.687706,50.719628],[13.68419,50.721537],[13.681356,50.725021],[13.678373,50.725699],[13.677932,50.726507],[13.675053,50.727054],[13.672761,50.728961],[13.669154,50.730179],[13.667582,50.731624],[13.66431,50.732067],[13.659564,50.730678],[13.657202,50.731282],[13.654632,50.731166],[13.65242,50.730353],[13.64706,50.729711],[13.643446,50.729573],[13.641042,50.728875],[13.639815,50.727079],[13.635874,50.724911],[13.634559,50.725146],[13.632858,50.724237],[13.628414,50.72276],[13.624936,50.72302],[13.624717,50.721873],[13.626041,50.719909],[13.627016,50.71762],[13.626952,50.715913],[13.619124,50.713791],[13.615738,50.713553],[13.611137,50.713642],[13.607571,50.712431],[13.605286,50.711036],[13.602735,50.710153],[13.599337,50.710239],[13.596081,50.711606],[13.593338,50.712355],[13.590082,50.71239],[13.589266,50.712929],[13.585043,50.713034],[13.583411,50.712488],[13.58218,50.712888],[13.579236,50.712365],[13.577073,50.71273],[13.576251,50.713336],[13.573732,50.713729],[13.568767,50.712361],[13.56429,50.713119],[13.561378,50.714365],[13.558056,50.714795],[13.553121,50.714078],[13.549666,50.712711],[13.5485,50.711799],[13.54567,50.711544],[13.542025,50.70943],[13.541316,50.708521],[13.539705,50.707947],[13.540164,50.707202],[13.538615,50.705859],[13.536568,50.705601],[13.532822,50.705925],[13.528736,50.705303],[13.525242,50.704387],[13.525764,50.700834],[13.527941,50.698349],[13.529936,50.697158],[13.532541,50.696666],[13.533867,50.695842],[13.535578,50.693293],[13.538965,50.691513],[13.540431,50.689907],[13.540204,50.688792],[13.541222,50.687828],[13.541692,50.685858],[13.541577,50.68422],[13.542443,50.683308],[13.541749,50.682494],[13.542879,50.680513],[13.543999,50.679584],[13.544304,50.677159],[13.540433,50.675623],[13.538631,50.673065],[13.540564,50.67034],[13.540627,50.668894],[13.539519,50.667627],[13.532104,50.668649],[13.529908,50.667831],[13.529348,50.667106],[13.526662,50.665709],[13.524215,50.662819],[13.522766,50.662291],[13.521796,50.661166],[13.517335,50.658783],[13.517036,50.657056],[13.514285,50.65595],[13.513804,50.654604],[13.512788,50.653768],[13.513066,50.651685],[13.514899,50.650258],[13.516379,50.649744],[13.517861,50.648192],[13.519527,50.648939],[13.521291,50.648793],[13.525195,50.649165],[13.52456,50.646193],[13.523351,50.644342],[13.523048,50.642443],[13.524403,50.640911],[13.524298,50.639018],[13.521884,50.638515],[13.518988,50.637542],[13.517103,50.636249],[13.513752,50.635901],[13.512283,50.636115],[13.509268,50.635289],[13.505564,50.634966],[13.502296,50.633973],[13.501642,50.632625],[13.497528,50.631904],[13.495849,50.63025],[13.496079,50.627844],[13.493547,50.624068],[13.492316,50.623266],[13.488804,50.62193],[13.486891,50.621671],[13.484135,50.619281],[13.48229,50.619227],[13.482156,50.618351],[13.48048,50.616752],[13.477294,50.615275],[13.476812,50.614138],[13.477542,50.61237],[13.475004,50.61182],[13.473228,50.609876],[13.470674,50.609138],[13.470687,50.607712],[13.469031,50.607124],[13.468034,50.60622],[13.466366,50.605872],[13.466953,50.604912],[13.466058,50.604126],[13.465663,50.602293],[13.464669,50.601715],[13.462206,50.601766],[13.460337,50.604072],[13.458563,50.604625],[13.456613,50.604625],[13.452282,50.605802],[13.449298,50.607763],[13.446389,50.609085],[13.444137,50.60929],[13.443944,50.609946],[13.441738,50.610564],[13.44127,50.611195],[13.435803,50.610289],[13.43402,50.610661],[13.43268,50.610339],[13.428988,50.61073],[13.427867,50.611639],[13.425014,50.612811],[13.42712,50.615428],[13.424941,50.616631],[13.423417,50.616614],[13.418383,50.615403],[13.414872,50.616615],[13.414795,50.617738],[13.412814,50.618024],[13.412265,50.619427],[13.413752,50.62031],[13.413509,50.621723],[13.409713,50.625087],[13.408406,50.62675],[13.408716,50.627242],[13.406182,50.63069],[13.406225,50.632011],[13.405499,50.634531],[13.40364,50.635328],[13.402315,50.635049],[13.401052,50.636399],[13.39696,50.63875],[13.396509,50.640565],[13.395245,50.640624],[13.3948,50.641679],[13.392696,50.641682],[13.3922,50.643602],[13.391349,50.644772],[13.39171,50.646668],[13.389303,50.646901],[13.38573,50.646751],[13.383828,50.645901],[13.383042,50.644809],[13.379725,50.646629],[13.376917,50.648586],[13.375873,50.650159],[13.373533,50.650663],[13.371052,50.650814],[13.370444,50.650098],[13.371918,50.648931],[13.372591,50.647518],[13.372501,50.6458],[13.373099,50.645414],[13.373627,50.642321],[13.373463,50.640878],[13.374581,50.638608],[13.37348,50.637695],[13.375403,50.6364],[13.37424,50.635187],[13.374931,50.634334],[13.374252,50.632461],[13.375243,50.630898],[13.377834,50.628298],[13.376874,50.62701],[13.374997,50.626692],[13.372423,50.625251],[13.369861,50.624676],[13.368684,50.622554],[13.368766,50.620466],[13.367405,50.61878],[13.364791,50.617841],[13.362838,50.619217],[13.360217,50.619397],[13.35964,50.616962],[13.357416,50.615827],[13.355356,50.616092],[13.352768,50.615165],[13.351183,50.613778],[13.349168,50.614511],[13.346524,50.613648],[13.345481,50.613726],[13.343716,50.612775],[13.341788,50.612552],[13.340387,50.612973],[13.337544,50.612625],[13.338431,50.610689],[13.335636,50.609997],[13.334797,50.606775],[13.331839,50.607909],[13.328535,50.608076],[13.325262,50.608579],[13.324585,50.607347],[13.325976,50.605899],[13.325867,50.604629],[13.322034,50.602606],[13.320161,50.602533],[13.31954,50.601544],[13.321009,50.600525],[13.320812,50.599349],[13.322911,50.597302],[13.322835,50.59613],[13.321665,50.594527],[13.321425,50.592747],[13.321692,50.590935],[13.321246,50.589504],[13.324293,50.587764],[13.323978,50.585272],[13.324262,50.583796],[13.325064,50.582886],[13.323016,50.581043],[13.320131,50.580649],[13.319301,50.580873],[13.317381,50.580085],[13.313614,50.579305],[13.311886,50.579392],[13.308976,50.57889],[13.305074,50.579447],[13.303627,50.578904],[13.300209,50.578815],[13.2968,50.577762],[13.296162,50.57689],[13.294422,50.575973],[13.291095,50.574928],[13.29037,50.577478],[13.288937,50.578606],[13.287136,50.57938],[13.28572,50.581283],[13.284851,50.583901],[13.283598,50.585952],[13.284708,50.587519],[13.282057,50.591149],[13.27871,50.592967],[13.276686,50.592826],[13.262839,50.592668],[13.260015,50.592215],[13.255927,50.595386],[13.251836,50.594686],[13.252008,50.594003],[13.248392,50.592099],[13.247522,50.590243],[13.248252,50.589467],[13.247525,50.588434],[13.247508,50.587007],[13.245709,50.586022],[13.2436,50.58597],[13.240383,50.584964],[13.23897,50.584094],[13.237724,50.581459],[13.237486,50.580076],[13.235277,50.579349],[13.23307,50.579077],[13.234319,50.576439],[13.23353,50.576151],[13.235124,50.574535],[13.23627,50.571294],[13.234406,50.569376],[13.228843,50.567746],[13.225856,50.566206],[13.224541,50.565078],[13.224154,50.563876],[13.222615,50.562475],[13.224186,50.561265],[13.223186,50.55874],[13.224152,50.557441],[13.227645,50.556329],[13.228662,50.555137],[13.228392,50.552789],[13.229326,50.55142],[13.229455,50.550242],[13.228323,50.548483],[13.223468,50.547019],[13.221657,50.545834],[13.220936,50.544212],[13.221805,50.54354],[13.221937,50.541828],[13.219497,50.540492],[13.217857,50.537083],[13.216186,50.53592],[13.215226,50.533992],[13.212764,50.533009],[13.209364,50.52981],[13.208964,50.528563],[13.209352,50.525611],[13.208589,50.52442],[13.207866,50.522148],[13.206876,50.521152],[13.202608,50.519368],[13.199355,50.517741],[13.195167,50.516117],[13.194465,50.514512],[13.195536,50.513201],[13.196339,50.511263],[13.195415,50.508814],[13.196502,50.50692],[13.197221,50.506615],[13.19686,50.504193],[13.195191,50.503232],[13.19322,50.503274],[13.188265,50.503987],[13.177896,50.502887],[13.171216,50.505898],[13.165284,50.506006],[13.16367,50.506641],[13.161349,50.506783],[13.156289,50.508187],[13.153278,50.50848],[13.151611,50.507502],[13.147206,50.507588],[13.145404,50.50622],[13.142415,50.505601],[13.136623,50.506405],[13.137214,50.508173],[13.138674,50.510516],[13.138519,50.511835],[13.136715,50.513538],[13.13452,50.51421],[13.134498,50.516261],[13.13382,50.517353],[13.131553,50.518523],[13.126884,50.517351],[13.125029,50.515918],[13.121843,50.514336],[13.119938,50.514009],[13.11803,50.512021],[13.11528,50.509821],[13.111789,50.508431],[13.108186,50.506037],[13.103446,50.50358],[13.100925,50.502793],[13.096964,50.502333],[13.094888,50.502404],[13.090728,50.502026],[13.085657,50.500261],[13.081351,50.500363],[13.077214,50.50002],[13.075184,50.500185],[13.072898,50.500872],[13.068955,50.501053],[13.064934,50.500642],[13.061725,50.501037],[13.056126,50.501236],[13.053244,50.504033],[13.052282,50.504509],[13.051364,50.506798],[13.049838,50.507874],[13.04669,50.509173],[13.042507,50.511566],[13.039392,50.50964],[13.036472,50.509256],[13.034723,50.509871],[13.031689,50.509759],[13.030733,50.508234],[13.031672,50.502667],[13.032599,50.50194],[13.032092,50.500211],[13.028866,50.496657],[13.027922,50.493801],[13.026437,50.492254],[13.026044,50.49101],[13.023994,50.488401],[13.023233,50.488165],[13.022391,50.486278],[13.022872,50.484806],[13.022554,50.483757],[13.02336,50.48291],[13.023022,50.481666],[13.021861,50.480793],[13.021032,50.478865],[13.021406,50.477974],[13.020207,50.475237],[13.02074,50.472545],[13.020007,50.471894],[13.019691,50.469668],[13.018447,50.466994],[13.01901,50.465284],[13.019752,50.464922],[13.020024,50.462153],[13.019525,50.460366],[13.02048,50.458195],[13.022348,50.456542],[13.022008,50.45544],[13.023967,50.453884],[13.023166,50.453086],[13.021498,50.449528],[13.02014,50.448646],[13.020193,50.447398],[13.01794,50.444875],[13.014221,50.442718],[13.011577,50.442084],[13.010485,50.440641],[13.008442,50.439272],[13.002719,50.437489],[13.00082,50.436639],[12.999776,50.435505],[12.998335,50.435154],[12.995468,50.433574],[12.993156,50.429938],[12.990889,50.428558],[12.990104,50.427273],[12.990074,50.426098],[12.988451,50.424377],[12.987763,50.422512],[12.985289,50.4204],[12.982359,50.419343],[12.981486,50.419784],[12.979735,50.41869],[12.973262,50.416636],[12.969103,50.416237],[12.965812,50.415035],[12.963801,50.414579],[12.955852,50.414349],[12.950864,50.413894],[12.945866,50.413108],[12.942286,50.41173],[12.941426,50.410947],[12.940413,50.408056],[12.941178,50.407014],[12.943932,50.405965],[12.94567,50.406868],[12.947614,50.407144],[12.948192,50.404712],[12.949923,50.403981],[12.954547,50.402732],[12.958816,50.401353],[12.964093,50.400938],[12.966696,50.39898],[12.968919,50.397887],[12.971355,50.392748],[12.973418,50.391057],[12.974293,50.389299],[12.981407,50.391352],[12.987929,50.393363],[12.990181,50.393024],[12.991691,50.391484],[12.996066,50.390713],[13.010808,50.393696],[13.021452,50.395721],[13.021559,50.394817],[13.023835,50.391816],[13.027829,50.389462],[13.031799,50.387909],[13.038008,50.38714],[13.03957,50.385538],[13.04092,50.384909],[13.045053,50.384523],[13.044244,50.385405],[13.045741,50.386264],[13.045099,50.387219],[13.046198,50.388519],[13.04907,50.389055],[13.049723,50.388264],[13.051769,50.387757],[13.055063,50.388337],[13.059193,50.387109],[13.063795,50.386624],[13.066911,50.386524],[13.069055,50.386875],[13.067011,50.388596],[13.069541,50.389621],[13.070268,50.388768],[13.072403,50.388278],[13.07382,50.386598],[13.074848,50.386146],[13.076325,50.383083],[13.077681,50.381741],[13.079274,50.382061],[13.080658,50.380422],[13.085067,50.380397],[13.086181,50.380894],[13.094847,50.382466],[13.097156,50.382465],[13.098755,50.381731],[13.099582,50.380176],[13.104226,50.375055],[13.107894,50.373443],[13.108725,50.372189],[13.107719,50.369963],[13.102446,50.369631],[13.100418,50.368471],[13.098945,50.365673],[13.0984,50.362651],[13.097543,50.360177],[13.095864,50.358511],[13.092961,50.357907],[13.093908,50.355229],[13.096992,50.35679],[13.098042,50.356986],[13.103331,50.35394],[13.105084,50.353474],[13.105619,50.354214],[13.10755,50.353462],[13.110061,50.353572],[13.112206,50.353044],[13.112011,50.352105],[13.110343,50.35108],[13.112283,50.350677],[13.114296,50.349269],[13.113502,50.347012],[13.114817,50.345249],[13.116454,50.345769],[13.116628,50.348036],[13.11753,50.350278],[13.119732,50.351049],[13.122232,50.351197],[13.121705,50.352752],[13.11962,50.35347],[13.122018,50.354498],[13.124331,50.354957],[13.125889,50.356009],[13.129335,50.35718],[13.131179,50.358895],[13.133538,50.359979],[13.13723,50.358941],[13.137212,50.357976],[13.139347,50.357903],[13.140373,50.357385],[13.143583,50.357941],[13.149752,50.357272],[13.15151,50.356461],[13.151427,50.355338],[13.152399,50.354253],[13.155958,50.354397],[13.158636,50.352308],[13.16075,50.353363],[13.163135,50.352721],[13.163518,50.353232],[13.166786,50.352865],[13.169595,50.352124],[13.171105,50.353124],[13.17287,50.353121],[13.177869,50.354021],[13.183814,50.354303],[13.184333,50.35407],[13.183848,50.351739],[13.184124,50.349881],[13.185426,50.350637],[13.186196,50.352668],[13.188776,50.353319],[13.191059,50.354345],[13.191837,50.353181],[13.193953,50.353218],[13.196958,50.354547],[13.197062,50.355564],[13.199026,50.357091],[13.201339,50.357676],[13.202407,50.359003],[13.204381,50.359413],[13.205805,50.360372],[13.208418,50.361431],[13.210773,50.360081],[13.210645,50.357138],[13.207683,50.354438],[13.211202,50.35398],[13.211968,50.354258],[13.214616,50.353633],[13.216503,50.353655],[13.220511,50.352749],[13.221751,50.350621],[13.223137,50.350679],[13.224032,50.347934],[13.22605,50.345352],[13.225587,50.342816],[13.227969,50.34133],[13.227065,50.34009],[13.228078,50.338574],[13.22954,50.338107],[13.233605,50.337639],[13.234944,50.33771],[13.237514,50.335976],[13.236948,50.334824],[13.234277,50.333466],[13.232432,50.331772],[13.235049,50.329943],[13.236786,50.327322],[13.237442,50.325387],[13.234936,50.324312],[13.234782,50.322517],[13.235147,50.320834],[13.23166,50.321026],[13.230415,50.319889],[13.224434,50.316978],[13.222111,50.315157],[13.222819,50.314579],[13.220559,50.312891],[13.221532,50.311183],[13.223094,50.309865],[13.224466,50.309492],[13.223212,50.307721],[13.223464,50.306244],[13.228159,50.306588],[13.228951,50.303785],[13.229926,50.303354],[13.233928,50.302908],[13.23438,50.302229],[13.233923,50.300703],[13.234412,50.296465],[13.229329,50.297228],[13.228438,50.296444],[13.223136,50.294279],[13.223449,50.292307],[13.224312,50.289808],[13.226371,50.289196],[13.226789,50.288585],[13.22432,50.288201],[13.223525,50.287529],[13.223704,50.286379],[13.220907,50.286532],[13.219503,50.285822],[13.221719,50.28422],[13.218948,50.283868],[13.214062,50.283656],[13.209338,50.283666],[13.202835,50.282769],[13.202758,50.281686],[13.200145,50.28096],[13.199187,50.279758],[13.200404,50.279159],[13.202653,50.279852],[13.208325,50.280375],[13.211029,50.281859],[13.21335,50.282014],[13.21621,50.28148],[13.217141,50.282051],[13.220988,50.282134],[13.22017,50.279437],[13.220086,50.277875],[13.217644,50.277287],[13.21424,50.275471],[13.214834,50.272953],[13.21718,50.273198],[13.219799,50.274255],[13.22092,50.273563],[13.223479,50.273048],[13.231318,50.273335],[13.233334,50.272676],[13.233164,50.27088],[13.230344,50.268858],[13.229714,50.264646],[13.229764,50.262866],[13.232574,50.263057],[13.234175,50.258936],[13.233325,50.256553],[13.236985,50.252946],[13.237178,50.250985],[13.237971,50.248651],[13.237728,50.247615],[13.235935,50.246139],[13.234032,50.245463],[13.230133,50.24536],[13.224154,50.245891],[13.222721,50.244725],[13.223482,50.243799],[13.222105,50.242928],[13.222347,50.241888],[13.225194,50.241656],[13.223445,50.23998],[13.225206,50.236703],[13.226316,50.235246],[13.230399,50.232499],[13.233398,50.2319],[13.233776,50.231497],[13.238803,50.232954],[13.245551,50.232673],[13.24591,50.231517],[13.24718,50.230904],[13.246931,50.229851],[13.248662,50.229562],[13.251042,50.23025],[13.255485,50.229068],[13.254153,50.227299],[13.251204,50.225553],[13.2491,50.226165],[13.247392,50.225822],[13.248975,50.224803],[13.25179,50.224087],[13.252198,50.223377],[13.250583,50.222515],[13.25139,50.221217],[13.25053,50.220416],[13.245855,50.222676],[13.24123,50.223337],[13.236602,50.221896],[13.235226,50.221695],[13.230203,50.220188],[13.227683,50.219169],[13.224427,50.218903],[13.222555,50.219202],[13.221344,50.219962],[13.219126,50.219979],[13.217595,50.219207],[13.215042,50.219779],[13.212055,50.219634],[13.21262,50.218783],[13.21192,50.216372],[13.214148,50.215665],[13.218781,50.217314],[13.221035,50.216469],[13.221438,50.215621],[13.223928,50.214105],[13.227305,50.214004],[13.230634,50.214839],[13.233589,50.212684],[13.23429,50.21144],[13.236989,50.211055],[13.240083,50.211784],[13.241671,50.210172],[13.242257,50.206807],[13.248226,50.206164],[13.249041,50.206415],[13.252407,50.198999],[13.251937,50.198863],[13.250165,50.195439],[13.252419,50.195044],[13.258003,50.193204],[13.264225,50.192286],[13.264615,50.191298],[13.26618,50.190977],[13.269935,50.189116],[13.269666,50.187786],[13.271766,50.186284],[13.2744,50.185614],[13.274391,50.184153],[13.275849,50.183005],[13.277219,50.180068],[13.276934,50.178601],[13.279601,50.176361],[13.279087,50.175588],[13.279153,50.173727],[13.27797,50.171768],[13.27471,50.170235],[13.273984,50.16857],[13.280619,50.16823],[13.283142,50.168507],[13.283838,50.167899],[13.287123,50.168123],[13.284989,50.164371],[13.284221,50.163559],[13.285323,50.161659],[13.28363,50.159155],[13.284604,50.158492],[13.284088,50.156467],[13.281725,50.157696],[13.27893,50.157592],[13.274127,50.159072],[13.272095,50.158885],[13.268914,50.158048],[13.264884,50.157382],[13.265009,50.156604],[13.26743,50.156092],[13.266744,50.15298],[13.26843,50.152953],[13.268815,50.151799],[13.273676,50.151013],[13.277109,50.149696],[13.278526,50.149709],[13.278755,50.148377],[13.280208,50.147442],[13.277982,50.146465],[13.28057,50.145834],[13.284209,50.144551],[13.282676,50.142459],[13.281396,50.142847],[13.280577,50.141599],[13.282999,50.139375],[13.282325,50.137755],[13.28119,50.137232],[13.278892,50.136987],[13.2752,50.137977],[13.273191,50.139471],[13.271527,50.139958],[13.265823,50.14319],[13.262643,50.143812],[13.261943,50.142337],[13.256897,50.14353],[13.256682,50.144025],[13.252852,50.144751],[13.250802,50.146246],[13.249826,50.145055],[13.250157,50.143555],[13.246349,50.1427],[13.244042,50.141438],[13.239228,50.141556],[13.237531,50.139191],[13.23569,50.138965],[13.237276,50.137464],[13.239376,50.136677],[13.24182,50.136555],[13.240972,50.13485],[13.239409,50.134571],[13.235603,50.134894],[13.232311,50.134772],[13.229832,50.134251],[13.229313,50.133702],[13.23254,50.13145],[13.235754,50.131724],[13.238718,50.130187],[13.238583,50.128899],[13.243074,50.127001],[13.242253,50.126029],[13.245374,50.125947],[13.248283,50.125248],[13.247141,50.124324],[13.249557,50.123994],[13.250191,50.12532],[13.249507,50.126636],[13.2513,50.128279],[13.251873,50.126518],[13.256904,50.126024],[13.26028,50.127196],[13.264655,50.127863],[13.267469,50.128674],[13.268569,50.12771],[13.270721,50.127678],[13.273877,50.128115],[13.275359,50.126754],[13.278074,50.124839],[13.279213,50.1236],[13.279395,50.120592],[13.281007,50.119935],[13.28976,50.11812],[13.286257,50.116519],[13.284663,50.116577],[13.282199,50.115722],[13.282016,50.114272],[13.284833,50.114976],[13.285896,50.114769],[13.288718,50.11531],[13.290224,50.116275],[13.292339,50.116233],[13.29178,50.115182],[13.293882,50.113994],[13.293992,50.113225],[13.296506,50.112525],[13.295597,50.111893],[13.296425,50.111019],[13.29652,50.108556],[13.29829,50.105186],[13.297453,50.104347],[13.298466,50.102621],[13.296817,50.100854],[13.29697,50.099417],[13.298922,50.099398],[13.301296,50.099938],[13.301754,50.099348],[13.302386,50.10037],[13.305607,50.101011],[13.306735,50.100077],[13.309594,50.100559],[13.313748,50.100443],[13.316278,50.100889],[13.321933,50.101047],[13.321582,50.103408],[13.323946,50.102835],[13.324283,50.099496],[13.325009,50.098135],[13.32521,50.096237],[13.326114,50.09462],[13.325241,50.093559],[13.324868,50.088954],[13.323995,50.087431],[13.328407,50.087574],[13.328939,50.088405],[13.331082,50.087892],[13.331035,50.087344],[13.333669,50.086607],[13.334976,50.087882],[13.335092,50.088993],[13.336704,50.090072],[13.336851,50.091559],[13.339038,50.092058],[13.340958,50.092033],[13.341556,50.093767],[13.340021,50.095534],[13.341761,50.097837],[13.341845,50.09886],[13.343725,50.098945],[13.34382,50.100309],[13.348278,50.100441],[13.350268,50.101724],[13.351081,50.101728],[13.354789,50.104372],[13.357084,50.104266],[13.358339,50.102438],[13.354269,50.101832],[13.351712,50.10041],[13.352031,50.099881],[13.354333,50.100076],[13.354892,50.098823],[13.358094,50.098819],[13.357766,50.097062],[13.358658,50.096238],[13.355373,50.094883],[13.356171,50.093955],[13.358089,50.093764],[13.360508,50.094573],[13.362581,50.092177],[13.365449,50.091827],[13.365561,50.090533],[13.370327,50.091191],[13.370899,50.089151],[13.370278,50.087735],[13.369829,50.084005],[13.368855,50.083749],[13.369151,50.082547],[13.368551,50.081686],[13.368728,50.07971],[13.370284,50.079506],[13.371672,50.078483],[13.373854,50.078373],[13.374402,50.077496],[13.376954,50.077619],[13.378317,50.078641],[13.383577,50.080329],[13.386828,50.08114],[13.386854,50.08205],[13.391203,50.082285],[13.391455,50.080408],[13.395282,50.080425],[13.394911,50.082358],[13.396949,50.083446],[13.397826,50.082046],[13.399794,50.083832],[13.403284,50.084746],[13.405362,50.086103],[13.404572,50.086786],[13.404646,50.090171],[13.406764,50.08958],[13.407982,50.090906],[13.409661,50.093893],[13.409146,50.095933],[13.406146,50.096685],[13.404431,50.097966],[13.406092,50.098421],[13.410588,50.098992],[13.412047,50.100645],[13.416408,50.099503],[13.418033,50.101666],[13.420406,50.101697],[13.420571,50.103597],[13.424361,50.103529],[13.425631,50.103882],[13.425435,50.105316],[13.426336,50.105987],[13.42538,50.109162],[13.429687,50.109772],[13.435989,50.10965],[13.4379,50.108997],[13.438692,50.109983],[13.44075,50.108946],[13.441595,50.107809],[13.443479,50.107164],[13.445225,50.105993],[13.448155,50.106025],[13.448872,50.106523],[13.450829,50.106108],[13.45167,50.105357],[13.455507,50.104342],[13.456739,50.104396],[13.460378,50.105365],[13.463001,50.105709],[13.462926,50.107755],[13.464453,50.110058],[13.462794,50.111117],[13.45982,50.112253],[13.459915,50.113355],[13.461071,50.11383],[13.463454,50.113998],[13.46446,50.113002],[13.471036,50.1139],[13.470172,50.115692],[13.468315,50.11654],[13.469104,50.117395],[13.469252,50.119409],[13.468595,50.120529],[13.469815,50.121354],[13.467628,50.122794],[13.468118,50.125074],[13.467445,50.125192],[13.467234,50.127113],[13.467621,50.128478],[13.469294,50.130151],[13.469131,50.13119],[13.470712,50.13242],[13.472599,50.13152],[13.472937,50.130438],[13.476075,50.12889],[13.476324,50.127137],[13.477976,50.126452],[13.481867,50.126561],[13.484179,50.126185],[13.486687,50.126788],[13.487959,50.126307],[13.488988,50.126829],[13.490571,50.126622],[13.492783,50.128],[13.490284,50.131738],[13.491243,50.132126],[13.491681,50.13385],[13.489914,50.133816],[13.489574,50.135321],[13.488112,50.136161],[13.489096,50.138464],[13.488487,50.140874],[13.485905,50.142913],[13.481392,50.142336],[13.47917,50.143436],[13.481483,50.143872],[13.486477,50.144185],[13.487989,50.144492],[13.492462,50.144229],[13.493152,50.147219],[13.492668,50.150103],[13.491146,50.151787],[13.490856,50.153571],[13.491857,50.153611],[13.489527,50.15679],[13.489567,50.157587],[13.487675,50.15764],[13.488537,50.158798],[13.490687,50.159289],[13.488143,50.163142],[13.489716,50.163006],[13.489032,50.165935],[13.492315,50.165287],[13.493745,50.164268],[13.494686,50.16523],[13.49712,50.165757],[13.502488,50.166246],[13.502703,50.165472],[13.507628,50.166591],[13.508929,50.167683],[13.508725,50.168422],[13.512546,50.168487],[13.513654,50.170105],[13.511961,50.171215],[13.513969,50.172151],[13.514717,50.171821],[13.516438,50.172916],[13.51533,50.174196],[13.516013,50.175422],[13.51435,50.176746],[13.517741,50.178794],[13.519832,50.179033],[13.522335,50.17816],[13.523111,50.178975],[13.523326,50.180512],[13.525381,50.180329],[13.526501,50.182325],[13.530022,50.183094],[13.534403,50.183529],[13.535001,50.185207],[13.536037,50.185326],[13.535235,50.187188],[13.535581,50.189018],[13.53855,50.189234],[13.539574,50.189865],[13.542191,50.19011],[13.543662,50.191023],[13.546157,50.191148],[13.550093,50.190614],[13.554715,50.190711],[13.552939,50.192682],[13.556577,50.191982],[13.558169,50.192467],[13.560436,50.191307],[13.560922,50.19034],[13.56368,50.188997],[13.565315,50.186601],[13.567688,50.185778],[13.568598,50.184833],[13.57092,50.185107],[13.572801,50.186488],[13.575889,50.187315],[13.580636,50.187672],[13.586939,50.187512],[13.589107,50.188021],[13.590976,50.189364],[13.592826,50.189891],[13.597291,50.192022],[13.600045,50.194352],[13.60614,50.192611],[13.607723,50.191782],[13.608962,50.192731],[13.605883,50.195389],[13.607851,50.196345],[13.613312,50.198105],[13.617339,50.200063],[13.618541,50.201092],[13.620857,50.202304],[13.622718,50.202433],[13.621176,50.205998],[13.61607,50.210801],[13.61982,50.2091],[13.621909,50.208819],[13.625564,50.20881],[13.631878,50.208363],[13.633967,50.209634],[13.63484,50.21232],[13.634493,50.213045],[13.638478,50.216829],[13.637631,50.218059],[13.641254,50.217615],[13.644699,50.217874],[13.646659,50.218516],[13.647391,50.219462],[13.646945,50.220354],[13.648467,50.221317],[13.652692,50.225941],[13.656265,50.228403],[13.659232,50.231503],[13.660955,50.232304],[13.663094,50.234009],[13.664552,50.23562],[13.667385,50.237326],[13.669722,50.238319],[13.672364,50.236211],[13.67309,50.235272],[13.670367,50.233967],[13.671327,50.2318],[13.672545,50.230581],[13.671026,50.226256],[13.669667,50.225371],[13.66977,50.224348],[13.671626,50.222453],[13.675749,50.225459],[13.680154,50.226175],[13.683281,50.225826],[13.684387,50.225233],[13.686629,50.225191],[13.689669,50.224516],[13.692296,50.223235],[13.694242,50.22167],[13.695978,50.2212],[13.699559,50.221033],[13.701445,50.222262],[13.705808,50.222316],[13.707927,50.222093],[13.710522,50.223611],[13.713388,50.22447],[13.719561,50.225412],[13.722124,50.225539],[13.733824,50.224345],[13.741341,50.224349],[13.743231,50.225496],[13.748116,50.224739],[13.749758,50.223484],[13.751419,50.223679],[13.752024,50.22591],[13.753565,50.229691],[13.753133,50.232619],[13.753308,50.234848],[13.754573,50.234884],[13.754613,50.233458],[13.757243,50.233481],[13.757454,50.236565],[13.760032,50.240573],[13.762284,50.239222],[13.76337,50.2376],[13.764468,50.236862],[13.763692,50.235121],[13.763697,50.233005],[13.768772,50.23219],[13.770509,50.233589],[13.771617,50.236648],[13.77678,50.236219],[13.777259,50.23776],[13.778662,50.238715],[13.781625,50.242146],[13.783654,50.243168],[13.787306,50.247193],[13.790673,50.249466],[13.793408,50.25173],[13.795174,50.252424],[13.798205,50.255483],[13.798666,50.257332],[13.800139,50.259886],[13.803694,50.260494],[13.805233,50.25981],[13.807598,50.260989],[13.809776,50.261143],[13.813688,50.262621],[13.817457,50.262955],[13.817946,50.261036],[13.820514,50.261383],[13.820059,50.260155],[13.818646,50.258904],[13.821589,50.258886],[13.822547,50.260457],[13.826707,50.26071],[13.827682,50.259163],[13.82977,50.257507],[13.830287,50.255842],[13.832101,50.252335],[13.834342,50.25087],[13.836216,50.247451],[13.835864,50.246574],[13.836713,50.244704],[13.836152,50.24319],[13.839811,50.240094],[13.843482,50.241748],[13.846659,50.242104],[13.856006,50.242366],[13.862966,50.243648],[13.863865,50.244262],[13.863074,50.248601],[13.864374,50.253823],[13.868494,50.254408],[13.867226,50.256749],[13.865003,50.258878],[13.864952,50.259488],[13.870147,50.26117],[13.87356,50.263215],[13.875023,50.265242],[13.876412,50.26629],[13.876702,50.268037],[13.877874,50.27018],[13.883976,50.270239],[13.88612,50.270095],[13.890283,50.271216],[13.891367,50.272088],[13.893185,50.272546],[13.897223,50.272927],[13.900845,50.273751],[13.904787,50.274197],[13.908862,50.275474],[13.913378,50.27584],[13.913823,50.27347],[13.912083,50.27312],[13.911591,50.271417],[13.915892,50.272396],[13.918181,50.27254],[13.92227,50.273962],[13.925389,50.275397],[13.928066,50.278387],[13.930238,50.278436],[13.932866,50.278994],[13.940326,50.280095],[13.941225,50.281983],[13.942236,50.282664],[13.942048,50.284383],[13.940548,50.28417],[13.942226,50.287107],[13.943287,50.287764],[13.948211,50.288807],[13.949832,50.287549],[13.951474,50.288147],[13.950325,50.289923],[13.952446,50.290781],[13.955408,50.290976],[13.957035,50.292117],[13.956342,50.293438],[13.956346,50.295326],[13.957426,50.295632],[13.957365,50.297264],[13.956573,50.297427],[13.956816,50.29909],[13.956504,50.300967],[13.955497,50.301768],[13.953781,50.301704],[13.95412,50.303483],[13.95203,50.303601],[13.951237,50.306568],[13.954805,50.306709],[13.955012,50.305724],[13.956519,50.305558],[13.959485,50.305829],[13.959818,50.303862],[13.962689,50.303992],[13.966388,50.303653],[13.968923,50.304749],[13.97179,50.305035],[13.971911,50.304079],[13.969576,50.303768],[13.970167,50.301769],[13.971942,50.30181],[13.979356,50.302692],[13.983125,50.302747],[13.985156,50.303099],[13.991323,50.3037],[13.992293,50.305914],[13.987456,50.306979],[13.98771,50.307627],[13.990502,50.307687],[13.990123,50.30892],[13.988252,50.309002],[13.988789,50.313874],[13.989566,50.315236],[13.990574,50.315242],[13.991382,50.317298],[13.990833,50.31836],[13.987859,50.319245],[13.987708,50.320661],[13.986785,50.322164],[13.985007,50.322049],[13.983151,50.32262],[13.98339,50.324716],[13.981855,50.329914],[13.981539,50.333796],[13.988161,50.334789],[13.9941,50.336188],[13.989491,50.337195],[13.994966,50.337998],[13.996423,50.338021],[13.997227,50.341956],[14.0019,50.342406],[14.004057,50.343331],[14.007622,50.346285],[14.017499,50.347955],[14.019765,50.348436],[14.023076,50.345304],[14.024222,50.343584],[14.026221,50.342217],[14.030109,50.340424],[14.032296,50.340378],[14.032118,50.343968],[14.035815,50.344354],[14.036177,50.345983],[14.03961,50.344706],[14.044701,50.343236],[14.052663,50.341239],[14.054134,50.340442],[14.066632,50.340528],[14.066712,50.338953],[14.070098,50.338949],[14.07031,50.337941],[14.072423,50.338076],[14.074399,50.337635],[14.075171,50.334958],[14.077989,50.33474],[14.080832,50.334927],[14.09138,50.334503],[14.096883,50.334059],[14.096972,50.334588],[14.100063,50.334538],[14.10807,50.334997],[14.11672,50.334671],[14.117042,50.332813],[14.121965,50.332953],[14.127196,50.33288],[14.131749,50.332529],[14.133255,50.333096],[14.140076,50.332321],[14.14125,50.330819],[14.143128,50.330664],[14.145849,50.331284],[14.146012,50.332386],[14.155594,50.33251],[14.162098,50.333174],[14.166766,50.333319],[14.166858,50.33418],[14.168662,50.334062],[14.168898,50.335643],[14.176477,50.335007],[14.181643,50.334351],[14.182992,50.33709],[14.183679,50.34239],[14.182334,50.345223],[14.18875,50.344702],[14.195504,50.343505],[14.197892,50.342938],[14.196151,50.341356],[14.193046,50.33936],[14.198782,50.336633],[14.200721,50.335217],[14.201761,50.336695],[14.211131,50.335153],[14.211749,50.33706],[14.214846,50.337249],[14.215754,50.339959],[14.221169,50.338794],[14.221271,50.338384],[14.226206,50.337028],[14.230188,50.33555],[14.236368,50.334275],[14.240687,50.333546],[14.240283,50.33231],[14.244911,50.331718],[14.248751,50.330673],[14.247416,50.329682],[14.247624,50.328433],[14.25059,50.328356],[14.251264,50.330223],[14.252666,50.331629],[14.251585,50.331875],[14.253845,50.334967],[14.25561,50.335165],[14.257164,50.337516],[14.258189,50.337268],[14.259868,50.340045],[14.261382,50.339585],[14.262791,50.340627],[14.264317,50.342737],[14.264119,50.343698],[14.268075,50.348743],[14.267162,50.349058],[14.268415,50.35038],[14.270828,50.349849],[14.272613,50.350455],[14.271624,50.351429],[14.274482,50.354745],[14.27661,50.353876],[14.280089,50.353364],[14.280392,50.3525],[14.282266,50.350749],[14.285738,50.350286],[14.288993,50.349538],[14.295246,50.349115],[14.295948,50.35075],[14.299157,50.35315],[14.304303,50.352048],[14.30354,50.350371],[14.308592,50.349841],[14.306872,50.355228],[14.312872,50.353762],[14.31375,50.354414],[14.318473,50.352907],[14.321741,50.352609],[14.322975,50.35329],[14.321829,50.354064],[14.323324,50.357157],[14.324648,50.35744],[14.324973,50.356229],[14.326991,50.355771],[14.327813,50.357184],[14.328748,50.357621],[14.335904,50.356933],[14.33929,50.356218],[14.338557,50.355254],[14.344026,50.354594],[14.343883,50.352513],[14.346213,50.352267],[14.349933,50.352464],[14.351552,50.348924],[14.353876,50.349872],[14.354786,50.349233],[14.356141,50.350159],[14.354153,50.352929],[14.359031,50.352303],[14.356793,50.350525],[14.358,50.349397],[14.360242,50.350178],[14.362591,50.352041],[14.367117,50.352029],[14.367757,50.35399],[14.370761,50.358851],[14.372014,50.358748],[14.372034,50.361258],[14.369843,50.361437],[14.369974,50.362305],[14.371752,50.362305],[14.372105,50.365047],[14.370096,50.365083],[14.370881,50.367459],[14.367221,50.367945],[14.369098,50.371603],[14.367315,50.37455],[14.368247,50.377077],[14.377534,50.375986],[14.377421,50.378965],[14.377035,50.381121],[14.376595,50.385873],[14.376669,50.388936],[14.376413,50.392016],[14.376634,50.392769],[14.378856,50.393148],[14.378347,50.394652],[14.379496,50.396125],[14.378401,50.396999],[14.37473,50.39832],[14.372058,50.398517],[14.368229,50.398446],[14.369423,50.399287],[14.370211,50.402558],[14.369249,50.403825],[14.363817,50.405366],[14.363169,50.406335],[14.363722,50.408473],[14.367079,50.409556],[14.368966,50.410767],[14.371334,50.410236],[14.373443,50.40885],[14.375106,50.408653],[14.375926,50.409989],[14.375487,50.41122],[14.370929,50.413977],[14.371956,50.416345],[14.370674,50.417034],[14.367132,50.418037],[14.367429,50.419878],[14.366522,50.421214],[14.370504,50.420012],[14.370892,50.420927],[14.369801,50.422527],[14.367322,50.42424],[14.368235,50.4248],[14.365767,50.4262],[14.361512,50.42729],[14.36215,50.428195],[14.359335,50.428286],[14.359834,50.429836],[14.362497,50.43043],[14.365039,50.430264],[14.365378,50.431516],[14.367888,50.432094],[14.369588,50.433281],[14.371773,50.433946],[14.372982,50.434732],[14.377993,50.436112],[14.38164,50.432663],[14.383803,50.430903],[14.386385,50.429297],[14.391048,50.427031],[14.394789,50.42566],[14.405212,50.422884],[14.415438,50.420988],[14.41639,50.420727],[14.418108,50.422932],[14.420744,50.422034],[14.421596,50.423211],[14.418223,50.424981],[14.419227,50.426189],[14.422413,50.428021],[14.419501,50.429975],[14.416357,50.429142],[14.412643,50.429378],[14.410044,50.430928],[14.413653,50.43307],[14.416297,50.434303],[14.417892,50.433281],[14.420071,50.432536],[14.422356,50.435599],[14.419755,50.436101],[14.416989,50.437162],[14.417624,50.437775],[14.4205,50.436793],[14.423355,50.438999],[14.4263,50.439924],[14.423452,50.453288],[14.433252,50.448801],[14.434597,50.448618],[14.43949,50.446955],[14.443563,50.446599],[14.447935,50.446609],[14.448906,50.446389],[14.448554,50.450933],[14.447598,50.454157],[14.450609,50.453187],[14.453011,50.452864],[14.456068,50.451914],[14.458477,50.451521],[14.460519,50.449359],[14.461553,50.449099],[14.466686,50.449039],[14.469626,50.449687],[14.472403,50.449265],[14.47182,50.452413],[14.47336,50.454706],[14.473124,50.456361],[14.472248,50.456948],[14.471457,50.458629],[14.473364,50.460283],[14.473732,50.463026],[14.472873,50.464106],[14.471749,50.467318],[14.470622,50.468291],[14.471211,50.470309],[14.470898,50.47256],[14.472467,50.473637],[14.469972,50.477585],[14.470459,50.479439],[14.467769,50.480726],[14.466371,50.481826],[14.466373,50.483301],[14.463054,50.486727],[14.462172,50.488287],[14.462075,50.489534],[14.459327,50.493086],[14.45623,50.493824],[14.455901,50.495223],[14.454842,50.4965],[14.456737,50.497489],[14.458674,50.497283],[14.463358,50.499029],[14.468704,50.498919],[14.47099,50.4982],[14.472175,50.49902],[14.473955,50.499306],[14.472358,50.502502],[14.469271,50.509348],[14.473576,50.509013],[14.476316,50.507371],[14.480138,50.506469],[14.48149,50.506579],[14.486427,50.504986]]]},"properties":{"name":"Aussig (Ústí nad Labem)","code":"U","name_cz":"Ústecký kraj"}},
{"type":"Feature","geometry":{"type":"Polygon","coordinates":[[[14.618917,50.857759],[14.61735,50.856065],[14.616434,50.854492],[14.614721,50.852916],[14.614737,50.852341],[14.60965,50.846482],[14.608329,50.843303],[14.60503,50.841529],[14.603074,50.841017],[14.599861,50.840955],[14.596543,50.840176],[14.593092,50.838909],[14.592016,50.837796],[14.587828,50.838105],[14.586053,50.838005],[14.581265,50.838715],[14.580142,50.838595],[14.575304,50.839151],[14.569828,50.839007],[14.568019,50.838605],[14.566887,50.83773],[14.566827,50.835751],[14.568527,50.832911],[14.56872,50.831746],[14.57032,50.829038],[14.566391,50.827926],[14.566446,50.827132],[14.564143,50.826918],[14.563204,50.826067],[14.563918,50.824796],[14.563072,50.82302],[14.56464,50.821162],[14.563163,50.816887],[14.561967,50.815708],[14.559465,50.814323],[14.56194,50.809142],[14.563326,50.807745],[14.562302,50.803478],[14.560702,50.799816],[14.558599,50.799693],[14.557067,50.798838],[14.555287,50.798559],[14.553724,50.798853],[14.552446,50.797877],[14.548896,50.796873],[14.547147,50.796909],[14.542995,50.796062],[14.540872,50.794237],[14.539928,50.795646],[14.53765,50.796586],[14.535055,50.796953],[14.531449,50.796686],[14.529826,50.796871],[14.526822,50.795458],[14.52562,50.796173],[14.523228,50.798714],[14.521978,50.799107],[14.517904,50.798455],[14.515517,50.799787],[14.512591,50.799804],[14.509672,50.801065],[14.509417,50.802117],[14.506937,50.804137],[14.506689,50.805529],[14.503915,50.806924],[14.502699,50.80662],[14.500477,50.808226],[14.498577,50.808368],[14.496996,50.810177],[14.494229,50.811576],[14.490972,50.811845],[14.487531,50.810147],[14.485086,50.810321],[14.480416,50.80852],[14.479685,50.809335],[14.482105,50.809737],[14.484296,50.811053],[14.482821,50.812658],[14.483675,50.813612],[14.483849,50.816066],[14.480918,50.814426],[14.478989,50.814836],[14.476183,50.81627],[14.475184,50.816108],[14.47122,50.814515],[14.467245,50.814366],[14.466158,50.813443],[14.464604,50.813154],[14.464012,50.812092],[14.4602,50.809272],[14.458892,50.80933],[14.457459,50.810952],[14.454919,50.811004],[14.454985,50.812621],[14.453278,50.813449],[14.450046,50.813932],[14.448176,50.81305],[14.447784,50.812168],[14.443939,50.811528],[14.443668,50.810952],[14.448337,50.810175],[14.446946,50.808562],[14.447762,50.807762],[14.449958,50.808002],[14.449072,50.806756],[14.447476,50.805641],[14.449476,50.805481],[14.452257,50.80693],[14.454486,50.806639],[14.456264,50.805905],[14.455639,50.804912],[14.4538,50.805449],[14.452144,50.804962],[14.451282,50.803244],[14.451236,50.802093],[14.450378,50.800597],[14.453333,50.798212],[14.452764,50.796905],[14.451031,50.797161],[14.451034,50.795991],[14.448845,50.795724],[14.453166,50.794128],[14.45521,50.79483],[14.456058,50.793118],[14.458529,50.792654],[14.456769,50.790671],[14.452038,50.788435],[14.449654,50.78771],[14.448901,50.786738],[14.448324,50.784234],[14.452287,50.783259],[14.455485,50.781452],[14.45734,50.780091],[14.458178,50.778513],[14.457622,50.777594],[14.455093,50.776252],[14.453193,50.775661],[14.451462,50.774404],[14.451719,50.772917],[14.448369,50.770938],[14.445295,50.772162],[14.438506,50.773215],[14.433866,50.773103],[14.432609,50.772788],[14.433796,50.771294],[14.431151,50.769161],[14.429377,50.76825],[14.427584,50.766718],[14.426334,50.76428],[14.4274,50.762246],[14.427501,50.7605],[14.426442,50.759193],[14.425568,50.75646],[14.42417,50.755988],[14.424774,50.754749],[14.422292,50.753084],[14.421898,50.751274],[14.422187,50.749862],[14.418369,50.748369],[14.418897,50.745226],[14.41682,50.741364],[14.422242,50.739649],[14.428381,50.737199],[14.431162,50.736378],[14.427705,50.73366],[14.425458,50.732995],[14.423086,50.732714],[14.416492,50.73149],[14.414741,50.732034],[14.415252,50.733544],[14.414253,50.736491],[14.414178,50.737922],[14.412476,50.737982],[14.409215,50.736312],[14.410018,50.733753],[14.4081,50.731775],[14.407324,50.730372],[14.404103,50.726409],[14.402389,50.72561],[14.39886,50.725498],[14.396495,50.724978],[14.39001,50.722919],[14.380924,50.721807],[14.379629,50.721133],[14.37621,50.720827],[14.376541,50.719775],[14.375706,50.718255],[14.37409,50.717155],[14.372404,50.714387],[14.373828,50.71191],[14.373341,50.710852],[14.373847,50.70954],[14.372867,50.709115],[14.372521,50.707767],[14.370067,50.70622],[14.368336,50.705867],[14.367633,50.704756],[14.367779,50.703369],[14.366935,50.700031],[14.367448,50.698075],[14.368999,50.697179],[14.371564,50.696445],[14.374148,50.694861],[14.377094,50.693712],[14.378848,50.691895],[14.378953,50.69083],[14.374082,50.686762],[14.363834,50.683091],[14.359084,50.680911],[14.355825,50.678624],[14.354278,50.678902],[14.351652,50.677342],[14.348361,50.674302],[14.345865,50.671376],[14.345396,50.670267],[14.34373,50.668767],[14.34271,50.666809],[14.343441,50.665133],[14.34293,50.66338],[14.343133,50.659387],[14.342643,50.658382],[14.345394,50.657747],[14.347796,50.65656],[14.352717,50.65579],[14.355518,50.656429],[14.356789,50.656148],[14.35837,50.65658],[14.35879,50.657447],[14.362604,50.656694],[14.360859,50.65551],[14.361814,50.654669],[14.359259,50.652692],[14.359565,50.650523],[14.360562,50.648863],[14.359263,50.648004],[14.359908,50.647111],[14.361305,50.647357],[14.361952,50.645476],[14.363335,50.642992],[14.364997,50.641092],[14.365871,50.638846],[14.365961,50.635821],[14.364029,50.63295],[14.362913,50.633317],[14.362328,50.631163],[14.360619,50.630592],[14.359025,50.628276],[14.36008,50.627737],[14.363299,50.627175],[14.366162,50.625861],[14.367179,50.624657],[14.369798,50.623184],[14.368066,50.620101],[14.368546,50.619269],[14.37187,50.618216],[14.377103,50.615638],[14.378881,50.614147],[14.378656,50.613351],[14.381047,50.610436],[14.382001,50.609769],[14.381637,50.60828],[14.382981,50.604281],[14.380421,50.601968],[14.380002,50.600982],[14.38331,50.600283],[14.386204,50.599393],[14.387155,50.597274],[14.390359,50.595483],[14.391669,50.594388],[14.3918,50.593471],[14.390447,50.592572],[14.391466,50.59132],[14.395054,50.590212],[14.398881,50.59003],[14.405521,50.587351],[14.405078,50.585923],[14.403668,50.585318],[14.405136,50.583989],[14.402829,50.581858],[14.40824,50.581368],[14.408471,50.579585],[14.410247,50.578285],[14.410196,50.57738],[14.411894,50.576212],[14.41183,50.573453],[14.414278,50.5741],[14.415608,50.573474],[14.412496,50.572329],[14.413723,50.569912],[14.41613,50.568312],[14.415179,50.566539],[14.41534,50.56571],[14.418676,50.565171],[14.419061,50.564151],[14.418072,50.56272],[14.420136,50.560377],[14.420685,50.559299],[14.417913,50.558],[14.418378,50.556172],[14.419788,50.556103],[14.422478,50.555259],[14.421417,50.553449],[14.422779,50.553516],[14.423669,50.554923],[14.425314,50.554714],[14.426182,50.552589],[14.427433,50.550525],[14.430599,50.548491],[14.429939,50.547571],[14.431944,50.545838],[14.434933,50.545951],[14.436473,50.545043],[14.436961,50.543218],[14.434919,50.540563],[14.439285,50.541243],[14.439268,50.539932],[14.440424,50.539063],[14.439022,50.538372],[14.437062,50.534946],[14.438541,50.533717],[14.440736,50.533852],[14.441354,50.532517],[14.443399,50.532904],[14.43983,50.53006],[14.445149,50.528842],[14.446249,50.529085],[14.447789,50.528295],[14.452374,50.52783],[14.454895,50.528354],[14.456214,50.527271],[14.458717,50.52683],[14.462386,50.527242],[14.466276,50.526143],[14.467712,50.526182],[14.469337,50.526992],[14.470335,50.526223],[14.473093,50.525165],[14.47087,50.524236],[14.472363,50.52359],[14.475704,50.523057],[14.474723,50.520796],[14.476151,50.518063],[14.476473,50.515898],[14.47857,50.515465],[14.480429,50.515693],[14.480671,50.514405],[14.479816,50.513891],[14.481237,50.512055],[14.483705,50.511468],[14.482399,50.510573],[14.483818,50.508498],[14.485339,50.508183],[14.48696,50.506308],[14.486427,50.504986],[14.485456,50.504132],[14.486646,50.501676],[14.488225,50.500359],[14.48774,50.499173],[14.490813,50.49865],[14.491323,50.499593],[14.494676,50.499293],[14.496436,50.498554],[14.498194,50.494555],[14.49976,50.49262],[14.501026,50.491949],[14.501919,50.495519],[14.505462,50.499934],[14.503094,50.500981],[14.505016,50.502186],[14.506153,50.504101],[14.505844,50.505052],[14.507286,50.50628],[14.507252,50.50726],[14.510306,50.509613],[14.51344,50.509604],[14.516834,50.510082],[14.519345,50.509717],[14.523069,50.51049],[14.52542,50.510181],[14.524381,50.509275],[14.522666,50.508831],[14.524855,50.506881],[14.527039,50.50573],[14.526619,50.504529],[14.527333,50.503665],[14.529108,50.50351],[14.532685,50.49765],[14.534239,50.497117],[14.535492,50.497467],[14.537882,50.496975],[14.540877,50.496961],[14.542192,50.496566],[14.547141,50.495833],[14.549462,50.496847],[14.552805,50.496859],[14.553645,50.498097],[14.551022,50.501943],[14.548768,50.503692],[14.550985,50.504746],[14.554138,50.505018],[14.557294,50.504666],[14.559917,50.505433],[14.562901,50.505403],[14.566176,50.506512],[14.565755,50.508568],[14.567362,50.509169],[14.567723,50.510951],[14.570188,50.51091],[14.5726,50.510246],[14.578496,50.511022],[14.579551,50.510368],[14.579035,50.508985],[14.577061,50.50789],[14.579577,50.505433],[14.57978,50.504677],[14.577724,50.502971],[14.577171,50.501611],[14.581933,50.499462],[14.580019,50.499245],[14.578272,50.497543],[14.577741,50.496156],[14.575166,50.494375],[14.575118,50.493086],[14.577293,50.49006],[14.580075,50.488561],[14.579501,50.487683],[14.58067,50.484048],[14.581707,50.483339],[14.581283,50.481891],[14.581944,50.480339],[14.584625,50.478113],[14.586896,50.475284],[14.589845,50.473734],[14.592789,50.475764],[14.591864,50.47671],[14.592364,50.478894],[14.595857,50.477399],[14.597404,50.478533],[14.599038,50.478426],[14.599106,50.477383],[14.601255,50.475741],[14.603403,50.475101],[14.607021,50.475097],[14.607617,50.473055],[14.610195,50.4719],[14.611054,50.472269],[14.611353,50.473608],[14.612964,50.474008],[14.613039,50.475481],[14.613876,50.47606],[14.612283,50.477618],[14.612554,50.47872],[14.614846,50.480103],[14.617159,50.480687],[14.617583,50.481552],[14.619077,50.482281],[14.620046,50.48019],[14.622622,50.479875],[14.626663,50.480718],[14.628556,50.479875],[14.630377,50.480697],[14.63144,50.481969],[14.630502,50.482818],[14.630691,50.485634],[14.632648,50.487159],[14.633806,50.48659],[14.634442,50.485314],[14.637801,50.483801],[14.639992,50.48334],[14.642675,50.480695],[14.646739,50.479979],[14.648097,50.480569],[14.648514,50.481976],[14.647655,50.48367],[14.648081,50.484682],[14.651335,50.485561],[14.653078,50.48566],[14.657917,50.484814],[14.65952,50.485208],[14.66124,50.484815],[14.667716,50.484234],[14.667983,50.484928],[14.67185,50.485147],[14.674014,50.484847],[14.674364,50.486139],[14.676971,50.486534],[14.681727,50.483857],[14.683017,50.482861],[14.687187,50.481218],[14.690801,50.480542],[14.692466,50.480892],[14.690528,50.483047],[14.691875,50.484724],[14.690226,50.485803],[14.688482,50.489923],[14.688195,50.491669],[14.690028,50.492343],[14.692983,50.492481],[14.694904,50.493296],[14.698667,50.493283],[14.699672,50.495707],[14.701788,50.495849],[14.706077,50.495483],[14.708579,50.496155],[14.712102,50.496628],[14.713575,50.497356],[14.71315,50.497987],[14.715402,50.499436],[14.719116,50.498537],[14.719692,50.499413],[14.719674,50.501703],[14.721315,50.506215],[14.721291,50.50751],[14.722005,50.508881],[14.723862,50.511195],[14.724175,50.513746],[14.725329,50.515648],[14.725975,50.518385],[14.72536,50.519294],[14.725961,50.520187],[14.728049,50.519431],[14.73284,50.519032],[14.740579,50.517503],[14.743382,50.517543],[14.743729,50.518018],[14.751379,50.516265],[14.753651,50.51845],[14.75585,50.521734],[14.757603,50.526546],[14.758183,50.529613],[14.757454,50.53216],[14.756822,50.532725],[14.754766,50.53596],[14.754213,50.538011],[14.752528,50.541502],[14.749612,50.545721],[14.749211,50.547562],[14.749644,50.552451],[14.750443,50.556821],[14.802338,50.550331],[14.814153,50.544945],[14.8268,50.538511],[14.842663,50.548685],[14.846999,50.551406],[14.849843,50.552776],[14.851928,50.552417],[14.852642,50.553555],[14.858326,50.556328],[14.859109,50.558868],[14.858175,50.559849],[14.853695,50.562187],[14.852163,50.562347],[14.850512,50.564033],[14.849811,50.56369],[14.847716,50.564957],[14.848854,50.566369],[14.848235,50.567129],[14.848806,50.568146],[14.846843,50.56923],[14.84764,50.57069],[14.846979,50.571897],[14.848999,50.572222],[14.85235,50.572215],[14.856198,50.573574],[14.862132,50.574201],[14.865419,50.574977],[14.865098,50.575647],[14.868023,50.576479],[14.870537,50.578108],[14.871567,50.577501],[14.874979,50.580231],[14.876847,50.58048],[14.880796,50.580102],[14.882789,50.580701],[14.884228,50.581625],[14.886477,50.580352],[14.890063,50.583394],[14.890608,50.582205],[14.892833,50.579092],[14.897661,50.580717],[14.899053,50.582532],[14.902809,50.583859],[14.903835,50.585135],[14.907283,50.585851],[14.908651,50.586461],[14.907715,50.587735],[14.90811,50.588566],[14.907346,50.589937],[14.905793,50.591005],[14.903799,50.593614],[14.904632,50.594567],[14.904099,50.595781],[14.902796,50.596731],[14.899242,50.601012],[14.897472,50.602039],[14.897883,50.603333],[14.899955,50.604058],[14.901898,50.603865],[14.903412,50.605916],[14.906028,50.606135],[14.906662,50.605355],[14.909553,50.605029],[14.911215,50.605754],[14.915116,50.606663],[14.917476,50.606976],[14.913128,50.611233],[14.912919,50.613301],[14.910323,50.615058],[14.907981,50.617437],[14.909823,50.617784],[14.912021,50.618949],[14.917021,50.618224],[14.920441,50.617997],[14.923647,50.618839],[14.926319,50.618161],[14.928286,50.617008],[14.930459,50.616199],[14.930834,50.6171],[14.932512,50.617214],[14.932862,50.61554],[14.931624,50.61526],[14.931286,50.613586],[14.933287,50.610941],[14.930693,50.610644],[14.930347,50.607606],[14.931782,50.606837],[14.933587,50.60743],[14.937714,50.606486],[14.940091,50.604146],[14.941376,50.60412],[14.942183,50.607087],[14.944841,50.606296],[14.94543,50.607197],[14.949774,50.6066],[14.950795,50.605819],[14.951654,50.603461],[14.953691,50.601132],[14.956832,50.599093],[14.954658,50.598073],[14.94964,50.599565],[14.948184,50.599237],[14.946524,50.599961],[14.945286,50.598789],[14.948721,50.598033],[14.95333,50.596714],[14.956756,50.595517],[14.955524,50.594578],[14.957797,50.593742],[14.961535,50.594335],[14.965507,50.594112],[14.967039,50.592284],[14.968369,50.592379],[14.968772,50.59374],[14.966554,50.595228],[14.966882,50.596025],[14.965972,50.597543],[14.96782,50.598406],[14.971369,50.597485],[14.974204,50.598355],[14.973543,50.599998],[14.973744,50.601015],[14.9728,50.601832],[14.975529,50.605689],[14.976833,50.606341],[14.979867,50.606333],[14.980901,50.605363],[14.979332,50.603586],[14.980952,50.602033],[14.982187,50.603202],[14.983306,50.601611],[14.986603,50.601055],[14.988468,50.601159],[14.990832,50.599892],[14.992086,50.600579],[14.993907,50.600571],[14.995484,50.60204],[14.997421,50.6001],[15.000846,50.600892],[15.000228,50.601833],[15.003655,50.603783],[15.004481,50.603969],[15.006565,50.602685],[15.006327,50.601459],[15.007686,50.599475],[15.014156,50.592365],[15.016084,50.589351],[15.017046,50.587214],[15.016766,50.586814],[15.026542,50.584319],[15.028816,50.582343],[15.028893,50.581231],[15.029952,50.580938],[15.030333,50.578367],[15.032339,50.578459],[15.033684,50.580668],[15.036152,50.580511],[15.036795,50.578361],[15.038075,50.577841],[15.035955,50.575042],[15.038921,50.573946],[15.038053,50.5731],[15.039368,50.57202],[15.040665,50.571744],[15.040494,50.568869],[15.039484,50.565462],[15.042729,50.566479],[15.045684,50.568947],[15.048129,50.568479],[15.050366,50.567555],[15.054675,50.569616],[15.058917,50.570974],[15.063425,50.571298],[15.06498,50.570573],[15.066305,50.56901],[15.06691,50.566127],[15.068002,50.565057],[15.071948,50.56342],[15.075702,50.562674],[15.07504,50.560413],[15.079009,50.560091],[15.082096,50.559285],[15.084405,50.557893],[15.091161,50.556063],[15.095232,50.554254],[15.091298,50.552276],[15.090105,50.551176],[15.091371,50.550534],[15.093628,50.552105],[15.094697,50.552276],[15.093372,50.549043],[15.094657,50.54643],[15.094548,50.54523],[15.096031,50.54256],[15.096058,50.541173],[15.097019,50.540419],[15.097645,50.534562],[15.100426,50.534887],[15.102168,50.534045],[15.103142,50.532273],[15.104175,50.531781],[15.108977,50.532617],[15.115868,50.533056],[15.11629,50.529968],[15.118148,50.530208],[15.120132,50.529391],[15.122549,50.529823],[15.124037,50.531567],[15.127143,50.531026],[15.130185,50.529503],[15.133446,50.529545],[15.136451,50.52787],[15.138763,50.52782],[15.139645,50.525043],[15.141326,50.523307],[15.141133,50.522651],[15.1452,50.523091],[15.146928,50.522674],[15.149524,50.5211],[15.150316,50.518702],[15.148768,50.518273],[15.1474,50.517237],[15.14887,50.516756],[15.150547,50.517272],[15.154794,50.517101],[15.154844,50.515591],[15.15785,50.515845],[15.158591,50.517023],[15.160649,50.516324],[15.160448,50.515785],[15.162858,50.514548],[15.164361,50.51513],[15.166165,50.514473],[15.168541,50.51237],[15.17804,50.510558],[15.180511,50.510317],[15.183286,50.508949],[15.183821,50.507709],[15.185684,50.507536],[15.185815,50.506352],[15.191787,50.504125],[15.193061,50.504477],[15.195759,50.503315],[15.19722,50.503481],[15.201579,50.502639],[15.202242,50.502046],[15.205995,50.500805],[15.207941,50.500987],[15.212459,50.499353],[15.215041,50.498778],[15.216027,50.497541],[15.219484,50.497103],[15.219547,50.496255],[15.222199,50.495196],[15.222812,50.49434],[15.227686,50.495335],[15.229459,50.496524],[15.230478,50.495872],[15.234841,50.495013],[15.238706,50.49563],[15.238842,50.496151],[15.242454,50.498312],[15.243224,50.501711],[15.242229,50.50363],[15.242889,50.504485],[15.238143,50.506962],[15.238824,50.507596],[15.241273,50.506551],[15.244429,50.506337],[15.246645,50.506509],[15.245231,50.508326],[15.246174,50.509263],[15.245286,50.510357],[15.247109,50.511846],[15.249219,50.511573],[15.25217,50.513598],[15.25316,50.513036],[15.255055,50.514223],[15.253368,50.514933],[15.255704,50.516386],[15.256464,50.51776],[15.257724,50.518296],[15.261177,50.517541],[15.261116,50.518738],[15.26179,50.520342],[15.262992,50.521699],[15.266749,50.5216],[15.264975,50.525402],[15.266812,50.524692],[15.267868,50.525057],[15.269212,50.523391],[15.274424,50.520867],[15.274102,50.52308],[15.279146,50.523238],[15.281895,50.523009],[15.282082,50.524019],[15.284937,50.523717],[15.28552,50.522048],[15.288787,50.520867],[15.288818,50.522628],[15.291622,50.520964],[15.29474,50.519594],[15.301069,50.518251],[15.302849,50.517539],[15.299982,50.514534],[15.304191,50.513937],[15.307444,50.513844],[15.31,50.512611],[15.310589,50.513114],[15.31286,50.512401],[15.311907,50.511249],[15.314574,50.510505],[15.3153,50.511338],[15.317183,50.512224],[15.316205,50.513065],[15.318799,50.514322],[15.319356,50.515394],[15.322469,50.515093],[15.322458,50.512199],[15.324624,50.512635],[15.326411,50.512053],[15.327398,50.513182],[15.327777,50.515023],[15.329771,50.515263],[15.332629,50.513768],[15.336087,50.513256],[15.338776,50.512325],[15.338202,50.510671],[15.339513,50.507993],[15.3435,50.503985],[15.344529,50.503365],[15.347358,50.504274],[15.358933,50.50137],[15.360967,50.499962],[15.361572,50.497898],[15.364906,50.49656],[15.368021,50.494776],[15.370775,50.495744],[15.371332,50.496909],[15.371443,50.499948],[15.370872,50.50259],[15.371441,50.503815],[15.374602,50.505754],[15.377242,50.506513],[15.378666,50.507307],[15.379478,50.508586],[15.381188,50.507658],[15.384045,50.505097],[15.383189,50.504039],[15.383101,50.502869],[15.384211,50.50031],[15.385333,50.498848],[15.383095,50.497635],[15.383111,50.496057],[15.383859,50.494445],[15.386138,50.493172],[15.391629,50.491916],[15.390699,50.49037],[15.389783,50.489861],[15.385689,50.490508],[15.380439,50.491071],[15.380409,50.49015],[15.381794,50.48991],[15.382902,50.488818],[15.385357,50.488056],[15.388741,50.488121],[15.387062,50.486502],[15.387079,50.485133],[15.390066,50.4849],[15.390236,50.483014],[15.390974,50.482711],[15.390204,50.480821],[15.392256,50.48071],[15.392358,50.479827],[15.395702,50.481117],[15.395953,50.480472],[15.401765,50.479855],[15.402936,50.481127],[15.404318,50.481782],[15.407966,50.482118],[15.412006,50.481906],[15.41544,50.480786],[15.415218,50.482734],[15.417509,50.482341],[15.418499,50.484235],[15.421554,50.483035],[15.422888,50.481135],[15.42403,50.481559],[15.423702,50.482559],[15.427308,50.482057],[15.42785,50.485059],[15.425706,50.48724],[15.423445,50.488432],[15.423351,50.489622],[15.425026,50.489899],[15.426133,50.490634],[15.429087,50.491471],[15.430297,50.492272],[15.432173,50.491761],[15.433676,50.489932],[15.434291,50.488404],[15.437383,50.486424],[15.440592,50.486598],[15.442197,50.487818],[15.44303,50.489087],[15.44288,50.491006],[15.442042,50.49216],[15.442945,50.492565],[15.446231,50.492681],[15.446839,50.493547],[15.445664,50.494101],[15.444382,50.49597],[15.447401,50.496587],[15.450868,50.49639],[15.45244,50.49859],[15.453887,50.501236],[15.452399,50.502071],[15.450468,50.501849],[15.449078,50.502379],[15.447397,50.502258],[15.442559,50.503618],[15.442357,50.504889],[15.442762,50.506831],[15.441942,50.508368],[15.441088,50.508664],[15.440992,50.510753],[15.439326,50.511897],[15.440599,50.513053],[15.439584,50.513556],[15.437471,50.515579],[15.437213,50.516443],[15.438501,50.516948],[15.437727,50.520485],[15.436465,50.521728],[15.439267,50.523765],[15.441995,50.522452],[15.444253,50.523753],[15.450193,50.523118],[15.453315,50.52482],[15.455383,50.524161],[15.457369,50.524761],[15.459754,50.524859],[15.461487,50.525585],[15.464744,50.526057],[15.465807,50.527125],[15.465967,50.529341],[15.467107,50.531056],[15.466962,50.53217],[15.465468,50.533469],[15.465066,50.534849],[15.46605,50.535375],[15.470223,50.532918],[15.472724,50.533624],[15.474862,50.532084],[15.476098,50.532865],[15.4794,50.532647],[15.479217,50.534111],[15.479852,50.5354],[15.480107,50.537686],[15.479463,50.539017],[15.477907,50.540542],[15.47961,50.541882],[15.476824,50.543853],[15.47789,50.544272],[15.47671,50.545495],[15.47801,50.546958],[15.483833,50.546363],[15.486332,50.54501],[15.490792,50.543322],[15.495081,50.542421],[15.4983,50.541189],[15.498042,50.539247],[15.499788,50.538373],[15.49928,50.537232],[15.495698,50.535981],[15.494893,50.534576],[15.49509,50.532653],[15.495911,50.531968],[15.497988,50.531414],[15.500739,50.529074],[15.502838,50.529077],[15.503169,50.528304],[15.504957,50.527546],[15.505572,50.526062],[15.506447,50.525809],[15.508906,50.523658],[15.510268,50.523496],[15.510826,50.521609],[15.513575,50.520125],[15.514162,50.518462],[15.513577,50.517594],[15.5177,50.517019],[15.522153,50.517621],[15.523465,50.516573],[15.526578,50.515824],[15.531251,50.516482],[15.536421,50.513081],[15.536616,50.514611],[15.539505,50.514513],[15.539147,50.513686],[15.544552,50.515043],[15.543758,50.516883],[15.544864,50.518755],[15.546705,50.521009],[15.54947,50.520454],[15.551352,50.520405],[15.552411,50.521455],[15.553733,50.521909],[15.559674,50.522489],[15.561186,50.524074],[15.562635,50.526822],[15.567738,50.526285],[15.570863,50.526197],[15.570713,50.524231],[15.572848,50.52436],[15.572772,50.522398],[15.57694,50.520573],[15.578225,50.521493],[15.579513,50.523203],[15.581782,50.522936],[15.580569,50.522012],[15.58092,50.521322],[15.58026,50.51878],[15.581695,50.516605],[15.582776,50.515975],[15.5831,50.513603],[15.58487,50.514295],[15.586331,50.514334],[15.58641,50.515387],[15.584096,50.518017],[15.58624,50.518511],[15.590722,50.519088],[15.592893,50.516685],[15.592485,50.515899],[15.594472,50.515444],[15.595554,50.516248],[15.595856,50.517699],[15.598465,50.518789],[15.599023,50.52027],[15.603661,50.520367],[15.605932,50.521171],[15.60877,50.521591],[15.612785,50.521824],[15.615989,50.521631],[15.621298,50.522009],[15.628888,50.522841],[15.632233,50.522737],[15.632568,50.525359],[15.631288,50.525217],[15.62789,50.531229],[15.628137,50.535169],[15.626058,50.535131],[15.625238,50.536055],[15.625132,50.537942],[15.622897,50.538143],[15.623289,50.539359],[15.62169,50.539499],[15.62152,50.540534],[15.619885,50.540571],[15.61945,50.541854],[15.616589,50.541584],[15.61579,50.544009],[15.613277,50.544911],[15.612711,50.546766],[15.611452,50.548684],[15.609678,50.549585],[15.60559,50.550437],[15.605147,50.552403],[15.60354,50.552838],[15.60443,50.555898],[15.600557,50.557131],[15.596868,50.557639],[15.59757,50.558445],[15.599055,50.557967],[15.601361,50.557934],[15.601432,50.55948],[15.60041,50.55945],[15.598395,50.560492],[15.592986,50.564681],[15.588676,50.566087],[15.586089,50.567558],[15.588861,50.569029],[15.59149,50.571856],[15.594219,50.573974],[15.59123,50.574884],[15.585975,50.575266],[15.58563,50.575658],[15.581028,50.576008],[15.578165,50.578178],[15.574195,50.580077],[15.571141,50.581177],[15.572593,50.582588],[15.574271,50.583545],[15.575731,50.585446],[15.578666,50.588424],[15.579711,50.590469],[15.581258,50.591915],[15.58286,50.595516],[15.584341,50.596272],[15.581915,50.597949],[15.581124,50.599068],[15.585529,50.603645],[15.586574,50.604462],[15.58932,50.605621],[15.591913,50.608073],[15.593104,50.610068],[15.594625,50.611459],[15.598016,50.613054],[15.600779,50.613718],[15.601644,50.614416],[15.593904,50.617411],[15.591886,50.618768],[15.589662,50.619262],[15.587722,50.620918],[15.588518,50.622611],[15.587624,50.624207],[15.585555,50.62634],[15.583879,50.627624],[15.582404,50.631191],[15.579297,50.632461],[15.575708,50.633211],[15.573029,50.634395],[15.571083,50.634855],[15.567478,50.636586],[15.565075,50.637304],[15.56627,50.639662],[15.570426,50.643116],[15.572995,50.64638],[15.575224,50.64781],[15.577862,50.650099],[15.582961,50.651864],[15.583812,50.652636],[15.579174,50.654922],[15.578423,50.656371],[15.576742,50.65699],[15.575265,50.658539],[15.5711,50.660347],[15.568494,50.668168],[15.565119,50.680039],[15.562758,50.679703],[15.561531,50.682304],[15.56218,50.685003],[15.563196,50.687383],[15.564198,50.688713],[15.566456,50.694011],[15.565352,50.695052],[15.564929,50.698636],[15.56547,50.707996],[15.563818,50.709517],[15.560522,50.710931],[15.55856,50.712217],[15.559416,50.715625],[15.560639,50.719106],[15.562749,50.721669],[15.565574,50.724314],[15.567238,50.726207],[15.570167,50.730297],[15.571033,50.732379],[15.573394,50.734938],[15.57361,50.735902],[15.571952,50.740095],[15.569057,50.743937],[15.56711,50.744633],[15.565307,50.746146],[15.562463,50.747492],[15.55675,50.74925],[15.55514,50.75006],[15.548861,50.751948],[15.544971,50.75351],[15.539272,50.757508],[15.537924,50.759078],[15.536817,50.761409],[15.535446,50.763259],[15.535665,50.774618],[15.535064,50.778167],[15.535208,50.779366],[15.53201,50.778844],[15.528452,50.77788],[15.524309,50.777001],[15.519436,50.782015],[15.515164,50.785637],[15.512257,50.788466],[15.511003,50.79081],[15.50716,50.790344],[15.504323,50.789526],[15.496264,50.788334],[15.493655,50.788228],[15.490471,50.78906],[15.488277,50.790142],[15.480528,50.790836],[15.478104,50.793344],[15.475238,50.795821],[15.47348,50.796754],[15.471132,50.797175],[15.46903,50.798053],[15.467575,50.799227],[15.463719,50.80095],[15.461581,50.801422],[15.454648,50.802376],[15.450935,50.804076],[15.450234,50.807109],[15.44373,50.807815],[15.440333,50.808906],[15.438764,50.809061],[15.434432,50.808107],[15.430978,50.807619],[15.428316,50.806797],[15.4254,50.806334],[15.422764,50.804243],[15.420827,50.803238],[15.418945,50.800554],[15.418528,50.797742],[15.415862,50.795633],[15.415055,50.792776],[15.412756,50.791675],[15.412401,50.790671],[15.409073,50.786806],[15.407614,50.785661],[15.404202,50.783629],[15.403577,50.782244],[15.401831,50.781084],[15.398031,50.779526],[15.39646,50.778602],[15.394134,50.776545],[15.392138,50.775866],[15.388932,50.776018],[15.385857,50.775557],[15.383624,50.775793],[15.381479,50.777622],[15.379024,50.778217],[15.375607,50.777619],[15.373743,50.778091],[15.371895,50.780135],[15.36982,50.781155],[15.370911,50.782662],[15.373399,50.784716],[15.371881,50.787359],[15.373962,50.788748],[15.373972,50.789449],[15.372737,50.791654],[15.371545,50.792505],[15.372522,50.794564],[15.372493,50.795766],[15.370684,50.797108],[15.369942,50.79883],[15.367722,50.801001],[15.36625,50.801766],[15.366497,50.80269],[15.369032,50.805554],[15.372912,50.80638],[15.374012,50.807363],[15.372077,50.808512],[15.374034,50.810774],[15.373468,50.812768],[15.37004,50.814362],[15.370486,50.816767],[15.371858,50.818068],[15.371849,50.818981],[15.374816,50.820915],[15.37602,50.821269],[15.374467,50.822537],[15.372439,50.823257],[15.372243,50.825925],[15.3712,50.827504],[15.369278,50.832279],[15.370067,50.833591],[15.369374,50.834972],[15.367438,50.836446],[15.367343,50.838026],[15.364187,50.83939],[15.362679,50.841267],[15.360312,50.842256],[15.360488,50.84374],[15.358731,50.844839],[15.358104,50.847273],[15.355992,50.848331],[15.355735,50.849142],[15.352676,50.850802],[15.350139,50.850847],[15.348248,50.851626],[15.345447,50.853245],[15.343362,50.853769],[15.342534,50.85479],[15.340874,50.854649],[15.33995,50.856241],[15.338446,50.85657],[15.33624,50.856434],[15.334886,50.855919],[15.332941,50.857201],[15.331605,50.856517],[15.32827,50.857051],[15.326751,50.858153],[15.32445,50.859059],[15.322705,50.859176],[15.322106,50.860117],[15.319832,50.859822],[15.317429,50.860265],[15.312633,50.860329],[15.309803,50.86144],[15.292413,50.876325],[15.28987,50.881704],[15.284443,50.885312],[15.277061,50.891021],[15.277563,50.893678],[15.276174,50.896817],[15.276863,50.899256],[15.276079,50.901514],[15.273914,50.904284],[15.273266,50.907604],[15.270321,50.911284],[15.270369,50.913874],[15.270969,50.914925],[15.270598,50.91584],[15.267798,50.917832],[15.267741,50.919174],[15.266916,50.920278],[15.267586,50.923347],[15.2694,50.924827],[15.269669,50.925946],[15.268982,50.927503],[15.268801,50.92945],[15.267956,50.930701],[15.267848,50.932498],[15.269329,50.934281],[15.269748,50.935742],[15.274741,50.93782],[15.277305,50.939083],[15.277854,50.941181],[15.280751,50.943101],[15.284961,50.944477],[15.288715,50.946303],[15.290031,50.947421],[15.290717,50.951562],[15.292242,50.952639],[15.29204,50.953541],[15.29045,50.955152],[15.289584,50.95661],[15.288104,50.958003],[15.285031,50.959673],[15.278263,50.960555],[15.275439,50.961426],[15.273884,50.96291],[15.273888,50.963802],[15.274967,50.966381],[15.275273,50.968063],[15.27611,50.969132],[15.277208,50.971627],[15.276108,50.973518],[15.276203,50.975977],[15.275404,50.977746],[15.274074,50.979547],[15.272898,50.979352],[15.267561,50.979288],[15.261532,50.980538],[15.258728,50.980913],[15.251753,50.981059],[15.248451,50.979674],[15.245768,50.981907],[15.243472,50.982605],[15.243677,50.983533],[15.239294,50.986007],[15.240473,50.986981],[15.243281,50.988324],[15.240235,50.989614],[15.238707,50.990726],[15.24005,50.991737],[15.237191,50.994474],[15.238425,50.995629],[15.241294,50.99604],[15.242324,50.996946],[15.240201,50.998076],[15.236555,50.998669],[15.232818,50.998052],[15.229646,50.996476],[15.227719,50.996009],[15.223908,50.995645],[15.218502,50.995492],[15.215625,50.993834],[15.215698,50.993278],[15.21294,50.992021],[15.209539,50.991675],[15.206249,50.992716],[15.20366,50.992238],[15.202113,50.990917],[15.197593,50.989294],[15.196607,50.988332],[15.197238,50.986575],[15.200024,50.984005],[15.198077,50.982782],[15.191487,50.980461],[15.189347,50.980189],[15.18787,50.980621],[15.183129,50.982704],[15.179851,50.983016],[15.17855,50.984543],[15.175344,50.985315],[15.171549,50.98661],[15.175495,50.988671],[15.176065,50.990771],[15.175776,50.991983],[15.17709,50.993081],[15.175863,50.9947],[15.174753,50.998846],[15.174493,51.00568],[15.17471,51.007527],[15.174682,51.011285],[15.173884,51.012879],[15.17356,51.014842],[15.17257,51.01575],[15.171758,51.018779],[15.171846,51.02003],[15.169436,51.019888],[15.168244,51.018519],[15.165232,51.017831],[15.161161,51.016351],[15.156991,51.015546],[15.151879,51.014185],[15.144365,51.01337],[15.145219,51.012485],[15.142663,51.011212],[15.142419,51.007659],[15.140393,51.004596],[15.136724,51.001358],[15.13511,50.99931],[15.13449,50.996986],[15.133105,50.993892],[15.136575,50.994179],[15.140788,50.993613],[15.142317,50.993033],[15.141697,50.991112],[15.138896,50.991949],[15.137863,50.991521],[15.1337,50.991416],[15.13073,50.990375],[15.128092,50.990161],[15.125611,50.991824],[15.123168,50.992951],[15.12197,50.99265],[15.120457,50.993209],[15.117337,50.992475],[15.112337,50.992122],[15.110419,50.99154],[15.108921,50.992158],[15.107945,50.991675],[15.105166,50.991511],[15.102411,50.993417],[15.100782,50.994018],[15.100018,50.996733],[15.098838,50.997819],[15.09934,50.998975],[15.096849,51.001911],[15.097936,51.003928],[15.099272,51.0042],[15.100191,51.005652],[15.104374,51.00606],[15.107443,51.008318],[15.10718,51.009665],[15.106008,51.01073],[15.102148,51.01233],[15.096934,51.013325],[15.095145,51.012509],[15.093776,51.012495],[15.092882,51.013489],[15.089954,51.014223],[15.086137,51.014013],[15.084472,51.014564],[15.084052,51.013447],[15.079557,51.013866],[15.077395,51.013558],[15.076495,51.015081],[15.077174,51.016102],[15.07555,51.017329],[15.071399,51.017509],[15.069078,51.017968],[15.067573,51.021224],[15.06566,51.021814],[15.063828,51.021508],[15.060999,51.022896],[15.057719,51.022508],[15.057593,51.019852],[15.057008,51.018126],[15.057844,51.014383],[15.057588,51.012973],[15.055658,51.011976],[15.052986,51.012206],[15.046781,51.011642],[15.037999,51.012225],[15.035387,51.012869],[15.03476,51.014054],[15.033593,51.014567],[15.032946,51.015962],[15.034605,51.01672],[15.034234,51.018066],[15.032967,51.018445],[15.033033,51.020024],[15.030204,51.021935],[15.027098,51.02195],[15.02692,51.022559],[15.024533,51.023119],[15.023054,51.02257],[15.019226,51.022289],[15.016471,51.021811],[15.015837,51.020418],[15.016087,51.018871],[15.014527,51.016142],[15.01331,51.015779],[15.008983,51.01547],[15.008151,51.014408],[15.006799,51.013887],[15.003694,51.011997],[14.99945,51.010732],[14.998468,51.010908],[14.997243,51.009214],[14.994267,51.009782],[14.990827,51.010855],[14.985416,51.010841],[14.984257,51.009022],[14.984283,51.007376],[14.982548,51.005192],[14.978801,51.002249],[14.976737,50.999338],[14.973761,50.995682],[14.972571,50.994843],[14.968243,50.990012],[14.974154,50.987916],[14.979384,50.984362],[14.984638,50.980413],[14.988914,50.978039],[14.989843,50.978726],[14.991124,50.980781],[14.994688,50.982289],[14.996422,50.982451],[15.000558,50.984563],[15.002015,50.984619],[15.006113,50.986459],[15.007386,50.985666],[15.010343,50.982631],[15.012536,50.978545],[15.014515,50.973127],[15.016149,50.971012],[15.018874,50.969987],[15.021711,50.967071],[15.019619,50.966606],[15.017287,50.966801],[15.014979,50.964988],[15.011021,50.962364],[15.011354,50.958612],[15.013474,50.954304],[15.014961,50.95169],[15.015377,50.949643],[15.013004,50.943599],[15.014336,50.939826],[15.010378,50.938059],[15.008436,50.936421],[15.005999,50.933742],[15.003709,50.931604],[15.003199,50.930369],[15.001727,50.928728],[14.999875,50.927762],[14.996063,50.927402],[14.993783,50.925608],[14.989452,50.92164],[14.991764,50.918285],[14.99357,50.917515],[14.994628,50.916459],[14.994635,50.915445],[14.997042,50.913798],[14.998439,50.913589],[14.998915,50.912168],[14.998236,50.910537],[14.998708,50.908859],[14.998195,50.907713],[14.999922,50.906237],[15.003414,50.907727],[15.005004,50.907832],[15.006815,50.907225],[15.005646,50.906072],[15.003008,50.904581],[14.997871,50.901101],[14.99618,50.900637],[14.996017,50.898602],[14.996612,50.894919],[14.994786,50.8928],[14.994249,50.891596],[14.996172,50.890831],[14.997697,50.889695],[14.998992,50.886161],[15.000014,50.880662],[15.000263,50.878409],[15.002346,50.874519],[15.001859,50.871777],[15.001926,50.868778],[14.999318,50.868538],[14.996168,50.869607],[14.993077,50.869128],[14.989807,50.869374],[14.986694,50.869301],[14.982461,50.86777],[14.979055,50.868035],[14.977052,50.867482],[14.970436,50.86429],[14.965486,50.863017],[14.962848,50.862082],[14.958122,50.862058],[14.946826,50.864738],[14.940144,50.868445],[14.937359,50.869414],[14.93279,50.870046],[14.926738,50.871264],[14.922592,50.871769],[14.917341,50.872796],[14.913763,50.873945],[14.91197,50.874059],[14.910309,50.874735],[14.905222,50.875578],[14.900166,50.875962],[14.900052,50.873794],[14.899342,50.872685],[14.897277,50.867355],[14.889227,50.87079],[14.887328,50.872292],[14.881481,50.875075],[14.876735,50.876717],[14.873852,50.87716],[14.867627,50.877305],[14.866964,50.877142],[14.86441,50.873027],[14.863853,50.870572],[14.861916,50.869748],[14.85857,50.869866],[14.855378,50.868755],[14.852827,50.868671],[14.850579,50.869132],[14.847081,50.87025],[14.842555,50.869124],[14.840548,50.869037],[14.838273,50.869676],[14.837158,50.870686],[14.833154,50.87183],[14.8312,50.872894],[14.829515,50.872735],[14.828641,50.872019],[14.82336,50.870568],[14.82499,50.86945],[14.824987,50.867562],[14.824504,50.866702],[14.821729,50.863663],[14.821317,50.86226],[14.821638,50.860697],[14.821341,50.859368],[14.818444,50.857991],[14.818561,50.856391],[14.814434,50.854206],[14.814814,50.853368],[14.811868,50.852198],[14.810601,50.851254],[14.810325,50.848641],[14.807562,50.846335],[14.808084,50.845861],[14.80624,50.842029],[14.806003,50.840455],[14.803415,50.83775],[14.80257,50.836304],[14.802751,50.832606],[14.801983,50.830872],[14.800997,50.830095],[14.800748,50.82896],[14.801901,50.826216],[14.80155,50.825084],[14.799671,50.822611],[14.796641,50.821015],[14.792895,50.81996],[14.792431,50.82106],[14.792456,50.823536],[14.790509,50.824031],[14.787603,50.823715],[14.781328,50.821171],[14.779234,50.820016],[14.774666,50.819822],[14.768626,50.819808],[14.766469,50.819237],[14.764234,50.821084],[14.764432,50.822042],[14.761936,50.822052],[14.760159,50.824015],[14.75901,50.824619],[14.75657,50.824888],[14.749783,50.824297],[14.747001,50.829079],[14.74471,50.829482],[14.742103,50.829102],[14.741171,50.828534],[14.739337,50.828993],[14.73424,50.825375],[14.729105,50.824581],[14.727834,50.823897],[14.726824,50.822634],[14.725684,50.822313],[14.717309,50.823258],[14.716103,50.825416],[14.716146,50.827337],[14.717413,50.830617],[14.720072,50.83228],[14.718253,50.834541],[14.715582,50.835504],[14.714689,50.837283],[14.710968,50.838361],[14.70947,50.839492],[14.708854,50.840614],[14.703695,50.840472],[14.69954,50.83994],[14.698533,50.839008],[14.694793,50.839403],[14.689956,50.838001],[14.686224,50.839115],[14.684544,50.840739],[14.68166,50.841395],[14.680846,50.842741],[14.675749,50.844456],[14.670099,50.847033],[14.668855,50.847196],[14.665012,50.849186],[14.66026,50.850159],[14.656984,50.849244],[14.651574,50.84854],[14.647794,50.84874],[14.644892,50.850126],[14.643004,50.851734],[14.639775,50.851636],[14.638441,50.852463],[14.633139,50.855036],[14.627154,50.856651],[14.621828,50.857584],[14.618917,50.857759]]]},"properties":{"name":"Reichenberg (Liberec)","code":"L","name_cz":"Liberecký kraj"}},
{"type":"Feature","geometry":{"type":"Polygon","coordinates":[[[15.43738,50.109887],[15.43895,50.109215],[15.445332,50.10228],[15.452136,50.095306],[15.460377,50.097719],[15.466565,50.099118],[15.469798,50.099558],[15.47256,50.100625],[15.473182,50.103032],[15.475018,50.105017],[15.478015,50.104835],[15.479342,50.106498],[15.483019,50.107066],[15.484007,50.108026],[15.484769,50.109898],[15.488423,50.109361],[15.490326,50.10849],[15.495799,50.110404],[15.493138,50.110891],[15.48873,50.110465],[15.489047,50.114415],[15.508152,50.113776],[15.508827,50.114818],[15.512124,50.116375],[15.513642,50.118138],[15.515202,50.120729],[15.519065,50.11868],[15.522236,50.116643],[15.522752,50.117543],[15.524473,50.118396],[15.524863,50.119434],[15.522093,50.123063],[15.519465,50.123298],[15.519352,50.129294],[15.521294,50.134907],[15.524221,50.135307],[15.531598,50.138039],[15.531268,50.138737],[15.533734,50.140177],[15.53559,50.139685],[15.536962,50.140676],[15.539271,50.141017],[15.542289,50.140774],[15.543689,50.140119],[15.545526,50.138499],[15.54734,50.139659],[15.547711,50.136735],[15.55089,50.134701],[15.553658,50.136489],[15.553495,50.137022],[15.559204,50.138059],[15.557367,50.139747],[15.559762,50.140925],[15.561201,50.142418],[15.561435,50.143587],[15.565156,50.142211],[15.566749,50.141929],[15.570375,50.142695],[15.569461,50.144477],[15.567211,50.145617],[15.565352,50.146135],[15.567164,50.147509],[15.566437,50.148537],[15.566463,50.150004],[15.568668,50.149814],[15.570483,50.150096],[15.578278,50.147586],[15.580701,50.14753],[15.580588,50.136692],[15.58405,50.13702],[15.586341,50.135728],[15.585536,50.133686],[15.586396,50.133348],[15.590212,50.133904],[15.592122,50.134511],[15.590781,50.135347],[15.593993,50.136336],[15.59563,50.13417],[15.597772,50.133448],[15.602952,50.133267],[15.603235,50.13389],[15.60093,50.134566],[15.598287,50.134505],[15.597551,50.137005],[15.595985,50.138936],[15.599403,50.139989],[15.600074,50.137756],[15.60158,50.138904],[15.603275,50.138209],[15.605626,50.13807],[15.607902,50.138459],[15.61048,50.13612],[15.613368,50.136934],[15.615204,50.136387],[15.618994,50.138109],[15.622103,50.137833],[15.622338,50.137065],[15.626985,50.137756],[15.627368,50.137191],[15.630958,50.137589],[15.633119,50.137],[15.631843,50.135545],[15.634148,50.134881],[15.634395,50.133618],[15.63626,50.133286],[15.636893,50.134901],[15.638924,50.133927],[15.641225,50.133258],[15.642137,50.134768],[15.646285,50.132811],[15.647195,50.134434],[15.646156,50.134597],[15.647142,50.13649],[15.646634,50.13756],[15.648084,50.139156],[15.648449,50.140467],[15.651814,50.138721],[15.652409,50.137034],[15.657094,50.136366],[15.657922,50.134726],[15.667113,50.132808],[15.666552,50.130235],[15.667053,50.129698],[15.670533,50.129691],[15.672698,50.129955],[15.67377,50.128953],[15.675766,50.128723],[15.675191,50.127086],[15.678512,50.12588],[15.6795,50.128524],[15.684932,50.128254],[15.686735,50.127191],[15.688324,50.12573],[15.689708,50.125706],[15.690631,50.12769],[15.693254,50.128205],[15.693287,50.129501],[15.691936,50.130165],[15.692165,50.132398],[15.695293,50.132018],[15.699028,50.13698],[15.700159,50.137499],[15.704166,50.136993],[15.703981,50.138829],[15.705367,50.13897],[15.705961,50.137759],[15.713807,50.138857],[15.716389,50.138522],[15.719666,50.137325],[15.720139,50.138096],[15.724986,50.13671],[15.725173,50.134899],[15.726439,50.13536],[15.726757,50.13735],[15.728329,50.13768],[15.731402,50.141598],[15.735314,50.141505],[15.738922,50.141638],[15.738886,50.143407],[15.740505,50.144147],[15.742629,50.150732],[15.743937,50.154275],[15.740838,50.154763],[15.739527,50.154627],[15.740397,50.1611],[15.742878,50.161309],[15.743265,50.163172],[15.746605,50.162599],[15.745913,50.164509],[15.754391,50.163878],[15.756178,50.168525],[15.760731,50.168228],[15.766666,50.167382],[15.77115,50.172993],[15.772363,50.173969],[15.776213,50.175659],[15.780333,50.174558],[15.78178,50.173694],[15.784314,50.170543],[15.78811,50.168716],[15.793034,50.167874],[15.800762,50.167674],[15.804322,50.168042],[15.803334,50.166688],[15.802288,50.163532],[15.800318,50.162806],[15.807285,50.160537],[15.80944,50.159987],[15.806561,50.156119],[15.804552,50.152674],[15.804471,50.148828],[15.803152,50.147113],[15.802865,50.145327],[15.804768,50.142824],[15.804304,50.140518],[15.805319,50.139948],[15.807296,50.14047],[15.810277,50.140282],[15.812175,50.139177],[15.813968,50.138727],[15.815063,50.137837],[15.814616,50.136033],[15.81742,50.136228],[15.818259,50.135935],[15.834319,50.13498],[15.834506,50.131729],[15.837288,50.131891],[15.8413,50.132623],[15.841287,50.134465],[15.839955,50.135997],[15.841461,50.136564],[15.845495,50.137465],[15.852254,50.139743],[15.852592,50.147652],[15.887302,50.147146],[15.887796,50.162462],[15.894186,50.163095],[15.897082,50.162225],[15.899115,50.162722],[15.902842,50.162964],[15.904098,50.163342],[15.909546,50.163341],[15.913148,50.163132],[15.916587,50.163679],[15.918097,50.164536],[15.91806,50.166486],[15.917331,50.167286],[15.917049,50.170691],[15.92227,50.170091],[15.927227,50.167882],[15.94121,50.160195],[15.945054,50.16222],[15.946581,50.163306],[15.949987,50.163693],[15.950905,50.161948],[15.950269,50.16018],[15.952068,50.159725],[15.954046,50.159861],[15.95416,50.161077],[15.955156,50.161383],[15.957093,50.160946],[15.960268,50.159671],[15.964412,50.157543],[15.992221,50.157355],[15.992188,50.146148],[16.009532,50.146041],[16.009308,50.13487],[16.009378,50.126335],[16.009619,50.112631],[16.022596,50.112576],[16.050365,50.112538],[16.052023,50.111872],[16.054197,50.113097],[16.055805,50.113015],[16.057068,50.11235],[16.060934,50.1123],[16.06341,50.112788],[16.063872,50.109607],[16.065488,50.107769],[16.066528,50.105386],[16.067341,50.10439],[16.068589,50.101661],[16.069638,50.100792],[16.070017,50.098798],[16.071033,50.09728],[16.071744,50.094128],[16.071243,50.092945],[16.07219,50.089621],[16.075074,50.086528],[16.078423,50.086058],[16.080004,50.085548],[16.081715,50.086538],[16.085578,50.086356],[16.087861,50.086659],[16.089954,50.08622],[16.093179,50.08369],[16.099256,50.08361],[16.102225,50.082745],[16.105063,50.084171],[16.10916,50.083592],[16.111745,50.084607],[16.120609,50.079811],[16.12275,50.078201],[16.123845,50.076619],[16.126688,50.070419],[16.128259,50.068612],[16.139115,50.062787],[16.139508,50.063675],[16.142459,50.062761],[16.144104,50.063933],[16.143271,50.065345],[16.146916,50.067526],[16.14925,50.066453],[16.15034,50.065105],[16.152878,50.062813],[16.154059,50.062248],[16.156115,50.060145],[16.157383,50.059704],[16.162104,50.061666],[16.163587,50.06136],[16.165198,50.059393],[16.167885,50.060627],[16.169715,50.059972],[16.175102,50.05942],[16.177957,50.055035],[16.181247,50.051749],[16.181069,50.051091],[16.183462,50.050938],[16.187134,50.050002],[16.186452,50.049227],[16.188308,50.047596],[16.189817,50.047921],[16.190279,50.046422],[16.189298,50.045604],[16.19054,50.04478],[16.191819,50.042908],[16.192491,50.043021],[16.194294,50.039885],[16.195132,50.038943],[16.197437,50.038484],[16.19796,50.040498],[16.198988,50.040937],[16.202304,50.040008],[16.206122,50.040049],[16.210471,50.044065],[16.214846,50.044942],[16.218214,50.044112],[16.219756,50.045369],[16.225507,50.045979],[16.227045,50.045227],[16.230041,50.042667],[16.230366,50.044328],[16.232663,50.044673],[16.236793,50.045919],[16.241276,50.047546],[16.240931,50.048777],[16.241453,50.05017],[16.243022,50.051852],[16.242609,50.053413],[16.240793,50.05456],[16.242279,50.055658],[16.244692,50.054348],[16.24607,50.05533],[16.247187,50.05527],[16.250838,50.053311],[16.251334,50.051914],[16.249062,50.051424],[16.246598,50.050423],[16.245523,50.048879],[16.245101,50.047415],[16.246705,50.047474],[16.247624,50.045605],[16.247705,50.042642],[16.25416,50.042982],[16.255829,50.043599],[16.259902,50.044396],[16.262491,50.045385],[16.26767,50.045695],[16.269693,50.045429],[16.272617,50.045677],[16.273152,50.048079],[16.277325,50.047822],[16.277099,50.047193],[16.282595,50.046012],[16.283116,50.046948],[16.279858,50.048031],[16.280208,50.048756],[16.282584,50.048116],[16.284226,50.049766],[16.283255,50.051137],[16.286197,50.050767],[16.289059,50.049919],[16.290889,50.04855],[16.293603,50.048974],[16.295344,50.048216],[16.301066,50.047122],[16.300812,50.046284],[16.301736,50.045311],[16.305238,50.04388],[16.310119,50.042921],[16.311627,50.043011],[16.314538,50.044418],[16.316752,50.043105],[16.320275,50.042887],[16.328197,50.041392],[16.330258,50.040134],[16.332661,50.040319],[16.33261,50.041354],[16.331581,50.043777],[16.331901,50.044538],[16.331454,50.046276],[16.330285,50.048593],[16.32802,50.05006],[16.327151,50.051171],[16.325367,50.052443],[16.324337,50.053732],[16.324549,50.054663],[16.322912,50.05502],[16.321022,50.057029],[16.316887,50.05731],[16.316389,50.058358],[16.313176,50.060114],[16.312117,50.060152],[16.312504,50.061948],[16.314026,50.061685],[16.316062,50.060676],[16.316589,50.061463],[16.318737,50.062659],[16.31624,50.065728],[16.316448,50.067948],[16.321415,50.06776],[16.325268,50.06826],[16.323212,50.069549],[16.324269,50.07009],[16.326646,50.070291],[16.329666,50.069591],[16.3304,50.068103],[16.33177,50.066523],[16.334106,50.066763],[16.334951,50.067872],[16.336379,50.070931],[16.340657,50.072367],[16.344143,50.071969],[16.346952,50.07441],[16.350844,50.075723],[16.356717,50.07726],[16.356281,50.078082],[16.353149,50.078253],[16.348732,50.079805],[16.34616,50.081595],[16.346345,50.082189],[16.3441,50.084882],[16.342239,50.084118],[16.339893,50.085758],[16.338922,50.087719],[16.338774,50.089578],[16.339384,50.091082],[16.340659,50.092367],[16.342579,50.09289],[16.346084,50.095568],[16.348361,50.095845],[16.350765,50.097072],[16.352843,50.097184],[16.351417,50.10047],[16.356116,50.101227],[16.359913,50.101451],[16.365355,50.10142],[16.371786,50.100545],[16.374228,50.100677],[16.378349,50.102921],[16.38279,50.105998],[16.385983,50.107632],[16.390099,50.111973],[16.392406,50.114114],[16.392956,50.115009],[16.393819,50.118127],[16.39688,50.116868],[16.398549,50.116489],[16.40141,50.116763],[16.40309,50.115542],[16.407647,50.114471],[16.409001,50.115221],[16.40767,50.116734],[16.407376,50.118028],[16.410743,50.117885],[16.41321,50.119096],[16.412237,50.119665],[16.413473,50.120776],[16.415381,50.11996],[16.416567,50.120506],[16.418861,50.122365],[16.425107,50.119177],[16.43025,50.120823],[16.431383,50.121782],[16.430465,50.123783],[16.427769,50.123491],[16.424234,50.125102],[16.422755,50.126139],[16.424797,50.126396],[16.42739,50.12514],[16.43121,50.125735],[16.43175,50.127461],[16.433941,50.127267],[16.435022,50.129242],[16.43608,50.128392],[16.440055,50.128164],[16.443311,50.128497],[16.449268,50.12813],[16.450863,50.128811],[16.4529,50.129117],[16.454362,50.131807],[16.456059,50.132439],[16.458702,50.132635],[16.462626,50.134491],[16.46554,50.134595],[16.467772,50.136302],[16.471932,50.136884],[16.47429,50.13861],[16.476645,50.142298],[16.476497,50.143878],[16.476951,50.145296],[16.478069,50.146068],[16.47757,50.149805],[16.478244,50.150842],[16.477498,50.1517],[16.477565,50.152958],[16.478855,50.153945],[16.478318,50.15611],[16.478983,50.156589],[16.478107,50.158312],[16.47886,50.160597],[16.477728,50.161346],[16.478807,50.162643],[16.478563,50.163387],[16.485437,50.165816],[16.490128,50.166978],[16.494225,50.167212],[16.496383,50.167554],[16.498278,50.165883],[16.501111,50.165816],[16.502439,50.163774],[16.504847,50.164024],[16.50571,50.164927],[16.520605,50.159601],[16.522622,50.15164],[16.524052,50.151296],[16.527061,50.15181],[16.530944,50.150537],[16.532513,50.148924],[16.536087,50.148554],[16.540107,50.150188],[16.545973,50.148077],[16.546612,50.147246],[16.569348,50.138652],[16.571819,50.141203],[16.574522,50.139877],[16.578296,50.141899],[16.580079,50.142417],[16.580455,50.143625],[16.583397,50.144568],[16.584592,50.145881],[16.580676,50.14773],[16.5802,50.148644],[16.581812,50.149259],[16.581961,50.150082],[16.585258,50.151565],[16.585414,50.152273],[16.583587,50.15339],[16.580763,50.154197],[16.577619,50.155515],[16.578882,50.156767],[16.578357,50.157683],[16.576317,50.158415],[16.571861,50.159287],[16.570475,50.160027],[16.56853,50.160426],[16.565538,50.162015],[16.56378,50.163291],[16.562164,50.163092],[16.560632,50.164656],[16.56092,50.165623],[16.560158,50.168024],[16.557924,50.17045],[16.558391,50.17409],[16.561473,50.175936],[16.562508,50.177858],[16.563753,50.178887],[16.563773,50.179974],[16.56059,50.183998],[16.558424,50.184158],[16.556776,50.185674],[16.558868,50.186935],[16.558875,50.189116],[16.557879,50.190573],[16.557922,50.191837],[16.555455,50.193734],[16.554409,50.195692],[16.55462,50.197036],[16.555719,50.198564],[16.556957,50.199484],[16.555969,50.202801],[16.556567,50.203505],[16.55967,50.204429],[16.561263,50.205454],[16.561689,50.207612],[16.559673,50.208883],[16.558441,50.210397],[16.557355,50.213756],[16.555713,50.213462],[16.553427,50.21504],[16.55655,50.216854],[16.557635,50.219341],[16.55735,50.220379],[16.555587,50.220908],[16.555064,50.22171],[16.553004,50.221926],[16.551428,50.222817],[16.549397,50.225328],[16.548946,50.226684],[16.549571,50.22769],[16.548308,50.229762],[16.545241,50.230027],[16.544766,50.231095],[16.540613,50.233831],[16.53885,50.23679],[16.537484,50.237383],[16.537563,50.238982],[16.532856,50.238706],[16.529341,50.237594],[16.52694,50.238086],[16.522751,50.239434],[16.522753,50.24045],[16.52062,50.241291],[16.519217,50.242376],[16.516802,50.243473],[16.515869,50.245146],[16.514398,50.24595],[16.512821,50.247424],[16.513192,50.248805],[16.51442,50.250728],[16.514072,50.251771],[16.510747,50.252039],[16.508467,50.252751],[16.506802,50.255989],[16.508096,50.257626],[16.507167,50.259655],[16.506257,50.260286],[16.503542,50.260895],[16.497707,50.259811],[16.492727,50.263961],[16.491159,50.263649],[16.489731,50.264232],[16.488989,50.268546],[16.486948,50.270762],[16.483328,50.27065],[16.481238,50.272322],[16.480774,50.27468],[16.481149,50.275545],[16.480119,50.277059],[16.478696,50.277562],[16.4762,50.280169],[16.47501,50.28085],[16.472611,50.28364],[16.470656,50.284192],[16.469635,50.285135],[16.468033,50.285664],[16.466204,50.287695],[16.467633,50.29041],[16.467407,50.291131],[16.465472,50.29208],[16.464741,50.292951],[16.464628,50.295596],[16.463022,50.296465],[16.461987,50.296354],[16.458867,50.29897],[16.455579,50.300045],[16.454587,50.302221],[16.451057,50.304235],[16.449888,50.304235],[16.448224,50.305152],[16.446198,50.310432],[16.443807,50.312677],[16.443864,50.313193],[16.441496,50.314343],[16.439965,50.315628],[16.439045,50.315645],[16.437312,50.317448],[16.437583,50.318753],[16.436484,50.319506],[16.436886,50.32053],[16.435612,50.321672],[16.434135,50.322092],[16.431985,50.324201],[16.430418,50.325073],[16.426956,50.324904],[16.426437,50.325239],[16.423146,50.325087],[16.421785,50.324596],[16.41581,50.324203],[16.411072,50.324606],[16.409727,50.324339],[16.407301,50.322226],[16.405334,50.320144],[16.39926,50.319189],[16.396937,50.321216],[16.391903,50.323702],[16.3907,50.323366],[16.383229,50.328814],[16.375194,50.342275],[16.364648,50.346861],[16.362164,50.349726],[16.361161,50.353638],[16.36351,50.355151],[16.365885,50.357312],[16.365924,50.359905],[16.365619,50.363156],[16.368028,50.366965],[16.363603,50.370684],[16.36428,50.373047],[16.364913,50.373946],[16.363192,50.377241],[16.360765,50.379468],[16.357208,50.379963],[16.353379,50.378597],[16.351468,50.378931],[16.350449,50.379827],[16.348516,50.380651],[16.341809,50.377865],[16.337344,50.37824],[16.333823,50.379906],[16.331451,50.379792],[16.329712,50.38028],[16.32627,50.382105],[16.323109,50.382051],[16.320314,50.380715],[16.316893,50.380184],[16.314132,50.38082],[16.313237,50.381668],[16.311695,50.381932],[16.308705,50.383124],[16.301834,50.382039],[16.299244,50.380763],[16.298753,50.378613],[16.295757,50.376374],[16.293424,50.373945],[16.293328,50.371578],[16.291558,50.370092],[16.285899,50.367497],[16.282101,50.367097],[16.280917,50.367503],[16.278633,50.367443],[16.277951,50.369452],[16.278056,50.371201],[16.276796,50.372791],[16.276855,50.376203],[16.276193,50.376659],[16.270728,50.378672],[16.267743,50.379391],[16.265939,50.381605],[16.265632,50.383087],[16.267148,50.385038],[16.26723,50.387182],[16.265977,50.389508],[16.263051,50.393564],[16.259788,50.394412],[16.254883,50.393642],[16.252835,50.393903],[16.250652,50.393497],[16.248931,50.394593],[16.247384,50.396189],[16.247353,50.398235],[16.249945,50.399547],[16.251897,50.399687],[16.25193,50.402332],[16.253847,50.403158],[16.252922,50.405642],[16.248825,50.407009],[16.246069,50.407521],[16.241616,50.409673],[16.241678,50.411377],[16.239288,50.41274],[16.23811,50.414077],[16.234932,50.413699],[16.230202,50.412176],[16.226614,50.410303],[16.220917,50.406983],[16.218055,50.407883],[16.216815,50.408963],[16.214468,50.409103],[16.21344,50.410093],[16.210466,50.41124],[16.211361,50.41369],[16.214108,50.414695],[16.212006,50.418504],[16.212156,50.42136],[16.210718,50.42304],[16.209801,50.425723],[16.209844,50.426788],[16.206571,50.427813],[16.204827,50.42937],[16.203958,50.429595],[16.198283,50.42884],[16.19571,50.432131],[16.196937,50.434068],[16.198677,50.434727],[16.198833,50.441785],[16.201622,50.444647],[16.204026,50.44635],[16.205226,50.447964],[16.205173,50.448741],[16.207633,50.448798],[16.209775,50.449475],[16.213286,50.451803],[16.219718,50.451858],[16.221416,50.450886],[16.221948,50.449467],[16.220936,50.448168],[16.220812,50.446261],[16.224868,50.442399],[16.230459,50.442726],[16.231883,50.443476],[16.230945,50.444701],[16.233631,50.446013],[16.233398,50.447325],[16.234058,50.448694],[16.230527,50.450738],[16.231187,50.451524],[16.2304,50.4536],[16.226744,50.455455],[16.223577,50.456429],[16.220376,50.457886],[16.222141,50.45838],[16.223916,50.46051],[16.226131,50.459833],[16.227383,50.460383],[16.231272,50.459509],[16.231412,50.460259],[16.235253,50.459913],[16.236299,50.460787],[16.235205,50.463233],[16.231751,50.466158],[16.233539,50.466819],[16.235964,50.46575],[16.238166,50.465864],[16.241097,50.464459],[16.243367,50.463058],[16.245676,50.464516],[16.255701,50.467623],[16.254044,50.46929],[16.249316,50.471937],[16.249195,50.47396],[16.251562,50.475343],[16.255336,50.47718],[16.258706,50.480175],[16.262211,50.479912],[16.264799,50.48005],[16.267161,50.476922],[16.26858,50.47588],[16.269823,50.4767],[16.272568,50.476538],[16.274227,50.477076],[16.269641,50.479583],[16.269849,50.480925],[16.268509,50.482906],[16.269992,50.483978],[16.2718,50.48462],[16.27375,50.484065],[16.273457,50.482538],[16.276919,50.481613],[16.282373,50.481028],[16.283362,50.479979],[16.285026,50.479697],[16.287776,50.480926],[16.290629,50.480622],[16.294716,50.479683],[16.297563,50.483371],[16.299739,50.485213],[16.30164,50.489526],[16.300522,50.49092],[16.304413,50.49096],[16.306797,50.492004],[16.310431,50.492474],[16.312409,50.494113],[16.312085,50.497166],[16.309441,50.49937],[16.309497,50.500307],[16.310926,50.502688],[16.310392,50.50531],[16.311409,50.506065],[16.315617,50.506764],[16.317113,50.507582],[16.319013,50.507867],[16.321255,50.507422],[16.323572,50.505694],[16.32564,50.504928],[16.331437,50.503534],[16.332497,50.503524],[16.334253,50.501925],[16.334142,50.500672],[16.334945,50.499692],[16.337273,50.499874],[16.338632,50.49858],[16.341017,50.497362],[16.34235,50.49745],[16.343801,50.49584],[16.347764,50.496545],[16.347663,50.49817],[16.349011,50.498749],[16.351619,50.497977],[16.354169,50.499558],[16.356522,50.500549],[16.360355,50.501225],[16.365963,50.505912],[16.367344,50.508069],[16.36923,50.510334],[16.371984,50.514438],[16.373943,50.516371],[16.376503,50.5175],[16.37986,50.518629],[16.386689,50.520343],[16.39192,50.524014],[16.393333,50.525315],[16.395179,50.526393],[16.39987,50.527436],[16.400256,50.528771],[16.401781,50.529887],[16.399185,50.531892],[16.396767,50.533278],[16.398237,50.534543],[16.394324,50.537476],[16.387398,50.541775],[16.387537,50.542586],[16.38977,50.542648],[16.396504,50.543876],[16.400337,50.545188],[16.402215,50.54653],[16.404479,50.546987],[16.406879,50.547025],[16.410932,50.547899],[16.410317,50.552572],[16.410649,50.556401],[16.409774,50.558757],[16.40836,50.561383],[16.403999,50.564674],[16.403399,50.56626],[16.404645,50.569272],[16.40794,50.568805],[16.416002,50.568471],[16.418824,50.568656],[16.422929,50.569952],[16.426366,50.570825],[16.428734,50.57202],[16.431915,50.573145],[16.43501,50.57534],[16.444907,50.579569],[16.444391,50.580687],[16.444072,50.584867],[16.44332,50.586502],[16.440964,50.587646],[16.439993,50.590212],[16.437576,50.592608],[16.434565,50.594886],[16.4337,50.596488],[16.431813,50.598526],[16.430429,50.598904],[16.427584,50.600504],[16.424449,50.604752],[16.422208,50.606874],[16.418533,50.608687],[16.417033,50.608893],[16.412783,50.610131],[16.409403,50.612677],[16.408601,50.61446],[16.405635,50.616998],[16.403202,50.617981],[16.399592,50.618039],[16.394459,50.618728],[16.39188,50.620864],[16.388043,50.62341],[16.386093,50.624975],[16.383985,50.627653],[16.381517,50.629194],[16.379301,50.632129],[16.378099,50.634844],[16.379546,50.636524],[16.376906,50.636929],[16.375747,50.636382],[16.373838,50.636541],[16.369711,50.640888],[16.367367,50.642477],[16.364874,50.645122],[16.365023,50.64693],[16.36249,50.648316],[16.361323,50.648405],[16.359483,50.647368],[16.356119,50.646701],[16.353529,50.647077],[16.351223,50.647853],[16.349884,50.649174],[16.349967,50.650795],[16.349411,50.652499],[16.347726,50.65377],[16.343987,50.657335],[16.343081,50.661508],[16.339682,50.662482],[16.338125,50.662235],[16.336214,50.662636],[16.333868,50.662527],[16.332377,50.66352],[16.329201,50.664417],[16.327894,50.664442],[16.32213,50.666595],[16.319912,50.666048],[16.316664,50.664629],[16.313519,50.664264],[16.312753,50.662315],[16.310279,50.661084],[16.308236,50.660789],[16.304977,50.659063],[16.300259,50.660837],[16.297055,50.660428],[16.295185,50.659841],[16.293561,50.659854],[16.287923,50.660753],[16.284106,50.660449],[16.281836,50.661384],[16.281307,50.663957],[16.279584,50.665862],[16.280259,50.667012],[16.279437,50.668207],[16.276054,50.668178],[16.274448,50.667444],[16.270936,50.667613],[16.268621,50.667276],[16.266615,50.6675],[16.264889,50.668245],[16.261935,50.668178],[16.258359,50.667118],[16.25179,50.668604],[16.250109,50.669365],[16.248218,50.6695],[16.24626,50.670255],[16.242256,50.669646],[16.234812,50.671569],[16.233406,50.670717],[16.230638,50.668244],[16.22913,50.66543],[16.22698,50.662146],[16.22557,50.657539],[16.225417,50.656152],[16.224018,50.653627],[16.221481,50.651507],[16.221816,50.649122],[16.221486,50.648485],[16.220994,50.644229],[16.220311,50.642308],[16.220941,50.63977],[16.219007,50.63831],[16.220525,50.636484],[16.217355,50.633345],[16.216427,50.632724],[16.214045,50.63212],[16.20977,50.632282],[16.205141,50.631811],[16.203393,50.632054],[16.200865,50.631707],[16.19875,50.630656],[16.19546,50.630584],[16.193673,50.630143],[16.191839,50.628875],[16.18797,50.627311],[16.184168,50.627205],[16.181306,50.628334],[16.179377,50.628657],[16.179929,50.62988],[16.180156,50.633645],[16.178635,50.634598],[16.177467,50.635926],[16.176956,50.639645],[16.173945,50.6417],[16.171225,50.644182],[16.170836,50.644991],[16.168993,50.645832],[16.165261,50.646415],[16.161161,50.647763],[16.157842,50.649435],[16.150124,50.652727],[16.148379,50.653337],[16.141477,50.651491],[16.139492,50.650783],[16.137948,50.651538],[16.136667,50.652752],[16.136207,50.654066],[16.134464,50.656063],[16.130726,50.657372],[16.127954,50.657575],[16.125833,50.660582],[16.123552,50.660718],[16.121262,50.66039],[16.116096,50.660343],[16.113499,50.659521],[16.111248,50.660942],[16.107299,50.662072],[16.10598,50.661936],[16.103678,50.663362],[16.100558,50.662215],[16.099805,50.658685],[16.09814,50.65664],[16.097697,50.655406],[16.095062,50.653004],[16.093741,50.652968],[16.091452,50.652081],[16.089966,50.652822],[16.088261,50.652241],[16.087737,50.650507],[16.085667,50.647805],[16.083811,50.646519],[16.080538,50.645841],[16.077497,50.643349],[16.074727,50.641888],[16.073261,50.641608],[16.071719,50.640689],[16.067592,50.639758],[16.066893,50.636938],[16.064802,50.634204],[16.06347,50.633466],[16.062398,50.631699],[16.061898,50.628087],[16.059823,50.625034],[16.059847,50.622377],[16.0594,50.620595],[16.05772,50.618537],[16.057345,50.616884],[16.058358,50.614959],[16.05839,50.613122],[16.056079,50.609703],[16.052953,50.610887],[16.052115,50.611912],[16.047422,50.612724],[16.042615,50.614236],[16.032753,50.606342],[16.029227,50.603799],[16.026044,50.599823],[16.024832,50.598623],[16.022353,50.599774],[16.019783,50.60014],[16.016983,50.602445],[16.015697,50.606113],[16.012931,50.606253],[16.010948,50.606794],[16.008531,50.604697],[16.006191,50.606043],[16.002482,50.607016],[16.001517,50.607724],[15.999483,50.607891],[15.996896,50.60883],[15.99166,50.610105],[15.988865,50.611349],[15.986439,50.613483],[15.986356,50.614745],[15.990354,50.617911],[15.992662,50.619496],[15.99839,50.622886],[16.008463,50.625156],[16.01193,50.626823],[16.014762,50.62852],[16.017788,50.62941],[16.021766,50.630174],[16.019109,50.631884],[16.015827,50.633424],[16.008546,50.634491],[16.007132,50.636252],[16.007131,50.63937],[16.005489,50.642387],[16.002353,50.643815],[16.000923,50.64476],[16.002688,50.646945],[16.00499,50.648622],[16.003539,50.650928],[16.003354,50.655081],[16.004288,50.656072],[16.004326,50.65819],[16.001949,50.660534],[16.000231,50.663495],[16.000385,50.665537],[15.999297,50.666314],[15.998112,50.668015],[15.998062,50.670579],[15.998879,50.672322],[15.997665,50.672917],[15.994702,50.673041],[15.993289,50.673716],[15.992679,50.674917],[15.990979,50.67611],[15.989568,50.678702],[15.989849,50.680303],[15.991226,50.682902],[15.988609,50.684864],[15.987177,50.685195],[15.98259,50.68694],[15.977166,50.688668],[15.970244,50.690659],[15.967166,50.691723],[15.961233,50.691851],[15.955489,50.691327],[15.954314,50.690723],[15.949898,50.690041],[15.946111,50.688682],[15.942545,50.687039],[15.935437,50.686706],[15.933822,50.68689],[15.931525,50.686373],[15.930157,50.684259],[15.930168,50.683421],[15.928778,50.682014],[15.925967,50.680778],[15.923661,50.682336],[15.919531,50.684595],[15.917742,50.683169],[15.914965,50.682296],[15.911039,50.681762],[15.906706,50.679811],[15.900505,50.678313],[15.896916,50.677628],[15.892192,50.676389],[15.886888,50.675455],[15.885065,50.675348],[15.884597,50.673207],[15.884804,50.671302],[15.881877,50.671063],[15.876982,50.671844],[15.874826,50.671875],[15.872014,50.672511],[15.871095,50.673059],[15.867942,50.673767],[15.860963,50.67445],[15.861853,50.67741],[15.863327,50.680148],[15.863116,50.681752],[15.861792,50.683118],[15.861448,50.685572],[15.859933,50.687236],[15.859251,50.689046],[15.859061,50.690921],[15.857812,50.693529],[15.857595,50.696346],[15.856895,50.697567],[15.854682,50.699777],[15.853125,50.700573],[15.851777,50.703924],[15.851369,50.705705],[15.851671,50.707033],[15.849977,50.708973],[15.848603,50.708942],[15.846114,50.709952],[15.845372,50.711579],[15.842696,50.712828],[15.841181,50.714916],[15.840216,50.715201],[15.839009,50.71772],[15.836942,50.719133],[15.834593,50.720308],[15.833842,50.721797],[15.832581,50.72189],[15.831958,50.723388],[15.829909,50.724447],[15.831466,50.726573],[15.830127,50.727788],[15.83059,50.729166],[15.831718,50.730138],[15.831357,50.73081],[15.831796,50.732575],[15.830611,50.733996],[15.830368,50.737442],[15.831327,50.740147],[15.83127,50.74139],[15.831937,50.742686],[15.82968,50.743145],[15.829219,50.743865],[15.82313,50.747158],[15.819706,50.749762],[15.817065,50.754661],[15.816193,50.75532],[15.814301,50.755375],[15.810353,50.755003],[15.805893,50.753593],[15.799139,50.752479],[15.794908,50.752865],[15.791474,50.752653],[15.790022,50.748248],[15.788756,50.746748],[15.779219,50.742272],[15.775126,50.742419],[15.773245,50.742212],[15.769013,50.742928],[15.767204,50.743695],[15.761652,50.74385],[15.758769,50.743347],[15.749829,50.740402],[15.748385,50.74024],[15.743455,50.738228],[15.740838,50.736871],[15.739781,50.735942],[15.7375,50.736303],[15.734332,50.736174],[15.731552,50.737543],[15.728516,50.73939],[15.726237,50.739359],[15.723366,50.739787],[15.721469,50.73955],[15.717744,50.738589],[15.714676,50.737383],[15.711678,50.737771],[15.705706,50.737257],[15.695248,50.739939],[15.688642,50.742796],[15.68865,50.744476],[15.685224,50.750734],[15.683919,50.752613],[15.680272,50.754736],[15.675383,50.755698],[15.667689,50.756754],[15.661737,50.759287],[15.65929,50.759861],[15.656539,50.759907],[15.65192,50.759494],[15.648579,50.759521],[15.646739,50.760656],[15.641881,50.760735],[15.635534,50.762395],[15.630698,50.76341],[15.626125,50.764782],[15.62211,50.76519],[15.620607,50.766613],[15.618821,50.769503],[15.616429,50.77234],[15.61143,50.774121],[15.601763,50.776817],[15.597066,50.776974],[15.591125,50.776901],[15.588196,50.778195],[15.585407,50.77865],[15.581185,50.77848],[15.578751,50.778968],[15.572444,50.77742],[15.564017,50.776116],[15.558451,50.776846],[15.55429,50.778912],[15.545652,50.780455],[15.538986,50.780128],[15.535208,50.779366],[15.535064,50.778167],[15.535665,50.774618],[15.535446,50.763259],[15.536817,50.761409],[15.537924,50.759078],[15.539272,50.757508],[15.544971,50.75351],[15.548861,50.751948],[15.55514,50.75006],[15.55675,50.74925],[15.562463,50.747492],[15.565307,50.746146],[15.56711,50.744633],[15.569057,50.743937],[15.571952,50.740095],[15.57361,50.735902],[15.573394,50.734938],[15.571033,50.732379],[15.570167,50.730297],[15.567238,50.726207],[15.565574,50.724314],[15.562749,50.721669],[15.560639,50.719106],[15.559416,50.715625],[15.55856,50.712217],[15.560522,50.710931],[15.563818,50.709517],[15.56547,50.707996],[15.564929,50.698636],[15.565352,50.695052],[15.566456,50.694011],[15.564198,50.688713],[15.563196,50.687383],[15.56218,50.685003],[15.561531,50.682304],[15.562758,50.679703],[15.565119,50.680039],[15.568494,50.668168],[15.5711,50.660347],[15.575265,50.658539],[15.576742,50.65699],[15.578423,50.656371],[15.579174,50.654922],[15.583812,50.652636],[15.582961,50.651864],[15.577862,50.650099],[15.575224,50.64781],[15.572995,50.64638],[15.570426,50.643116],[15.56627,50.639662],[15.565075,50.637304],[15.567478,50.636586],[15.571083,50.634855],[15.573029,50.634395],[15.575708,50.633211],[15.579297,50.632461],[15.582404,50.631191],[15.583879,50.627624],[15.585555,50.62634],[15.587624,50.624207],[15.588518,50.622611],[15.587722,50.620918],[15.589662,50.619262],[15.591886,50.618768],[15.593904,50.617411],[15.601644,50.614416],[15.600779,50.613718],[15.598016,50.613054],[15.594625,50.611459],[15.593104,50.610068],[15.591913,50.608073],[15.58932,50.605621],[15.586574,50.604462],[15.585529,50.603645],[15.581124,50.599068],[15.581915,50.597949],[15.584341,50.596272],[15.58286,50.595516],[15.581258,50.591915],[15.579711,50.590469],[15.578666,50.588424],[15.575731,50.585446],[15.574271,50.583545],[15.572593,50.582588],[15.571141,50.581177],[15.574195,50.580077],[15.578165,50.578178],[15.581028,50.576008],[15.58563,50.575658],[15.585975,50.575266],[15.59123,50.574884],[15.594219,50.573974],[15.59149,50.571856],[15.588861,50.569029],[15.586089,50.567558],[15.588676,50.566087],[15.592986,50.564681],[15.598395,50.560492],[15.60041,50.55945],[15.601432,50.55948],[15.601361,50.557934],[15.599055,50.557967],[15.59757,50.558445],[15.596868,50.557639],[15.600557,50.557131],[15.60443,50.555898],[15.60354,50.552838],[15.605147,50.552403],[15.60559,50.550437],[15.609678,50.549585],[15.611452,50.548684],[15.612711,50.546766],[15.613277,50.544911],[15.61579,50.544009],[15.616589,50.541584],[15.61945,50.541854],[15.619885,50.540571],[15.62152,50.540534],[15.62169,50.539499],[15.623289,50.539359],[15.622897,50.538143],[15.625132,50.537942],[15.625238,50.536055],[15.626058,50.535131],[15.628137,50.535169],[15.62789,50.531229],[15.631288,50.525217],[15.632568,50.525359],[15.632233,50.522737],[15.628888,50.522841],[15.621298,50.522009],[15.615989,50.521631],[15.612785,50.521824],[15.60877,50.521591],[15.605932,50.521171],[15.603661,50.520367],[15.599023,50.52027],[15.598465,50.518789],[15.595856,50.517699],[15.595554,50.516248],[15.594472,50.515444],[15.592485,50.515899],[15.592893,50.516685],[15.590722,50.519088],[15.58624,50.518511],[15.584096,50.518017],[15.58641,50.515387],[15.586331,50.514334],[15.58487,50.514295],[15.5831,50.513603],[15.582776,50.515975],[15.581695,50.516605],[15.58026,50.51878],[15.58092,50.521322],[15.580569,50.522012],[15.581782,50.522936],[15.579513,50.523203],[15.578225,50.521493],[15.57694,50.520573],[15.572772,50.522398],[15.572848,50.52436],[15.570713,50.524231],[15.570863,50.526197],[15.567738,50.526285],[15.562635,50.526822],[15.561186,50.524074],[15.559674,50.522489],[15.553733,50.521909],[15.552411,50.521455],[15.551352,50.520405],[15.54947,50.520454],[15.546705,50.521009],[15.544864,50.518755],[15.543758,50.516883],[15.544552,50.515043],[15.539147,50.513686],[15.539505,50.514513],[15.536616,50.514611],[15.536421,50.513081],[15.531251,50.516482],[15.526578,50.515824],[15.523465,50.516573],[15.522153,50.517621],[15.5177,50.517019],[15.513577,50.517594],[15.514162,50.518462],[15.513575,50.520125],[15.510826,50.521609],[15.510268,50.523496],[15.508906,50.523658],[15.506447,50.525809],[15.505572,50.526062],[15.504957,50.527546],[15.503169,50.528304],[15.502838,50.529077],[15.500739,50.529074],[15.497988,50.531414],[15.495911,50.531968],[15.49509,50.532653],[15.494893,50.534576],[15.495698,50.535981],[15.49928,50.537232],[15.499788,50.538373],[15.498042,50.539247],[15.4983,50.541189],[15.495081,50.542421],[15.490792,50.543322],[15.486332,50.54501],[15.483833,50.546363],[15.47801,50.546958],[15.47671,50.545495],[15.47789,50.544272],[15.476824,50.543853],[15.47961,50.541882],[15.477907,50.540542],[15.479463,50.539017],[15.480107,50.537686],[15.479852,50.5354],[15.479217,50.534111],[15.4794,50.532647],[15.476098,50.532865],[15.474862,50.532084],[15.472724,50.533624],[15.470223,50.532918],[15.46605,50.535375],[15.465066,50.534849],[15.465468,50.533469],[15.466962,50.53217],[15.467107,50.531056],[15.465967,50.529341],[15.465807,50.527125],[15.464744,50.526057],[15.461487,50.525585],[15.459754,50.524859],[15.457369,50.524761],[15.455383,50.524161],[15.453315,50.52482],[15.450193,50.523118],[15.444253,50.523753],[15.441995,50.522452],[15.439267,50.523765],[15.436465,50.521728],[15.437727,50.520485],[15.438501,50.516948],[15.437213,50.516443],[15.437471,50.515579],[15.439584,50.513556],[15.440599,50.513053],[15.439326,50.511897],[15.440992,50.510753],[15.441088,50.508664],[15.441942,50.508368],[15.442762,50.506831],[15.442357,50.504889],[15.442559,50.503618],[15.447397,50.502258],[15.449078,50.502379],[15.450468,50.501849],[15.452399,50.502071],[15.453887,50.501236],[15.45244,50.49859],[15.450868,50.49639],[15.447401,50.496587],[15.444382,50.49597],[15.445664,50.494101],[15.446839,50.493547],[15.446231,50.492681],[15.442945,50.492565],[15.442042,50.49216],[15.44288,50.491006],[15.44303,50.489087],[15.442197,50.487818],[15.440592,50.486598],[15.437383,50.486424],[15.434291,50.488404],[15.433676,50.489932],[15.432173,50.491761],[15.430297,50.492272],[15.429087,50.491471],[15.426133,50.490634],[15.425026,50.489899],[15.423351,50.489622],[15.423445,50.488432],[15.425706,50.48724],[15.42785,50.485059],[15.427308,50.482057],[15.423702,50.482559],[15.42403,50.481559],[15.422888,50.481135],[15.421554,50.483035],[15.418499,50.484235],[15.417509,50.482341],[15.415218,50.482734],[15.41544,50.480786],[15.412006,50.481906],[15.407966,50.482118],[15.404318,50.481782],[15.402936,50.481127],[15.401765,50.479855],[15.395953,50.480472],[15.395702,50.481117],[15.392358,50.479827],[15.392256,50.48071],[15.390204,50.480821],[15.390974,50.482711],[15.390236,50.483014],[15.390066,50.4849],[15.387079,50.485133],[15.387062,50.486502],[15.388741,50.488121],[15.385357,50.488056],[15.382902,50.488818],[15.381794,50.48991],[15.380409,50.49015],[15.380439,50.491071],[15.385689,50.490508],[15.389783,50.489861],[15.390699,50.49037],[15.391629,50.491916],[15.386138,50.493172],[15.383859,50.494445],[15.383111,50.496057],[15.383095,50.497635],[15.385333,50.498848],[15.384211,50.50031],[15.383101,50.502869],[15.383189,50.504039],[15.384045,50.505097],[15.381188,50.507658],[15.379478,50.508586],[15.378666,50.507307],[15.377242,50.506513],[15.374602,50.505754],[15.371441,50.503815],[15.370872,50.50259],[15.371443,50.499948],[15.371332,50.496909],[15.370775,50.495744],[15.368021,50.494776],[15.364906,50.49656],[15.361572,50.497898],[15.360967,50.499962],[15.358933,50.50137],[15.347358,50.504274],[15.344529,50.503365],[15.3435,50.503985],[15.339513,50.507993],[15.338202,50.510671],[15.338776,50.512325],[15.336087,50.513256],[15.332629,50.513768],[15.329771,50.515263],[15.327777,50.515023],[15.327398,50.513182],[15.326411,50.512053],[15.324624,50.512635],[15.322458,50.512199],[15.322469,50.515093],[15.319356,50.515394],[15.318799,50.514322],[15.316205,50.513065],[15.317183,50.512224],[15.3153,50.511338],[15.314574,50.510505],[15.311907,50.511249],[15.31286,50.512401],[15.310589,50.513114],[15.31,50.512611],[15.307444,50.513844],[15.304191,50.513937],[15.299982,50.514534],[15.302849,50.517539],[15.301069,50.518251],[15.29474,50.519594],[15.291622,50.520964],[15.288818,50.522628],[15.288787,50.520867],[15.28552,50.522048],[15.284937,50.523717],[15.282082,50.524019],[15.281895,50.523009],[15.279146,50.523238],[15.274102,50.52308],[15.274424,50.520867],[15.269212,50.523391],[15.267868,50.525057],[15.266812,50.524692],[15.264975,50.525402],[15.266749,50.5216],[15.262992,50.521699],[15.26179,50.520342],[15.261116,50.518738],[15.261177,50.517541],[15.257724,50.518296],[15.256464,50.51776],[15.255704,50.516386],[15.253368,50.514933],[15.255055,50.514223],[15.25316,50.513036],[15.25217,50.513598],[15.249219,50.511573],[15.247109,50.511846],[15.245286,50.510357],[15.246174,50.509263],[15.245231,50.508326],[15.246645,50.506509],[15.244429,50.506337],[15.241273,50.506551],[15.238824,50.507596],[15.238143,50.506962],[15.242889,50.504485],[15.242229,50.50363],[15.243224,50.501711],[15.242454,50.498312],[15.238842,50.496151],[15.238706,50.49563],[15.234841,50.495013],[15.230478,50.495872],[15.229459,50.496524],[15.227686,50.495335],[15.222812,50.49434],[15.222199,50.495196],[15.219547,50.496255],[15.219484,50.497103],[15.216027,50.497541],[15.215041,50.498778],[15.212459,50.499353],[15.207941,50.500987],[15.205995,50.500805],[15.202242,50.502046],[15.201579,50.502639],[15.19722,50.503481],[15.195759,50.503315],[15.193061,50.504477],[15.191787,50.504125],[15.185815,50.506352],[15.185684,50.507536],[15.183821,50.507709],[15.183286,50.508949],[15.180511,50.510317],[15.17804,50.510558],[15.168541,50.51237],[15.166165,50.514473],[15.164361,50.51513],[15.162858,50.514548],[15.160448,50.515785],[15.160649,50.516324],[15.158591,50.517023],[15.15785,50.515845],[15.154844,50.515591],[15.154794,50.517101],[15.150547,50.517272],[15.14887,50.516756],[15.1474,50.517237],[15.148768,50.518273],[15.150316,50.518702],[15.149524,50.5211],[15.146928,50.522674],[15.145534,50.522525],[15.142954,50.519859],[15.140679,50.520931],[15.138976,50.519573],[15.140337,50.518364],[15.139288,50.516764],[15.136799,50.516672],[15.140936,50.513414],[15.139989,50.513161],[15.137514,50.513901],[15.136012,50.512841],[15.133188,50.513099],[15.129982,50.51247],[15.131479,50.510759],[15.127557,50.509766],[15.126847,50.508898],[15.122435,50.509778],[15.119102,50.509534],[15.11735,50.508243],[15.115114,50.507613],[15.113627,50.506544],[15.113475,50.503382],[15.114653,50.50243],[15.11632,50.498941],[15.117406,50.497581],[15.119179,50.496579],[15.12161,50.497531],[15.123692,50.496156],[15.128158,50.493705],[15.130733,50.492733],[15.131564,50.490951],[15.132995,50.490528],[15.134322,50.489501],[15.13392,50.488049],[15.136369,50.48458],[15.133826,50.483417],[15.131244,50.48107],[15.128813,50.480758],[15.127968,50.479976],[15.134317,50.479215],[15.135937,50.477798],[15.141357,50.476539],[15.144743,50.475049],[15.141968,50.470748],[15.137591,50.471353],[15.135478,50.472519],[15.134854,50.471567],[15.135348,50.47049],[15.136738,50.469884],[15.136011,50.468109],[15.137342,50.467249],[15.135736,50.466742],[15.136622,50.465699],[15.13921,50.465916],[15.139411,50.465317],[15.137426,50.464287],[15.136667,50.46342],[15.137834,50.462198],[15.136392,50.461152],[15.13656,50.459549],[15.135279,50.459441],[15.134945,50.457918],[15.136745,50.456957],[15.136072,50.45512],[15.134843,50.454778],[15.131487,50.452925],[15.129586,50.450523],[15.131126,50.449677],[15.134149,50.447318],[15.138813,50.449026],[15.139884,50.447821],[15.140176,50.446633],[15.142556,50.44736],[15.145422,50.447833],[15.146576,50.447047],[15.148711,50.446823],[15.14859,50.445902],[15.150373,50.443902],[15.14988,50.441739],[15.150964,50.440037],[15.15303,50.439354],[15.154777,50.438049],[15.153302,50.43595],[15.150814,50.435536],[15.149797,50.433883],[15.150099,50.430978],[15.154511,50.430443],[15.155542,50.429413],[15.15414,50.428553],[15.162302,50.427262],[15.159763,50.420102],[15.155081,50.407508],[15.152568,50.407902],[15.152217,50.4073],[15.153034,50.405959],[15.151362,50.404909],[15.149751,50.405399],[15.147782,50.407123],[15.145543,50.405126],[15.144025,50.404263],[15.140813,50.404774],[15.137141,50.404247],[15.136887,50.402872],[15.1372,50.400748],[15.138048,50.398355],[15.140466,50.398256],[15.14164,50.396504],[15.139152,50.395977],[15.13698,50.395912],[15.137661,50.394181],[15.140273,50.391054],[15.141682,50.390321],[15.143555,50.388649],[15.144064,50.387586],[15.141205,50.387542],[15.137371,50.387915],[15.136648,50.385825],[15.135208,50.386648],[15.134362,50.388001],[15.131708,50.388508],[15.130406,50.386424],[15.126745,50.387225],[15.124493,50.388],[15.123382,50.387043],[15.119172,50.38884],[15.117884,50.3889],[15.116221,50.385931],[15.114217,50.383963],[15.112965,50.382165],[15.111267,50.38234],[15.109265,50.380101],[15.109126,50.378618],[15.106817,50.378728],[15.105561,50.376956],[15.105615,50.375656],[15.106803,50.374555],[15.10782,50.374928],[15.112209,50.372294],[15.113453,50.370445],[15.115249,50.370195],[15.114956,50.369253],[15.117474,50.367727],[15.119252,50.365118],[15.121721,50.365566],[15.124869,50.365635],[15.127766,50.365205],[15.130084,50.363815],[15.130634,50.362891],[15.126658,50.363108],[15.126119,50.361227],[15.12393,50.360263],[15.123785,50.359562],[15.120572,50.359115],[15.121719,50.357441],[15.12202,50.354656],[15.126817,50.349321],[15.12865,50.34679],[15.129795,50.345777],[15.132533,50.345771],[15.134127,50.345055],[15.135564,50.345258],[15.135761,50.344155],[15.138014,50.343241],[15.13881,50.343487],[15.141891,50.342355],[15.142026,50.341946],[15.14506,50.340988],[15.152104,50.339373],[15.154055,50.339065],[15.156502,50.339748],[15.158202,50.340672],[15.158313,50.341929],[15.159263,50.343232],[15.160829,50.344354],[15.163831,50.344752],[15.164422,50.345773],[15.167446,50.346669],[15.169647,50.345408],[15.168872,50.343884],[15.175079,50.341598],[15.176003,50.341903],[15.179832,50.34062],[15.180568,50.341507],[15.184187,50.340684],[15.184718,50.34013],[15.187181,50.339556],[15.188705,50.339884],[15.188284,50.338247],[15.188803,50.336734],[15.187962,50.33535],[15.1866,50.334759],[15.182341,50.335365],[15.181909,50.333947],[15.182148,50.332339],[15.180829,50.328431],[15.18723,50.327304],[15.188206,50.328565],[15.191595,50.331064],[15.19295,50.331778],[15.195771,50.329873],[15.19413,50.328753],[15.194349,50.327668],[15.197446,50.327309],[15.199928,50.326514],[15.199037,50.325013],[15.204259,50.323338],[15.207493,50.322797],[15.210355,50.32106],[15.212012,50.321131],[15.213006,50.319579],[15.216262,50.31981],[15.217798,50.318076],[15.217169,50.316464],[15.217363,50.31499],[15.2165,50.314673],[15.214346,50.315764],[15.210669,50.314645],[15.209514,50.314577],[15.208123,50.313369],[15.206954,50.313499],[15.20545,50.311003],[15.20361,50.30898],[15.205013,50.308155],[15.209145,50.307446],[15.208636,50.305956],[15.209573,50.305149],[15.208702,50.303865],[15.209722,50.303026],[15.21015,50.30119],[15.208528,50.298841],[15.207217,50.298138],[15.206203,50.296889],[15.210268,50.295586],[15.216112,50.294423],[15.222948,50.291947],[15.229074,50.289009],[15.230579,50.290572],[15.233159,50.289562],[15.232914,50.288401],[15.231924,50.287439],[15.234266,50.286897],[15.23671,50.285907],[15.237909,50.28646],[15.23728,50.288018],[15.240211,50.287665],[15.241674,50.288215],[15.2399,50.289156],[15.240197,50.289851],[15.24277,50.290197],[15.246094,50.289609],[15.249607,50.28987],[15.250583,50.290662],[15.25381,50.290482],[15.254767,50.290808],[15.256237,50.293221],[15.258681,50.29381],[15.260311,50.293801],[15.262117,50.294426],[15.265236,50.294151],[15.267594,50.293396],[15.267868,50.29206],[15.270033,50.291815],[15.275787,50.290728],[15.277219,50.292501],[15.27862,50.29175],[15.280452,50.289947],[15.283492,50.28933],[15.28497,50.29103],[15.287146,50.290355],[15.290773,50.289823],[15.292055,50.288888],[15.293592,50.288565],[15.299915,50.285823],[15.304663,50.282294],[15.306833,50.28121],[15.308819,50.283296],[15.311142,50.283661],[15.313101,50.284598],[15.313865,50.285552],[15.316015,50.285392],[15.317049,50.287163],[15.318879,50.292141],[15.327922,50.291161],[15.329363,50.292658],[15.33172,50.292374],[15.333042,50.294172],[15.334662,50.295041],[15.337467,50.295201],[15.340613,50.294816],[15.342988,50.294007],[15.343632,50.296762],[15.354194,50.297966],[15.35709,50.293393],[15.355791,50.290439],[15.359288,50.290848],[15.359188,50.289917],[15.36364,50.289301],[15.364763,50.289811],[15.367152,50.289733],[15.369959,50.288689],[15.371233,50.287115],[15.370446,50.28616],[15.372053,50.285337],[15.373788,50.28585],[15.378073,50.284681],[15.378446,50.282699],[15.375021,50.279628],[15.378132,50.278052],[15.378116,50.276349],[15.378844,50.275727],[15.379616,50.273578],[15.376058,50.273659],[15.376091,50.272636],[15.377414,50.271803],[15.374917,50.270326],[15.378917,50.268724],[15.378606,50.265092],[15.377003,50.261859],[15.377161,50.261142],[15.38043,50.260337],[15.381481,50.259281],[15.381902,50.257371],[15.383769,50.255908],[15.384297,50.2549],[15.381024,50.252708],[15.381662,50.251692],[15.374045,50.250823],[15.371372,50.249722],[15.367196,50.2472],[15.371913,50.246602],[15.372988,50.24369],[15.372684,50.241909],[15.373967,50.239667],[15.374282,50.237018],[15.373902,50.235112],[15.375288,50.233749],[15.374583,50.231814],[15.373743,50.231667],[15.372615,50.228899],[15.370791,50.226685],[15.372422,50.226801],[15.375161,50.225669],[15.378666,50.224822],[15.380271,50.219025],[15.381441,50.219503],[15.382236,50.221497],[15.384453,50.221091],[15.383332,50.220172],[15.386696,50.219737],[15.39129,50.217799],[15.390908,50.213283],[15.393707,50.213388],[15.393966,50.212052],[15.395641,50.208597],[15.397301,50.206601],[15.392529,50.204009],[15.395972,50.20184],[15.396799,50.200461],[15.397442,50.197851],[15.392767,50.191871],[15.390431,50.192619],[15.388723,50.190346],[15.389468,50.189011],[15.389581,50.187284],[15.38893,50.185389],[15.388697,50.182978],[15.386196,50.18253],[15.384154,50.179668],[15.38053,50.178455],[15.378831,50.176602],[15.378954,50.174887],[15.376739,50.173508],[15.376435,50.172879],[15.373432,50.173967],[15.372814,50.173455],[15.370703,50.174551],[15.369013,50.173212],[15.370641,50.172385],[15.369151,50.17126],[15.369686,50.169717],[15.365473,50.171041],[15.365073,50.168882],[15.366414,50.166479],[15.361814,50.165584],[15.360909,50.166665],[15.35938,50.167245],[15.357376,50.167431],[15.357449,50.165912],[15.356039,50.166062],[15.356347,50.16322],[15.360734,50.162999],[15.362999,50.162652],[15.368429,50.160384],[15.372648,50.159682],[15.374952,50.158971],[15.37529,50.158048],[15.374005,50.155777],[15.360213,50.148204],[15.357723,50.147297],[15.349879,50.145821],[15.348542,50.145772],[15.348784,50.144637],[15.355142,50.144906],[15.366006,50.143807],[15.370426,50.144216],[15.372784,50.145185],[15.377591,50.14592],[15.381873,50.145555],[15.38393,50.144472],[15.388045,50.141225],[15.38963,50.140445],[15.390831,50.138037],[15.392063,50.138077],[15.396456,50.13683],[15.399563,50.135471],[15.401876,50.13577],[15.403271,50.134993],[15.404395,50.1352],[15.404781,50.137431],[15.40579,50.138591],[15.402704,50.140571],[15.403963,50.141005],[15.405349,50.140187],[15.409657,50.13901],[15.413165,50.138936],[15.413071,50.140429],[15.415396,50.140466],[15.41628,50.138828],[15.413606,50.136152],[15.416807,50.134875],[15.423201,50.130731],[15.427047,50.129188],[15.429716,50.128517],[15.435762,50.127737],[15.438625,50.126796],[15.440237,50.128595],[15.440526,50.126542],[15.445581,50.124779],[15.447404,50.12481],[15.446624,50.122649],[15.445739,50.121559],[15.442018,50.119382],[15.441917,50.118493],[15.439944,50.118717],[15.43895,50.1175],[15.436379,50.116363],[15.434898,50.115239],[15.437107,50.113745],[15.439036,50.112991],[15.438237,50.112052],[15.438399,50.110585],[15.43738,50.109887]]]},"properties":{"name":"Königgrätz (Hradec Králové)","code":"H","name_cz":"Královéhradecký kraj"}},
{"type":"Feature","geometry":{"type":"Polygon","coordinates":[[[16.580079,50.142417],[16.578296,50.141899],[16.574522,50.139877],[16.571819,50.141203],[16.569348,50.138652],[16.546612,50.147246],[16.545973,50.148077],[16.540107,50.150188],[16.536087,50.148554],[16.532513,50.148924],[16.530944,50.150537],[16.527061,50.15181],[16.524052,50.151296],[16.522622,50.15164],[16.520605,50.159601],[16.50571,50.164927],[16.504847,50.164024],[16.502439,50.163774],[16.501111,50.165816],[16.498278,50.165883],[16.496383,50.167554],[16.494225,50.167212],[16.490128,50.166978],[16.485437,50.165816],[16.478563,50.163387],[16.478807,50.162643],[16.477728,50.161346],[16.47886,50.160597],[16.478107,50.158312],[16.478983,50.156589],[16.478318,50.15611],[16.478855,50.153945],[16.477565,50.152958],[16.477498,50.1517],[16.478244,50.150842],[16.47757,50.149805],[16.478069,50.146068],[16.476951,50.145296],[16.476497,50.143878],[16.476645,50.142298],[16.47429,50.13861],[16.471932,50.136884],[16.467772,50.136302],[16.46554,50.134595],[16.462626,50.134491],[16.458702,50.132635],[16.456059,50.132439],[16.454362,50.131807],[16.4529,50.129117],[16.450863,50.128811],[16.449268,50.12813],[16.443311,50.128497],[16.440055,50.128164],[16.43608,50.128392],[16.435022,50.129242],[16.433941,50.127267],[16.43175,50.127461],[16.43121,50.125735],[16.42739,50.12514],[16.424797,50.126396],[16.422755,50.126139],[16.424234,50.125102],[16.427769,50.123491],[16.430465,50.123783],[16.431383,50.121782],[16.43025,50.120823],[16.425107,50.119177],[16.418861,50.122365],[16.416567,50.120506],[16.415381,50.11996],[16.413473,50.120776],[16.412237,50.119665],[16.41321,50.119096],[16.410743,50.117885],[16.407376,50.118028],[16.40767,50.116734],[16.409001,50.115221],[16.407647,50.114471],[16.40309,50.115542],[16.40141,50.116763],[16.398549,50.116489],[16.39688,50.116868],[16.393819,50.118127],[16.392956,50.115009],[16.392406,50.114114],[16.390099,50.111973],[16.385983,50.107632],[16.38279,50.105998],[16.378349,50.102921],[16.374228,50.100677],[16.371786,50.100545],[16.365355,50.10142],[16.359913,50.101451],[16.356116,50.101227],[16.351417,50.10047],[16.352843,50.097184],[16.350765,50.097072],[16.348361,50.095845],[16.346084,50.095568],[16.342579,50.09289],[16.340659,50.092367],[16.339384,50.091082],[16.338774,50.089578],[16.338922,50.087719],[16.339893,50.085758],[16.342239,50.084118],[16.3441,50.084882],[16.346345,50.082189],[16.34616,50.081595],[16.348732,50.079805],[16.353149,50.078253],[16.356281,50.078082],[16.356717,50.07726],[16.350844,50.075723],[16.346952,50.07441],[16.344143,50.071969],[16.340657,50.072367],[16.336379,50.070931],[16.334951,50.067872],[16.334106,50.066763],[16.33177,50.066523],[16.3304,50.068103],[16.329666,50.069591],[16.326646,50.070291],[16.324269,50.07009],[16.323212,50.069549],[16.325268,50.06826],[16.321415,50.06776],[16.316448,50.067948],[16.31624,50.065728],[16.318737,50.062659],[16.316589,50.061463],[16.316062,50.060676],[16.314026,50.061685],[16.312504,50.061948],[16.312117,50.060152],[16.313176,50.060114],[16.316389,50.058358],[16.316887,50.05731],[16.321022,50.057029],[16.322912,50.05502],[16.324549,50.054663],[16.324337,50.053732],[16.325367,50.052443],[16.327151,50.051171],[16.32802,50.05006],[16.330285,50.048593],[16.331454,50.046276],[16.331901,50.044538],[16.331581,50.043777],[16.33261,50.041354],[16.332661,50.040319],[16.330258,50.040134],[16.328197,50.041392],[16.320275,50.042887],[16.316752,50.043105],[16.314538,50.044418],[16.311627,50.043011],[16.310119,50.042921],[16.305238,50.04388],[16.301736,50.045311],[16.300812,50.046284],[16.301066,50.047122],[16.295344,50.048216],[16.293603,50.048974],[16.290889,50.04855],[16.289059,50.049919],[16.286197,50.050767],[16.283255,50.051137],[16.284226,50.049766],[16.282584,50.048116],[16.280208,50.048756],[16.279858,50.048031],[16.283116,50.046948],[16.282595,50.046012],[16.277099,50.047193],[16.277325,50.047822],[16.273152,50.048079],[16.272617,50.045677],[16.269693,50.045429],[16.26767,50.045695],[16.262491,50.045385],[16.259902,50.044396],[16.255829,50.043599],[16.25416,50.042982],[16.247705,50.042642],[16.247624,50.045605],[16.246705,50.047474],[16.245101,50.047415],[16.245523,50.048879],[16.246598,50.050423],[16.249062,50.051424],[16.251334,50.051914],[16.250838,50.053311],[16.247187,50.05527],[16.24607,50.05533],[16.244692,50.054348],[16.242279,50.055658],[16.240793,50.05456],[16.242609,50.053413],[16.243022,50.051852],[16.241453,50.05017],[16.240931,50.048777],[16.241276,50.047546],[16.236793,50.045919],[16.232663,50.044673],[16.230366,50.044328],[16.230041,50.042667],[16.227045,50.045227],[16.225507,50.045979],[16.219756,50.045369],[16.218214,50.044112],[16.214846,50.044942],[16.210471,50.044065],[16.206122,50.040049],[16.202304,50.040008],[16.198988,50.040937],[16.19796,50.040498],[16.197437,50.038484],[16.195132,50.038943],[16.194294,50.039885],[16.192491,50.043021],[16.191819,50.042908],[16.19054,50.04478],[16.189298,50.045604],[16.190279,50.046422],[16.189817,50.047921],[16.188308,50.047596],[16.186452,50.049227],[16.187134,50.050002],[16.183462,50.050938],[16.181069,50.051091],[16.181247,50.051749],[16.177957,50.055035],[16.175102,50.05942],[16.169715,50.059972],[16.167885,50.060627],[16.165198,50.059393],[16.163587,50.06136],[16.162104,50.061666],[16.157383,50.059704],[16.156115,50.060145],[16.154059,50.062248],[16.152878,50.062813],[16.15034,50.065105],[16.14925,50.066453],[16.146916,50.067526],[16.143271,50.065345],[16.144104,50.063933],[16.142459,50.062761],[16.139508,50.063675],[16.139115,50.062787],[16.128259,50.068612],[16.126688,50.070419],[16.123845,50.076619],[16.12275,50.078201],[16.120609,50.079811],[16.111745,50.084607],[16.10916,50.083592],[16.105063,50.084171],[16.102225,50.082745],[16.099256,50.08361],[16.093179,50.08369],[16.089954,50.08622],[16.087861,50.086659],[16.085578,50.086356],[16.081715,50.086538],[16.080004,50.085548],[16.078423,50.086058],[16.075074,50.086528],[16.07219,50.089621],[16.071243,50.092945],[16.071744,50.094128],[16.071033,50.09728],[16.070017,50.098798],[16.069638,50.100792],[16.068589,50.101661],[16.067341,50.10439],[16.066528,50.105386],[16.065488,50.107769],[16.063872,50.109607],[16.06341,50.112788],[16.060934,50.1123],[16.057068,50.11235],[16.055805,50.113015],[16.054197,50.113097],[16.052023,50.111872],[16.050365,50.112538],[16.022596,50.112576],[16.009619,50.112631],[16.009378,50.126335],[16.009308,50.13487],[16.009532,50.146041],[15.992188,50.146148],[15.992221,50.157355],[15.964412,50.157543],[15.960268,50.159671],[15.957093,50.160946],[15.955156,50.161383],[15.95416,50.161077],[15.954046,50.159861],[15.952068,50.159725],[15.950269,50.16018],[15.950905,50.161948],[15.949987,50.163693],[15.946581,50.163306],[15.945054,50.16222],[15.94121,50.160195],[15.927227,50.167882],[15.92227,50.170091],[15.917049,50.170691],[15.917331,50.167286],[15.91806,50.166486],[15.918097,50.164536],[15.916587,50.163679],[15.913148,50.163132],[15.909546,50.163341],[15.904098,50.163342],[15.902842,50.162964],[15.899115,50.162722],[15.897082,50.162225],[15.894186,50.163095],[15.887796,50.162462],[15.887302,50.147146],[15.852592,50.147652],[15.852254,50.139743],[15.845495,50.137465],[15.841461,50.136564],[15.839955,50.135997],[15.841287,50.134465],[15.8413,50.132623],[15.837288,50.131891],[15.834506,50.131729],[15.834319,50.13498],[15.818259,50.135935],[15.81742,50.136228],[15.814616,50.136033],[15.815063,50.137837],[15.813968,50.138727],[15.812175,50.139177],[15.810277,50.140282],[15.807296,50.14047],[15.805319,50.139948],[15.804304,50.140518],[15.804768,50.142824],[15.802865,50.145327],[15.803152,50.147113],[15.804471,50.148828],[15.804552,50.152674],[15.806561,50.156119],[15.80944,50.159987],[15.807285,50.160537],[15.800318,50.162806],[15.802288,50.163532],[15.803334,50.166688],[15.804322,50.168042],[15.800762,50.167674],[15.793034,50.167874],[15.78811,50.168716],[15.784314,50.170543],[15.78178,50.173694],[15.780333,50.174558],[15.776213,50.175659],[15.772363,50.173969],[15.77115,50.172993],[15.766666,50.167382],[15.760731,50.168228],[15.756178,50.168525],[15.754391,50.163878],[15.745913,50.164509],[15.746605,50.162599],[15.743265,50.163172],[15.742878,50.161309],[15.740397,50.1611],[15.739527,50.154627],[15.740838,50.154763],[15.743937,50.154275],[15.742629,50.150732],[15.740505,50.144147],[15.738886,50.143407],[15.738922,50.141638],[15.735314,50.141505],[15.731402,50.141598],[15.728329,50.13768],[15.726757,50.13735],[15.726439,50.13536],[15.725173,50.134899],[15.724986,50.13671],[15.720139,50.138096],[15.719666,50.137325],[15.716389,50.138522],[15.713807,50.138857],[15.705961,50.137759],[15.705367,50.13897],[15.703981,50.138829],[15.704166,50.136993],[15.700159,50.137499],[15.699028,50.13698],[15.695293,50.132018],[15.692165,50.132398],[15.691936,50.130165],[15.693287,50.129501],[15.693254,50.128205],[15.690631,50.12769],[15.689708,50.125706],[15.688324,50.12573],[15.686735,50.127191],[15.684932,50.128254],[15.6795,50.128524],[15.678512,50.12588],[15.675191,50.127086],[15.675766,50.128723],[15.67377,50.128953],[15.672698,50.129955],[15.670533,50.129691],[15.667053,50.129698],[15.666552,50.130235],[15.667113,50.132808],[15.657922,50.134726],[15.657094,50.136366],[15.652409,50.137034],[15.651814,50.138721],[15.648449,50.140467],[15.648084,50.139156],[15.646634,50.13756],[15.647142,50.13649],[15.646156,50.134597],[15.647195,50.134434],[15.646285,50.132811],[15.642137,50.134768],[15.641225,50.133258],[15.638924,50.133927],[15.636893,50.134901],[15.63626,50.133286],[15.634395,50.133618],[15.634148,50.134881],[15.631843,50.135545],[15.633119,50.137],[15.630958,50.137589],[15.627368,50.137191],[15.626985,50.137756],[15.622338,50.137065],[15.622103,50.137833],[15.618994,50.138109],[15.615204,50.136387],[15.613368,50.136934],[15.61048,50.13612],[15.607902,50.138459],[15.605626,50.13807],[15.603275,50.138209],[15.60158,50.138904],[15.600074,50.137756],[15.599403,50.139989],[15.595985,50.138936],[15.597551,50.137005],[15.598287,50.134505],[15.60093,50.134566],[15.603235,50.13389],[15.602952,50.133267],[15.597772,50.133448],[15.59563,50.13417],[15.593993,50.136336],[15.590781,50.135347],[15.592122,50.134511],[15.590212,50.133904],[15.586396,50.133348],[15.585536,50.133686],[15.586341,50.135728],[15.58405,50.13702],[15.580588,50.136692],[15.580701,50.14753],[15.578278,50.147586],[15.570483,50.150096],[15.568668,50.149814],[15.566463,50.150004],[15.566437,50.148537],[15.567164,50.147509],[15.565352,50.146135],[15.567211,50.145617],[15.569461,50.144477],[15.570375,50.142695],[15.566749,50.141929],[15.565156,50.142211],[15.561435,50.143587],[15.561201,50.142418],[15.559762,50.140925],[15.557367,50.139747],[15.559204,50.138059],[15.553495,50.137022],[15.553658,50.136489],[15.55089,50.134701],[15.547711,50.136735],[15.54734,50.139659],[15.545526,50.138499],[15.543689,50.140119],[15.542289,50.140774],[15.539271,50.141017],[15.536962,50.140676],[15.53559,50.139685],[15.533734,50.140177],[15.531268,50.138737],[15.531598,50.138039],[15.524221,50.135307],[15.521294,50.134907],[15.519352,50.129294],[15.519465,50.123298],[15.522093,50.123063],[15.524863,50.119434],[15.524473,50.118396],[15.522752,50.117543],[15.522236,50.116643],[15.519065,50.11868],[15.515202,50.120729],[15.513642,50.118138],[15.512124,50.116375],[15.508827,50.114818],[15.508152,50.113776],[15.489047,50.114415],[15.48873,50.110465],[15.493138,50.110891],[15.495799,50.110404],[15.490326,50.10849],[15.488423,50.109361],[15.484769,50.109898],[15.484007,50.108026],[15.483019,50.107066],[15.479342,50.106498],[15.478015,50.104835],[15.475018,50.105017],[15.473182,50.103032],[15.47256,50.100625],[15.469798,50.099558],[15.466565,50.099118],[15.460377,50.097719],[15.452136,50.095306],[15.445332,50.10228],[15.43895,50.109215],[15.43738,50.109887],[15.433749,50.111033],[15.432926,50.110453],[15.433107,50.109],[15.43257,50.107968],[15.434108,50.106716],[15.434308,50.103258],[15.436626,50.102276],[15.434003,50.101887],[15.428989,50.100085],[15.425487,50.099209],[15.425211,50.100101],[15.422951,50.10139],[15.421013,50.101629],[15.420439,50.104362],[15.419063,50.106286],[15.415843,50.107471],[15.413927,50.107697],[15.407849,50.105331],[15.399119,50.0955],[15.401559,50.095903],[15.403356,50.094239],[15.405557,50.093695],[15.407408,50.093684],[15.409469,50.092979],[15.407517,50.091935],[15.40985,50.090624],[15.411913,50.091478],[15.412699,50.09265],[15.414703,50.094029],[15.416139,50.093652],[15.419628,50.091664],[15.421696,50.089732],[15.423677,50.088381],[15.423559,50.087859],[15.420378,50.087182],[15.41601,50.089097],[15.414346,50.087221],[15.412923,50.087793],[15.411085,50.087121],[15.408893,50.085456],[15.40529,50.08709],[15.404253,50.086042],[15.406654,50.083755],[15.405492,50.083081],[15.406094,50.08136],[15.407945,50.079269],[15.410573,50.077646],[15.412339,50.076087],[15.413474,50.074466],[15.412777,50.071235],[15.413524,50.067644],[15.412753,50.06664],[15.413676,50.065807],[15.412582,50.063055],[15.410373,50.063261],[15.406928,50.062796],[15.405881,50.062361],[15.40217,50.062535],[15.399987,50.061719],[15.396999,50.061365],[15.39472,50.060662],[15.394233,50.059779],[15.392468,50.059105],[15.389832,50.059663],[15.386944,50.061015],[15.383596,50.060548],[15.38056,50.06054],[15.380755,50.057663],[15.376832,50.05748],[15.375338,50.055737],[15.379014,50.05476],[15.379401,50.053852],[15.382955,50.052485],[15.383321,50.051966],[15.385742,50.052401],[15.389642,50.052281],[15.391413,50.051895],[15.392413,50.050919],[15.394036,50.050443],[15.396237,50.048615],[15.4003,50.050134],[15.402574,50.050692],[15.403535,50.049605],[15.401403,50.048369],[15.402542,50.047484],[15.402595,50.046541],[15.401242,50.046236],[15.395879,50.046056],[15.393268,50.046136],[15.391492,50.047892],[15.389616,50.04752],[15.389296,50.046737],[15.390122,50.045555],[15.39216,50.044204],[15.389348,50.044463],[15.387403,50.04675],[15.385653,50.047256],[15.382357,50.047395],[15.378725,50.04728],[15.376262,50.046828],[15.373884,50.043732],[15.371891,50.042773],[15.369132,50.042404],[15.365889,50.042326],[15.362811,50.041087],[15.364831,50.040398],[15.366499,50.039212],[15.369589,50.034639],[15.373463,50.034786],[15.372989,50.032788],[15.374343,50.029494],[15.377002,50.028147],[15.379076,50.026024],[15.382142,50.024815],[15.383268,50.02666],[15.385518,50.025289],[15.385031,50.024335],[15.387619,50.023427],[15.389614,50.022259],[15.39233,50.022216],[15.393234,50.020658],[15.397838,50.019773],[15.402286,50.019577],[15.402278,50.018334],[15.40519,50.018768],[15.407646,50.020289],[15.407384,50.021735],[15.414348,50.021837],[15.417732,50.02085],[15.41728,50.018935],[15.415037,50.019839],[15.415053,50.020638],[15.412471,50.02075],[15.412843,50.019202],[15.417111,50.018888],[15.420821,50.016747],[15.423433,50.017481],[15.425757,50.017711],[15.428163,50.016943],[15.430906,50.016753],[15.431378,50.016048],[15.425954,50.012382],[15.425276,50.011505],[15.420795,50.012808],[15.420077,50.011763],[15.421808,50.010809],[15.42409,50.01035],[15.424069,50.009759],[15.429458,50.008234],[15.430829,50.010092],[15.431912,50.010646],[15.434759,50.01043],[15.437155,50.009842],[15.437805,50.008977],[15.441295,50.007029],[15.443377,50.007189],[15.445416,50.005225],[15.44714,50.00704],[15.450061,50.007503],[15.451092,50.008063],[15.453131,50.010408],[15.455025,50.010973],[15.456254,50.010292],[15.457701,50.010624],[15.46027,50.010181],[15.458423,50.008709],[15.459257,50.007887],[15.461417,50.007034],[15.45957,50.005715],[15.458609,50.00575],[15.456582,50.00368],[15.454354,50.003629],[15.454945,50.001986],[15.456844,50.001362],[15.455914,50.000722],[15.458894,49.998639],[15.459356,49.997478],[15.463902,49.998842],[15.465502,49.999055],[15.464146,50.000551],[15.465281,50.001816],[15.466788,50.004598],[15.467679,50.007326],[15.468823,50.006925],[15.470938,50.004761],[15.470651,50.003395],[15.471597,50.002516],[15.473776,50.003445],[15.475058,50.001694],[15.472848,49.999701],[15.472038,49.997563],[15.472047,49.996436],[15.47297,49.99479],[15.474017,49.994298],[15.468178,49.990761],[15.464947,49.989178],[15.463595,49.989178],[15.460969,49.987326],[15.465687,49.984127],[15.469438,49.982129],[15.472281,49.9819],[15.474433,49.981194],[15.475146,49.980391],[15.479571,49.978567],[15.48368,49.976398],[15.488917,49.974203],[15.493234,49.97202],[15.494944,49.971829],[15.496787,49.970295],[15.500586,49.968818],[15.501306,49.96819],[15.504928,49.966997],[15.505845,49.96951],[15.507783,49.969313],[15.509676,49.969968],[15.511631,49.96908],[15.513049,49.967892],[15.515365,49.967165],[15.516727,49.96806],[15.518286,49.966847],[15.520107,49.966547],[15.52001,49.965257],[15.518137,49.963313],[15.520061,49.962974],[15.521484,49.963331],[15.52219,49.962521],[15.524663,49.96263],[15.526632,49.964234],[15.529053,49.963421],[15.53153,49.961685],[15.531696,49.960919],[15.533295,49.959111],[15.53334,49.958432],[15.527834,49.955225],[15.531885,49.952589],[15.53284,49.952249],[15.530355,49.9506],[15.52856,49.94977],[15.53086,49.947716],[15.528364,49.94703],[15.527536,49.94804],[15.521099,49.945798],[15.516414,49.942298],[15.516105,49.941155],[15.519542,49.938767],[15.522183,49.936372],[15.523251,49.934345],[15.525635,49.932942],[15.529475,49.930308],[15.533738,49.929788],[15.532004,49.928173],[15.535457,49.927406],[15.533549,49.925743],[15.531904,49.923511],[15.530264,49.922804],[15.525887,49.923323],[15.528011,49.92136],[15.524733,49.918097],[15.526139,49.915973],[15.522904,49.91612],[15.522911,49.914132],[15.521698,49.913068],[15.518263,49.911491],[15.519566,49.911048],[15.515847,49.904239],[15.520548,49.901934],[15.516406,49.899341],[15.512995,49.898554],[15.506747,49.89834],[15.49872,49.897529],[15.497663,49.8979],[15.49721,49.89619],[15.498824,49.893936],[15.500803,49.89379],[15.499938,49.891318],[15.50054,49.890153],[15.501964,49.89055],[15.503437,49.889004],[15.504108,49.885187],[15.505238,49.88315],[15.503724,49.882885],[15.502348,49.88203],[15.502218,49.880199],[15.501356,49.878781],[15.504108,49.877478],[15.5047,49.87446],[15.50361,49.873883],[15.503139,49.871552],[15.501415,49.873009],[15.500169,49.874626],[15.498696,49.874307],[15.498122,49.872892],[15.498737,49.872139],[15.496713,49.87066],[15.495759,49.870409],[15.500087,49.867021],[15.500824,49.865375],[15.499854,49.86234],[15.498345,49.861199],[15.4971,49.861104],[15.499949,49.858869],[15.501826,49.85805],[15.507589,49.856834],[15.508789,49.855944],[15.509161,49.8547],[15.511361,49.853621],[15.514513,49.852789],[15.518974,49.852997],[15.521177,49.852399],[15.524361,49.84965],[15.525147,49.847918],[15.526639,49.846019],[15.528278,49.845789],[15.530225,49.84296],[15.531954,49.843303],[15.533746,49.842448],[15.537055,49.840338],[15.540172,49.840781],[15.542267,49.840455],[15.543358,49.840747],[15.545786,49.840437],[15.54782,49.838602],[15.547111,49.83736],[15.550807,49.835762],[15.553016,49.834283],[15.552971,49.833672],[15.556338,49.8332],[15.557277,49.832073],[15.560734,49.833018],[15.562546,49.830783],[15.563834,49.830654],[15.564134,49.829243],[15.56731,49.827976],[15.568456,49.827131],[15.572636,49.826949],[15.573706,49.827932],[15.573349,49.829667],[15.575887,49.828221],[15.576158,49.827109],[15.573617,49.825063],[15.574465,49.823463],[15.576836,49.822033],[15.576616,49.820527],[15.579228,49.819027],[15.582142,49.818476],[15.582667,49.819918],[15.58761,49.817383],[15.589358,49.817682],[15.590566,49.818586],[15.591473,49.817679],[15.590932,49.815693],[15.593347,49.813572],[15.589775,49.810925],[15.591568,49.809718],[15.593018,49.809849],[15.594387,49.811349],[15.595365,49.810476],[15.596757,49.811498],[15.598571,49.811063],[15.600446,49.810015],[15.602102,49.809991],[15.603202,49.811454],[15.60499,49.811227],[15.608678,49.809561],[15.611253,49.80889],[15.614997,49.809397],[15.614785,49.810697],[15.618498,49.810851],[15.619452,49.80966],[15.6229,49.810823],[15.623627,49.811499],[15.627246,49.812724],[15.628648,49.812468],[15.632129,49.812823],[15.630648,49.814408],[15.63289,49.814606],[15.634707,49.815282],[15.63741,49.815228],[15.639245,49.815787],[15.639672,49.814772],[15.637185,49.812586],[15.63871,49.809422],[15.639462,49.808957],[15.639908,49.807142],[15.641151,49.805916],[15.642622,49.806308],[15.643492,49.807539],[15.644806,49.807918],[15.647998,49.806731],[15.649331,49.80673],[15.652047,49.80749],[15.653517,49.80699],[15.656209,49.807566],[15.658323,49.809599],[15.659093,49.811948],[15.659209,49.814289],[15.662143,49.81682],[15.665192,49.815277],[15.667194,49.811841],[15.668366,49.810902],[15.670254,49.811314],[15.672666,49.81125],[15.673146,49.809896],[15.675794,49.809481],[15.677502,49.809844],[15.678689,49.810694],[15.682624,49.811673],[15.685658,49.810828],[15.688348,49.809261],[15.689017,49.808451],[15.685013,49.808071],[15.683511,49.80682],[15.683852,49.804577],[15.686191,49.802776],[15.689722,49.801289],[15.691033,49.802253],[15.691873,49.804149],[15.693678,49.805188],[15.695258,49.804757],[15.695019,49.803081],[15.697492,49.80183],[15.697409,49.800442],[15.701268,49.799449],[15.703761,49.799555],[15.705458,49.802886],[15.708475,49.804237],[15.709727,49.803477],[15.708151,49.802105],[15.708657,49.800572],[15.711822,49.800298],[15.712675,49.798263],[15.713033,49.79594],[15.712231,49.794712],[15.712987,49.794113],[15.715418,49.79406],[15.716851,49.794986],[15.717204,49.793274],[15.718639,49.793563],[15.718545,49.791058],[15.716849,49.791207],[15.716639,49.790014],[15.719804,49.790459],[15.71877,49.788973],[15.722271,49.788027],[15.724655,49.789532],[15.728534,49.788288],[15.728729,49.786494],[15.73033,49.784149],[15.728739,49.782707],[15.734829,49.781839],[15.73671,49.781231],[15.738362,49.779307],[15.740056,49.77957],[15.741659,49.781063],[15.746489,49.781187],[15.748037,49.781486],[15.750871,49.782595],[15.755258,49.782867],[15.756527,49.781285],[15.758719,49.77975],[15.761849,49.778993],[15.763376,49.778164],[15.765529,49.777793],[15.769049,49.778997],[15.770715,49.778331],[15.774449,49.777754],[15.775199,49.779497],[15.777441,49.781494],[15.780716,49.780715],[15.782207,49.779938],[15.781173,49.778828],[15.781632,49.77752],[15.781299,49.776242],[15.779178,49.775239],[15.778484,49.774349],[15.777166,49.770512],[15.775398,49.769307],[15.773737,49.765858],[15.772816,49.765047],[15.773553,49.763365],[15.775624,49.763417],[15.774983,49.761542],[15.77367,49.759416],[15.773717,49.758192],[15.775035,49.755668],[15.778647,49.755798],[15.779852,49.755534],[15.786076,49.756324],[15.78761,49.758096],[15.790474,49.75667],[15.791641,49.757341],[15.791409,49.758394],[15.792071,49.759492],[15.793554,49.759782],[15.795132,49.758913],[15.797144,49.759656],[15.798258,49.758396],[15.801827,49.757051],[15.803745,49.758199],[15.804777,49.758031],[15.80621,49.758929],[15.808011,49.758378],[15.809257,49.756481],[15.809291,49.755275],[15.812215,49.754884],[15.814541,49.755134],[15.816355,49.753592],[15.818526,49.754139],[15.819082,49.75266],[15.821684,49.753182],[15.823123,49.752927],[15.823699,49.752011],[15.82409,49.749874],[15.82751,49.744336],[15.831518,49.741736],[15.832884,49.74109],[15.837868,49.740463],[15.8414,49.740289],[15.844881,49.740832],[15.846057,49.740596],[15.849173,49.73878],[15.851094,49.736586],[15.851843,49.737642],[15.855881,49.739075],[15.85997,49.74117],[15.86294,49.743267],[15.863663,49.742976],[15.865573,49.740798],[15.865352,49.738265],[15.864852,49.737091],[15.865975,49.734613],[15.864679,49.731828],[15.860635,49.731429],[15.857833,49.729529],[15.856899,49.726595],[15.854234,49.723988],[15.851295,49.721465],[15.850265,49.720904],[15.848656,49.718588],[15.85193,49.716567],[15.853493,49.716372],[15.854552,49.715467],[15.853568,49.713501],[15.856849,49.713743],[15.857118,49.71304],[15.85609,49.71111],[15.856401,49.710306],[15.858481,49.709013],[15.860156,49.708512],[15.862451,49.706379],[15.864587,49.704994],[15.867629,49.703862],[15.870096,49.70261],[15.877819,49.703585],[15.880603,49.703648],[15.884404,49.702863],[15.887561,49.701312],[15.890643,49.700745],[15.893726,49.699022],[15.895552,49.697455],[15.900431,49.698508],[15.902547,49.698656],[15.905402,49.698386],[15.903548,49.697047],[15.903178,49.696131],[15.908658,49.693726],[15.909706,49.692646],[15.912447,49.690915],[15.912571,49.689638],[15.914544,49.687514],[15.916346,49.686055],[15.92015,49.68512],[15.924996,49.685946],[15.92762,49.687796],[15.930387,49.688611],[15.935718,49.688634],[15.93865,49.688285],[15.941799,49.686591],[15.945259,49.686962],[15.947143,49.686106],[15.949501,49.686093],[15.950848,49.689365],[15.955936,49.689875],[15.958102,49.690404],[15.959855,49.691295],[15.956599,49.694927],[15.95648,49.696248],[15.955066,49.699921],[15.953753,49.701952],[15.955685,49.701978],[15.95707,49.702765],[15.961158,49.701269],[15.966973,49.700556],[15.969206,49.700745],[15.968689,49.702039],[15.97284,49.703494],[15.970679,49.707121],[15.970065,49.71011],[15.970992,49.714602],[15.972214,49.717405],[15.972296,49.719518],[15.976614,49.722297],[15.982609,49.727965],[15.984425,49.728421],[15.986852,49.727718],[15.98948,49.729158],[15.99219,49.730238],[15.994512,49.732387],[15.996631,49.733416],[15.994536,49.735488],[15.994924,49.736851],[15.996142,49.738214],[16.000289,49.73849],[16.002222,49.7393],[16.005118,49.736546],[16.009571,49.737958],[16.009412,49.736941],[16.010032,49.735265],[16.005837,49.734972],[16.005997,49.734198],[16.008359,49.731607],[16.009985,49.731731],[16.009798,49.730124],[16.008147,49.728411],[16.00832,49.726251],[16.009488,49.725399],[16.009033,49.723695],[16.011072,49.722878],[16.016221,49.71899],[16.020705,49.716751],[16.024571,49.716057],[16.02567,49.716085],[16.030358,49.717058],[16.03413,49.717215],[16.034491,49.715958],[16.036371,49.714947],[16.044707,49.713334],[16.047483,49.711442],[16.049451,49.711355],[16.049872,49.713112],[16.052281,49.715272],[16.052899,49.716383],[16.056958,49.714985],[16.058913,49.715689],[16.061868,49.715099],[16.063583,49.714162],[16.067391,49.713437],[16.068997,49.712537],[16.06994,49.71346],[16.07524,49.711804],[16.080903,49.708934],[16.082227,49.707495],[16.082644,49.704958],[16.084058,49.704623],[16.085858,49.703371],[16.088338,49.702345],[16.089451,49.701357],[16.090297,49.699644],[16.09027,49.697679],[16.088543,49.696025],[16.089846,49.694974],[16.092803,49.694597],[16.094341,49.69292],[16.096543,49.691297],[16.095239,49.689462],[16.096247,49.687435],[16.09851,49.685371],[16.100531,49.684845],[16.101405,49.683946],[16.103275,49.683298],[16.103926,49.684232],[16.105594,49.685185],[16.108805,49.685096],[16.108656,49.686309],[16.10962,49.687227],[16.112715,49.686193],[16.113623,49.686743],[16.113627,49.687998],[16.11584,49.688244],[16.121303,49.687545],[16.123157,49.687785],[16.12512,49.686811],[16.127325,49.686626],[16.129484,49.688635],[16.133273,49.689169],[16.135621,49.69045],[16.13817,49.691173],[16.139895,49.691265],[16.139799,49.689665],[16.143087,49.68873],[16.144782,49.687715],[16.144904,49.686501],[16.146295,49.685935],[16.148611,49.685837],[16.150982,49.681987],[16.149494,49.679766],[16.15088,49.678206],[16.152532,49.678207],[16.156255,49.680127],[16.160552,49.681565],[16.164447,49.680761],[16.166344,49.681514],[16.168521,49.681909],[16.170418,49.681263],[16.173831,49.678925],[16.176711,49.678056],[16.177148,49.677002],[16.179067,49.675466],[16.181729,49.675067],[16.182818,49.674301],[16.18421,49.674506],[16.186562,49.673597],[16.187737,49.674387],[16.188843,49.677537],[16.19367,49.678349],[16.195347,49.676993],[16.194957,49.676068],[16.199387,49.671419],[16.200408,49.67149],[16.203638,49.670664],[16.204552,49.669533],[16.205699,49.666202],[16.207406,49.666209],[16.210247,49.666812],[16.212391,49.666289],[16.215568,49.666322],[16.217827,49.666902],[16.220605,49.666788],[16.222284,49.66613],[16.225377,49.66373],[16.229786,49.663399],[16.23206,49.662277],[16.235871,49.662056],[16.239046,49.661246],[16.244779,49.6588],[16.248897,49.655062],[16.252506,49.650679],[16.254482,49.647769],[16.256987,49.645487],[16.260171,49.643648],[16.266256,49.6406],[16.268955,49.639905],[16.274809,49.640129],[16.273387,49.636981],[16.271761,49.635539],[16.270981,49.632485],[16.269813,49.629692],[16.271606,49.629737],[16.273163,49.628648],[16.282521,49.626239],[16.283506,49.626494],[16.284953,49.624494],[16.285278,49.623358],[16.288036,49.621131],[16.287129,49.619904],[16.290326,49.619155],[16.290998,49.619965],[16.293257,49.619779],[16.293662,49.619185],[16.296443,49.618044],[16.297862,49.619718],[16.300528,49.621076],[16.302178,49.623713],[16.306717,49.621231],[16.309303,49.619594],[16.311451,49.618848],[16.313418,49.618616],[16.316008,49.61991],[16.316918,49.618367],[16.320678,49.616886],[16.32151,49.616285],[16.324552,49.615354],[16.328674,49.614862],[16.337418,49.614945],[16.343046,49.613534],[16.345909,49.61312],[16.348134,49.61314],[16.348689,49.610618],[16.349795,49.608201],[16.354359,49.603821],[16.356641,49.602299],[16.359086,49.601251],[16.362713,49.601081],[16.365012,49.601787],[16.36962,49.602517],[16.37209,49.600366],[16.374492,49.598691],[16.376439,49.595158],[16.375892,49.593356],[16.377023,49.592524],[16.376732,49.591656],[16.377513,49.590686],[16.379368,49.589727],[16.381193,49.588148],[16.382902,49.588054],[16.383393,49.587055],[16.385325,49.585869],[16.386767,49.585553],[16.387825,49.583851],[16.390622,49.580831],[16.392036,49.58012],[16.394432,49.580035],[16.395927,49.578977],[16.398717,49.575074],[16.402952,49.573496],[16.403652,49.572819],[16.406368,49.572179],[16.406475,49.573018],[16.40468,49.57597],[16.405164,49.577346],[16.407854,49.578479],[16.409229,49.58028],[16.411611,49.580987],[16.413842,49.582788],[16.415861,49.583439],[16.419064,49.583903],[16.420197,49.585164],[16.4204,49.58624],[16.418413,49.587578],[16.417711,49.589224],[16.415949,49.590044],[16.415563,49.593157],[16.417079,49.594899],[16.41922,49.595],[16.424235,49.59476],[16.425533,49.593188],[16.426616,49.592906],[16.427679,49.593825],[16.429584,49.59446],[16.432597,49.594287],[16.433563,49.595609],[16.433933,49.597681],[16.435687,49.59856],[16.437572,49.597155],[16.440469,49.597518],[16.441659,49.598924],[16.444437,49.597865],[16.450587,49.596869],[16.448833,49.595791],[16.447306,49.593423],[16.445753,49.591575],[16.446513,49.589514],[16.445706,49.588619],[16.445991,49.587707],[16.455675,49.590338],[16.45887,49.589917],[16.461825,49.591302],[16.462294,49.592374],[16.463518,49.592988],[16.464627,49.592073],[16.466014,49.591857],[16.469374,49.592985],[16.470775,49.591163],[16.472617,49.591564],[16.477426,49.595117],[16.484265,49.598908],[16.487338,49.599969],[16.492325,49.599455],[16.499434,49.592764],[16.500653,49.592023],[16.506281,49.590696],[16.508711,49.591991],[16.509483,49.591332],[16.512645,49.590231],[16.515473,49.590308],[16.516769,49.592136],[16.519894,49.591812],[16.523207,49.591016],[16.525854,49.590696],[16.529614,49.590591],[16.532719,49.591093],[16.535119,49.591118],[16.537184,49.593147],[16.539811,49.589653],[16.541211,49.591484],[16.543341,49.592605],[16.541338,49.593523],[16.540252,49.595387],[16.541693,49.596099],[16.539908,49.598341],[16.544386,49.599909],[16.543699,49.601861],[16.54452,49.606189],[16.543506,49.607298],[16.543444,49.608346],[16.546593,49.60823],[16.546285,49.609166],[16.547603,49.610613],[16.546604,49.612282],[16.548683,49.613644],[16.546379,49.616624],[16.548017,49.618214],[16.546666,49.621635],[16.548956,49.622572],[16.549385,49.625405],[16.5484,49.628264],[16.550471,49.628431],[16.551502,49.629386],[16.553959,49.629355],[16.555433,49.630833],[16.559745,49.629893],[16.561901,49.628931],[16.564105,49.626471],[16.566895,49.626738],[16.567262,49.627524],[16.56989,49.628155],[16.57241,49.630242],[16.574053,49.630504],[16.57474,49.629537],[16.574938,49.627372],[16.583493,49.624172],[16.585151,49.624004],[16.586174,49.622804],[16.589285,49.624686],[16.59075,49.626164],[16.593039,49.625554],[16.595781,49.623431],[16.599701,49.623243],[16.603117,49.622134],[16.603605,49.621321],[16.605487,49.622168],[16.607087,49.622249],[16.610308,49.623362],[16.614184,49.623529],[16.613736,49.624139],[16.618297,49.626164],[16.617686,49.627276],[16.620949,49.62818],[16.619805,49.629477],[16.621571,49.630028],[16.621005,49.632076],[16.622741,49.632866],[16.625595,49.632181],[16.627815,49.629867],[16.630705,49.629349],[16.632985,49.629586],[16.636565,49.629016],[16.639831,49.626663],[16.640052,49.62515],[16.642758,49.623944],[16.646713,49.62147],[16.650616,49.618672],[16.65362,49.620229],[16.654848,49.621325],[16.655933,49.623733],[16.660321,49.62519],[16.664596,49.625234],[16.669825,49.62416],[16.669579,49.62536],[16.665966,49.627062],[16.666731,49.628141],[16.668017,49.62762],[16.670186,49.627532],[16.671164,49.626511],[16.674332,49.62556],[16.679686,49.623022],[16.680573,49.623512],[16.682566,49.623573],[16.684483,49.624451],[16.686814,49.623688],[16.691844,49.624332],[16.696527,49.626362],[16.696725,49.625596],[16.694659,49.625195],[16.693876,49.624497],[16.701553,49.623357],[16.705594,49.622475],[16.715508,49.6214],[16.716095,49.619895],[16.718626,49.615888],[16.720773,49.616153],[16.721337,49.614987],[16.72424,49.614697],[16.72731,49.61512],[16.736512,49.611145],[16.739497,49.610111],[16.743059,49.608019],[16.748312,49.606902],[16.751158,49.606505],[16.754727,49.605386],[16.756487,49.604188],[16.758547,49.603845],[16.766871,49.601937],[16.768595,49.600602],[16.773835,49.598103],[16.778217,49.597422],[16.782111,49.595995],[16.784009,49.59652],[16.788954,49.596919],[16.793106,49.598177],[16.796626,49.597833],[16.798951,49.598505],[16.804063,49.5988],[16.804827,49.599638],[16.803944,49.601222],[16.802447,49.601659],[16.801426,49.604186],[16.801839,49.605737],[16.805092,49.605235],[16.805122,49.605906],[16.807308,49.607731],[16.806955,49.608285],[16.803924,49.609415],[16.804892,49.610812],[16.80392,49.613234],[16.804316,49.614469],[16.805705,49.615103],[16.806879,49.617254],[16.807311,49.619499],[16.809072,49.621136],[16.809196,49.62288],[16.811244,49.622752],[16.812253,49.623998],[16.810775,49.627141],[16.81222,49.627993],[16.814399,49.626243],[16.815445,49.626376],[16.816564,49.624101],[16.821113,49.622082],[16.821996,49.623331],[16.817982,49.62549],[16.816817,49.627982],[16.814085,49.628948],[16.813427,49.629941],[16.813907,49.63146],[16.810659,49.632319],[16.809448,49.633603],[16.809454,49.634417],[16.806354,49.636767],[16.805624,49.637974],[16.80039,49.639225],[16.801331,49.639888],[16.802099,49.641975],[16.803595,49.643512],[16.803497,49.64474],[16.80508,49.645336],[16.804292,49.647273],[16.804825,49.64959],[16.804292,49.651011],[16.804806,49.652396],[16.803602,49.653654],[16.804216,49.654952],[16.803819,49.656531],[16.805949,49.657135],[16.808909,49.656803],[16.809904,49.657752],[16.809031,49.658675],[16.809879,49.660643],[16.810967,49.66121],[16.814195,49.664073],[16.821407,49.666708],[16.82457,49.665487],[16.828456,49.666628],[16.829121,49.667887],[16.826316,49.670367],[16.828366,49.67153],[16.829968,49.672971],[16.832035,49.67378],[16.83478,49.674284],[16.837869,49.674167],[16.839234,49.674512],[16.839611,49.676068],[16.843614,49.679963],[16.845716,49.68059],[16.845226,49.681941],[16.843198,49.682973],[16.842969,49.684872],[16.843565,49.686799],[16.844689,49.687371],[16.845163,49.689062],[16.845671,49.693835],[16.844867,49.694748],[16.846153,49.697731],[16.847861,49.698658],[16.848506,49.701534],[16.847801,49.7037],[16.846865,49.70459],[16.844787,49.704699],[16.839888,49.705815],[16.841864,49.707511],[16.843393,49.710021],[16.84445,49.710809],[16.844421,49.712405],[16.847445,49.7162],[16.845432,49.717918],[16.842996,49.718741],[16.843923,49.721055],[16.842269,49.722032],[16.837685,49.7235],[16.836495,49.724275],[16.83293,49.727674],[16.831851,49.729081],[16.828352,49.728184],[16.827289,49.72898],[16.825232,49.729205],[16.822619,49.728833],[16.819996,49.729162],[16.818881,49.728659],[16.818829,49.727382],[16.817876,49.72679],[16.814825,49.727057],[16.814813,49.729071],[16.81401,49.730349],[16.815411,49.731868],[16.811694,49.731235],[16.805792,49.73142],[16.804911,49.73086],[16.80388,49.729106],[16.804249,49.728038],[16.80346,49.72703],[16.801527,49.726426],[16.799999,49.727248],[16.798259,49.727438],[16.795317,49.726966],[16.792489,49.726956],[16.791716,49.726618],[16.788755,49.729101],[16.789841,49.73104],[16.79202,49.73182],[16.793048,49.732912],[16.795336,49.734132],[16.798285,49.734869],[16.798024,49.736602],[16.799212,49.738791],[16.800262,49.739648],[16.806801,49.740924],[16.807159,49.742415],[16.809236,49.743781],[16.810323,49.746948],[16.813039,49.748542],[16.808893,49.749825],[16.805741,49.750355],[16.799123,49.753842],[16.797985,49.754143],[16.796928,49.755842],[16.79384,49.756599],[16.79361,49.758141],[16.791997,49.759027],[16.794637,49.759478],[16.797209,49.760719],[16.797931,49.761819],[16.796793,49.763858],[16.796779,49.765024],[16.802814,49.767169],[16.803141,49.767709],[16.800874,49.769907],[16.798711,49.771108],[16.801269,49.772706],[16.799158,49.773896],[16.798866,49.774721],[16.792909,49.77538],[16.790596,49.774393],[16.786837,49.775534],[16.785586,49.776304],[16.784242,49.777835],[16.782509,49.778234],[16.782956,49.779042],[16.781084,49.780196],[16.778498,49.781087],[16.778123,49.782417],[16.774541,49.785784],[16.772394,49.787528],[16.769827,49.788658],[16.768066,49.790292],[16.76617,49.79143],[16.765103,49.793695],[16.760807,49.797994],[16.760732,49.798934],[16.762029,49.800093],[16.760771,49.801514],[16.759956,49.801593],[16.757122,49.803571],[16.75593,49.805105],[16.756217,49.806236],[16.758173,49.807569],[16.757814,49.808968],[16.759471,49.810236],[16.758622,49.812965],[16.757674,49.813887],[16.756919,49.815611],[16.759585,49.81695],[16.760587,49.81826],[16.755629,49.819412],[16.752697,49.82124],[16.751844,49.822436],[16.751889,49.82394],[16.745172,49.82559],[16.745162,49.827445],[16.744226,49.827674],[16.740439,49.826621],[16.739103,49.827496],[16.736089,49.830677],[16.736489,49.831564],[16.736176,49.833599],[16.737215,49.835246],[16.736488,49.836032],[16.737686,49.838644],[16.737451,49.840401],[16.739908,49.840363],[16.739363,49.843001],[16.736547,49.844224],[16.735394,49.845211],[16.736083,49.846432],[16.738146,49.84805],[16.739284,49.848489],[16.739542,49.850237],[16.737658,49.851604],[16.739128,49.853253],[16.739159,49.855141],[16.740021,49.856325],[16.739289,49.857962],[16.739526,49.859462],[16.742472,49.862298],[16.741509,49.863887],[16.74465,49.864477],[16.748267,49.866436],[16.750769,49.866917],[16.752895,49.865432],[16.756171,49.866355],[16.759048,49.867765],[16.765672,49.872274],[16.765129,49.873085],[16.76774,49.874175],[16.769135,49.874308],[16.766794,49.875844],[16.761118,49.87662],[16.759855,49.877983],[16.760463,49.879835],[16.75976,49.881732],[16.756708,49.885915],[16.75404,49.887993],[16.75404,49.889531],[16.753264,49.891238],[16.751482,49.892553],[16.749855,49.894461],[16.751044,49.89588],[16.754499,49.896897],[16.755488,49.898984],[16.75721,49.900693],[16.756793,49.901969],[16.754968,49.903461],[16.753263,49.906262],[16.75272,49.908091],[16.756566,49.910722],[16.756407,49.91162],[16.757241,49.912806],[16.755479,49.915089],[16.754866,49.917045],[16.756115,49.9183],[16.756609,49.920142],[16.755443,49.920649],[16.752192,49.921221],[16.748855,49.922949],[16.745948,49.924815],[16.747517,49.92602],[16.749136,49.928783],[16.749907,49.929342],[16.750673,49.931561],[16.744592,49.933759],[16.742049,49.935323],[16.74191,49.937304],[16.740063,49.938605],[16.738712,49.940546],[16.738541,49.942372],[16.739132,49.94349],[16.738204,49.945149],[16.736843,49.946007],[16.734485,49.946567],[16.733405,49.948343],[16.734807,49.949993],[16.731632,49.950966],[16.73353,49.953063],[16.733775,49.954781],[16.733372,49.956503],[16.733616,49.960995],[16.734532,49.965658],[16.735258,49.968052],[16.733692,49.969355],[16.730937,49.970744],[16.7306,49.973349],[16.731138,49.975674],[16.730044,49.978288],[16.727574,49.979754],[16.727232,49.98177],[16.725052,49.982966],[16.72099,49.983825],[16.71908,49.984824],[16.71748,49.98664],[16.715504,49.98982],[16.715092,49.992501],[16.713961,49.994323],[16.713572,49.99723],[16.711994,49.999502],[16.715107,50.000518],[16.717678,50.001638],[16.720712,50.002425],[16.727198,50.002209],[16.730231,50.002247],[16.736391,50.001336],[16.74093,50.001412],[16.743398,50.001261],[16.747412,49.999904],[16.748462,49.997233],[16.748609,49.994652],[16.754521,49.997446],[16.753445,49.998523],[16.75702,50.00041],[16.759111,50.002511],[16.758654,50.002867],[16.760226,50.004553],[16.762438,50.005557],[16.76779,50.00723],[16.768896,50.009047],[16.766832,50.013368],[16.766825,50.016723],[16.769757,50.01671],[16.770746,50.017976],[16.775292,50.016793],[16.777606,50.018829],[16.777238,50.019904],[16.779417,50.021728],[16.780207,50.023221],[16.786234,50.024215],[16.788583,50.026945],[16.790877,50.026041],[16.792887,50.027207],[16.792986,50.028781],[16.7939,50.029599],[16.795515,50.029418],[16.800351,50.029777],[16.802002,50.02912],[16.805017,50.029076],[16.808978,50.030696],[16.810449,50.032627],[16.807024,50.033856],[16.807041,50.038082],[16.808855,50.040217],[16.810744,50.04078],[16.812758,50.042282],[16.818739,50.044514],[16.806468,50.052814],[16.811167,50.05574],[16.813245,50.056852],[16.813746,50.058812],[16.810062,50.061631],[16.806523,50.063409],[16.80489,50.064536],[16.802032,50.065785],[16.80021,50.066236],[16.798247,50.068592],[16.798719,50.069938],[16.799577,50.070279],[16.802325,50.074011],[16.806673,50.077347],[16.809359,50.078905],[16.810292,50.08031],[16.811957,50.080661],[16.815552,50.082152],[16.819178,50.084008],[16.823512,50.084513],[16.824334,50.085496],[16.821827,50.085822],[16.818786,50.087302],[16.817576,50.087309],[16.815493,50.089442],[16.815054,50.09313],[16.816028,50.094246],[16.815451,50.094963],[16.813143,50.096108],[16.812755,50.098258],[16.810509,50.098902],[16.810342,50.100144],[16.808576,50.101247],[16.807979,50.102718],[16.806323,50.103778],[16.806379,50.106254],[16.805196,50.107539],[16.804701,50.108972],[16.805677,50.110414],[16.808288,50.111445],[16.81223,50.111644],[16.814578,50.111128],[16.816886,50.111828],[16.819949,50.112257],[16.821367,50.113346],[16.82382,50.113563],[16.825769,50.114669],[16.826221,50.117702],[16.825415,50.118498],[16.824906,50.120333],[16.825078,50.122386],[16.824464,50.123725],[16.82524,50.125258],[16.824483,50.127582],[16.82788,50.128466],[16.829252,50.125837],[16.831082,50.125986],[16.832286,50.127083],[16.833646,50.129363],[16.835873,50.134424],[16.833443,50.134598],[16.837529,50.138489],[16.838407,50.140223],[16.837683,50.142202],[16.838175,50.143749],[16.840396,50.145539],[16.842465,50.148186],[16.844223,50.151612],[16.844853,50.155573],[16.844433,50.156237],[16.847365,50.159164],[16.848651,50.163459],[16.848335,50.165114],[16.850341,50.166962],[16.851434,50.168915],[16.852731,50.169645],[16.855835,50.169615],[16.857846,50.170238],[16.859939,50.172271],[16.863007,50.173435],[16.864165,50.175835],[16.865895,50.176977],[16.864533,50.178097],[16.864606,50.1804],[16.864236,50.180936],[16.864766,50.183362],[16.86567,50.185331],[16.867393,50.186445],[16.866862,50.187695],[16.867317,50.189007],[16.864086,50.191773],[16.863407,50.193113],[16.864528,50.197089],[16.86279,50.198242],[16.86207,50.20097],[16.858017,50.20276],[16.853366,50.204045],[16.851141,50.204971],[16.849373,50.207299],[16.847382,50.207436],[16.835189,50.202412],[16.834777,50.200304],[16.836085,50.198855],[16.835887,50.197928],[16.83433,50.197055],[16.832193,50.197328],[16.83156,50.196529],[16.825866,50.194604],[16.823805,50.192186],[16.824356,50.189976],[16.822851,50.188664],[16.818336,50.191347],[16.815639,50.192168],[16.812986,50.191403],[16.809904,50.189339],[16.806586,50.185049],[16.805426,50.183252],[16.803898,50.182438],[16.800676,50.180109],[16.799442,50.177948],[16.799571,50.176435],[16.798537,50.174807],[16.799023,50.172815],[16.798912,50.171368],[16.797493,50.16815],[16.797357,50.165654],[16.793823,50.160738],[16.790442,50.156858],[16.786757,50.154491],[16.786323,50.153259],[16.78284,50.152109],[16.781617,50.151331],[16.782001,50.149416],[16.783535,50.148003],[16.783346,50.145597],[16.781716,50.144367],[16.778513,50.143673],[16.773109,50.141902],[16.770567,50.140769],[16.767763,50.14017],[16.764225,50.138235],[16.761269,50.135979],[16.759412,50.135927],[16.756524,50.135303],[16.754991,50.133887],[16.753263,50.134014],[16.750872,50.135336],[16.748107,50.134909],[16.746619,50.135136],[16.744838,50.134539],[16.744484,50.132678],[16.742469,50.130828],[16.740801,50.128114],[16.738915,50.127374],[16.737433,50.125979],[16.737254,50.124847],[16.736294,50.12441],[16.734736,50.122163],[16.733766,50.120166],[16.729364,50.117171],[16.728594,50.115682],[16.728471,50.112988],[16.727191,50.109697],[16.723629,50.107473],[16.723158,50.106669],[16.72388,50.105245],[16.719775,50.102506],[16.716373,50.101143],[16.711264,50.09974],[16.708578,50.097727],[16.706026,50.096582],[16.702561,50.096401],[16.701177,50.096995],[16.694955,50.097798],[16.692543,50.098387],[16.689308,50.098467],[16.685571,50.099626],[16.68218,50.100981],[16.678281,50.103691],[16.674883,50.104092],[16.673145,50.104888],[16.667105,50.105586],[16.664663,50.106109],[16.661266,50.107878],[16.656059,50.108922],[16.653494,50.109787],[16.650399,50.110106],[16.648424,50.110818],[16.646207,50.11091],[16.643315,50.111802],[16.640873,50.112155],[16.639047,50.111554],[16.634336,50.111269],[16.633444,50.111405],[16.632128,50.113372],[16.631735,50.114938],[16.629789,50.115562],[16.628469,50.116781],[16.625506,50.12078],[16.622131,50.121769],[16.619821,50.121958],[16.616067,50.124274],[16.613794,50.125412],[16.613301,50.126703],[16.613047,50.131875],[16.609622,50.133408],[16.604607,50.133662],[16.602051,50.135126],[16.599534,50.137766],[16.599249,50.138529],[16.595317,50.140469],[16.592139,50.140603],[16.58998,50.140093],[16.58793,50.140459],[16.583583,50.142009],[16.582268,50.141801],[16.580079,50.142417]]]},"properties":{"name":"Pardubice","code":"E","name_cz":"Pardubický kraj"}},
{"type":"Feature","geometry":{"type":"Polygon","coordinates":[[[15.586811,48.946959],[15.589136,48.949374],[15.58737,48.949299],[15.587977,48.955132],[15.596631,48.955704],[15.598119,48.953109],[15.604206,48.953719],[15.603337,48.954578],[15.602579,48.956899],[15.603145,48.957413],[15.609448,48.958959],[15.611401,48.959126],[15.613267,48.958481],[15.615347,48.956449],[15.61648,48.954563],[15.616438,48.952706],[15.617145,48.951761],[15.61873,48.950952],[15.623513,48.950246],[15.621676,48.947788],[15.621035,48.945709],[15.623443,48.943025],[15.623833,48.941819],[15.62663,48.941755],[15.631008,48.940926],[15.637422,48.942341],[15.638017,48.944407],[15.639667,48.944334],[15.641035,48.942529],[15.641048,48.941254],[15.642631,48.939622],[15.642841,48.938434],[15.645658,48.937589],[15.646165,48.938272],[15.647909,48.938081],[15.649237,48.939377],[15.651288,48.943038],[15.651636,48.944704],[15.650327,48.945709],[15.65135,48.94697],[15.653272,48.947149],[15.653751,48.947805],[15.658077,48.947809],[15.65849,48.948505],[15.65658,48.950557],[15.657103,48.952174],[15.658999,48.95282],[15.66183,48.9526],[15.6635,48.953898],[15.662843,48.954906],[15.664993,48.956145],[15.662633,48.957139],[15.66388,48.959283],[15.661817,48.96048],[15.662208,48.961682],[15.661363,48.962563],[15.659361,48.963199],[15.660364,48.964563],[15.663889,48.964604],[15.665673,48.965414],[15.668737,48.965693],[15.671401,48.965066],[15.673543,48.963047],[15.675273,48.962641],[15.678725,48.9636],[15.679886,48.962893],[15.67963,48.961539],[15.681259,48.960877],[15.682796,48.960809],[15.685506,48.961814],[15.686348,48.963178],[15.687908,48.96403],[15.690274,48.966292],[15.69219,48.966892],[15.694772,48.96691],[15.696607,48.967762],[15.701942,48.967016],[15.704032,48.967829],[15.706094,48.967725],[15.706608,48.965622],[15.708784,48.965428],[15.710146,48.964849],[15.712728,48.962636],[15.713448,48.962737],[15.717275,48.961726],[15.718151,48.959534],[15.720035,48.957248],[15.719612,48.956316],[15.720903,48.955204],[15.724223,48.953447],[15.725796,48.952218],[15.726411,48.950055],[15.728776,48.947702],[15.730472,48.946955],[15.730799,48.948135],[15.733297,48.948329],[15.735116,48.95119],[15.737997,48.951011],[15.739058,48.951919],[15.737538,48.952868],[15.737505,48.95469],[15.739045,48.956609],[15.742372,48.958681],[15.739151,48.960124],[15.738597,48.960946],[15.740863,48.962297],[15.73702,48.963222],[15.737519,48.964006],[15.741596,48.963119],[15.745624,48.969528],[15.755133,48.966384],[15.756542,48.969261],[15.756777,48.971167],[15.755486,48.971426],[15.7569,48.974092],[15.757,48.977725],[15.758131,48.980871],[15.759349,48.980771],[15.761369,48.979626],[15.767032,48.979388],[15.776842,48.980571],[15.779694,48.979973],[15.782971,48.980902],[15.785014,48.981064],[15.788996,48.98366],[15.794876,48.985724],[15.79511,48.986493],[15.794436,48.990977],[15.796886,48.992293],[15.800173,48.991793],[15.801789,48.991892],[15.801664,48.992973],[15.803456,48.993873],[15.805531,48.993667],[15.806069,48.994867],[15.802848,48.995791],[15.798184,48.996562],[15.796775,48.99712],[15.798137,48.999163],[15.803275,49.001531],[15.803565,49.002282],[15.805645,49.001886],[15.80648,49.003008],[15.807867,49.003716],[15.813436,49.004467],[15.815955,49.008307],[15.818605,49.010917],[15.821812,49.009486],[15.824477,49.007457],[15.826529,49.00707],[15.828983,49.007825],[15.830943,49.009349],[15.834772,49.013231],[15.836784,49.01291],[15.839541,49.012023],[15.843921,49.011051],[15.845156,49.012454],[15.848018,49.011545],[15.848322,49.012772],[15.850341,49.015002],[15.853565,49.013365],[15.855382,49.012959],[15.859934,49.010804],[15.861936,49.010727],[15.86326,49.011239],[15.866171,49.010576],[15.867616,49.011079],[15.869363,49.01035],[15.868649,49.009294],[15.867481,49.00923],[15.865988,49.007222],[15.867344,49.00708],[15.870646,49.008647],[15.872576,49.008789],[15.87526,49.008485],[15.871911,49.012258],[15.873862,49.014178],[15.877439,49.014026],[15.881088,49.0144],[15.876692,49.017827],[15.878006,49.0186],[15.879744,49.018353],[15.88107,49.019845],[15.880513,49.020649],[15.876425,49.020522],[15.878105,49.021456],[15.879059,49.022735],[15.878756,49.024053],[15.880252,49.025591],[15.883378,49.026923],[15.882738,49.028289],[15.884447,49.030503],[15.886558,49.032015],[15.886909,49.032888],[15.884424,49.036086],[15.88407,49.03919],[15.886562,49.038651],[15.894884,49.039158],[15.896501,49.03742],[15.898503,49.036488],[15.90273,49.035665],[15.905382,49.035461],[15.905814,49.034227],[15.909594,49.033538],[15.910663,49.032283],[15.908678,49.031948],[15.904352,49.031823],[15.90228,49.031203],[15.902551,49.030627],[15.905856,49.029266],[15.908947,49.029079],[15.910161,49.030173],[15.91372,49.030571],[15.914917,49.030243],[15.915938,49.028859],[15.917244,49.02891],[15.91938,49.030408],[15.92219,49.031659],[15.924261,49.034703],[15.92492,49.034656],[15.927005,49.036131],[15.929031,49.035791],[15.931751,49.036958],[15.934584,49.039075],[15.933425,49.041106],[15.931941,49.042688],[15.932352,49.044549],[15.933174,49.045793],[15.93345,49.04761],[15.931989,49.049436],[15.931495,49.051086],[15.939068,49.049037],[15.941852,49.047742],[15.945808,49.047354],[15.948556,49.049472],[15.950769,49.051824],[15.952613,49.052714],[15.956926,49.053968],[15.959718,49.056236],[15.960616,49.056526],[15.964989,49.055118],[15.964205,49.052169],[15.965173,49.050612],[15.966857,49.049131],[15.9677,49.047801],[15.969314,49.046687],[15.970648,49.047032],[15.972871,49.045985],[15.971545,49.044033],[15.969992,49.044527],[15.969412,49.043686],[15.970889,49.042263],[15.972251,49.040095],[15.968449,49.039775],[15.969825,49.038479],[15.970954,49.039331],[15.972848,49.039034],[15.976534,49.036264],[15.978087,49.036572],[15.97895,49.037381],[15.978008,49.038573],[15.978189,49.039702],[15.980173,49.039804],[15.98185,49.03821],[15.984156,49.036757],[15.982095,49.035936],[15.98326,49.035101],[15.982203,49.033524],[15.98295,49.032938],[15.99197,49.03082],[15.993151,49.030064],[15.993257,49.028745],[15.997349,49.027889],[16.000906,49.027636],[16.003126,49.027856],[16.009528,49.026933],[16.010641,49.028369],[16.013117,49.029076],[16.021502,49.029395],[16.02192,49.030943],[16.023894,49.035377],[16.024819,49.036257],[16.028507,49.036139],[16.032296,49.035176],[16.033483,49.035806],[16.03318,49.037493],[16.034286,49.03843],[16.034251,49.04067],[16.031738,49.043257],[16.030132,49.044195],[16.030356,49.045255],[16.032404,49.046923],[16.03482,49.046851],[16.036851,49.046013],[16.038215,49.041999],[16.041064,49.041433],[16.044435,49.04216],[16.044358,49.040749],[16.045754,49.04013],[16.049179,49.040385],[16.05122,49.041333],[16.051855,49.040978],[16.054096,49.042159],[16.054894,49.042026],[16.056066,49.039686],[16.058251,49.039158],[16.06115,49.03805],[16.062136,49.036528],[16.063334,49.035786],[16.066995,49.035327],[16.06889,49.036216],[16.068647,49.037763],[16.07049,49.038534],[16.072205,49.038519],[16.074732,49.037887],[16.07617,49.038285],[16.077401,49.035953],[16.080894,49.034123],[16.082586,49.032046],[16.084632,49.031013],[16.087432,49.031199],[16.087741,49.032749],[16.084674,49.034768],[16.084068,49.035619],[16.08599,49.039234],[16.086909,49.038908],[16.093823,49.038994],[16.097315,49.038374],[16.097546,49.037385],[16.099391,49.036358],[16.099965,49.036956],[16.099737,49.03923],[16.1001,49.040056],[16.102262,49.040802],[16.106427,49.040357],[16.111618,49.039374],[16.115267,49.038459],[16.117044,49.037075],[16.118426,49.038067],[16.122212,49.03924],[16.123772,49.039085],[16.124578,49.040236],[16.122052,49.040589],[16.120957,49.041402],[16.123216,49.042119],[16.124275,49.043758],[16.125196,49.044369],[16.123992,49.045575],[16.126632,49.045853],[16.127806,49.045499],[16.129227,49.04594],[16.129592,49.044615],[16.130833,49.043564],[16.134089,49.043315],[16.135727,49.044054],[16.141174,49.045801],[16.142199,49.046355],[16.145925,49.047449],[16.146017,49.048338],[16.144124,49.050228],[16.141264,49.050107],[16.139127,49.050934],[16.138888,49.05453],[16.137364,49.055141],[16.134418,49.054715],[16.132854,49.055029],[16.131968,49.056138],[16.128994,49.057739],[16.133143,49.06166],[16.134521,49.063597],[16.132458,49.064096],[16.13308,49.065724],[16.135791,49.06422],[16.1374,49.065692],[16.136917,49.066556],[16.138532,49.068619],[16.142283,49.068338],[16.144317,49.068883],[16.145826,49.068245],[16.147647,49.069111],[16.147926,49.069817],[16.149977,49.071288],[16.152968,49.070107],[16.156144,49.069491],[16.160871,49.073371],[16.166269,49.073517],[16.174508,49.072288],[16.176949,49.071323],[16.17606,49.06995],[16.179475,49.069122],[16.179938,49.069873],[16.182264,49.070325],[16.183045,49.07137],[16.180539,49.071802],[16.181069,49.072404],[16.183636,49.073681],[16.187507,49.072108],[16.189132,49.07082],[16.193231,49.07317],[16.19658,49.072984],[16.197996,49.074055],[16.202149,49.073161],[16.207579,49.072741],[16.210967,49.071567],[16.211583,49.073313],[16.213615,49.074983],[16.216014,49.075781],[16.212298,49.076596],[16.213964,49.077427],[16.216173,49.077904],[16.216517,49.078451],[16.219415,49.080394],[16.219941,49.081416],[16.223913,49.082998],[16.224539,49.083507],[16.226791,49.083679],[16.227348,49.08654],[16.223114,49.087337],[16.222315,49.088351],[16.21971,49.090382],[16.217658,49.091151],[16.216668,49.092101],[16.216248,49.093721],[16.217729,49.093809],[16.219343,49.094644],[16.220031,49.096832],[16.222137,49.09808],[16.226634,49.098847],[16.232631,49.097925],[16.236046,49.098313],[16.238719,49.098183],[16.239824,49.099653],[16.240713,49.099985],[16.24445,49.100132],[16.246433,49.099681],[16.247385,49.100016],[16.247704,49.102704],[16.24845,49.10399],[16.251879,49.104495],[16.253973,49.104441],[16.25535,49.106293],[16.255004,49.107306],[16.256024,49.109461],[16.253872,49.110188],[16.249894,49.110784],[16.249687,49.111629],[16.247678,49.111995],[16.246052,49.113071],[16.241406,49.11537],[16.23708,49.117009],[16.234173,49.118541],[16.221314,49.123356],[16.218757,49.124838],[16.217513,49.126738],[16.212133,49.129801],[16.207793,49.131257],[16.207408,49.131842],[16.2031,49.134228],[16.204253,49.13492],[16.203944,49.135953],[16.20686,49.136389],[16.204861,49.137162],[16.203876,49.138778],[16.206301,49.139143],[16.207498,49.139839],[16.210548,49.140186],[16.213215,49.140128],[16.217136,49.138144],[16.217581,49.136526],[16.219034,49.134991],[16.220723,49.134731],[16.224046,49.134752],[16.227379,49.136662],[16.229495,49.137618],[16.231675,49.137157],[16.233691,49.136058],[16.234908,49.13745],[16.237385,49.139552],[16.238685,49.140171],[16.237197,49.141244],[16.237617,49.142238],[16.239105,49.143664],[16.240949,49.142848],[16.24544,49.144319],[16.246049,49.145963],[16.243811,49.147442],[16.241891,49.147672],[16.240886,49.148945],[16.239541,49.149621],[16.239104,49.151413],[16.237807,49.151998],[16.238283,49.156019],[16.235843,49.158028],[16.234836,49.159868],[16.233665,49.160338],[16.230006,49.157732],[16.22848,49.157946],[16.229891,49.159304],[16.230789,49.161105],[16.230924,49.162331],[16.22866,49.162466],[16.226084,49.163363],[16.225139,49.164823],[16.227753,49.165668],[16.22758,49.166528],[16.230064,49.168417],[16.229991,49.169985],[16.23166,49.171326],[16.232636,49.172834],[16.233198,49.174757],[16.236333,49.174765],[16.23718,49.175696],[16.239212,49.176086],[16.243554,49.176037],[16.246875,49.174793],[16.250699,49.175299],[16.255729,49.174274],[16.258557,49.175009],[16.258669,49.177645],[16.260816,49.177473],[16.260544,49.179758],[16.263075,49.179975],[16.267049,49.1783],[16.269925,49.177379],[16.270701,49.178912],[16.272061,49.178994],[16.275773,49.184093],[16.273138,49.184431],[16.267881,49.185454],[16.26894,49.188508],[16.268611,49.19126],[16.267252,49.193989],[16.267349,49.195568],[16.268113,49.196855],[16.271449,49.195869],[16.272832,49.196562],[16.273015,49.198137],[16.274419,49.20093],[16.271564,49.202453],[16.270793,49.203447],[16.268644,49.204835],[16.26614,49.205763],[16.261216,49.208221],[16.260598,49.208912],[16.257443,49.209564],[16.25331,49.20868],[16.250676,49.209016],[16.247222,49.211335],[16.245672,49.211783],[16.243766,49.211559],[16.239751,49.211848],[16.23638,49.211312],[16.234953,49.21058],[16.234171,49.212231],[16.235369,49.214143],[16.235907,49.216383],[16.235601,49.218145],[16.235887,49.220401],[16.237795,49.221144],[16.237296,49.222764],[16.235026,49.224849],[16.237775,49.228411],[16.238262,49.229669],[16.240042,49.230464],[16.242311,49.232284],[16.24121,49.233889],[16.244284,49.235266],[16.243062,49.236202],[16.245352,49.237395],[16.244175,49.23834],[16.246067,49.240164],[16.247555,49.243204],[16.251453,49.247615],[16.250773,49.25022],[16.251626,49.251859],[16.25321,49.25259],[16.255049,49.254057],[16.258492,49.253338],[16.261748,49.253377],[16.264934,49.25442],[16.266435,49.253955],[16.269987,49.251926],[16.271397,49.251789],[16.273186,49.252563],[16.273538,49.253259],[16.276571,49.254257],[16.278978,49.254378],[16.281451,49.25486],[16.282816,49.25655],[16.284049,49.25651],[16.284623,49.257481],[16.2881,49.256739],[16.288352,49.258861],[16.2873,49.260297],[16.287162,49.261971],[16.28798,49.26377],[16.284016,49.266136],[16.280971,49.267545],[16.277737,49.268232],[16.278078,49.270233],[16.273495,49.270633],[16.26685,49.271476],[16.261758,49.272801],[16.258284,49.274435],[16.255678,49.279791],[16.25532,49.280053],[16.255311,49.283154],[16.257348,49.287394],[16.258091,49.290675],[16.258761,49.291604],[16.261022,49.292796],[16.262798,49.291911],[16.263935,49.292867],[16.266671,49.292635],[16.27137,49.293845],[16.272432,49.293608],[16.274465,49.294527],[16.275639,49.296293],[16.275577,49.297963],[16.279584,49.297252],[16.280144,49.298394],[16.277241,49.299118],[16.280512,49.302702],[16.283117,49.302185],[16.284904,49.302769],[16.28996,49.308021],[16.289052,49.309718],[16.29131,49.312013],[16.293171,49.311935],[16.292009,49.314796],[16.289132,49.31719],[16.290832,49.318409],[16.292607,49.319057],[16.289842,49.320136],[16.28767,49.322072],[16.285965,49.320729],[16.279572,49.321027],[16.277546,49.320433],[16.274783,49.318393],[16.273031,49.315977],[16.270119,49.317665],[16.269679,49.318468],[16.264758,49.319032],[16.262598,49.319594],[16.258881,49.320037],[16.255394,49.321925],[16.250068,49.323039],[16.248147,49.322938],[16.244373,49.323512],[16.240791,49.325744],[16.239867,49.326073],[16.239949,49.327598],[16.243731,49.330571],[16.244031,49.331148],[16.247134,49.331587],[16.252399,49.331438],[16.255174,49.332124],[16.256722,49.33181],[16.260268,49.332129],[16.261678,49.332694],[16.266005,49.331362],[16.267878,49.331432],[16.269073,49.330911],[16.272322,49.331653],[16.272921,49.332075],[16.271864,49.333297],[16.271893,49.334361],[16.267583,49.33627],[16.266268,49.335928],[16.264678,49.336263],[16.260802,49.335895],[16.258726,49.336516],[16.257931,49.337326],[16.256613,49.336346],[16.253372,49.336744],[16.254389,49.338519],[16.25257,49.339172],[16.253468,49.340246],[16.249831,49.340711],[16.246286,49.341909],[16.242121,49.34277],[16.241583,49.343772],[16.239459,49.34493],[16.236322,49.348706],[16.236342,49.349677],[16.235317,49.350189],[16.232757,49.349791],[16.22987,49.349746],[16.228758,49.350053],[16.226938,49.348476],[16.224863,49.349234],[16.223906,49.348668],[16.220168,49.350673],[16.218207,49.353797],[16.218471,49.354554],[16.217506,49.355653],[16.221568,49.358559],[16.223391,49.360561],[16.225145,49.361731],[16.225601,49.360492],[16.227018,49.360906],[16.226214,49.362369],[16.228172,49.362488],[16.22979,49.363863],[16.230149,49.364792],[16.231793,49.3666],[16.230061,49.367043],[16.229615,49.368111],[16.226077,49.368614],[16.226266,49.369576],[16.227662,49.369825],[16.229445,49.369373],[16.232249,49.371956],[16.234784,49.373126],[16.236535,49.375309],[16.235974,49.376276],[16.234507,49.376352],[16.23323,49.377629],[16.234209,49.378652],[16.233977,49.379654],[16.236221,49.381043],[16.232873,49.384105],[16.233145,49.386186],[16.230517,49.387002],[16.228513,49.389502],[16.22912,49.392267],[16.227725,49.394064],[16.231367,49.393915],[16.232352,49.39263],[16.234748,49.392571],[16.235604,49.393297],[16.236763,49.397789],[16.23811,49.399733],[16.238934,49.402049],[16.239612,49.402835],[16.244919,49.402668],[16.246616,49.403847],[16.248804,49.404438],[16.250672,49.404489],[16.252088,49.403991],[16.2549,49.404154],[16.255612,49.405257],[16.259035,49.406163],[16.257124,49.407386],[16.255942,49.409576],[16.25757,49.410746],[16.257542,49.411753],[16.253909,49.414327],[16.256872,49.415686],[16.25844,49.417288],[16.260896,49.418148],[16.260983,49.420125],[16.26184,49.421313],[16.260378,49.422634],[16.262928,49.424034],[16.261842,49.425603],[16.263958,49.426639],[16.265362,49.426723],[16.26633,49.427932],[16.269598,49.428954],[16.271987,49.429966],[16.27439,49.429913],[16.276403,49.431508],[16.278374,49.430447],[16.281252,49.431572],[16.281927,49.432846],[16.284838,49.433229],[16.289071,49.432309],[16.290625,49.431327],[16.292749,49.427365],[16.296146,49.428186],[16.302241,49.429384],[16.303216,49.430015],[16.306256,49.430132],[16.310807,49.430647],[16.315323,49.431431],[16.318221,49.430151],[16.32172,49.429188],[16.323692,49.433134],[16.32596,49.432461],[16.32811,49.431183],[16.329176,49.431397],[16.327111,49.43326],[16.327248,49.433982],[16.325711,49.435032],[16.326345,49.435593],[16.324365,49.436364],[16.328453,49.436663],[16.327446,49.43788],[16.329992,49.437918],[16.332109,49.438348],[16.332952,49.437921],[16.33473,49.438597],[16.336156,49.439704],[16.335026,49.442541],[16.334066,49.442555],[16.333893,49.445063],[16.333384,49.446305],[16.331671,49.446075],[16.329987,49.447085],[16.329746,49.447896],[16.32807,49.447896],[16.325744,49.449574],[16.323698,49.448752],[16.321901,49.450073],[16.315552,49.447923],[16.314154,49.448606],[16.313292,49.450023],[16.311671,49.450327],[16.309615,49.449159],[16.306564,49.449022],[16.302153,49.449179],[16.301086,49.448613],[16.299601,49.449093],[16.297156,49.449189],[16.296757,49.448374],[16.294599,49.447017],[16.29286,49.447176],[16.292902,49.449104],[16.292354,49.449893],[16.294322,49.450219],[16.297808,49.45183],[16.300198,49.451833],[16.301543,49.452315],[16.301758,49.453435],[16.303221,49.454371],[16.304515,49.455807],[16.307157,49.454889],[16.308568,49.455588],[16.309746,49.457012],[16.311368,49.457964],[16.31395,49.458644],[16.313282,49.460554],[16.314788,49.46366],[16.313889,49.464766],[16.314638,49.465594],[16.316447,49.464945],[16.318297,49.4662],[16.321234,49.466707],[16.322948,49.467594],[16.32679,49.467946],[16.328353,49.467473],[16.328759,49.470874],[16.331094,49.471253],[16.334474,49.470754],[16.336969,49.469523],[16.337215,49.468031],[16.339179,49.468966],[16.340863,49.468391],[16.34411,49.467815],[16.3459,49.467935],[16.347647,49.469363],[16.349659,49.470322],[16.351731,49.469581],[16.350365,49.468732],[16.351397,49.46756],[16.350191,49.465395],[16.35107,49.463481],[16.349422,49.463003],[16.34779,49.461719],[16.347789,49.459514],[16.349617,49.456007],[16.350569,49.454771],[16.351113,49.451109],[16.351824,49.449307],[16.35393,49.449072],[16.355059,49.448427],[16.357068,49.449703],[16.357966,49.452284],[16.360781,49.452347],[16.361649,49.45341],[16.363943,49.452238],[16.36471,49.452796],[16.366797,49.451179],[16.367672,49.44889],[16.369913,49.44916],[16.371863,49.450575],[16.375326,49.450477],[16.378191,49.451953],[16.379398,49.453063],[16.381113,49.455849],[16.382257,49.456856],[16.379538,49.458456],[16.378334,49.459743],[16.377108,49.459831],[16.37641,49.46103],[16.374037,49.462982],[16.372363,49.464989],[16.373718,49.464936],[16.376061,49.465709],[16.378477,49.465809],[16.382421,49.467043],[16.385264,49.468959],[16.387247,49.468891],[16.39017,49.470001],[16.390221,49.471577],[16.389602,49.473823],[16.389571,49.475981],[16.38767,49.475781],[16.384756,49.475992],[16.383839,49.475395],[16.382598,49.476228],[16.380955,49.475681],[16.378053,49.478304],[16.377616,49.48001],[16.376505,49.48036],[16.380995,49.484345],[16.376446,49.484347],[16.375201,49.481695],[16.372301,49.483015],[16.37051,49.484394],[16.369078,49.484342],[16.364932,49.486732],[16.362791,49.487153],[16.363009,49.488923],[16.360125,49.49096],[16.362384,49.493377],[16.362771,49.495976],[16.361239,49.497128],[16.35712,49.4983],[16.353303,49.498823],[16.353784,49.499824],[16.35518,49.500883],[16.355019,49.502241],[16.357109,49.50162],[16.359613,49.50229],[16.362683,49.50158],[16.36487,49.501365],[16.366526,49.499407],[16.369617,49.498092],[16.370314,49.496308],[16.37253,49.494125],[16.372062,49.492826],[16.372723,49.491507],[16.377721,49.492552],[16.379142,49.491966],[16.381948,49.493219],[16.384248,49.492793],[16.385715,49.493405],[16.388004,49.495677],[16.387767,49.4976],[16.388932,49.498937],[16.39181,49.499321],[16.393701,49.500918],[16.396183,49.501616],[16.396573,49.503412],[16.39752,49.505099],[16.400924,49.507321],[16.401696,49.50936],[16.404591,49.510968],[16.408407,49.510208],[16.40983,49.510414],[16.41111,49.51206],[16.411623,49.514591],[16.413808,49.51744],[16.413834,49.518528],[16.415419,49.521196],[16.417179,49.521806],[16.418302,49.525196],[16.416163,49.527359],[16.41523,49.530729],[16.415714,49.53136],[16.415399,49.533279],[16.414442,49.534302],[16.410057,49.537652],[16.410356,49.538095],[16.408382,49.539451],[16.404441,49.539051],[16.400639,49.538204],[16.400013,49.539005],[16.397709,49.539168],[16.395396,49.538918],[16.393938,49.540066],[16.392507,49.539734],[16.388659,49.538229],[16.38633,49.539121],[16.386397,49.540171],[16.385457,49.542058],[16.384203,49.541683],[16.383089,49.543115],[16.38145,49.543646],[16.379607,49.543582],[16.379906,49.54454],[16.377735,49.545262],[16.376285,49.547039],[16.375975,49.548143],[16.374825,49.549142],[16.374829,49.550915],[16.372643,49.550849],[16.372085,49.552243],[16.373029,49.553749],[16.376366,49.553919],[16.379968,49.554985],[16.382818,49.555176],[16.382834,49.556644],[16.385013,49.557174],[16.385187,49.558794],[16.387277,49.558994],[16.388593,49.56012],[16.389639,49.560031],[16.39105,49.562184],[16.391485,49.564001],[16.390542,49.564436],[16.389743,49.566471],[16.392416,49.566703],[16.391349,49.568381],[16.392989,49.570207],[16.392597,49.572933],[16.39333,49.574155],[16.393082,49.576241],[16.393681,49.576869],[16.393091,49.578529],[16.391314,49.579589],[16.392036,49.58012],[16.390622,49.580831],[16.387825,49.583851],[16.386767,49.585553],[16.385325,49.585869],[16.383393,49.587055],[16.382902,49.588054],[16.381193,49.588148],[16.379368,49.589727],[16.377513,49.590686],[16.376732,49.591656],[16.377023,49.592524],[16.375892,49.593356],[16.376439,49.595158],[16.374492,49.598691],[16.37209,49.600366],[16.36962,49.602517],[16.365012,49.601787],[16.362713,49.601081],[16.359086,49.601251],[16.356641,49.602299],[16.354359,49.603821],[16.349795,49.608201],[16.348689,49.610618],[16.348134,49.61314],[16.345909,49.61312],[16.343046,49.613534],[16.337418,49.614945],[16.328674,49.614862],[16.324552,49.615354],[16.32151,49.616285],[16.320678,49.616886],[16.316918,49.618367],[16.316008,49.61991],[16.313418,49.618616],[16.311451,49.618848],[16.309303,49.619594],[16.306717,49.621231],[16.302178,49.623713],[16.300528,49.621076],[16.297862,49.619718],[16.296443,49.618044],[16.293662,49.619185],[16.293257,49.619779],[16.290998,49.619965],[16.290326,49.619155],[16.287129,49.619904],[16.288036,49.621131],[16.285278,49.623358],[16.284953,49.624494],[16.283506,49.626494],[16.282521,49.626239],[16.273163,49.628648],[16.271606,49.629737],[16.269813,49.629692],[16.270981,49.632485],[16.271761,49.635539],[16.273387,49.636981],[16.274809,49.640129],[16.268955,49.639905],[16.266256,49.6406],[16.260171,49.643648],[16.256987,49.645487],[16.254482,49.647769],[16.252506,49.650679],[16.248897,49.655062],[16.244779,49.6588],[16.239046,49.661246],[16.235871,49.662056],[16.23206,49.662277],[16.229786,49.663399],[16.225377,49.66373],[16.222284,49.66613],[16.220605,49.666788],[16.217827,49.666902],[16.215568,49.666322],[16.212391,49.666289],[16.210247,49.666812],[16.207406,49.666209],[16.205699,49.666202],[16.204552,49.669533],[16.203638,49.670664],[16.200408,49.67149],[16.199387,49.671419],[16.194957,49.676068],[16.195347,49.676993],[16.19367,49.678349],[16.188843,49.677537],[16.187737,49.674387],[16.186562,49.673597],[16.18421,49.674506],[16.182818,49.674301],[16.181729,49.675067],[16.179067,49.675466],[16.177148,49.677002],[16.176711,49.678056],[16.173831,49.678925],[16.170418,49.681263],[16.168521,49.681909],[16.166344,49.681514],[16.164447,49.680761],[16.160552,49.681565],[16.156255,49.680127],[16.152532,49.678207],[16.15088,49.678206],[16.149494,49.679766],[16.150982,49.681987],[16.148611,49.685837],[16.146295,49.685935],[16.144904,49.686501],[16.144782,49.687715],[16.143087,49.68873],[16.139799,49.689665],[16.139895,49.691265],[16.13817,49.691173],[16.135621,49.69045],[16.133273,49.689169],[16.129484,49.688635],[16.127325,49.686626],[16.12512,49.686811],[16.123157,49.687785],[16.121303,49.687545],[16.11584,49.688244],[16.113627,49.687998],[16.113623,49.686743],[16.112715,49.686193],[16.10962,49.687227],[16.108656,49.686309],[16.108805,49.685096],[16.105594,49.685185],[16.103926,49.684232],[16.103275,49.683298],[16.101405,49.683946],[16.100531,49.684845],[16.09851,49.685371],[16.096247,49.687435],[16.095239,49.689462],[16.096543,49.691297],[16.094341,49.69292],[16.092803,49.694597],[16.089846,49.694974],[16.088543,49.696025],[16.09027,49.697679],[16.090297,49.699644],[16.089451,49.701357],[16.088338,49.702345],[16.085858,49.703371],[16.084058,49.704623],[16.082644,49.704958],[16.082227,49.707495],[16.080903,49.708934],[16.07524,49.711804],[16.06994,49.71346],[16.068997,49.712537],[16.067391,49.713437],[16.063583,49.714162],[16.061868,49.715099],[16.058913,49.715689],[16.056958,49.714985],[16.052899,49.716383],[16.052281,49.715272],[16.049872,49.713112],[16.049451,49.711355],[16.047483,49.711442],[16.044707,49.713334],[16.036371,49.714947],[16.034491,49.715958],[16.03413,49.717215],[16.030358,49.717058],[16.02567,49.716085],[16.024571,49.716057],[16.020705,49.716751],[16.016221,49.71899],[16.011072,49.722878],[16.009033,49.723695],[16.009488,49.725399],[16.00832,49.726251],[16.008147,49.728411],[16.009798,49.730124],[16.009985,49.731731],[16.008359,49.731607],[16.005997,49.734198],[16.005837,49.734972],[16.010032,49.735265],[16.009412,49.736941],[16.009571,49.737958],[16.005118,49.736546],[16.002222,49.7393],[16.000289,49.73849],[15.996142,49.738214],[15.994924,49.736851],[15.994536,49.735488],[15.996631,49.733416],[15.994512,49.732387],[15.99219,49.730238],[15.98948,49.729158],[15.986852,49.727718],[15.984425,49.728421],[15.982609,49.727965],[15.976614,49.722297],[15.972296,49.719518],[15.972214,49.717405],[15.970992,49.714602],[15.970065,49.71011],[15.970679,49.707121],[15.97284,49.703494],[15.968689,49.702039],[15.969206,49.700745],[15.966973,49.700556],[15.961158,49.701269],[15.95707,49.702765],[15.955685,49.701978],[15.953753,49.701952],[15.955066,49.699921],[15.95648,49.696248],[15.956599,49.694927],[15.959855,49.691295],[15.958102,49.690404],[15.955936,49.689875],[15.950848,49.689365],[15.949501,49.686093],[15.947143,49.686106],[15.945259,49.686962],[15.941799,49.686591],[15.93865,49.688285],[15.935718,49.688634],[15.930387,49.688611],[15.92762,49.687796],[15.924996,49.685946],[15.92015,49.68512],[15.916346,49.686055],[15.914544,49.687514],[15.912571,49.689638],[15.912447,49.690915],[15.909706,49.692646],[15.908658,49.693726],[15.903178,49.696131],[15.903548,49.697047],[15.905402,49.698386],[15.902547,49.698656],[15.900431,49.698508],[15.895552,49.697455],[15.893726,49.699022],[15.890643,49.700745],[15.887561,49.701312],[15.884404,49.702863],[15.880603,49.703648],[15.877819,49.703585],[15.870096,49.70261],[15.867629,49.703862],[15.864587,49.704994],[15.862451,49.706379],[15.860156,49.708512],[15.858481,49.709013],[15.856401,49.710306],[15.85609,49.71111],[15.857118,49.71304],[15.856849,49.713743],[15.853568,49.713501],[15.854552,49.715467],[15.853493,49.716372],[15.85193,49.716567],[15.848656,49.718588],[15.850265,49.720904],[15.851295,49.721465],[15.854234,49.723988],[15.856899,49.726595],[15.857833,49.729529],[15.860635,49.731429],[15.864679,49.731828],[15.865975,49.734613],[15.864852,49.737091],[15.865352,49.738265],[15.865573,49.740798],[15.863663,49.742976],[15.86294,49.743267],[15.85997,49.74117],[15.855881,49.739075],[15.851843,49.737642],[15.851094,49.736586],[15.849173,49.73878],[15.846057,49.740596],[15.844881,49.740832],[15.8414,49.740289],[15.837868,49.740463],[15.832884,49.74109],[15.831518,49.741736],[15.82751,49.744336],[15.82409,49.749874],[15.823699,49.752011],[15.823123,49.752927],[15.821684,49.753182],[15.819082,49.75266],[15.818526,49.754139],[15.816355,49.753592],[15.814541,49.755134],[15.812215,49.754884],[15.809291,49.755275],[15.809257,49.756481],[15.808011,49.758378],[15.80621,49.758929],[15.804777,49.758031],[15.803745,49.758199],[15.801827,49.757051],[15.798258,49.758396],[15.797144,49.759656],[15.795132,49.758913],[15.793554,49.759782],[15.792071,49.759492],[15.791409,49.758394],[15.791641,49.757341],[15.790474,49.75667],[15.78761,49.758096],[15.786076,49.756324],[15.779852,49.755534],[15.778647,49.755798],[15.775035,49.755668],[15.773717,49.758192],[15.77367,49.759416],[15.774983,49.761542],[15.775624,49.763417],[15.773553,49.763365],[15.772816,49.765047],[15.773737,49.765858],[15.775398,49.769307],[15.777166,49.770512],[15.778484,49.774349],[15.779178,49.775239],[15.781299,49.776242],[15.781632,49.77752],[15.781173,49.778828],[15.782207,49.779938],[15.780716,49.780715],[15.777441,49.781494],[15.775199,49.779497],[15.774449,49.777754],[15.770715,49.778331],[15.769049,49.778997],[15.765529,49.777793],[15.763376,49.778164],[15.761849,49.778993],[15.758719,49.77975],[15.756527,49.781285],[15.755258,49.782867],[15.750871,49.782595],[15.748037,49.781486],[15.746489,49.781187],[15.741659,49.781063],[15.740056,49.77957],[15.738362,49.779307],[15.73671,49.781231],[15.734829,49.781839],[15.728739,49.782707],[15.73033,49.784149],[15.728729,49.786494],[15.728534,49.788288],[15.724655,49.789532],[15.722271,49.788027],[15.71877,49.788973],[15.719804,49.790459],[15.716639,49.790014],[15.716849,49.791207],[15.718545,49.791058],[15.718639,49.793563],[15.717204,49.793274],[15.716851,49.794986],[15.715418,49.79406],[15.712987,49.794113],[15.712231,49.794712],[15.713033,49.79594],[15.712675,49.798263],[15.711822,49.800298],[15.708657,49.800572],[15.708151,49.802105],[15.709727,49.803477],[15.708475,49.804237],[15.705458,49.802886],[15.703761,49.799555],[15.701268,49.799449],[15.697409,49.800442],[15.697492,49.80183],[15.695019,49.803081],[15.695258,49.804757],[15.693678,49.805188],[15.691873,49.804149],[15.691033,49.802253],[15.689722,49.801289],[15.686191,49.802776],[15.683852,49.804577],[15.683511,49.80682],[15.685013,49.808071],[15.689017,49.808451],[15.688348,49.809261],[15.685658,49.810828],[15.682624,49.811673],[15.678689,49.810694],[15.677502,49.809844],[15.675794,49.809481],[15.673146,49.809896],[15.672666,49.81125],[15.670254,49.811314],[15.668366,49.810902],[15.667194,49.811841],[15.665192,49.815277],[15.662143,49.81682],[15.659209,49.814289],[15.659093,49.811948],[15.658323,49.809599],[15.656209,49.807566],[15.653517,49.80699],[15.652047,49.80749],[15.649331,49.80673],[15.647998,49.806731],[15.644806,49.807918],[15.643492,49.807539],[15.642622,49.806308],[15.641151,49.805916],[15.639908,49.807142],[15.639462,49.808957],[15.63871,49.809422],[15.637185,49.812586],[15.639672,49.814772],[15.639245,49.815787],[15.63741,49.815228],[15.634707,49.815282],[15.63289,49.814606],[15.630648,49.814408],[15.632129,49.812823],[15.628648,49.812468],[15.627246,49.812724],[15.623627,49.811499],[15.6229,49.810823],[15.619452,49.80966],[15.618498,49.810851],[15.614785,49.810697],[15.614997,49.809397],[15.611253,49.80889],[15.608678,49.809561],[15.60499,49.811227],[15.603202,49.811454],[15.602102,49.809991],[15.600446,49.810015],[15.598571,49.811063],[15.596757,49.811498],[15.595365,49.810476],[15.594387,49.811349],[15.593018,49.809849],[15.591568,49.809718],[15.589775,49.810925],[15.593347,49.813572],[15.590932,49.815693],[15.591473,49.817679],[15.590566,49.818586],[15.589358,49.817682],[15.58761,49.817383],[15.582667,49.819918],[15.582142,49.818476],[15.579228,49.819027],[15.576616,49.820527],[15.576836,49.822033],[15.574465,49.823463],[15.573617,49.825063],[15.576158,49.827109],[15.575887,49.828221],[15.573349,49.829667],[15.573706,49.827932],[15.572636,49.826949],[15.568456,49.827131],[15.56731,49.827976],[15.564134,49.829243],[15.563834,49.830654],[15.562546,49.830783],[15.560734,49.833018],[15.557277,49.832073],[15.556338,49.8332],[15.552971,49.833672],[15.553016,49.834283],[15.550807,49.835762],[15.547111,49.83736],[15.54782,49.838602],[15.545786,49.840437],[15.543358,49.840747],[15.542267,49.840455],[15.540172,49.840781],[15.537055,49.840338],[15.533746,49.842448],[15.531954,49.843303],[15.530225,49.84296],[15.528278,49.845789],[15.526639,49.846019],[15.525147,49.847918],[15.524361,49.84965],[15.521177,49.852399],[15.518974,49.852997],[15.514513,49.852789],[15.511361,49.853621],[15.509161,49.8547],[15.508789,49.855944],[15.507589,49.856834],[15.501826,49.85805],[15.499949,49.858869],[15.4971,49.861104],[15.494444,49.859544],[15.495534,49.85828],[15.494405,49.858027],[15.495288,49.855965],[15.494245,49.854139],[15.491703,49.851405],[15.491006,49.850218],[15.489398,49.850373],[15.48761,49.84927],[15.48694,49.851012],[15.48488,49.852807],[15.482845,49.852503],[15.479577,49.852682],[15.477332,49.85195],[15.475587,49.850941],[15.473985,49.850803],[15.473929,49.848575],[15.474682,49.848564],[15.475236,49.846179],[15.47593,49.844835],[15.475597,49.84377],[15.473467,49.842699],[15.469222,49.843709],[15.463578,49.842266],[15.464108,49.840512],[15.465268,49.839144],[15.463806,49.838699],[15.462638,49.840289],[15.459273,49.842812],[15.457134,49.843715],[15.455428,49.844836],[15.449931,49.845837],[15.448531,49.844588],[15.446391,49.845156],[15.442673,49.842946],[15.440829,49.841619],[15.440916,49.841103],[15.43649,49.8394],[15.434465,49.838254],[15.434326,49.837023],[15.432841,49.836615],[15.430905,49.835244],[15.431991,49.834107],[15.431577,49.832082],[15.429434,49.831732],[15.424209,49.832988],[15.42235,49.832568],[15.419623,49.829545],[15.41844,49.829228],[15.41638,49.827704],[15.415459,49.825091],[15.41448,49.823716],[15.415064,49.822145],[15.41511,49.819949],[15.415831,49.819292],[15.418449,49.818359],[15.419328,49.816606],[15.422359,49.816572],[15.4239,49.817478],[15.428136,49.816734],[15.429122,49.81619],[15.428652,49.814885],[15.430147,49.81132],[15.432705,49.809573],[15.432096,49.808315],[15.432754,49.807637],[15.432213,49.806466],[15.435773,49.805015],[15.438938,49.804187],[15.436226,49.803374],[15.433659,49.802952],[15.435989,49.799219],[15.432224,49.797624],[15.430706,49.796028],[15.42832,49.796457],[15.42677,49.795773],[15.425121,49.793714],[15.425093,49.792545],[15.421648,49.79186],[15.420177,49.793353],[15.415472,49.792287],[15.41425,49.793474],[15.413424,49.795043],[15.41166,49.793748],[15.410185,49.793987],[15.40805,49.793646],[15.405053,49.793909],[15.402467,49.794882],[15.398641,49.795603],[15.395805,49.797076],[15.394779,49.796998],[15.395506,49.795078],[15.39659,49.794324],[15.39559,49.793571],[15.3913,49.792567],[15.388578,49.79623],[15.387717,49.796781],[15.387987,49.797934],[15.389165,49.798971],[15.388295,49.800331],[15.385296,49.799615],[15.384263,49.798892],[15.382222,49.79986],[15.382091,49.798091],[15.381222,49.797668],[15.378049,49.793804],[15.375397,49.792668],[15.374367,49.790745],[15.372302,49.790282],[15.370593,49.788507],[15.370831,49.786429],[15.369802,49.785575],[15.368689,49.782966],[15.370501,49.781965],[15.367166,49.779803],[15.368082,49.778572],[15.367247,49.775677],[15.365903,49.775345],[15.364597,49.777756],[15.363775,49.778519],[15.362467,49.778387],[15.360173,49.779241],[15.356983,49.778388],[15.354503,49.776862],[15.352421,49.774611],[15.351183,49.774107],[15.350245,49.772298],[15.348659,49.770859],[15.346327,49.769356],[15.345091,49.771241],[15.343932,49.772199],[15.342109,49.772752],[15.339879,49.773982],[15.335051,49.775348],[15.334057,49.77502],[15.333206,49.773505],[15.331576,49.772641],[15.329234,49.772963],[15.325863,49.77209],[15.324552,49.76984],[15.321313,49.768981],[15.320231,49.768225],[15.316275,49.767246],[15.316179,49.766331],[15.314463,49.765597],[15.312889,49.766897],[15.310961,49.76563],[15.305533,49.766193],[15.303229,49.766745],[15.300526,49.766409],[15.29825,49.76796],[15.296851,49.766192],[15.2978,49.764736],[15.29632,49.764329],[15.294099,49.765067],[15.291291,49.764553],[15.288227,49.765032],[15.284587,49.764934],[15.285229,49.763574],[15.284539,49.759813],[15.281149,49.758703],[15.280517,49.760152],[15.278943,49.759954],[15.279933,49.757929],[15.278222,49.756642],[15.275784,49.755995],[15.273397,49.754951],[15.271555,49.755023],[15.268562,49.754136],[15.268469,49.752956],[15.267438,49.751988],[15.264547,49.750929],[15.263518,49.751817],[15.263126,49.754953],[15.262422,49.755489],[15.260288,49.755126],[15.260285,49.753449],[15.259275,49.75276],[15.257689,49.754349],[15.250986,49.753884],[15.249822,49.754467],[15.252982,49.756862],[15.254129,49.758779],[15.25434,49.76105],[15.254808,49.761488],[15.253845,49.763115],[15.252058,49.762751],[15.249018,49.763581],[15.247921,49.762356],[15.245864,49.762316],[15.244863,49.760529],[15.242588,49.760279],[15.240564,49.759674],[15.238332,49.757459],[15.23529,49.758345],[15.234893,49.757557],[15.232833,49.756896],[15.22913,49.756347],[15.227717,49.757132],[15.224608,49.754201],[15.224396,49.753005],[15.222319,49.752713],[15.220931,49.751552],[15.220999,49.750336],[15.222132,49.749921],[15.220211,49.747956],[15.222816,49.747109],[15.227327,49.742409],[15.226178,49.74171],[15.221613,49.741544],[15.219195,49.741221],[15.214783,49.738573],[15.216515,49.733498],[15.21807,49.732464],[15.217818,49.728043],[15.216523,49.726713],[15.217054,49.725892],[15.212594,49.724839],[15.210151,49.724936],[15.205798,49.723973],[15.203989,49.722429],[15.201516,49.721216],[15.199201,49.720468],[15.200225,49.718902],[15.20011,49.718157],[15.198515,49.71639],[15.195702,49.714763],[15.192813,49.712117],[15.192402,49.711357],[15.190684,49.711509],[15.190914,49.712423],[15.18653,49.712546],[15.183389,49.710182],[15.18177,49.710067],[15.182034,49.707979],[15.184586,49.707063],[15.183432,49.704837],[15.180041,49.703885],[15.180413,49.702094],[15.179143,49.700844],[15.180342,49.700301],[15.179391,49.697489],[15.178284,49.695804],[15.179366,49.693676],[15.179617,49.692218],[15.178111,49.688998],[15.178313,49.688246],[15.179933,49.686571],[15.180525,49.685133],[15.179076,49.684383],[15.179139,49.682928],[15.182568,49.680627],[15.180403,49.678318],[15.17981,49.676335],[15.182575,49.674359],[15.183071,49.67353],[15.181484,49.673142],[15.182547,49.670276],[15.185179,49.667434],[15.189942,49.66731],[15.191784,49.667871],[15.192139,49.66877],[15.193752,49.67002],[15.195051,49.672604],[15.196305,49.672883],[15.199629,49.669835],[15.20084,49.669323],[15.201928,49.667474],[15.204805,49.664475],[15.20753,49.66273],[15.208804,49.662648],[15.212468,49.664157],[15.216639,49.665547],[15.21965,49.66573],[15.221253,49.664886],[15.224005,49.664581],[15.228533,49.664803],[15.234936,49.664746],[15.23424,49.663317],[15.232824,49.66237],[15.233066,49.66173],[15.235714,49.658836],[15.236416,49.656625],[15.236236,49.654916],[15.236768,49.653781],[15.237872,49.653708],[15.239301,49.652345],[15.240741,49.651847],[15.242921,49.650274],[15.243852,49.648899],[15.246646,49.647035],[15.248005,49.644487],[15.249354,49.643878],[15.250385,49.641873],[15.250376,49.640839],[15.247638,49.639331],[15.246146,49.637569],[15.244647,49.637434],[15.244011,49.635892],[15.247177,49.634049],[15.249572,49.63225],[15.24985,49.630119],[15.245418,49.627361],[15.244515,49.624206],[15.243146,49.624147],[15.241087,49.625523],[15.240092,49.624908],[15.242629,49.623451],[15.241265,49.622313],[15.237308,49.623372],[15.237231,49.621855],[15.234081,49.621657],[15.234126,49.620317],[15.232491,49.619585],[15.229793,49.619416],[15.229569,49.616431],[15.230572,49.615198],[15.227683,49.614772],[15.227077,49.613662],[15.225108,49.614296],[15.223123,49.613647],[15.221929,49.612389],[15.216847,49.614036],[15.214428,49.61326],[15.212835,49.612143],[15.210912,49.611866],[15.209169,49.612472],[15.207861,49.614077],[15.205814,49.613838],[15.204772,49.611872],[15.200952,49.611633],[15.199714,49.613115],[15.194716,49.616921],[15.194172,49.617979],[15.192917,49.618798],[15.188806,49.620198],[15.188009,49.618637],[15.184598,49.619346],[15.18257,49.618081],[15.182103,49.615459],[15.180492,49.615996],[15.18046,49.614659],[15.177896,49.613449],[15.179602,49.61154],[15.181342,49.610357],[15.178165,49.609374],[15.176044,49.610159],[15.174745,49.612568],[15.17341,49.61337],[15.171812,49.613152],[15.170101,49.611844],[15.169691,49.610397],[15.172801,49.609176],[15.17082,49.607199],[15.172249,49.60617],[15.171945,49.603402],[15.167494,49.602375],[15.167584,49.599843],[15.16569,49.599848],[15.164802,49.598701],[15.165093,49.596746],[15.16357,49.595389],[15.164477,49.593753],[15.167013,49.593783],[15.165598,49.591755],[15.166926,49.590076],[15.164873,49.58984],[15.164909,49.588967],[15.158468,49.590393],[15.15828,49.590804],[15.153114,49.591521],[15.153189,49.594801],[15.15365,49.596002],[15.151809,49.596537],[15.148723,49.598208],[15.14795,49.600668],[15.146637,49.602147],[15.144084,49.602721],[15.14215,49.601874],[15.141693,49.602987],[15.140378,49.603317],[15.139046,49.6015],[15.137578,49.601916],[15.137433,49.603346],[15.135854,49.603091],[15.136812,49.600304],[15.135005,49.599874],[15.133868,49.600854],[15.13197,49.600555],[15.129112,49.601078],[15.126934,49.599678],[15.124634,49.601757],[15.121765,49.603249],[15.119479,49.603191],[15.119029,49.604698],[15.117665,49.604509],[15.114769,49.605396],[15.112027,49.604541],[15.112101,49.60756],[15.112708,49.608735],[15.116571,49.608],[15.117813,49.609521],[15.117506,49.610361],[15.113885,49.610432],[15.112132,49.608841],[15.111112,49.609279],[15.10966,49.607163],[15.107977,49.608079],[15.102054,49.607345],[15.102815,49.604628],[15.102718,49.602375],[15.101084,49.602442],[15.100739,49.603421],[15.098849,49.603282],[15.098256,49.604957],[15.095952,49.604475],[15.096492,49.603723],[15.093856,49.602681],[15.090931,49.60207],[15.090467,49.602392],[15.087913,49.599996],[15.082902,49.600608],[15.083451,49.597856],[15.082105,49.597861],[15.080844,49.597049],[15.076874,49.59837],[15.075795,49.599225],[15.074366,49.599142],[15.073479,49.598222],[15.074124,49.597608],[15.069126,49.595914],[15.066672,49.596286],[15.065752,49.596785],[15.062436,49.596804],[15.059824,49.595466],[15.058916,49.595656],[15.05588,49.594071],[15.053008,49.594441],[15.050542,49.595362],[15.051221,49.596603],[15.048906,49.598206],[15.046163,49.599105],[15.04553,49.600284],[15.043345,49.599828],[15.041649,49.600615],[15.040096,49.600565],[15.037823,49.599401],[15.036261,49.599823],[15.036174,49.601504],[15.033013,49.60046],[15.031344,49.600178],[15.029367,49.599076],[15.028086,49.599206],[15.026789,49.597253],[15.024513,49.598097],[15.021301,49.596804],[15.018489,49.599427],[15.016365,49.60003],[15.015921,49.600624],[15.01378,49.600781],[15.012833,49.599868],[15.008814,49.601418],[15.006673,49.601143],[15.006414,49.602363],[15.007691,49.603643],[15.002209,49.605494],[15.001732,49.607104],[14.997445,49.607982],[14.993283,49.607143],[14.991251,49.607015],[14.988167,49.606149],[14.986268,49.605186],[14.983985,49.60489],[14.981821,49.605953],[14.978968,49.604493],[14.976488,49.604376],[14.974677,49.603681],[14.974005,49.601307],[14.970705,49.599434],[14.970123,49.597109],[14.968968,49.59577],[14.971433,49.595596],[14.972464,49.59383],[14.975624,49.592453],[14.978001,49.59249],[14.980076,49.59184],[14.982041,49.591669],[14.984396,49.588332],[14.985171,49.587719],[14.985081,49.586144],[14.988466,49.585315],[14.990734,49.585115],[14.991302,49.58365],[14.992892,49.582619],[14.992966,49.581857],[14.989562,49.581506],[14.987795,49.580633],[14.98311,49.580408],[14.982297,49.579523],[14.978991,49.578794],[14.977672,49.579054],[14.974969,49.578922],[14.973939,49.578492],[14.967841,49.578203],[14.966057,49.578395],[14.961821,49.579596],[14.959739,49.579645],[14.959245,49.578299],[14.956892,49.576192],[14.954022,49.577101],[14.950198,49.577594],[14.948079,49.578734],[14.947489,49.579665],[14.943967,49.579893],[14.939594,49.579835],[14.93908,49.578759],[14.940594,49.576125],[14.942005,49.575281],[14.940689,49.573672],[14.939569,49.56931],[14.936554,49.568954],[14.935564,49.567363],[14.936773,49.566337],[14.938901,49.566424],[14.94137,49.565206],[14.941536,49.56314],[14.942349,49.561716],[14.944074,49.560866],[14.945082,49.559852],[14.946439,49.556736],[14.944093,49.557658],[14.941609,49.558146],[14.939299,49.558009],[14.936488,49.5583],[14.932769,49.557506],[14.930986,49.554554],[14.932357,49.552345],[14.931381,49.550856],[14.932006,49.549379],[14.932292,49.548697],[14.929793,49.547768],[14.928464,49.545904],[14.928265,49.543468],[14.929613,49.540779],[14.931863,49.539694],[14.934739,49.537402],[14.935576,49.535923],[14.935609,49.534797],[14.939525,49.530331],[14.942216,49.52919],[14.943296,49.528225],[14.945026,49.52763],[14.945122,49.526614],[14.943689,49.524311],[14.941615,49.52459],[14.939825,49.523273],[14.938689,49.521731],[14.937269,49.522135],[14.935844,49.520653],[14.932636,49.520725],[14.928211,49.521102],[14.926476,49.524021],[14.920372,49.522371],[14.918768,49.522802],[14.917036,49.522136],[14.915751,49.522487],[14.911129,49.521982],[14.9099,49.522587],[14.906215,49.522345],[14.905645,49.520914],[14.905721,49.51865],[14.903064,49.518351],[14.902112,49.517098],[14.901323,49.514509],[14.903801,49.51392],[14.906077,49.512203],[14.908084,49.513054],[14.909571,49.512505],[14.910675,49.511065],[14.912752,49.51152],[14.914162,49.510278],[14.91591,49.508129],[14.918201,49.508029],[14.918674,49.506382],[14.92446,49.503885],[14.925962,49.502325],[14.925214,49.501627],[14.926953,49.500619],[14.926516,49.49953],[14.925351,49.499012],[14.926127,49.495631],[14.928703,49.495162],[14.928803,49.492396],[14.927761,49.490539],[14.928292,49.488099],[14.930854,49.485278],[14.933072,49.483669],[14.931135,49.483416],[14.928316,49.482599],[14.926025,49.48243],[14.925337,49.481454],[14.924077,49.47789],[14.922534,49.475847],[14.921356,49.475501],[14.921407,49.474511],[14.918482,49.474344],[14.918693,49.473194],[14.919621,49.472309],[14.921498,49.471519],[14.922276,49.470427],[14.925031,49.470471],[14.930087,49.467988],[14.927736,49.46593],[14.926467,49.464097],[14.926082,49.462149],[14.924826,49.460245],[14.926618,49.45819],[14.927523,49.456361],[14.924472,49.45626],[14.924439,49.453916],[14.922958,49.452704],[14.923171,49.451904],[14.92113,49.450211],[14.921432,49.448691],[14.920152,49.448026],[14.919749,49.446585],[14.916761,49.446795],[14.915232,49.446207],[14.91252,49.443626],[14.91279,49.441811],[14.911906,49.441262],[14.912197,49.440147],[14.913629,49.439766],[14.913282,49.438658],[14.914138,49.437274],[14.912129,49.433636],[14.911336,49.430852],[14.906841,49.431228],[14.905081,49.428034],[14.902358,49.428333],[14.900156,49.427965],[14.900674,49.425949],[14.901873,49.424905],[14.90065,49.424082],[14.901092,49.422223],[14.90201,49.42209],[14.903387,49.423721],[14.906735,49.423204],[14.9086,49.423879],[14.909673,49.425863],[14.916046,49.424694],[14.91451,49.42271],[14.912721,49.421861],[14.911113,49.420249],[14.910987,49.419238],[14.90929,49.418193],[14.905992,49.417912],[14.905432,49.416813],[14.906708,49.415185],[14.904109,49.412653],[14.902433,49.412998],[14.901909,49.410909],[14.905354,49.408554],[14.904384,49.407197],[14.904647,49.405798],[14.905902,49.404819],[14.903574,49.402096],[14.901624,49.401494],[14.902921,49.399579],[14.901505,49.398319],[14.901535,49.39497],[14.898794,49.39478],[14.896974,49.393439],[14.894032,49.393377],[14.892547,49.391345],[14.892537,49.389509],[14.89386,49.389754],[14.895691,49.389315],[14.894639,49.38808],[14.892232,49.387916],[14.892065,49.38527],[14.889712,49.384122],[14.89254,49.38194],[14.892534,49.379901],[14.891981,49.378715],[14.888181,49.375964],[14.891554,49.373406],[14.895568,49.373263],[14.896365,49.372176],[14.900125,49.371831],[14.902472,49.369977],[14.905913,49.36895],[14.907863,49.36862],[14.9079,49.367995],[14.910798,49.366957],[14.91258,49.366888],[14.915129,49.368367],[14.918352,49.367042],[14.91943,49.365169],[14.924157,49.363496],[14.925808,49.362546],[14.924971,49.36101],[14.925767,49.359341],[14.925752,49.355557],[14.926655,49.355064],[14.926452,49.353244],[14.926885,49.352549],[14.928663,49.352707],[14.930949,49.355505],[14.932661,49.356547],[14.933291,49.354711],[14.931594,49.354059],[14.93257,49.352256],[14.931121,49.351215],[14.928088,49.351882],[14.92508,49.352066],[14.922798,49.351398],[14.921481,49.348714],[14.918936,49.346984],[14.918676,49.345582],[14.916894,49.34496],[14.914054,49.344937],[14.915212,49.342],[14.909881,49.34067],[14.909942,49.339598],[14.908784,49.338587],[14.909329,49.337046],[14.907547,49.336457],[14.905623,49.335194],[14.904272,49.333382],[14.905736,49.333022],[14.906723,49.33141],[14.909332,49.328054],[14.91139,49.327499],[14.913425,49.327455],[14.915555,49.326401],[14.918208,49.324313],[14.918632,49.323636],[14.923731,49.321751],[14.926496,49.320969],[14.927368,49.319363],[14.92713,49.318667],[14.929978,49.316482],[14.926064,49.313366],[14.924169,49.310405],[14.929486,49.30966],[14.931175,49.308898],[14.94,49.306447],[14.94516,49.305222],[14.945324,49.303451],[14.947869,49.304244],[14.949739,49.301982],[14.948973,49.30091],[14.949519,49.29697],[14.953593,49.293934],[14.955015,49.293596],[14.95684,49.292276],[14.958281,49.291954],[14.959743,49.292657],[14.962113,49.292303],[14.962947,49.290907],[14.966281,49.289587],[14.969705,49.287858],[14.974609,49.283281],[14.975412,49.281926],[14.976898,49.282042],[14.977163,49.280969],[14.975318,49.279886],[14.977541,49.278559],[14.978394,49.277329],[14.981358,49.276769],[14.984165,49.276702],[14.987526,49.275769],[14.991176,49.275017],[14.996529,49.279554],[14.996668,49.280257],[15.001093,49.284883],[15.004796,49.285751],[15.005275,49.28621],[15.008682,49.287575],[15.010265,49.288561],[15.012811,49.289335],[15.013868,49.29019],[15.015939,49.290794],[15.018626,49.290861],[15.019641,49.291564],[15.022313,49.292267],[15.023869,49.293601],[15.029479,49.295974],[15.029896,49.296601],[15.032239,49.295868],[15.035381,49.294325],[15.034922,49.291609],[15.035504,49.290487],[15.037755,49.290799],[15.041642,49.290235],[15.044292,49.287565],[15.043705,49.287175],[15.044867,49.285717],[15.043628,49.283919],[15.044682,49.282351],[15.047134,49.281759],[15.048156,49.280093],[15.050663,49.278718],[15.052154,49.278641],[15.055232,49.276906],[15.057268,49.276171],[15.058305,49.275254],[15.060967,49.274054],[15.062086,49.273967],[15.063909,49.272802],[15.068038,49.272025],[15.069684,49.273415],[15.072576,49.273071],[15.079584,49.272598],[15.081149,49.273027],[15.08332,49.271817],[15.085702,49.272069],[15.092062,49.270978],[15.094435,49.270852],[15.097288,49.270327],[15.100653,49.270455],[15.103673,49.270112],[15.104399,49.268968],[15.104482,49.267129],[15.10525,49.266277],[15.103779,49.264811],[15.104465,49.263385],[15.103354,49.260807],[15.102044,49.260449],[15.099093,49.26079],[15.097963,49.259383],[15.100353,49.256509],[15.101866,49.250726],[15.100842,49.249036],[15.096944,49.248738],[15.095581,49.248992],[15.091568,49.250704],[15.087857,49.250581],[15.083862,49.250011],[15.080235,49.250587],[15.076583,49.252672],[15.074951,49.252169],[15.076035,49.250843],[15.077639,49.250306],[15.078981,49.248897],[15.078905,49.248054],[15.080737,49.247742],[15.081363,49.246522],[15.084305,49.24638],[15.085338,49.246799],[15.089222,49.24597],[15.092754,49.245532],[15.096848,49.242856],[15.09912,49.240808],[15.099808,49.242322],[15.10471,49.243982],[15.105947,49.245896],[15.109578,49.246716],[15.114106,49.247493],[15.119991,49.248263],[15.123732,49.24779],[15.126628,49.245131],[15.128018,49.243457],[15.131659,49.243073],[15.13164,49.241827],[15.130181,49.241299],[15.132608,49.237249],[15.135383,49.237574],[15.137051,49.235414],[15.136236,49.233889],[15.134844,49.233553],[15.136553,49.231005],[15.138165,49.229127],[15.138317,49.228164],[15.139606,49.226057],[15.140794,49.223074],[15.13931,49.221161],[15.141267,49.221424],[15.143258,49.220913],[15.146077,49.220748],[15.150583,49.221156],[15.153172,49.219168],[15.155197,49.218166],[15.159728,49.217315],[15.162551,49.217367],[15.166516,49.216023],[15.169697,49.218223],[15.172739,49.219828],[15.176136,49.221238],[15.179014,49.224046],[15.182859,49.226803],[15.186864,49.229102],[15.188103,49.230248],[15.190597,49.231127],[15.19062,49.23321],[15.191194,49.235872],[15.192394,49.236168],[15.197573,49.235294],[15.199131,49.23381],[15.199154,49.233078],[15.201658,49.231093],[15.202997,49.2308],[15.203781,49.228063],[15.204404,49.227864],[15.205724,49.225952],[15.207422,49.226793],[15.210313,49.226462],[15.214614,49.226842],[15.216491,49.227967],[15.218846,49.227255],[15.222768,49.225111],[15.223971,49.224725],[15.227154,49.224525],[15.22908,49.223725],[15.231177,49.224023],[15.237277,49.222954],[15.241478,49.221917],[15.242036,49.223733],[15.247213,49.221759],[15.247625,49.220503],[15.251896,49.219426],[15.254105,49.21855],[15.257528,49.217603],[15.256558,49.216681],[15.256275,49.214773],[15.255572,49.213445],[15.253963,49.213562],[15.254668,49.212205],[15.256459,49.211175],[15.254557,49.209057],[15.254571,49.207653],[15.25791,49.20744],[15.258781,49.207948],[15.258353,49.209447],[15.258945,49.210688],[15.260109,49.210998],[15.261048,49.212282],[15.263361,49.214092],[15.265528,49.214707],[15.268124,49.21315],[15.269066,49.211798],[15.271285,49.210596],[15.275572,49.211247],[15.27955,49.210276],[15.281564,49.21112],[15.282735,49.213421],[15.282841,49.214543],[15.284927,49.216785],[15.287135,49.216501],[15.290767,49.216462],[15.293351,49.217089],[15.297373,49.216653],[15.300756,49.215188],[15.301966,49.215139],[15.305269,49.213432],[15.306825,49.213763],[15.30756,49.213162],[15.313192,49.214831],[15.312436,49.216808],[15.313085,49.218663],[15.315044,49.217623],[15.317414,49.218227],[15.318855,49.219165],[15.321702,49.218212],[15.321656,49.217385],[15.325086,49.217134],[15.32888,49.21741],[15.331204,49.219427],[15.332547,49.218938],[15.335679,49.21913],[15.338548,49.218387],[15.341485,49.21833],[15.343451,49.216827],[15.34549,49.216377],[15.345692,49.212035],[15.343287,49.207596],[15.342346,49.204698],[15.34293,49.204546],[15.344319,49.201483],[15.344611,49.199895],[15.347896,49.198289],[15.349186,49.197134],[15.348289,49.195942],[15.347853,49.193499],[15.350916,49.193157],[15.350459,49.190056],[15.34815,49.188314],[15.347651,49.187528],[15.348272,49.185203],[15.346175,49.18328],[15.344927,49.1817],[15.34326,49.180501],[15.342693,49.179228],[15.342764,49.1756],[15.341794,49.174592],[15.344324,49.172826],[15.340962,49.170746],[15.339905,49.169152],[15.337174,49.167481],[15.337218,49.166836],[15.341749,49.167218],[15.343266,49.166891],[15.345411,49.16341],[15.34611,49.161066],[15.347259,49.160284],[15.350428,49.155508],[15.351736,49.153878],[15.353516,49.152959],[15.3574,49.153038],[15.357264,49.154384],[15.35451,49.154998],[15.355218,49.156657],[15.358381,49.156016],[15.3606,49.155231],[15.358187,49.153016],[15.358403,49.150483],[15.360204,49.150524],[15.3619,49.150023],[15.363972,49.14858],[15.366546,49.148031],[15.368801,49.148307],[15.369443,49.149019],[15.371481,49.148907],[15.372608,49.150475],[15.373799,49.148701],[15.375971,49.146878],[15.377285,49.144889],[15.379728,49.142406],[15.380123,49.141558],[15.379044,49.139699],[15.379472,49.137878],[15.382747,49.136082],[15.388287,49.134238],[15.391346,49.134944],[15.39436,49.133864],[15.399434,49.132663],[15.400388,49.132071],[15.403185,49.132099],[15.406264,49.13152],[15.408256,49.130367],[15.410684,49.1278],[15.414085,49.126532],[15.414987,49.126561],[15.422222,49.1252],[15.422795,49.124178],[15.421523,49.122973],[15.421563,49.120743],[15.422209,49.119669],[15.421573,49.118712],[15.423849,49.117636],[15.425586,49.119847],[15.427668,49.123156],[15.427062,49.124055],[15.430232,49.128379],[15.430343,49.129768],[15.432748,49.129717],[15.435241,49.131044],[15.437994,49.131966],[15.440403,49.132227],[15.44127,49.133023],[15.445066,49.130395],[15.448208,49.128645],[15.449918,49.128195],[15.451947,49.125871],[15.454941,49.123531],[15.456678,49.123052],[15.456335,49.12223],[15.459472,49.121528],[15.461677,49.121426],[15.464285,49.120072],[15.465276,49.121072],[15.466547,49.12008],[15.468392,49.119619],[15.46887,49.121347],[15.469958,49.122821],[15.475181,49.121691],[15.478692,49.121281],[15.480633,49.121422],[15.484183,49.122296],[15.489654,49.121544],[15.489271,49.120593],[15.492337,49.119448],[15.494842,49.11911],[15.498721,49.118967],[15.502778,49.119233],[15.504838,49.122334],[15.507912,49.124688],[15.509844,49.128182],[15.511958,49.130026],[15.514231,49.130539],[15.515573,49.131294],[15.519782,49.130789],[15.519965,49.130206],[15.522678,49.129949],[15.523812,49.12947],[15.526669,49.129542],[15.52888,49.127731],[15.529948,49.126161],[15.532629,49.125814],[15.535856,49.124681],[15.536534,49.126074],[15.539304,49.126729],[15.53925,49.128199],[15.538281,49.129097],[15.534429,49.131084],[15.535807,49.131664],[15.535745,49.134168],[15.53672,49.135492],[15.537841,49.13457],[15.539415,49.134136],[15.542746,49.134019],[15.54325,49.135543],[15.544555,49.135659],[15.548315,49.134635],[15.550218,49.13369],[15.552457,49.131945],[15.554825,49.131242],[15.555063,49.12822],[15.557431,49.130109],[15.559909,49.130301],[15.564686,49.129035],[15.567466,49.128902],[15.56663,49.126501],[15.566831,49.124195],[15.567576,49.123246],[15.568979,49.122838],[15.569719,49.121865],[15.569565,49.120106],[15.570157,49.118113],[15.570082,49.116579],[15.567527,49.118554],[15.564527,49.118351],[15.563068,49.118545],[15.559655,49.118209],[15.553902,49.117032],[15.551833,49.116421],[15.549699,49.114763],[15.554178,49.111645],[15.557055,49.111024],[15.559047,49.11107],[15.565558,49.109056],[15.567508,49.106606],[15.569916,49.105057],[15.572292,49.104216],[15.5713,49.102991],[15.574714,49.102031],[15.575171,49.103287],[15.574008,49.103617],[15.574537,49.105576],[15.576301,49.105226],[15.577817,49.106395],[15.579325,49.105749],[15.582944,49.105324],[15.58478,49.105908],[15.590199,49.104441],[15.588534,49.103206],[15.587154,49.10143],[15.585578,49.101968],[15.583783,49.099667],[15.58204,49.098277],[15.595697,49.092224],[15.601004,49.090382],[15.603052,49.089383],[15.604204,49.087781],[15.602846,49.086363],[15.601871,49.086567],[15.599253,49.085251],[15.596128,49.084876],[15.593521,49.085248],[15.589973,49.084497],[15.591171,49.083577],[15.593604,49.082827],[15.595989,49.081242],[15.595842,49.079775],[15.597269,49.077802],[15.597786,49.076481],[15.595068,49.074885],[15.591444,49.073694],[15.591721,49.073062],[15.589917,49.072199],[15.58572,49.071687],[15.583612,49.072017],[15.582577,49.072922],[15.58105,49.072144],[15.577602,49.072984],[15.575519,49.074119],[15.571492,49.070888],[15.569948,49.072081],[15.566814,49.072753],[15.561775,49.074568],[15.55571,49.076525],[15.553239,49.077106],[15.551669,49.071775],[15.553829,49.070398],[15.556778,49.066854],[15.555504,49.064382],[15.556235,49.06409],[15.555222,49.06112],[15.550237,49.061823],[15.546462,49.060669],[15.54502,49.060932],[15.542048,49.060459],[15.540937,49.058251],[15.54435,49.056965],[15.543136,49.051418],[15.546661,49.050753],[15.549345,49.049909],[15.546605,49.044505],[15.545785,49.042462],[15.545015,49.042061],[15.541905,49.04167],[15.539251,49.040634],[15.538826,49.039558],[15.536478,49.040067],[15.532701,49.040238],[15.527289,49.039288],[15.524857,49.036989],[15.528437,49.035161],[15.530213,49.033945],[15.528331,49.033015],[15.530723,49.030431],[15.531989,49.030752],[15.532429,49.029219],[15.531003,49.029149],[15.53075,49.026609],[15.533746,49.025764],[15.53309,49.025061],[15.531175,49.02441],[15.529415,49.024522],[15.524982,49.021242],[15.518518,49.021499],[15.516784,49.021309],[15.51821,49.015778],[15.516328,49.016523],[15.513844,49.016278],[15.512372,49.016815],[15.510651,49.016767],[15.509241,49.017408],[15.508609,49.014369],[15.507264,49.011695],[15.506265,49.011787],[15.505797,49.010453],[15.50421,49.010804],[15.504232,49.007633],[15.503271,49.007307],[15.50027,49.007368],[15.497962,49.005617],[15.493937,49.004813],[15.491804,49.004918],[15.492861,49.002582],[15.492421,49.000599],[15.493543,49.000003],[15.489309,48.998021],[15.487281,48.996867],[15.488117,48.995684],[15.489189,48.992884],[15.49083,48.991358],[15.492577,48.99142],[15.49303,48.989354],[15.496266,48.989414],[15.496844,48.991653],[15.497586,48.99291],[15.499261,48.993166],[15.502317,48.992584],[15.503174,48.992883],[15.504004,48.994725],[15.506094,48.99515],[15.508304,48.998554],[15.510046,48.998384],[15.512691,48.997577],[15.515429,48.99757],[15.519966,48.996101],[15.528141,48.995035],[15.527907,48.993335],[15.529161,48.991182],[15.527048,48.991083],[15.526345,48.989645],[15.524566,48.988725],[15.523748,48.98281],[15.52319,48.980966],[15.520847,48.97844],[15.522476,48.977381],[15.523705,48.975979],[15.52976,48.974072],[15.5338,48.973753],[15.536401,48.973788],[15.540264,48.973365],[15.541399,48.973753],[15.544647,48.973032],[15.546957,48.973847],[15.549076,48.973879],[15.55841,48.972026],[15.559873,48.971406],[15.562665,48.969445],[15.567511,48.967879],[15.572525,48.966522],[15.575363,48.966166],[15.577656,48.966258],[15.580304,48.965745],[15.580481,48.962825],[15.578599,48.962425],[15.578136,48.961103],[15.579986,48.959667],[15.578766,48.958219],[15.575103,48.958554],[15.57314,48.957451],[15.573658,48.955734],[15.575149,48.954319],[15.577325,48.953269],[15.5775,48.95271],[15.580359,48.951425],[15.586811,48.946959]]]},"properties":{"name":"Vysočina (Böhmisch-Mährische Höhe)","code":"J","name_cz":"Kraj Vysočina"}},
{"type":"Feature","geometry":{"type":"Polygon","coordinates":[[[16.392036,49.58012],[16.391314,49.579589],[16.393091,49.578529],[16.393681,49.576869],[16.393082,49.576241],[16.39333,49.574155],[16.392597,49.572933],[16.392989,49.570207],[16.391349,49.568381],[16.392416,49.566703],[16.389743,49.566471],[16.390542,49.564436],[16.391485,49.564001],[16.39105,49.562184],[16.389639,49.560031],[16.388593,49.56012],[16.387277,49.558994],[16.385187,49.558794],[16.385013,49.557174],[16.382834,49.556644],[16.382818,49.555176],[16.379968,49.554985],[16.376366,49.553919],[16.373029,49.553749],[16.372085,49.552243],[16.372643,49.550849],[16.374829,49.550915],[16.374825,49.549142],[16.375975,49.548143],[16.376285,49.547039],[16.377735,49.545262],[16.379906,49.54454],[16.379607,49.543582],[16.38145,49.543646],[16.383089,49.543115],[16.384203,49.541683],[16.385457,49.542058],[16.386397,49.540171],[16.38633,49.539121],[16.388659,49.538229],[16.392507,49.539734],[16.393938,49.540066],[16.395396,49.538918],[16.397709,49.539168],[16.400013,49.539005],[16.400639,49.538204],[16.404441,49.539051],[16.408382,49.539451],[16.410356,49.538095],[16.410057,49.537652],[16.414442,49.534302],[16.415399,49.533279],[16.415714,49.53136],[16.41523,49.530729],[16.416163,49.527359],[16.418302,49.525196],[16.417179,49.521806],[16.415419,49.521196],[16.413834,49.518528],[16.413808,49.51744],[16.411623,49.514591],[16.41111,49.51206],[16.40983,49.510414],[16.408407,49.510208],[16.404591,49.510968],[16.401696,49.50936],[16.400924,49.507321],[16.39752,49.505099],[16.396573,49.503412],[16.396183,49.501616],[16.393701,49.500918],[16.39181,49.499321],[16.388932,49.498937],[16.387767,49.4976],[16.388004,49.495677],[16.385715,49.493405],[16.384248,49.492793],[16.381948,49.493219],[16.379142,49.491966],[16.377721,49.492552],[16.372723,49.491507],[16.372062,49.492826],[16.37253,49.494125],[16.370314,49.496308],[16.369617,49.498092],[16.366526,49.499407],[16.36487,49.501365],[16.362683,49.50158],[16.359613,49.50229],[16.357109,49.50162],[16.355019,49.502241],[16.35518,49.500883],[16.353784,49.499824],[16.353303,49.498823],[16.35712,49.4983],[16.361239,49.497128],[16.362771,49.495976],[16.362384,49.493377],[16.360125,49.49096],[16.363009,49.488923],[16.362791,49.487153],[16.364932,49.486732],[16.369078,49.484342],[16.37051,49.484394],[16.372301,49.483015],[16.375201,49.481695],[16.376446,49.484347],[16.380995,49.484345],[16.376505,49.48036],[16.377616,49.48001],[16.378053,49.478304],[16.380955,49.475681],[16.382598,49.476228],[16.383839,49.475395],[16.384756,49.475992],[16.38767,49.475781],[16.389571,49.475981],[16.389602,49.473823],[16.390221,49.471577],[16.39017,49.470001],[16.387247,49.468891],[16.385264,49.468959],[16.382421,49.467043],[16.378477,49.465809],[16.376061,49.465709],[16.373718,49.464936],[16.372363,49.464989],[16.374037,49.462982],[16.37641,49.46103],[16.377108,49.459831],[16.378334,49.459743],[16.379538,49.458456],[16.382257,49.456856],[16.381113,49.455849],[16.379398,49.453063],[16.378191,49.451953],[16.375326,49.450477],[16.371863,49.450575],[16.369913,49.44916],[16.367672,49.44889],[16.366797,49.451179],[16.36471,49.452796],[16.363943,49.452238],[16.361649,49.45341],[16.360781,49.452347],[16.357966,49.452284],[16.357068,49.449703],[16.355059,49.448427],[16.35393,49.449072],[16.351824,49.449307],[16.351113,49.451109],[16.350569,49.454771],[16.349617,49.456007],[16.347789,49.459514],[16.34779,49.461719],[16.349422,49.463003],[16.35107,49.463481],[16.350191,49.465395],[16.351397,49.46756],[16.350365,49.468732],[16.351731,49.469581],[16.349659,49.470322],[16.347647,49.469363],[16.3459,49.467935],[16.34411,49.467815],[16.340863,49.468391],[16.339179,49.468966],[16.337215,49.468031],[16.336969,49.469523],[16.334474,49.470754],[16.331094,49.471253],[16.328759,49.470874],[16.328353,49.467473],[16.32679,49.467946],[16.322948,49.467594],[16.321234,49.466707],[16.318297,49.4662],[16.316447,49.464945],[16.314638,49.465594],[16.313889,49.464766],[16.314788,49.46366],[16.313282,49.460554],[16.31395,49.458644],[16.311368,49.457964],[16.309746,49.457012],[16.308568,49.455588],[16.307157,49.454889],[16.304515,49.455807],[16.303221,49.454371],[16.301758,49.453435],[16.301543,49.452315],[16.300198,49.451833],[16.297808,49.45183],[16.294322,49.450219],[16.292354,49.449893],[16.292902,49.449104],[16.29286,49.447176],[16.294599,49.447017],[16.296757,49.448374],[16.297156,49.449189],[16.299601,49.449093],[16.301086,49.448613],[16.302153,49.449179],[16.306564,49.449022],[16.309615,49.449159],[16.311671,49.450327],[16.313292,49.450023],[16.314154,49.448606],[16.315552,49.447923],[16.321901,49.450073],[16.323698,49.448752],[16.325744,49.449574],[16.32807,49.447896],[16.329746,49.447896],[16.329987,49.447085],[16.331671,49.446075],[16.333384,49.446305],[16.333893,49.445063],[16.334066,49.442555],[16.335026,49.442541],[16.336156,49.439704],[16.33473,49.438597],[16.332952,49.437921],[16.332109,49.438348],[16.329992,49.437918],[16.327446,49.43788],[16.328453,49.436663],[16.324365,49.436364],[16.326345,49.435593],[16.325711,49.435032],[16.327248,49.433982],[16.327111,49.43326],[16.329176,49.431397],[16.32811,49.431183],[16.32596,49.432461],[16.323692,49.433134],[16.32172,49.429188],[16.318221,49.430151],[16.315323,49.431431],[16.310807,49.430647],[16.306256,49.430132],[16.303216,49.430015],[16.302241,49.429384],[16.296146,49.428186],[16.292749,49.427365],[16.290625,49.431327],[16.289071,49.432309],[16.284838,49.433229],[16.281927,49.432846],[16.281252,49.431572],[16.278374,49.430447],[16.276403,49.431508],[16.27439,49.429913],[16.271987,49.429966],[16.269598,49.428954],[16.26633,49.427932],[16.265362,49.426723],[16.263958,49.426639],[16.261842,49.425603],[16.262928,49.424034],[16.260378,49.422634],[16.26184,49.421313],[16.260983,49.420125],[16.260896,49.418148],[16.25844,49.417288],[16.256872,49.415686],[16.253909,49.414327],[16.257542,49.411753],[16.25757,49.410746],[16.255942,49.409576],[16.257124,49.407386],[16.259035,49.406163],[16.255612,49.405257],[16.2549,49.404154],[16.252088,49.403991],[16.250672,49.404489],[16.248804,49.404438],[16.246616,49.403847],[16.244919,49.402668],[16.239612,49.402835],[16.238934,49.402049],[16.23811,49.399733],[16.236763,49.397789],[16.235604,49.393297],[16.234748,49.392571],[16.232352,49.39263],[16.231367,49.393915],[16.227725,49.394064],[16.22912,49.392267],[16.228513,49.389502],[16.230517,49.387002],[16.233145,49.386186],[16.232873,49.384105],[16.236221,49.381043],[16.233977,49.379654],[16.234209,49.378652],[16.23323,49.377629],[16.234507,49.376352],[16.235974,49.376276],[16.236535,49.375309],[16.234784,49.373126],[16.232249,49.371956],[16.229445,49.369373],[16.227662,49.369825],[16.226266,49.369576],[16.226077,49.368614],[16.229615,49.368111],[16.230061,49.367043],[16.231793,49.3666],[16.230149,49.364792],[16.22979,49.363863],[16.228172,49.362488],[16.226214,49.362369],[16.227018,49.360906],[16.225601,49.360492],[16.225145,49.361731],[16.223391,49.360561],[16.221568,49.358559],[16.217506,49.355653],[16.218471,49.354554],[16.218207,49.353797],[16.220168,49.350673],[16.223906,49.348668],[16.224863,49.349234],[16.226938,49.348476],[16.228758,49.350053],[16.22987,49.349746],[16.232757,49.349791],[16.235317,49.350189],[16.236342,49.349677],[16.236322,49.348706],[16.239459,49.34493],[16.241583,49.343772],[16.242121,49.34277],[16.246286,49.341909],[16.249831,49.340711],[16.253468,49.340246],[16.25257,49.339172],[16.254389,49.338519],[16.253372,49.336744],[16.256613,49.336346],[16.257931,49.337326],[16.258726,49.336516],[16.260802,49.335895],[16.264678,49.336263],[16.266268,49.335928],[16.267583,49.33627],[16.271893,49.334361],[16.271864,49.333297],[16.272921,49.332075],[16.272322,49.331653],[16.269073,49.330911],[16.267878,49.331432],[16.266005,49.331362],[16.261678,49.332694],[16.260268,49.332129],[16.256722,49.33181],[16.255174,49.332124],[16.252399,49.331438],[16.247134,49.331587],[16.244031,49.331148],[16.243731,49.330571],[16.239949,49.327598],[16.239867,49.326073],[16.240791,49.325744],[16.244373,49.323512],[16.248147,49.322938],[16.250068,49.323039],[16.255394,49.321925],[16.258881,49.320037],[16.262598,49.319594],[16.264758,49.319032],[16.269679,49.318468],[16.270119,49.317665],[16.273031,49.315977],[16.274783,49.318393],[16.277546,49.320433],[16.279572,49.321027],[16.285965,49.320729],[16.28767,49.322072],[16.289842,49.320136],[16.292607,49.319057],[16.290832,49.318409],[16.289132,49.31719],[16.292009,49.314796],[16.293171,49.311935],[16.29131,49.312013],[16.289052,49.309718],[16.28996,49.308021],[16.284904,49.302769],[16.283117,49.302185],[16.280512,49.302702],[16.277241,49.299118],[16.280144,49.298394],[16.279584,49.297252],[16.275577,49.297963],[16.275639,49.296293],[16.274465,49.294527],[16.272432,49.293608],[16.27137,49.293845],[16.266671,49.292635],[16.263935,49.292867],[16.262798,49.291911],[16.261022,49.292796],[16.258761,49.291604],[16.258091,49.290675],[16.257348,49.287394],[16.255311,49.283154],[16.25532,49.280053],[16.255678,49.279791],[16.258284,49.274435],[16.261758,49.272801],[16.26685,49.271476],[16.273495,49.270633],[16.278078,49.270233],[16.277737,49.268232],[16.280971,49.267545],[16.284016,49.266136],[16.28798,49.26377],[16.287162,49.261971],[16.2873,49.260297],[16.288352,49.258861],[16.2881,49.256739],[16.284623,49.257481],[16.284049,49.25651],[16.282816,49.25655],[16.281451,49.25486],[16.278978,49.254378],[16.276571,49.254257],[16.273538,49.253259],[16.273186,49.252563],[16.271397,49.251789],[16.269987,49.251926],[16.266435,49.253955],[16.264934,49.25442],[16.261748,49.253377],[16.258492,49.253338],[16.255049,49.254057],[16.25321,49.25259],[16.251626,49.251859],[16.250773,49.25022],[16.251453,49.247615],[16.247555,49.243204],[16.246067,49.240164],[16.244175,49.23834],[16.245352,49.237395],[16.243062,49.236202],[16.244284,49.235266],[16.24121,49.233889],[16.242311,49.232284],[16.240042,49.230464],[16.238262,49.229669],[16.237775,49.228411],[16.235026,49.224849],[16.237296,49.222764],[16.237795,49.221144],[16.235887,49.220401],[16.235601,49.218145],[16.235907,49.216383],[16.235369,49.214143],[16.234171,49.212231],[16.234953,49.21058],[16.23638,49.211312],[16.239751,49.211848],[16.243766,49.211559],[16.245672,49.211783],[16.247222,49.211335],[16.250676,49.209016],[16.25331,49.20868],[16.257443,49.209564],[16.260598,49.208912],[16.261216,49.208221],[16.26614,49.205763],[16.268644,49.204835],[16.270793,49.203447],[16.271564,49.202453],[16.274419,49.20093],[16.273015,49.198137],[16.272832,49.196562],[16.271449,49.195869],[16.268113,49.196855],[16.267349,49.195568],[16.267252,49.193989],[16.268611,49.19126],[16.26894,49.188508],[16.267881,49.185454],[16.273138,49.184431],[16.275773,49.184093],[16.272061,49.178994],[16.270701,49.178912],[16.269925,49.177379],[16.267049,49.1783],[16.263075,49.179975],[16.260544,49.179758],[16.260816,49.177473],[16.258669,49.177645],[16.258557,49.175009],[16.255729,49.174274],[16.250699,49.175299],[16.246875,49.174793],[16.243554,49.176037],[16.239212,49.176086],[16.23718,49.175696],[16.236333,49.174765],[16.233198,49.174757],[16.232636,49.172834],[16.23166,49.171326],[16.229991,49.169985],[16.230064,49.168417],[16.22758,49.166528],[16.227753,49.165668],[16.225139,49.164823],[16.226084,49.163363],[16.22866,49.162466],[16.230924,49.162331],[16.230789,49.161105],[16.229891,49.159304],[16.22848,49.157946],[16.230006,49.157732],[16.233665,49.160338],[16.234836,49.159868],[16.235843,49.158028],[16.238283,49.156019],[16.237807,49.151998],[16.239104,49.151413],[16.239541,49.149621],[16.240886,49.148945],[16.241891,49.147672],[16.243811,49.147442],[16.246049,49.145963],[16.24544,49.144319],[16.240949,49.142848],[16.239105,49.143664],[16.237617,49.142238],[16.237197,49.141244],[16.238685,49.140171],[16.237385,49.139552],[16.234908,49.13745],[16.233691,49.136058],[16.231675,49.137157],[16.229495,49.137618],[16.227379,49.136662],[16.224046,49.134752],[16.220723,49.134731],[16.219034,49.134991],[16.217581,49.136526],[16.217136,49.138144],[16.213215,49.140128],[16.210548,49.140186],[16.207498,49.139839],[16.206301,49.139143],[16.203876,49.138778],[16.204861,49.137162],[16.20686,49.136389],[16.203944,49.135953],[16.204253,49.13492],[16.2031,49.134228],[16.207408,49.131842],[16.207793,49.131257],[16.212133,49.129801],[16.217513,49.126738],[16.218757,49.124838],[16.221314,49.123356],[16.234173,49.118541],[16.23708,49.117009],[16.241406,49.11537],[16.246052,49.113071],[16.247678,49.111995],[16.249687,49.111629],[16.249894,49.110784],[16.253872,49.110188],[16.256024,49.109461],[16.255004,49.107306],[16.25535,49.106293],[16.253973,49.104441],[16.251879,49.104495],[16.24845,49.10399],[16.247704,49.102704],[16.247385,49.100016],[16.246433,49.099681],[16.24445,49.100132],[16.240713,49.099985],[16.239824,49.099653],[16.238719,49.098183],[16.236046,49.098313],[16.232631,49.097925],[16.226634,49.098847],[16.222137,49.09808],[16.220031,49.096832],[16.219343,49.094644],[16.217729,49.093809],[16.216248,49.093721],[16.216668,49.092101],[16.217658,49.091151],[16.21971,49.090382],[16.222315,49.088351],[16.223114,49.087337],[16.227348,49.08654],[16.226791,49.083679],[16.224539,49.083507],[16.223913,49.082998],[16.219941,49.081416],[16.219415,49.080394],[16.216517,49.078451],[16.216173,49.077904],[16.213964,49.077427],[16.212298,49.076596],[16.216014,49.075781],[16.213615,49.074983],[16.211583,49.073313],[16.210967,49.071567],[16.207579,49.072741],[16.202149,49.073161],[16.197996,49.074055],[16.19658,49.072984],[16.193231,49.07317],[16.189132,49.07082],[16.187507,49.072108],[16.183636,49.073681],[16.181069,49.072404],[16.180539,49.071802],[16.183045,49.07137],[16.182264,49.070325],[16.179938,49.069873],[16.179475,49.069122],[16.17606,49.06995],[16.176949,49.071323],[16.174508,49.072288],[16.166269,49.073517],[16.160871,49.073371],[16.156144,49.069491],[16.152968,49.070107],[16.149977,49.071288],[16.147926,49.069817],[16.147647,49.069111],[16.145826,49.068245],[16.144317,49.068883],[16.142283,49.068338],[16.138532,49.068619],[16.136917,49.066556],[16.1374,49.065692],[16.135791,49.06422],[16.13308,49.065724],[16.132458,49.064096],[16.134521,49.063597],[16.133143,49.06166],[16.128994,49.057739],[16.131968,49.056138],[16.132854,49.055029],[16.134418,49.054715],[16.137364,49.055141],[16.138888,49.05453],[16.139127,49.050934],[16.141264,49.050107],[16.144124,49.050228],[16.146017,49.048338],[16.145925,49.047449],[16.142199,49.046355],[16.141174,49.045801],[16.135727,49.044054],[16.134089,49.043315],[16.130833,49.043564],[16.129592,49.044615],[16.129227,49.04594],[16.127806,49.045499],[16.126632,49.045853],[16.123992,49.045575],[16.125196,49.044369],[16.124275,49.043758],[16.123216,49.042119],[16.120957,49.041402],[16.122052,49.040589],[16.124578,49.040236],[16.123772,49.039085],[16.122212,49.03924],[16.118426,49.038067],[16.117044,49.037075],[16.115267,49.038459],[16.111618,49.039374],[16.106427,49.040357],[16.102262,49.040802],[16.1001,49.040056],[16.099737,49.03923],[16.099965,49.036956],[16.099391,49.036358],[16.097546,49.037385],[16.097315,49.038374],[16.093823,49.038994],[16.086909,49.038908],[16.08599,49.039234],[16.084068,49.035619],[16.084674,49.034768],[16.087741,49.032749],[16.087432,49.031199],[16.084632,49.031013],[16.082586,49.032046],[16.080894,49.034123],[16.077401,49.035953],[16.07617,49.038285],[16.074732,49.037887],[16.072205,49.038519],[16.07049,49.038534],[16.068647,49.037763],[16.06889,49.036216],[16.066995,49.035327],[16.063334,49.035786],[16.062136,49.036528],[16.06115,49.03805],[16.058251,49.039158],[16.056066,49.039686],[16.054894,49.042026],[16.054096,49.042159],[16.051855,49.040978],[16.05122,49.041333],[16.049179,49.040385],[16.045754,49.04013],[16.044358,49.040749],[16.044435,49.04216],[16.041064,49.041433],[16.038215,49.041999],[16.036851,49.046013],[16.03482,49.046851],[16.032404,49.046923],[16.030356,49.045255],[16.030132,49.044195],[16.031738,49.043257],[16.034251,49.04067],[16.034286,49.03843],[16.03318,49.037493],[16.033483,49.035806],[16.032296,49.035176],[16.028507,49.036139],[16.024819,49.036257],[16.023894,49.035377],[16.02192,49.030943],[16.021502,49.029395],[16.013117,49.029076],[16.010641,49.028369],[16.009528,49.026933],[16.003126,49.027856],[16.000906,49.027636],[15.997349,49.027889],[15.993257,49.028745],[15.993151,49.030064],[15.99197,49.03082],[15.98295,49.032938],[15.982203,49.033524],[15.98326,49.035101],[15.982095,49.035936],[15.984156,49.036757],[15.98185,49.03821],[15.980173,49.039804],[15.978189,49.039702],[15.978008,49.038573],[15.97895,49.037381],[15.978087,49.036572],[15.976534,49.036264],[15.972848,49.039034],[15.970954,49.039331],[15.969825,49.038479],[15.968449,49.039775],[15.972251,49.040095],[15.970889,49.042263],[15.969412,49.043686],[15.969992,49.044527],[15.971545,49.044033],[15.972871,49.045985],[15.970648,49.047032],[15.969314,49.046687],[15.9677,49.047801],[15.966857,49.049131],[15.965173,49.050612],[15.964205,49.052169],[15.964989,49.055118],[15.960616,49.056526],[15.959718,49.056236],[15.956926,49.053968],[15.952613,49.052714],[15.950769,49.051824],[15.948556,49.049472],[15.945808,49.047354],[15.941852,49.047742],[15.939068,49.049037],[15.931495,49.051086],[15.931989,49.049436],[15.93345,49.04761],[15.933174,49.045793],[15.932352,49.044549],[15.931941,49.042688],[15.933425,49.041106],[15.934584,49.039075],[15.931751,49.036958],[15.929031,49.035791],[15.927005,49.036131],[15.92492,49.034656],[15.924261,49.034703],[15.92219,49.031659],[15.91938,49.030408],[15.917244,49.02891],[15.915938,49.028859],[15.914917,49.030243],[15.91372,49.030571],[15.910161,49.030173],[15.908947,49.029079],[15.905856,49.029266],[15.902551,49.030627],[15.90228,49.031203],[15.904352,49.031823],[15.908678,49.031948],[15.910663,49.032283],[15.909594,49.033538],[15.905814,49.034227],[15.905382,49.035461],[15.90273,49.035665],[15.898503,49.036488],[15.896501,49.03742],[15.894884,49.039158],[15.886562,49.038651],[15.88407,49.03919],[15.884424,49.036086],[15.886909,49.032888],[15.886558,49.032015],[15.884447,49.030503],[15.882738,49.028289],[15.883378,49.026923],[15.880252,49.025591],[15.878756,49.024053],[15.879059,49.022735],[15.878105,49.021456],[15.876425,49.020522],[15.880513,49.020649],[15.88107,49.019845],[15.879744,49.018353],[15.878006,49.0186],[15.876692,49.017827],[15.881088,49.0144],[15.877439,49.014026],[15.873862,49.014178],[15.871911,49.012258],[15.87526,49.008485],[15.872576,49.008789],[15.870646,49.008647],[15.867344,49.00708],[15.865988,49.007222],[15.867481,49.00923],[15.868649,49.009294],[15.869363,49.01035],[15.867616,49.011079],[15.866171,49.010576],[15.86326,49.011239],[15.861936,49.010727],[15.859934,49.010804],[15.855382,49.012959],[15.853565,49.013365],[15.850341,49.015002],[15.848322,49.012772],[15.848018,49.011545],[15.845156,49.012454],[15.843921,49.011051],[15.839541,49.012023],[15.836784,49.01291],[15.834772,49.013231],[15.830943,49.009349],[15.828983,49.007825],[15.826529,49.00707],[15.824477,49.007457],[15.821812,49.009486],[15.818605,49.010917],[15.815955,49.008307],[15.813436,49.004467],[15.807867,49.003716],[15.80648,49.003008],[15.805645,49.001886],[15.803565,49.002282],[15.803275,49.001531],[15.798137,48.999163],[15.796775,48.99712],[15.798184,48.996562],[15.802848,48.995791],[15.806069,48.994867],[15.805531,48.993667],[15.803456,48.993873],[15.801664,48.992973],[15.801789,48.991892],[15.800173,48.991793],[15.796886,48.992293],[15.794436,48.990977],[15.79511,48.986493],[15.794876,48.985724],[15.788996,48.98366],[15.785014,48.981064],[15.782971,48.980902],[15.779694,48.979973],[15.776842,48.980571],[15.767032,48.979388],[15.761369,48.979626],[15.759349,48.980771],[15.758131,48.980871],[15.757,48.977725],[15.7569,48.974092],[15.755486,48.971426],[15.756777,48.971167],[15.756542,48.969261],[15.755133,48.966384],[15.745624,48.969528],[15.741596,48.963119],[15.737519,48.964006],[15.73702,48.963222],[15.740863,48.962297],[15.738597,48.960946],[15.739151,48.960124],[15.742372,48.958681],[15.739045,48.956609],[15.737505,48.95469],[15.737538,48.952868],[15.739058,48.951919],[15.737997,48.951011],[15.735116,48.95119],[15.733297,48.948329],[15.730799,48.948135],[15.730472,48.946955],[15.728776,48.947702],[15.726411,48.950055],[15.725796,48.952218],[15.724223,48.953447],[15.720903,48.955204],[15.719612,48.956316],[15.720035,48.957248],[15.718151,48.959534],[15.717275,48.961726],[15.713448,48.962737],[15.712728,48.962636],[15.710146,48.964849],[15.708784,48.965428],[15.706608,48.965622],[15.706094,48.967725],[15.704032,48.967829],[15.701942,48.967016],[15.696607,48.967762],[15.694772,48.96691],[15.69219,48.966892],[15.690274,48.966292],[15.687908,48.96403],[15.686348,48.963178],[15.685506,48.961814],[15.682796,48.960809],[15.681259,48.960877],[15.67963,48.961539],[15.679886,48.962893],[15.678725,48.9636],[15.675273,48.962641],[15.673543,48.963047],[15.671401,48.965066],[15.668737,48.965693],[15.665673,48.965414],[15.663889,48.964604],[15.660364,48.964563],[15.659361,48.963199],[15.661363,48.962563],[15.662208,48.961682],[15.661817,48.96048],[15.66388,48.959283],[15.662633,48.957139],[15.664993,48.956145],[15.662843,48.954906],[15.6635,48.953898],[15.66183,48.9526],[15.658999,48.95282],[15.657103,48.952174],[15.65658,48.950557],[15.65849,48.948505],[15.658077,48.947809],[15.653751,48.947805],[15.653272,48.947149],[15.65135,48.94697],[15.650327,48.945709],[15.651636,48.944704],[15.651288,48.943038],[15.649237,48.939377],[15.647909,48.938081],[15.646165,48.938272],[15.645658,48.937589],[15.642841,48.938434],[15.642631,48.939622],[15.641048,48.941254],[15.641035,48.942529],[15.639667,48.944334],[15.638017,48.944407],[15.637422,48.942341],[15.631008,48.940926],[15.62663,48.941755],[15.623833,48.941819],[15.623443,48.943025],[15.621035,48.945709],[15.621676,48.947788],[15.623513,48.950246],[15.61873,48.950952],[15.617145,48.951761],[15.616438,48.952706],[15.61648,48.954563],[15.615347,48.956449],[15.613267,48.958481],[15.611401,48.959126],[15.609448,48.958959],[15.603145,48.957413],[15.602579,48.956899],[15.603337,48.954578],[15.604206,48.953719],[15.598119,48.953109],[15.596631,48.955704],[15.587977,48.955132],[15.58737,48.949299],[15.589136,48.949374],[15.586811,48.946959],[15.584627,48.945427],[15.582955,48.943422],[15.580395,48.943842],[15.579402,48.942977],[15.579021,48.941018],[15.580034,48.939945],[15.579649,48.938503],[15.575565,48.939107],[15.57264,48.940344],[15.571338,48.942245],[15.569532,48.942433],[15.567409,48.941965],[15.56699,48.939942],[15.571821,48.937444],[15.569766,48.93529],[15.569221,48.931892],[15.565351,48.932199],[15.563486,48.932012],[15.561917,48.931201],[15.561884,48.930146],[15.559244,48.928331],[15.563093,48.927577],[15.562999,48.925681],[15.560699,48.925627],[15.560139,48.92448],[15.558625,48.924177],[15.557974,48.922298],[15.556638,48.922743],[15.55389,48.92465],[15.54959,48.923886],[15.548686,48.92169],[15.549528,48.920197],[15.549215,48.917805],[15.548637,48.916476],[15.547351,48.916857],[15.545603,48.914835],[15.542782,48.909174],[15.542425,48.907737],[15.549024,48.906228],[15.556036,48.905132],[15.558619,48.904597],[15.560776,48.903818],[15.569491,48.899916],[15.575236,48.896694],[15.578129,48.895848],[15.581306,48.895737],[15.583532,48.896086],[15.58642,48.895965],[15.590944,48.896414],[15.592932,48.896425],[15.594077,48.897043],[15.595447,48.896786],[15.601175,48.897201],[15.606656,48.896578],[15.610677,48.896504],[15.612436,48.898255],[15.6196,48.895611],[15.620814,48.893736],[15.623625,48.892433],[15.625484,48.891075],[15.625187,48.889294],[15.625601,48.888651],[15.63032,48.885033],[15.632272,48.884643],[15.63677,48.884636],[15.637422,48.885401],[15.637058,48.886603],[15.638918,48.887294],[15.639976,48.886516],[15.642389,48.886638],[15.644647,48.885056],[15.652687,48.882843],[15.655719,48.881437],[15.656932,48.880461],[15.6572,48.87934],[15.658758,48.878865],[15.660114,48.87723],[15.664016,48.87527],[15.6662,48.873192],[15.667154,48.871751],[15.668214,48.871188],[15.66947,48.869523],[15.671741,48.867711],[15.673761,48.866647],[15.676887,48.865654],[15.679479,48.864401],[15.682742,48.862002],[15.685744,48.858828],[15.686452,48.85703],[15.689693,48.855674],[15.69265,48.855533],[15.694395,48.85575],[15.697866,48.858416],[15.705308,48.859779],[15.709112,48.860683],[15.714719,48.859653],[15.713489,48.858074],[15.725003,48.856325],[15.731933,48.855833],[15.73811,48.855148],[15.742964,48.854104],[15.745395,48.853336],[15.751165,48.852145],[15.753663,48.852174],[15.754441,48.852883],[15.757647,48.854319],[15.763077,48.857925],[15.77066,48.864032],[15.772012,48.86523],[15.77352,48.867282],[15.774374,48.869243],[15.777036,48.871991],[15.778595,48.874135],[15.779534,48.874882],[15.781843,48.87438],[15.786084,48.874372],[15.789201,48.873944],[15.792576,48.873899],[15.797955,48.873165],[15.803085,48.872773],[15.80614,48.872235],[15.816418,48.873164],[15.822413,48.872651],[15.826059,48.871224],[15.827582,48.871046],[15.832758,48.872636],[15.835302,48.874521],[15.836898,48.876816],[15.838705,48.877499],[15.841545,48.877124],[15.845007,48.875694],[15.843181,48.875021],[15.843317,48.873389],[15.84505,48.871963],[15.847807,48.870811],[15.850697,48.869268],[15.851994,48.868195],[15.852069,48.866401],[15.850914,48.865386],[15.847195,48.863648],[15.841533,48.86204],[15.841028,48.860892],[15.841861,48.8601],[15.845507,48.858629],[15.851513,48.85764],[15.854808,48.857928],[15.857444,48.857707],[15.858301,48.857214],[15.860645,48.8546],[15.862625,48.852926],[15.864802,48.852386],[15.873431,48.85397],[15.87525,48.855468],[15.875386,48.856656],[15.874571,48.858073],[15.871291,48.858843],[15.870964,48.85983],[15.872355,48.86061],[15.874003,48.860555],[15.876884,48.859529],[15.880698,48.855593],[15.880891,48.853849],[15.879872,48.852526],[15.880187,48.849921],[15.879741,48.847918],[15.880881,48.845792],[15.883701,48.842431],[15.886529,48.841865],[15.888496,48.842203],[15.890168,48.843083],[15.891337,48.844446],[15.892974,48.84858],[15.893867,48.849097],[15.896574,48.848951],[15.898795,48.847357],[15.901606,48.844523],[15.904581,48.84101],[15.905186,48.838905],[15.904458,48.837966],[15.902814,48.837405],[15.899011,48.83773],[15.897308,48.838251],[15.895008,48.840423],[15.893859,48.842425],[15.892824,48.843304],[15.891613,48.842464],[15.890897,48.838622],[15.891812,48.836197],[15.893473,48.834573],[15.895128,48.834457],[15.899622,48.835688],[15.903759,48.835991],[15.906977,48.835525],[15.909577,48.836728],[15.911475,48.837107],[15.914209,48.836926],[15.916715,48.838635],[15.920137,48.838694],[15.920612,48.838079],[15.920787,48.83584],[15.922373,48.834893],[15.927698,48.834399],[15.930454,48.833982],[15.930623,48.832919],[15.927143,48.830915],[15.926705,48.829364],[15.926681,48.82676],[15.924172,48.824561],[15.925548,48.823124],[15.927603,48.822446],[15.934571,48.819112],[15.937657,48.818844],[15.940305,48.819378],[15.940968,48.820626],[15.941316,48.822754],[15.940244,48.826085],[15.940885,48.827544],[15.94417,48.827989],[15.946195,48.827737],[15.947915,48.826682],[15.948095,48.825563],[15.946286,48.824666],[15.945559,48.823426],[15.947237,48.822417],[15.948536,48.822443],[15.953632,48.823583],[15.955075,48.823703],[15.958382,48.823059],[15.959824,48.820676],[15.958683,48.819482],[15.955645,48.817517],[15.955154,48.8167],[15.951987,48.813923],[15.950069,48.809194],[15.950093,48.806475],[15.94963,48.80525],[15.952614,48.802742],[15.956274,48.801009],[15.959576,48.798449],[15.962067,48.798258],[15.96472,48.79842],[15.968899,48.796679],[15.971206,48.794403],[15.975053,48.792127],[15.978531,48.790437],[15.986547,48.786032],[15.990963,48.78254],[15.994365,48.779335],[15.998108,48.778073],[16.002659,48.776903],[16.007019,48.776058],[16.009838,48.774713],[16.012884,48.773637],[16.014473,48.773914],[16.020472,48.772228],[16.024392,48.770807],[16.026819,48.769684],[16.031085,48.76811],[16.033271,48.767105],[16.041185,48.764133],[16.047114,48.762358],[16.052838,48.761019],[16.064919,48.754617],[16.072983,48.752517],[16.079177,48.750221],[16.083257,48.749305],[16.092827,48.746872],[16.098224,48.746179],[16.102603,48.745431],[16.105274,48.745332],[16.112119,48.745893],[16.111779,48.747287],[16.117172,48.748253],[16.117977,48.746691],[16.138941,48.742749],[16.139272,48.745407],[16.143069,48.74421],[16.14989,48.743193],[16.150369,48.744452],[16.151903,48.745299],[16.153251,48.745248],[16.152971,48.747153],[16.154728,48.748446],[16.161714,48.747497],[16.163118,48.746989],[16.17273,48.746308],[16.177665,48.7451],[16.184207,48.743965],[16.189004,48.743263],[16.204409,48.742939],[16.22285,48.740175],[16.233753,48.740229],[16.240459,48.739619],[16.248708,48.739626],[16.253975,48.738472],[16.263059,48.737007],[16.264033,48.7381],[16.268328,48.741335],[16.273329,48.74127],[16.277903,48.741513],[16.281787,48.740979],[16.285513,48.739846],[16.288297,48.740187],[16.294517,48.73814],[16.296633,48.737662],[16.298476,48.738434],[16.299021,48.739715],[16.302737,48.739456],[16.305321,48.738651],[16.307035,48.736593],[16.309708,48.734834],[16.310361,48.733839],[16.313065,48.733063],[16.317512,48.732782],[16.322557,48.732027],[16.327009,48.731982],[16.32964,48.732535],[16.329889,48.731245],[16.331738,48.731469],[16.332778,48.73212],[16.336232,48.732302],[16.337481,48.734485],[16.339944,48.741151],[16.340271,48.742745],[16.341535,48.743873],[16.343793,48.745052],[16.3447,48.741762],[16.346168,48.740771],[16.349745,48.74216],[16.353666,48.740755],[16.35726,48.73782],[16.35145,48.733642],[16.354324,48.732677],[16.358212,48.730056],[16.360397,48.730243],[16.359771,48.728066],[16.366402,48.728085],[16.368153,48.728409],[16.369328,48.729184],[16.370966,48.729242],[16.377362,48.730974],[16.378134,48.729502],[16.379453,48.729181],[16.381307,48.729581],[16.383795,48.730667],[16.38459,48.731476],[16.384302,48.732506],[16.383082,48.733231],[16.385979,48.735065],[16.388297,48.735264],[16.389032,48.736378],[16.388552,48.738895],[16.39042,48.73904],[16.392716,48.737689],[16.394099,48.736425],[16.395476,48.736423],[16.396398,48.737169],[16.399237,48.738333],[16.399707,48.73986],[16.403388,48.741629],[16.404337,48.740525],[16.408485,48.742305],[16.410453,48.743418],[16.40951,48.744348],[16.412575,48.751619],[16.414937,48.753487],[16.413846,48.754142],[16.415662,48.75499],[16.416014,48.75604],[16.419252,48.75918],[16.42258,48.761912],[16.4231,48.761342],[16.425825,48.76226],[16.427821,48.762203],[16.429056,48.763314],[16.430023,48.76323],[16.435002,48.765627],[16.437611,48.768507],[16.439272,48.774319],[16.435236,48.776577],[16.435765,48.778192],[16.437603,48.778553],[16.437174,48.779782],[16.438411,48.781086],[16.439973,48.783836],[16.441827,48.785556],[16.44345,48.786268],[16.443522,48.787104],[16.447754,48.790582],[16.446699,48.79563],[16.446976,48.796719],[16.4487,48.799376],[16.451663,48.801026],[16.454852,48.802328],[16.461897,48.804637],[16.461018,48.805846],[16.462719,48.80638],[16.45904,48.80808],[16.460414,48.809025],[16.464477,48.809888],[16.468737,48.80678],[16.474177,48.80483],[16.47839,48.802272],[16.484681,48.80161],[16.499896,48.801223],[16.508334,48.801879],[16.516144,48.80265],[16.518638,48.798244],[16.523436,48.799767],[16.524958,48.800726],[16.529026,48.804032],[16.528088,48.805506],[16.530924,48.806472],[16.532788,48.80767],[16.533872,48.809441],[16.534098,48.810957],[16.54073,48.814287],[16.54305,48.812388],[16.5451,48.810299],[16.546601,48.809456],[16.549652,48.806581],[16.552307,48.805092],[16.55555,48.803634],[16.557772,48.801139],[16.559075,48.800583],[16.560656,48.799143],[16.561571,48.797427],[16.563798,48.79538],[16.564732,48.7939],[16.567077,48.793113],[16.573803,48.793508],[16.576593,48.793288],[16.580318,48.792043],[16.581841,48.792175],[16.58849,48.78904],[16.590667,48.788376],[16.593534,48.786918],[16.593588,48.782667],[16.604383,48.781089],[16.610351,48.780561],[16.61564,48.78096],[16.618254,48.781454],[16.622607,48.780727],[16.623924,48.780943],[16.627349,48.78076],[16.627377,48.780096],[16.630605,48.78043],[16.630211,48.781753],[16.631978,48.782724],[16.63329,48.785142],[16.634776,48.785804],[16.641681,48.785883],[16.644452,48.78577],[16.648497,48.785205],[16.651423,48.785143],[16.653918,48.784444],[16.653486,48.783291],[16.655225,48.782548],[16.656397,48.782983],[16.658851,48.781938],[16.662881,48.781346],[16.66421,48.780393],[16.663607,48.779662],[16.663937,48.77847],[16.665819,48.778061],[16.664312,48.776943],[16.663999,48.775536],[16.666395,48.773752],[16.674654,48.771529],[16.676122,48.769444],[16.677611,48.76659],[16.678449,48.763938],[16.679558,48.759167],[16.680035,48.756022],[16.680168,48.753366],[16.680912,48.750967],[16.680507,48.749301],[16.6788,48.747575],[16.67782,48.74598],[16.675947,48.74478],[16.673845,48.742702],[16.673532,48.740582],[16.675556,48.737314],[16.678911,48.735003],[16.680289,48.73348],[16.682589,48.727788],[16.688627,48.729272],[16.691462,48.730855],[16.693506,48.732697],[16.700332,48.735935],[16.701124,48.736539],[16.704292,48.735076],[16.707559,48.736823],[16.714427,48.738071],[16.723205,48.738186],[16.724779,48.737978],[16.728448,48.736669],[16.729558,48.735518],[16.728321,48.734049],[16.729445,48.73315],[16.731756,48.733736],[16.732995,48.733545],[16.736126,48.731853],[16.73495,48.730278],[16.736743,48.729259],[16.737457,48.730623],[16.739556,48.730481],[16.744295,48.731768],[16.747285,48.732114],[16.749076,48.729261],[16.750167,48.726824],[16.751778,48.725227],[16.753904,48.720129],[16.755151,48.719542],[16.758751,48.718788],[16.757291,48.71698],[16.759757,48.716491],[16.763701,48.718643],[16.767339,48.716566],[16.768536,48.714943],[16.773214,48.712485],[16.775791,48.711943],[16.778176,48.714136],[16.77925,48.712267],[16.780099,48.713225],[16.782245,48.712706],[16.785549,48.712803],[16.786341,48.713297],[16.789867,48.713848],[16.792074,48.711909],[16.796501,48.710096],[16.798316,48.710804],[16.799667,48.709358],[16.799898,48.70609],[16.804323,48.708577],[16.806065,48.709083],[16.805433,48.71102],[16.806066,48.712162],[16.816339,48.710281],[16.821641,48.710279],[16.827262,48.711088],[16.834265,48.716532],[16.841509,48.7115],[16.846169,48.712023],[16.849013,48.712159],[16.851361,48.71188],[16.856705,48.712013],[16.861366,48.712333],[16.869447,48.712476],[16.870801,48.713853],[16.873549,48.715832],[16.87212,48.716871],[16.87434,48.718105],[16.876318,48.720014],[16.876367,48.721157],[16.877402,48.72232],[16.879201,48.722997],[16.885504,48.716628],[16.887623,48.716597],[16.891784,48.715748],[16.893287,48.715775],[16.895109,48.716414],[16.898121,48.716054],[16.900747,48.717916],[16.902259,48.717839],[16.903854,48.715934],[16.905808,48.715242],[16.90565,48.71396],[16.903339,48.713478],[16.90246,48.712134],[16.904623,48.709437],[16.908439,48.707704],[16.911105,48.706919],[16.912726,48.705361],[16.913178,48.703457],[16.913958,48.702304],[16.91615,48.700899],[16.916852,48.699602],[16.916084,48.696239],[16.916975,48.694785],[16.918534,48.693618],[16.918435,48.692642],[16.916449,48.690762],[16.916431,48.688673],[16.915704,48.687076],[16.913486,48.685299],[16.912987,48.683905],[16.913371,48.682107],[16.910957,48.680044],[16.910169,48.677456],[16.910404,48.675973],[16.912736,48.673852],[16.914593,48.6734],[16.917561,48.673256],[16.919293,48.672779],[16.922949,48.670326],[16.923309,48.669248],[16.92219,48.667333],[16.922807,48.665508],[16.92205,48.662713],[16.922314,48.660347],[16.923238,48.658901],[16.922889,48.657728],[16.921827,48.65668],[16.921699,48.654955],[16.920355,48.653857],[16.919271,48.651722],[16.919483,48.650019],[16.920901,48.649034],[16.920962,48.647691],[16.920324,48.645644],[16.922954,48.644268],[16.924441,48.642749],[16.927049,48.640942],[16.928348,48.639249],[16.927695,48.637315],[16.925457,48.635684],[16.925321,48.631843],[16.923631,48.631538],[16.922945,48.630816],[16.924037,48.629404],[16.923149,48.628685],[16.92141,48.628511],[16.919235,48.62689],[16.918802,48.626033],[16.920052,48.62378],[16.91879,48.623082],[16.919398,48.621922],[16.921356,48.621627],[16.923618,48.620416],[16.925901,48.619928],[16.92808,48.619067],[16.929886,48.619326],[16.935517,48.619135],[16.938959,48.618175],[16.940195,48.616541],[16.942732,48.618778],[16.945601,48.620888],[16.948877,48.622214],[16.953423,48.622347],[16.956159,48.62337],[16.957304,48.624941],[16.957197,48.627276],[16.95797,48.628701],[16.9604,48.630301],[16.962006,48.631857],[16.962978,48.633677],[16.963119,48.634815],[16.96258,48.637015],[16.96318,48.639591],[16.964446,48.641036],[16.968091,48.643536],[16.969624,48.646],[16.96951,48.648263],[16.967399,48.653048],[16.96697,48.654968],[16.967246,48.656629],[16.968286,48.659302],[16.968203,48.661754],[16.967094,48.665397],[16.967222,48.667044],[16.967876,48.668567],[16.970638,48.671157],[16.974481,48.673332],[16.976224,48.674706],[16.978038,48.677303],[16.978913,48.68027],[16.980847,48.683039],[16.983104,48.684477],[16.992821,48.688556],[16.995725,48.690217],[16.997321,48.691747],[16.998513,48.693682],[16.998977,48.695741],[16.998758,48.697688],[16.996992,48.704098],[16.996855,48.706558],[16.997791,48.708833],[16.999937,48.71103],[17.003806,48.713365],[17.009061,48.715598],[17.011224,48.71694],[17.012954,48.719068],[17.013512,48.720885],[17.013551,48.726088],[17.014485,48.728915],[17.01576,48.730315],[17.024906,48.737709],[17.026128,48.738959],[17.027136,48.741031],[17.028128,48.745124],[17.029317,48.746708],[17.031126,48.748089],[17.036828,48.750548],[17.039226,48.752396],[17.040644,48.754993],[17.041511,48.761085],[17.04275,48.763609],[17.045605,48.766137],[17.04837,48.767469],[17.057186,48.770017],[17.059888,48.771242],[17.062047,48.772719],[17.066335,48.777367],[17.068441,48.77903],[17.072038,48.780436],[17.082114,48.782314],[17.086557,48.783931],[17.08911,48.786001],[17.090026,48.787456],[17.090433,48.789375],[17.090072,48.793978],[17.090765,48.796168],[17.092326,48.798001],[17.09396,48.79914],[17.100084,48.801928],[17.102422,48.803305],[17.104469,48.805234],[17.105537,48.806873],[17.106202,48.808884],[17.107108,48.814864],[17.107119,48.817099],[17.105272,48.821246],[17.105394,48.824331],[17.106649,48.826697],[17.108194,48.828736],[17.110855,48.831193],[17.114909,48.83325],[17.123165,48.835655],[17.131315,48.838498],[17.136705,48.840592],[17.144447,48.842972],[17.150664,48.843726],[17.153146,48.844366],[17.155466,48.845895],[17.157808,48.849697],[17.159642,48.85154],[17.161992,48.853381],[17.165966,48.855085],[17.169235,48.855863],[17.17301,48.857672],[17.1748,48.859017],[17.17725,48.861471],[17.18161,48.864756],[17.184608,48.867935],[17.18604,48.87018],[17.190189,48.872818],[17.192282,48.874698],[17.196673,48.876117],[17.201998,48.878149],[17.216223,48.871327],[17.219361,48.87043],[17.222233,48.870517],[17.225172,48.871569],[17.228753,48.870635],[17.230282,48.868913],[17.233943,48.868035],[17.23646,48.867917],[17.23878,48.868331],[17.242067,48.868359],[17.243931,48.867656],[17.245745,48.86769],[17.246546,48.866667],[17.248773,48.866108],[17.250655,48.863904],[17.253499,48.862199],[17.25607,48.86147],[17.257565,48.862187],[17.258309,48.861387],[17.262585,48.860128],[17.262998,48.860807],[17.265123,48.860403],[17.26824,48.860927],[17.268879,48.861695],[17.272106,48.861756],[17.274148,48.860516],[17.275645,48.860959],[17.279414,48.858738],[17.28019,48.856823],[17.27969,48.856261],[17.280863,48.854924],[17.285634,48.853232],[17.285822,48.85272],[17.288328,48.852499],[17.290245,48.850879],[17.294726,48.850514],[17.299195,48.84893],[17.300765,48.847133],[17.301616,48.845404],[17.302596,48.844794],[17.304313,48.844717],[17.306008,48.843588],[17.306703,48.84386],[17.312971,48.843348],[17.314809,48.84454],[17.318236,48.845217],[17.321666,48.845298],[17.322143,48.844338],[17.321595,48.843282],[17.324104,48.83817],[17.32475,48.836248],[17.327944,48.835123],[17.329122,48.832927],[17.332591,48.83153],[17.334842,48.830068],[17.338618,48.828412],[17.342137,48.827513],[17.345658,48.82637],[17.347026,48.826341],[17.348089,48.825518],[17.348462,48.824196],[17.349718,48.823097],[17.351841,48.8222],[17.354177,48.822021],[17.355776,48.819855],[17.358081,48.818233],[17.358272,48.816874],[17.359399,48.814996],[17.36132,48.813516],[17.363893,48.813553],[17.37008,48.815538],[17.370624,48.816427],[17.37217,48.816728],[17.374338,48.817942],[17.378461,48.819187],[17.380001,48.817822],[17.382685,48.817413],[17.385697,48.815978],[17.387055,48.815657],[17.389444,48.816591],[17.392945,48.814431],[17.396349,48.813215],[17.398005,48.813839],[17.401258,48.816811],[17.402614,48.819326],[17.402681,48.820438],[17.406252,48.821708],[17.409091,48.822125],[17.413197,48.824826],[17.416492,48.827303],[17.418468,48.829294],[17.422471,48.827191],[17.424471,48.827047],[17.427034,48.826301],[17.428619,48.829079],[17.428509,48.829989],[17.429751,48.831382],[17.43116,48.832142],[17.430913,48.833083],[17.432365,48.834198],[17.433877,48.83653],[17.4339,48.837497],[17.435933,48.840606],[17.437766,48.840214],[17.43958,48.83898],[17.442615,48.838142],[17.443964,48.838738],[17.443817,48.840646],[17.445979,48.842191],[17.44785,48.842675],[17.449437,48.845075],[17.450856,48.845958],[17.453192,48.846744],[17.455934,48.844895],[17.461415,48.844981],[17.468158,48.843235],[17.470097,48.842515],[17.474455,48.841625],[17.477008,48.841548],[17.481416,48.8394],[17.482759,48.837651],[17.496864,48.827931],[17.507756,48.820525],[17.509805,48.8196],[17.512218,48.819687],[17.514076,48.824284],[17.514983,48.825399],[17.516823,48.824783],[17.515693,48.819255],[17.515962,48.817816],[17.51783,48.81573],[17.518948,48.815027],[17.519953,48.812765],[17.528538,48.812169],[17.53028,48.813995],[17.536154,48.817196],[17.537993,48.818642],[17.539392,48.818855],[17.543826,48.817403],[17.545885,48.816309],[17.547299,48.816515],[17.54844,48.817361],[17.553021,48.819759],[17.554591,48.82118],[17.555347,48.82269],[17.55127,48.825539],[17.548251,48.827434],[17.550519,48.82764],[17.550674,48.828325],[17.554581,48.831562],[17.556885,48.829538],[17.557369,48.828565],[17.561454,48.826987],[17.563046,48.825909],[17.566753,48.824643],[17.568821,48.824497],[17.571148,48.823716],[17.575464,48.824201],[17.577038,48.82476],[17.578982,48.824713],[17.585135,48.82569],[17.588887,48.825186],[17.591143,48.826698],[17.594548,48.828085],[17.595716,48.829123],[17.598075,48.837299],[17.602015,48.840942],[17.620949,48.842023],[17.620537,48.846732],[17.623664,48.849249],[17.626873,48.851397],[17.632845,48.854846],[17.638062,48.855175],[17.640521,48.854711],[17.644599,48.85472],[17.646936,48.854262],[17.644324,48.85618],[17.643006,48.859063],[17.638612,48.862428],[17.638159,48.863425],[17.638629,48.864489],[17.636641,48.866917],[17.636574,48.867554],[17.634844,48.869394],[17.636046,48.873683],[17.637719,48.873974],[17.635893,48.875407],[17.637323,48.876813],[17.639003,48.87787],[17.63831,48.878518],[17.63166,48.877405],[17.629455,48.876077],[17.627941,48.876859],[17.62719,48.879021],[17.625079,48.878972],[17.625631,48.880218],[17.623247,48.88102],[17.624879,48.882042],[17.625193,48.882829],[17.622576,48.885522],[17.620754,48.886689],[17.616369,48.891226],[17.615249,48.894594],[17.614628,48.895475],[17.608842,48.901162],[17.60644,48.902919],[17.604214,48.905098],[17.604539,48.907015],[17.603451,48.907332],[17.60324,48.909146],[17.601319,48.910441],[17.598142,48.910038],[17.594123,48.911589],[17.588724,48.910519],[17.582311,48.911065],[17.579398,48.913961],[17.576682,48.915366],[17.573408,48.915872],[17.571622,48.91701],[17.568546,48.919841],[17.564461,48.921889],[17.561597,48.922284],[17.559151,48.921851],[17.558426,48.922273],[17.553592,48.920061],[17.549355,48.916976],[17.548093,48.916266],[17.543397,48.920338],[17.54018,48.922324],[17.538162,48.923178],[17.540421,48.924614],[17.541676,48.927138],[17.541423,48.927482],[17.542943,48.930039],[17.543044,48.931393],[17.546799,48.935042],[17.548621,48.936568],[17.549539,48.939717],[17.553365,48.943079],[17.550949,48.945606],[17.548064,48.947671],[17.542681,48.94984],[17.534493,48.952859],[17.525141,48.955854],[17.523019,48.956829],[17.521269,48.956825],[17.518656,48.956008],[17.517071,48.954777],[17.513433,48.954235],[17.508629,48.952796],[17.507948,48.954899],[17.505288,48.959672],[17.504112,48.960561],[17.502099,48.963081],[17.499051,48.966377],[17.497874,48.965015],[17.497483,48.961344],[17.495448,48.960256],[17.493496,48.959707],[17.490864,48.959915],[17.487048,48.958787],[17.48346,48.957302],[17.480376,48.956749],[17.478002,48.95691],[17.477061,48.957499],[17.475204,48.959834],[17.47185,48.962943],[17.468437,48.960942],[17.466721,48.962767],[17.46112,48.960187],[17.458671,48.959324],[17.451805,48.956469],[17.45094,48.957404],[17.436861,48.951373],[17.434304,48.950398],[17.433354,48.951948],[17.432359,48.952036],[17.430537,48.953959],[17.428891,48.955054],[17.424776,48.957167],[17.424611,48.958331],[17.42156,48.958742],[17.42042,48.959392],[17.41706,48.960166],[17.416868,48.960756],[17.410415,48.96663],[17.405864,48.969522],[17.4017,48.971393],[17.40168,48.972323],[17.398301,48.97308],[17.398848,48.974897],[17.397618,48.979206],[17.396597,48.980498],[17.394779,48.980689],[17.393856,48.981388],[17.392059,48.981755],[17.390121,48.981362],[17.387975,48.980261],[17.38096,48.979747],[17.378993,48.978625],[17.375863,48.975284],[17.374178,48.975225],[17.374993,48.976591],[17.372602,48.977061],[17.371391,48.976633],[17.369692,48.977754],[17.366165,48.977571],[17.366147,48.976488],[17.362982,48.975814],[17.361718,48.976892],[17.359266,48.977268],[17.356711,48.977272],[17.355815,48.977988],[17.351795,48.979165],[17.351694,48.981204],[17.354389,48.982636],[17.35457,48.983521],[17.353386,48.984997],[17.353791,48.985772],[17.358294,48.98805],[17.358496,48.988724],[17.357055,48.990442],[17.35744,48.991485],[17.358588,48.99212],[17.358026,48.993392],[17.359995,48.994875],[17.358552,48.995681],[17.35702,48.997327],[17.358025,48.999099],[17.360045,49.000197],[17.360907,49.001345],[17.361415,49.003145],[17.362261,49.004453],[17.362025,49.005366],[17.356983,49.007226],[17.356119,49.006691],[17.352948,49.00762],[17.351022,49.005899],[17.348597,49.006443],[17.345905,49.007728],[17.344285,49.009979],[17.344019,49.011504],[17.342994,49.012244],[17.339116,49.013359],[17.339422,49.013962],[17.335459,49.01486],[17.332739,49.014549],[17.331992,49.015255],[17.325939,49.0122],[17.322899,49.011929],[17.320573,49.013774],[17.318654,49.013452],[17.313796,49.012027],[17.312688,49.012871],[17.311094,49.015516],[17.310602,49.017081],[17.308891,49.017605],[17.306762,49.017685],[17.303928,49.018501],[17.303362,49.017151],[17.300139,49.018169],[17.299543,49.016015],[17.294988,49.017744],[17.291128,49.018078],[17.291096,49.01593],[17.289158,49.016259],[17.286826,49.017675],[17.285293,49.018059],[17.284998,49.016809],[17.282346,49.014521],[17.279565,49.014636],[17.275244,49.013754],[17.275034,49.014537],[17.275994,49.019479],[17.275848,49.023537],[17.274752,49.025766],[17.27013,49.02663],[17.269315,49.027757],[17.268986,49.030407],[17.268315,49.030353],[17.267888,49.034221],[17.263437,49.034325],[17.260977,49.03401],[17.2611,49.033042],[17.258028,49.031891],[17.255622,49.031438],[17.253832,49.030604],[17.25162,49.030749],[17.252147,49.035185],[17.251688,49.037752],[17.251039,49.038459],[17.248328,49.038221],[17.241389,49.038718],[17.239051,49.03931],[17.233697,49.040146],[17.230087,49.040327],[17.22815,49.038831],[17.226414,49.035919],[17.224876,49.034912],[17.224816,49.033483],[17.223536,49.032331],[17.221157,49.033721],[17.220671,49.035742],[17.219759,49.036241],[17.22143,49.04251],[17.223592,49.045148],[17.224647,49.044782],[17.224897,49.047713],[17.223817,49.048471],[17.227913,49.051671],[17.230425,49.055078],[17.231044,49.056413],[17.23076,49.058315],[17.229874,49.061279],[17.231952,49.063574],[17.231775,49.065504],[17.230078,49.066269],[17.22796,49.06772],[17.229389,49.069791],[17.228563,49.073067],[17.227271,49.074146],[17.225217,49.074823],[17.222096,49.0744],[17.218524,49.076302],[17.217411,49.077252],[17.213493,49.092936],[17.211707,49.092194],[17.206536,49.092643],[17.202576,49.09216],[17.201137,49.092306],[17.198575,49.091775],[17.198456,49.090309],[17.195487,49.089898],[17.191557,49.088646],[17.189543,49.087259],[17.187976,49.087337],[17.186546,49.085887],[17.183391,49.084736],[17.181582,49.084694],[17.176274,49.084013],[17.171618,49.082831],[17.170251,49.082826],[17.168087,49.082078],[17.166633,49.082003],[17.161605,49.080515],[17.158259,49.080557],[17.157195,49.079217],[17.154361,49.079655],[17.150257,49.078538],[17.147599,49.076389],[17.146491,49.07447],[17.144917,49.07316],[17.14318,49.074768],[17.139005,49.076499],[17.137602,49.076693],[17.134178,49.075951],[17.131223,49.07421],[17.129818,49.075122],[17.128187,49.075142],[17.124346,49.074287],[17.120426,49.07577],[17.117229,49.075606],[17.112137,49.077232],[17.111222,49.078091],[17.114547,49.079118],[17.11644,49.080451],[17.119834,49.086051],[17.118551,49.087654],[17.118074,49.090606],[17.114388,49.089775],[17.113528,49.08997],[17.112941,49.093965],[17.113321,49.096126],[17.114257,49.097952],[17.114218,49.09914],[17.113038,49.101614],[17.113184,49.103409],[17.11483,49.103544],[17.117314,49.1027],[17.121366,49.103414],[17.124308,49.103288],[17.125466,49.103617],[17.129863,49.102237],[17.130525,49.101443],[17.134136,49.100541],[17.134861,49.100663],[17.136144,49.102457],[17.141561,49.103505],[17.14004,49.106743],[17.139938,49.1079],[17.14057,49.111979],[17.142542,49.11141],[17.144735,49.117951],[17.145328,49.122976],[17.146178,49.123828],[17.147534,49.126347],[17.147955,49.128741],[17.148904,49.130529],[17.148615,49.132834],[17.15042,49.133363],[17.153777,49.135322],[17.15617,49.134409],[17.158548,49.134456],[17.162966,49.134948],[17.16467,49.133103],[17.166151,49.132504],[17.170311,49.133158],[17.169265,49.135949],[17.173706,49.138125],[17.17769,49.137227],[17.179599,49.138968],[17.185186,49.137435],[17.186974,49.137835],[17.188001,49.138641],[17.187867,49.140792],[17.188317,49.143994],[17.189851,49.144646],[17.191631,49.146711],[17.191125,49.148794],[17.190349,49.150045],[17.190969,49.151904],[17.193613,49.156478],[17.195016,49.156522],[17.194665,49.159344],[17.19907,49.159978],[17.197501,49.162654],[17.199323,49.163442],[17.197476,49.165003],[17.196741,49.166343],[17.199209,49.168897],[17.200986,49.171179],[17.201175,49.172323],[17.202544,49.175548],[17.202215,49.178174],[17.20155,49.178845],[17.199731,49.182187],[17.197496,49.183477],[17.19566,49.183837],[17.194202,49.183473],[17.191783,49.181576],[17.187481,49.177631],[17.186467,49.17508],[17.184079,49.173659],[17.183148,49.174099],[17.18058,49.172861],[17.176609,49.17572],[17.173615,49.17534],[17.16993,49.176803],[17.166851,49.176457],[17.164234,49.17533],[17.160159,49.175859],[17.156305,49.175264],[17.153798,49.17441],[17.153381,49.171984],[17.147268,49.174801],[17.148434,49.176533],[17.151777,49.177599],[17.152478,49.178759],[17.154517,49.179298],[17.154694,49.180537],[17.15297,49.181632],[17.153454,49.183839],[17.154863,49.184793],[17.156599,49.183723],[17.159619,49.185477],[17.160197,49.18618],[17.163186,49.187437],[17.164491,49.188385],[17.164989,49.189985],[17.164517,49.191311],[17.162581,49.192518],[17.161471,49.192507],[17.159443,49.193316],[17.158946,49.194103],[17.157464,49.19449],[17.154569,49.193891],[17.152458,49.194471],[17.15,49.196351],[17.149506,49.197959],[17.151029,49.198665],[17.151549,49.200996],[17.151124,49.201605],[17.150727,49.204805],[17.148287,49.207006],[17.146282,49.207973],[17.145571,49.209341],[17.144208,49.210359],[17.142899,49.211978],[17.138566,49.213394],[17.135695,49.215123],[17.138971,49.217176],[17.139482,49.219637],[17.141048,49.221571],[17.143923,49.224022],[17.144616,49.225558],[17.146576,49.226602],[17.146498,49.227873],[17.147558,49.230096],[17.146028,49.232239],[17.145347,49.234301],[17.144,49.235634],[17.140948,49.237153],[17.138754,49.237859],[17.139223,49.239598],[17.137057,49.241826],[17.134448,49.243744],[17.129794,49.244879],[17.131792,49.248632],[17.133118,49.250065],[17.137499,49.251618],[17.141085,49.253706],[17.144219,49.256933],[17.145653,49.2576],[17.149994,49.258273],[17.150715,49.259004],[17.149158,49.260119],[17.152396,49.263231],[17.152606,49.265756],[17.153933,49.267747],[17.152997,49.26875],[17.154476,49.269431],[17.15376,49.27008],[17.155973,49.271232],[17.157384,49.272479],[17.159071,49.275177],[17.159682,49.275119],[17.160729,49.275291],[17.162043,49.277866],[17.161312,49.279404],[17.156655,49.276498],[17.156376,49.276653],[17.15935,49.280562],[17.155339,49.280895],[17.155428,49.284614],[17.154502,49.284796],[17.151109,49.291077],[17.150334,49.293369],[17.150643,49.294649],[17.147976,49.294958],[17.146508,49.294073],[17.143737,49.296661],[17.142862,49.298618],[17.14367,49.30185],[17.142458,49.304092],[17.141117,49.308795],[17.1401,49.310536],[17.136066,49.315363],[17.141073,49.316801],[17.139734,49.318923],[17.138357,49.320308],[17.1407,49.321893],[17.139094,49.324489],[17.140755,49.325482],[17.137912,49.32712],[17.134126,49.326258],[17.133033,49.326417],[17.127922,49.324883],[17.126761,49.326695],[17.121712,49.330567],[17.12278,49.331466],[17.120644,49.332698],[17.11873,49.334414],[17.117805,49.334077],[17.116636,49.335888],[17.117584,49.337417],[17.1163,49.337673],[17.111514,49.337631],[17.109372,49.338018],[17.106475,49.339342],[17.102504,49.340573],[17.100384,49.34194],[17.095423,49.342521],[17.092614,49.339566],[17.089574,49.340992],[17.085873,49.341948],[17.08391,49.343025],[17.079794,49.344297],[17.074758,49.343476],[17.07201,49.344589],[17.073196,49.345801],[17.061527,49.348738],[17.061736,49.350547],[17.060649,49.352651],[17.057878,49.352561],[17.051869,49.353946],[17.04663,49.354716],[17.04617,49.354008],[17.039205,49.358544],[17.038012,49.358953],[17.038879,49.360879],[17.040266,49.361003],[17.041132,49.358687],[17.046016,49.360621],[17.048478,49.360574],[17.049483,49.364725],[17.050855,49.365541],[17.047983,49.366011],[17.048325,49.366951],[17.047511,49.367668],[17.041204,49.368432],[17.033903,49.370028],[17.032045,49.369763],[17.030857,49.368762],[17.024925,49.370236],[17.022804,49.37168],[17.023736,49.373688],[17.022209,49.375405],[17.024186,49.376884],[17.025828,49.37858],[17.025577,49.379838],[17.026798,49.382418],[17.025973,49.384826],[17.025097,49.385813],[17.025221,49.387302],[17.024598,49.390124],[17.025937,49.391057],[17.026836,49.39275],[17.027933,49.393844],[17.027819,49.395782],[17.027096,49.396479],[17.023866,49.397003],[17.02413,49.399588],[17.021126,49.399764],[17.020614,49.400996],[17.022748,49.402005],[17.024319,49.40204],[17.024293,49.403591],[17.019379,49.404427],[17.015892,49.403567],[17.013236,49.403711],[17.015174,49.405658],[17.013924,49.409885],[17.014772,49.411171],[17.013233,49.411263],[17.015058,49.414827],[17.015518,49.416364],[17.014078,49.416703],[17.014938,49.417706],[17.012215,49.418189],[17.008419,49.419434],[17.004558,49.419879],[17.002312,49.418577],[16.998522,49.419808],[16.996888,49.419831],[16.994071,49.420953],[16.991592,49.423187],[16.991148,49.424646],[16.987799,49.426054],[16.988183,49.427145],[16.990046,49.426389],[16.990986,49.426909],[16.991275,49.429039],[16.993569,49.4317],[16.993395,49.433617],[16.992418,49.436619],[16.983401,49.435638],[16.98181,49.44185],[16.984928,49.44338],[16.983344,49.44418],[16.985066,49.445719],[16.984499,49.448148],[16.987082,49.449215],[16.987917,49.451897],[16.987327,49.454997],[16.98576,49.454316],[16.984976,49.456169],[16.982861,49.455598],[16.98113,49.457682],[16.975339,49.456656],[16.974042,49.458056],[16.972076,49.457823],[16.97191,49.460317],[16.969501,49.459702],[16.969349,49.461204],[16.970784,49.46182],[16.972097,49.46143],[16.975797,49.461905],[16.977699,49.463287],[16.976105,49.463953],[16.974919,49.465509],[16.975087,49.466846],[16.971574,49.467265],[16.969415,49.468061],[16.969283,49.468731],[16.965999,49.468389],[16.963641,49.468857],[16.960277,49.467996],[16.958703,49.468255],[16.957812,49.470953],[16.958504,49.472971],[16.958022,49.474108],[16.955175,49.473509],[16.95355,49.473738],[16.95261,49.475069],[16.958597,49.476029],[16.958643,49.478863],[16.959157,49.479725],[16.958947,49.481388],[16.957547,49.481518],[16.956648,49.483449],[16.952433,49.484675],[16.949869,49.48597],[16.946592,49.489113],[16.948132,49.492709],[16.946712,49.493184],[16.944739,49.492151],[16.94226,49.493883],[16.940886,49.494443],[16.938116,49.494888],[16.937421,49.493558],[16.936503,49.493202],[16.933834,49.491067],[16.936118,49.488515],[16.935522,49.488335],[16.932413,49.490048],[16.930465,49.491406],[16.927721,49.492751],[16.926381,49.493983],[16.922817,49.495766],[16.921548,49.49747],[16.919714,49.498059],[16.917264,49.499743],[16.915012,49.499958],[16.913672,49.499514],[16.910822,49.497896],[16.908016,49.498004],[16.906846,49.498975],[16.905652,49.49898],[16.903455,49.497695],[16.902033,49.496134],[16.898502,49.496045],[16.89581,49.495035],[16.894684,49.494066],[16.890727,49.4921],[16.885488,49.489989],[16.883358,49.490839],[16.880342,49.490178],[16.877738,49.488877],[16.875459,49.488408],[16.874704,49.487564],[16.874445,49.486068],[16.877639,49.486157],[16.878484,49.486973],[16.879995,49.486119],[16.881772,49.486153],[16.881493,49.484953],[16.878103,49.485399],[16.876528,49.485023],[16.875696,49.482371],[16.872191,49.481559],[16.871286,49.481079],[16.870299,49.479523],[16.869056,49.479067],[16.867587,49.479884],[16.864502,49.480941],[16.86212,49.482278],[16.860393,49.481622],[16.858449,49.479578],[16.860218,49.479287],[16.863193,49.479802],[16.864655,49.479559],[16.866545,49.478402],[16.869192,49.478122],[16.870126,49.476509],[16.871597,49.476323],[16.869603,49.473516],[16.86794,49.470614],[16.868743,49.469647],[16.872079,49.468479],[16.873505,49.468588],[16.877475,49.47003],[16.877161,49.468869],[16.879353,49.468012],[16.879239,49.466921],[16.881251,49.466902],[16.882236,49.465135],[16.883983,49.463932],[16.884075,49.462983],[16.887505,49.462664],[16.886883,49.460375],[16.888145,49.460036],[16.892889,49.460313],[16.896652,49.459959],[16.897559,49.460341],[16.898668,49.459182],[16.89806,49.456803],[16.898482,49.456161],[16.901282,49.45675],[16.901698,49.455291],[16.899506,49.454148],[16.898404,49.452286],[16.899431,49.451436],[16.897855,49.450137],[16.89522,49.450317],[16.894277,49.449517],[16.894006,49.448299],[16.891622,49.447579],[16.894437,49.444784],[16.897663,49.445378],[16.899021,49.444153],[16.901454,49.444153],[16.90175,49.442943],[16.903589,49.443352],[16.905226,49.443211],[16.905787,49.444001],[16.907562,49.443553],[16.907285,49.442118],[16.909275,49.441025],[16.906713,49.437827],[16.906639,49.436071],[16.909053,49.435524],[16.90848,49.433812],[16.90893,49.432424],[16.91326,49.43164],[16.914383,49.430557],[16.91371,49.42993],[16.915733,49.428976],[16.913027,49.426524],[16.911756,49.426722],[16.910252,49.424379],[16.90733,49.423375],[16.90343,49.422366],[16.904469,49.421566],[16.905481,49.419764],[16.908123,49.417712],[16.906969,49.416192],[16.905748,49.416629],[16.903073,49.419081],[16.900993,49.417587],[16.898676,49.417165],[16.896952,49.416451],[16.893593,49.417312],[16.892549,49.416334],[16.891586,49.413888],[16.891542,49.412436],[16.893832,49.410342],[16.893889,49.409767],[16.891575,49.407232],[16.89107,49.405199],[16.892979,49.402965],[16.890394,49.401499],[16.889509,49.400085],[16.886247,49.39889],[16.884658,49.398961],[16.882167,49.399792],[16.878191,49.39878],[16.877101,49.397877],[16.875245,49.397186],[16.87424,49.395474],[16.871843,49.394858],[16.869898,49.391425],[16.866085,49.389928],[16.865882,49.388776],[16.864228,49.388318],[16.86281,49.38717],[16.861924,49.382989],[16.859612,49.381219],[16.858172,49.382737],[16.852934,49.386804],[16.849301,49.388019],[16.847928,49.388182],[16.84213,49.389704],[16.840475,49.389968],[16.835541,49.391695],[16.832895,49.3953],[16.829021,49.398406],[16.826084,49.399892],[16.824256,49.400378],[16.822796,49.401296],[16.819692,49.402042],[16.81626,49.403227],[16.811116,49.403634],[16.808432,49.404112],[16.80539,49.405689],[16.80437,49.407825],[16.805428,49.408723],[16.80695,49.409007],[16.807896,49.411597],[16.807175,49.412419],[16.804406,49.412782],[16.802302,49.412416],[16.8005,49.410552],[16.799558,49.41033],[16.798514,49.411421],[16.796277,49.411769],[16.795345,49.414212],[16.794611,49.414819],[16.794597,49.416114],[16.7958,49.417028],[16.79819,49.417519],[16.797952,49.420011],[16.800061,49.420422],[16.800282,49.42116],[16.798884,49.422568],[16.797899,49.42479],[16.799571,49.426602],[16.800347,49.428822],[16.804582,49.429787],[16.810817,49.42916],[16.812869,49.43057],[16.815373,49.431857],[16.81698,49.430911],[16.820769,49.430506],[16.823304,49.432575],[16.826561,49.431803],[16.827588,49.432346],[16.828794,49.433974],[16.828484,49.434804],[16.829076,49.436292],[16.828583,49.437935],[16.827421,49.439232],[16.825117,49.439234],[16.823875,49.438697],[16.819129,49.439284],[16.818689,49.440211],[16.821892,49.441262],[16.818866,49.443821],[16.818493,49.444752],[16.817054,49.44463],[16.815414,49.445176],[16.815908,49.448058],[16.817917,49.44833],[16.818386,49.450064],[16.818059,49.451928],[16.815368,49.452438],[16.812585,49.45182],[16.811646,49.452355],[16.808199,49.452622],[16.806499,49.452316],[16.804939,49.454385],[16.802606,49.456141],[16.801324,49.456622],[16.798942,49.456451],[16.797875,49.457123],[16.797817,49.460257],[16.798201,49.462182],[16.796774,49.462406],[16.797477,49.471395],[16.795894,49.472088],[16.79799,49.473597],[16.797682,49.475199],[16.796559,49.47688],[16.792814,49.47945],[16.792993,49.482643],[16.791784,49.484754],[16.789202,49.485624],[16.78902,49.488942],[16.791822,49.493125],[16.786385,49.495599],[16.784432,49.496893],[16.785069,49.498122],[16.788089,49.499523],[16.788347,49.500457],[16.788028,49.502952],[16.79069,49.506544],[16.789439,49.507064],[16.787815,49.508763],[16.788021,49.509909],[16.79155,49.512203],[16.792721,49.512645],[16.794198,49.511191],[16.796299,49.511345],[16.797135,49.510705],[16.799973,49.511431],[16.800059,49.512078],[16.801943,49.512516],[16.80461,49.512191],[16.804932,49.51357],[16.806244,49.51556],[16.806069,49.517034],[16.804575,49.518493],[16.804246,49.522216],[16.80144,49.523996],[16.803996,49.525991],[16.806529,49.528594],[16.808801,49.529562],[16.811202,49.531042],[16.814011,49.531709],[16.816805,49.531664],[16.819624,49.531194],[16.822247,49.529083],[16.824701,49.529044],[16.827086,49.52977],[16.830068,49.529969],[16.832241,49.531495],[16.832306,49.532398],[16.829693,49.533313],[16.828733,49.532863],[16.825665,49.534546],[16.824852,49.533433],[16.822485,49.5331],[16.820523,49.533937],[16.81558,49.534324],[16.81387,49.534919],[16.813495,49.535928],[16.812289,49.536809],[16.809721,49.534194],[16.807043,49.533164],[16.803506,49.534114],[16.800484,49.533608],[16.796629,49.534217],[16.796064,49.533932],[16.793207,49.534284],[16.786331,49.537242],[16.783689,49.537586],[16.782111,49.538163],[16.779366,49.539954],[16.779097,49.540721],[16.77588,49.541151],[16.774238,49.54176],[16.772861,49.541629],[16.770648,49.543051],[16.768899,49.542811],[16.767079,49.54201],[16.765721,49.542537],[16.764488,49.542202],[16.759492,49.542508],[16.758334,49.54411],[16.756487,49.544863],[16.754427,49.544708],[16.752634,49.543536],[16.750854,49.544043],[16.747519,49.543097],[16.74423,49.543316],[16.741207,49.542811],[16.737813,49.542949],[16.737876,49.543938],[16.73908,49.545041],[16.739969,49.548801],[16.743941,49.55048],[16.746605,49.551112],[16.745891,49.552202],[16.745964,49.553381],[16.747194,49.554446],[16.747918,49.556776],[16.749117,49.557988],[16.752914,49.559984],[16.750984,49.562986],[16.752383,49.563786],[16.752258,49.564611],[16.749085,49.564084],[16.747066,49.56417],[16.745533,49.564822],[16.745388,49.566698],[16.745971,49.568882],[16.74578,49.57022],[16.744659,49.571547],[16.742624,49.573141],[16.742971,49.574266],[16.742347,49.575255],[16.744222,49.576345],[16.74426,49.577374],[16.746719,49.578794],[16.745703,49.580712],[16.745997,49.581966],[16.74768,49.581775],[16.748365,49.58386],[16.747083,49.585553],[16.74551,49.586847],[16.746796,49.587132],[16.748152,49.585683],[16.751175,49.583273],[16.751903,49.581901],[16.754824,49.58168],[16.755124,49.580813],[16.757317,49.580605],[16.758524,49.580037],[16.761989,49.579197],[16.763374,49.580405],[16.763295,49.581687],[16.76481,49.583546],[16.766573,49.580726],[16.770778,49.57823],[16.770793,49.579188],[16.775487,49.578333],[16.777657,49.578231],[16.778424,49.57523],[16.779598,49.574089],[16.783436,49.573038],[16.787026,49.573587],[16.789057,49.574418],[16.792661,49.573828],[16.795244,49.574687],[16.796893,49.575664],[16.80037,49.576112],[16.802714,49.578036],[16.801827,49.579161],[16.797993,49.580095],[16.796548,49.581223],[16.796408,49.5829],[16.79557,49.58496],[16.79352,49.586638],[16.789749,49.587119],[16.789224,49.589898],[16.788399,49.591671],[16.791079,49.591357],[16.793172,49.591471],[16.794699,49.592977],[16.79651,49.59302],[16.797904,49.595727],[16.800415,49.595105],[16.804265,49.596494],[16.804063,49.5988],[16.798951,49.598505],[16.796626,49.597833],[16.793106,49.598177],[16.788954,49.596919],[16.784009,49.59652],[16.782111,49.595995],[16.778217,49.597422],[16.773835,49.598103],[16.768595,49.600602],[16.766871,49.601937],[16.758547,49.603845],[16.756487,49.604188],[16.754727,49.605386],[16.751158,49.606505],[16.748312,49.606902],[16.743059,49.608019],[16.739497,49.610111],[16.736512,49.611145],[16.72731,49.61512],[16.72424,49.614697],[16.721337,49.614987],[16.720773,49.616153],[16.718626,49.615888],[16.716095,49.619895],[16.715508,49.6214],[16.705594,49.622475],[16.701553,49.623357],[16.693876,49.624497],[16.694659,49.625195],[16.696725,49.625596],[16.696527,49.626362],[16.691844,49.624332],[16.686814,49.623688],[16.684483,49.624451],[16.682566,49.623573],[16.680573,49.623512],[16.679686,49.623022],[16.674332,49.62556],[16.671164,49.626511],[16.670186,49.627532],[16.668017,49.62762],[16.666731,49.628141],[16.665966,49.627062],[16.669579,49.62536],[16.669825,49.62416],[16.664596,49.625234],[16.660321,49.62519],[16.655933,49.623733],[16.654848,49.621325],[16.65362,49.620229],[16.650616,49.618672],[16.646713,49.62147],[16.642758,49.623944],[16.640052,49.62515],[16.639831,49.626663],[16.636565,49.629016],[16.632985,49.629586],[16.630705,49.629349],[16.627815,49.629867],[16.625595,49.632181],[16.622741,49.632866],[16.621005,49.632076],[16.621571,49.630028],[16.619805,49.629477],[16.620949,49.62818],[16.617686,49.627276],[16.618297,49.626164],[16.613736,49.624139],[16.614184,49.623529],[16.610308,49.623362],[16.607087,49.622249],[16.605487,49.622168],[16.603605,49.621321],[16.603117,49.622134],[16.599701,49.623243],[16.595781,49.623431],[16.593039,49.625554],[16.59075,49.626164],[16.589285,49.624686],[16.586174,49.622804],[16.585151,49.624004],[16.583493,49.624172],[16.574938,49.627372],[16.57474,49.629537],[16.574053,49.630504],[16.57241,49.630242],[16.56989,49.628155],[16.567262,49.627524],[16.566895,49.626738],[16.564105,49.626471],[16.561901,49.628931],[16.559745,49.629893],[16.555433,49.630833],[16.553959,49.629355],[16.551502,49.629386],[16.550471,49.628431],[16.5484,49.628264],[16.549385,49.625405],[16.548956,49.622572],[16.546666,49.621635],[16.548017,49.618214],[16.546379,49.616624],[16.548683,49.613644],[16.546604,49.612282],[16.547603,49.610613],[16.546285,49.609166],[16.546593,49.60823],[16.543444,49.608346],[16.543506,49.607298],[16.54452,49.606189],[16.543699,49.601861],[16.544386,49.599909],[16.539908,49.598341],[16.541693,49.596099],[16.540252,49.595387],[16.541338,49.593523],[16.543341,49.592605],[16.541211,49.591484],[16.539811,49.589653],[16.537184,49.593147],[16.535119,49.591118],[16.532719,49.591093],[16.529614,49.590591],[16.525854,49.590696],[16.523207,49.591016],[16.519894,49.591812],[16.516769,49.592136],[16.515473,49.590308],[16.512645,49.590231],[16.509483,49.591332],[16.508711,49.591991],[16.506281,49.590696],[16.500653,49.592023],[16.499434,49.592764],[16.492325,49.599455],[16.487338,49.599969],[16.484265,49.598908],[16.477426,49.595117],[16.472617,49.591564],[16.470775,49.591163],[16.469374,49.592985],[16.466014,49.591857],[16.464627,49.592073],[16.463518,49.592988],[16.462294,49.592374],[16.461825,49.591302],[16.45887,49.589917],[16.455675,49.590338],[16.445991,49.587707],[16.445706,49.588619],[16.446513,49.589514],[16.445753,49.591575],[16.447306,49.593423],[16.448833,49.595791],[16.450587,49.596869],[16.444437,49.597865],[16.441659,49.598924],[16.440469,49.597518],[16.437572,49.597155],[16.435687,49.59856],[16.433933,49.597681],[16.433563,49.595609],[16.432597,49.594287],[16.429584,49.59446],[16.427679,49.593825],[16.426616,49.592906],[16.425533,49.593188],[16.424235,49.59476],[16.41922,49.595],[16.417079,49.594899],[16.415563,49.593157],[16.415949,49.590044],[16.417711,49.589224],[16.418413,49.587578],[16.4204,49.58624],[16.420197,49.585164],[16.419064,49.583903],[16.415861,49.583439],[16.413842,49.582788],[16.411611,49.580987],[16.409229,49.58028],[16.407854,49.578479],[16.405164,49.577346],[16.40468,49.57597],[16.406475,49.573018],[16.406368,49.572179],[16.403652,49.572819],[16.402952,49.573496],[16.398717,49.575074],[16.395927,49.578977],[16.394432,49.580035],[16.392036,49.58012]]]},"properties":{"name":"Südmähren","code":"B","name_cz":"Jihomoravský kraj"}},
{"type":"Feature","geometry":{"type":"Polygon","coordinates":[[[17.916769,49.538167],[17.917963,49.539547],[17.917745,49.54119],[17.916272,49.542433],[17.912701,49.54267],[17.912143,49.543374],[17.913308,49.545975],[17.913089,49.546958],[17.907381,49.547847],[17.908011,49.550195],[17.904781,49.551081],[17.906267,49.552475],[17.908111,49.55564],[17.907849,49.556571],[17.905392,49.556956],[17.902886,49.557856],[17.901555,49.558736],[17.899673,49.560638],[17.899794,49.562729],[17.901863,49.5635],[17.903519,49.564561],[17.902405,49.564955],[17.902656,49.566302],[17.900271,49.566549],[17.898497,49.563549],[17.896999,49.562681],[17.893355,49.564131],[17.888911,49.565552],[17.888658,49.566172],[17.885051,49.567587],[17.883225,49.568041],[17.882062,49.567102],[17.88141,49.565549],[17.879828,49.564553],[17.878596,49.561642],[17.874808,49.560631],[17.873255,49.560564],[17.871389,49.558221],[17.871057,49.55733],[17.868645,49.554088],[17.868239,49.552184],[17.865734,49.551211],[17.864726,49.547639],[17.862539,49.546386],[17.858993,49.547049],[17.858337,49.548439],[17.857205,49.54943],[17.853824,49.55068],[17.853137,49.551499],[17.854024,49.553259],[17.854058,49.554853],[17.854886,49.557472],[17.854691,49.558501],[17.853017,49.558361],[17.850517,49.558733],[17.850686,49.559705],[17.847957,49.562135],[17.847902,49.562922],[17.844079,49.562962],[17.843182,49.563201],[17.843561,49.564967],[17.845805,49.566522],[17.847787,49.567187],[17.849122,49.568477],[17.851818,49.570068],[17.853763,49.571958],[17.85679,49.570607],[17.86083,49.570731],[17.862562,49.570546],[17.864132,49.57091],[17.864382,49.574723],[17.863202,49.575612],[17.866093,49.576117],[17.862165,49.577703],[17.863063,49.578923],[17.861976,49.579345],[17.861684,49.581221],[17.858997,49.581098],[17.857864,49.582554],[17.856,49.582477],[17.852627,49.583745],[17.852072,49.585276],[17.853338,49.586339],[17.854107,49.589007],[17.852569,49.590089],[17.850788,49.589426],[17.848033,49.589785],[17.846109,49.592332],[17.847531,49.593572],[17.84548,49.594567],[17.845258,49.596165],[17.844378,49.597257],[17.844397,49.598454],[17.840292,49.598005],[17.839789,49.600543],[17.839094,49.600728],[17.838281,49.606229],[17.835296,49.606674],[17.832796,49.607974],[17.831759,49.609305],[17.828923,49.609914],[17.826042,49.611618],[17.822122,49.613245],[17.820184,49.614548],[17.81837,49.616515],[17.817448,49.620395],[17.815789,49.6217],[17.813499,49.622841],[17.812147,49.623017],[17.810258,49.623964],[17.808177,49.624347],[17.803794,49.625984],[17.800245,49.626738],[17.797299,49.627924],[17.794649,49.628269],[17.793599,49.629295],[17.793544,49.631625],[17.79042,49.632979],[17.787559,49.635376],[17.786126,49.635551],[17.783134,49.635299],[17.780621,49.633517],[17.778879,49.632757],[17.777667,49.633114],[17.776132,49.63564],[17.775135,49.636263],[17.775413,49.638702],[17.774915,49.640794],[17.772142,49.64373],[17.766973,49.644973],[17.766236,49.646997],[17.767836,49.648705],[17.769675,49.649107],[17.770916,49.650646],[17.772763,49.651981],[17.768768,49.653768],[17.765763,49.65749],[17.763308,49.658531],[17.761056,49.660001],[17.758768,49.660887],[17.756899,49.662419],[17.755296,49.665274],[17.754695,49.667046],[17.752578,49.669052],[17.752507,49.670835],[17.749999,49.672594],[17.747539,49.675054],[17.74492,49.676474],[17.742199,49.677218],[17.73859,49.679684],[17.737544,49.680041],[17.73544,49.679111],[17.734565,49.678063],[17.734694,49.676529],[17.733546,49.675454],[17.732818,49.673886],[17.734134,49.672664],[17.734098,49.669554],[17.732661,49.667398],[17.731668,49.665258],[17.728665,49.665931],[17.728322,49.66427],[17.726867,49.664437],[17.727127,49.666312],[17.725664,49.666703],[17.724552,49.662585],[17.721294,49.662984],[17.719749,49.663561],[17.71868,49.664607],[17.719673,49.667619],[17.717624,49.66831],[17.712861,49.66892],[17.7083,49.670171],[17.704895,49.67146],[17.702659,49.672571],[17.700427,49.673162],[17.699422,49.673939],[17.695116,49.675445],[17.689812,49.676682],[17.686744,49.680745],[17.685427,49.681544],[17.686255,49.682361],[17.68625,49.685162],[17.685352,49.686239],[17.688004,49.687576],[17.68813,49.688825],[17.687443,49.68998],[17.685596,49.691014],[17.685633,49.692073],[17.686993,49.693478],[17.685576,49.694269],[17.685537,49.695537],[17.68337,49.698228],[17.683022,49.700035],[17.682974,49.702886],[17.681148,49.704447],[17.682959,49.707465],[17.682591,49.708458],[17.683217,49.709988],[17.685121,49.71247],[17.685301,49.714723],[17.6886,49.716141],[17.688503,49.717493],[17.690048,49.718696],[17.6903,49.719848],[17.69143,49.721307],[17.6936,49.721282],[17.695221,49.722109],[17.695749,49.724534],[17.697252,49.725531],[17.69628,49.727681],[17.696896,49.729839],[17.698413,49.732889],[17.697697,49.734559],[17.696564,49.735516],[17.694958,49.735655],[17.692051,49.735221],[17.68971,49.732003],[17.688155,49.731012],[17.687013,49.73158],[17.686665,49.733128],[17.687558,49.733408],[17.688452,49.734827],[17.684794,49.739264],[17.683794,49.741557],[17.684049,49.743342],[17.68224,49.745915],[17.681209,49.74958],[17.682054,49.751833],[17.68163,49.753223],[17.675775,49.755595],[17.671245,49.756481],[17.667777,49.756945],[17.664606,49.756984],[17.663137,49.757618],[17.661425,49.759546],[17.659516,49.760135],[17.654004,49.760164],[17.651783,49.759111],[17.648585,49.758495],[17.647235,49.756518],[17.644959,49.756651],[17.643604,49.7552],[17.640128,49.755305],[17.637412,49.757117],[17.63508,49.756396],[17.631399,49.756244],[17.626526,49.753139],[17.626798,49.751035],[17.625619,49.751055],[17.624428,49.752646],[17.622491,49.751638],[17.620733,49.753074],[17.619685,49.755061],[17.617772,49.75524],[17.616166,49.751614],[17.613058,49.749306],[17.610923,49.748718],[17.61279,49.74753],[17.614183,49.744911],[17.610612,49.746003],[17.608802,49.747354],[17.60687,49.748148],[17.605493,49.748187],[17.603372,49.749942],[17.601447,49.750318],[17.600204,49.751254],[17.599032,49.751383],[17.597083,49.750765],[17.593937,49.751502],[17.591448,49.751438],[17.589828,49.750935],[17.588872,49.749903],[17.587565,49.749631],[17.583594,49.750799],[17.58257,49.751454],[17.58271,49.753248],[17.581047,49.752513],[17.580002,49.753479],[17.576639,49.755087],[17.572284,49.758665],[17.570765,49.757439],[17.567903,49.758328],[17.566912,49.756971],[17.565653,49.757695],[17.564299,49.757198],[17.561017,49.75792],[17.560763,49.75877],[17.558041,49.760206],[17.556467,49.761641],[17.556652,49.762665],[17.554929,49.764187],[17.553625,49.764274],[17.552547,49.765499],[17.554548,49.76746],[17.552793,49.76849],[17.551127,49.770292],[17.549282,49.769064],[17.547708,49.770711],[17.545579,49.770947],[17.542765,49.771853],[17.542219,49.773625],[17.540911,49.774099],[17.539632,49.772991],[17.536741,49.771541],[17.53366,49.770701],[17.531613,49.770608],[17.533245,49.772165],[17.532056,49.772636],[17.531031,49.773846],[17.527703,49.770571],[17.52661,49.773894],[17.52583,49.775003],[17.522029,49.77823],[17.521623,49.779148],[17.520011,49.780522],[17.521073,49.781137],[17.520589,49.782274],[17.520581,49.785369],[17.52107,49.787436],[17.522314,49.788806],[17.524712,49.790325],[17.523004,49.790488],[17.520506,49.791284],[17.520419,49.792919],[17.51716,49.793361],[17.514699,49.792912],[17.511291,49.792657],[17.512127,49.794888],[17.508004,49.795742],[17.502735,49.796369],[17.50044,49.79708],[17.49802,49.796901],[17.495004,49.799261],[17.497738,49.799254],[17.500122,49.798576],[17.50022,49.800382],[17.499071,49.802332],[17.499065,49.803101],[17.497547,49.804891],[17.498063,49.806236],[17.501479,49.807984],[17.503473,49.809614],[17.506675,49.811272],[17.504964,49.812643],[17.505138,49.814138],[17.505879,49.814876],[17.505782,49.816711],[17.503821,49.816788],[17.500121,49.818388],[17.493855,49.815376],[17.491698,49.814634],[17.490535,49.816159],[17.492362,49.817428],[17.49443,49.818245],[17.492651,49.819589],[17.492276,49.820913],[17.489842,49.823197],[17.486548,49.824203],[17.48556,49.825345],[17.487022,49.827943],[17.484704,49.828631],[17.48425,49.829555],[17.481627,49.830563],[17.480667,49.832705],[17.48305,49.833766],[17.481172,49.835405],[17.479172,49.835659],[17.480679,49.837827],[17.480363,49.838638],[17.485571,49.838311],[17.488823,49.837774],[17.490343,49.840019],[17.488005,49.849467],[17.485826,49.849647],[17.486471,49.851965],[17.487383,49.852452],[17.479972,49.855598],[17.476077,49.855607],[17.472782,49.85631],[17.472026,49.859745],[17.472549,49.862529],[17.473554,49.864056],[17.474636,49.866661],[17.474717,49.869404],[17.475339,49.870308],[17.476154,49.873088],[17.473933,49.873655],[17.470823,49.871886],[17.466829,49.870682],[17.463776,49.872164],[17.460746,49.871149],[17.457504,49.871516],[17.45468,49.872308],[17.452666,49.873691],[17.450733,49.874474],[17.448095,49.872689],[17.446344,49.871931],[17.444489,49.869772],[17.441249,49.867199],[17.447959,49.865081],[17.447979,49.863368],[17.449543,49.861697],[17.449727,49.860057],[17.450681,49.858534],[17.453778,49.857751],[17.455368,49.856649],[17.456667,49.855196],[17.455153,49.851938],[17.453819,49.85061],[17.455226,49.850193],[17.455921,49.848069],[17.455645,49.846262],[17.456718,49.845482],[17.459782,49.844219],[17.461202,49.843119],[17.463189,49.842229],[17.464532,49.839635],[17.464812,49.83842],[17.463271,49.836893],[17.463838,49.834254],[17.462675,49.832362],[17.461095,49.833041],[17.461435,49.834061],[17.459464,49.835724],[17.456606,49.836384],[17.453975,49.836228],[17.452203,49.832037],[17.450983,49.831699],[17.449938,49.828997],[17.451207,49.828657],[17.450147,49.827432],[17.446495,49.828388],[17.445697,49.826815],[17.44435,49.826108],[17.441803,49.826389],[17.440657,49.824973],[17.439439,49.825541],[17.43789,49.823703],[17.43547,49.824555],[17.434318,49.825532],[17.434213,49.826536],[17.434883,49.828848],[17.436683,49.828351],[17.436949,49.829828],[17.440417,49.832241],[17.438478,49.832297],[17.436814,49.833242],[17.43527,49.832897],[17.432133,49.835374],[17.430166,49.835276],[17.429874,49.834098],[17.428535,49.833751],[17.427862,49.832223],[17.428552,49.831608],[17.426797,49.830527],[17.425906,49.829342],[17.426239,49.828108],[17.429069,49.827475],[17.430543,49.827645],[17.431183,49.826288],[17.429298,49.824457],[17.42671,49.825837],[17.421662,49.825696],[17.420856,49.826734],[17.415559,49.825277],[17.412044,49.826086],[17.411827,49.827408],[17.408202,49.825481],[17.406984,49.82371],[17.409227,49.822494],[17.408284,49.820572],[17.409457,49.81904],[17.411773,49.818471],[17.41292,49.817426],[17.414777,49.816502],[17.41524,49.815606],[17.416854,49.815761],[17.416802,49.814632],[17.415102,49.814774],[17.410511,49.813116],[17.408598,49.81296],[17.40656,49.813404],[17.404072,49.814723],[17.402565,49.813569],[17.401401,49.810573],[17.396995,49.811079],[17.395532,49.810951],[17.394089,49.811643],[17.392561,49.813148],[17.391526,49.802157],[17.38883,49.796616],[17.387292,49.791115],[17.385205,49.79408],[17.376214,49.798665],[17.373562,49.800733],[17.374866,49.801729],[17.372555,49.803238],[17.372261,49.805411],[17.36962,49.806124],[17.369101,49.804713],[17.356309,49.812775],[17.35762,49.815708],[17.357109,49.816902],[17.359736,49.820625],[17.361948,49.821889],[17.362655,49.823374],[17.36247,49.824842],[17.363437,49.826413],[17.364962,49.827044],[17.36626,49.828654],[17.368511,49.830232],[17.370199,49.833245],[17.371758,49.834791],[17.372,49.836108],[17.371661,49.838098],[17.373569,49.841523],[17.37725,49.844773],[17.378981,49.846786],[17.3814,49.848557],[17.378558,49.849531],[17.376026,49.850065],[17.374664,49.851295],[17.374937,49.852989],[17.373062,49.852625],[17.372159,49.853229],[17.372627,49.85448],[17.368301,49.855318],[17.364819,49.85657],[17.359969,49.861718],[17.357223,49.862847],[17.355323,49.863174],[17.351621,49.861638],[17.346338,49.859783],[17.344424,49.860334],[17.341513,49.857794],[17.339916,49.858133],[17.337776,49.855601],[17.336707,49.853642],[17.33492,49.853775],[17.332302,49.854994],[17.33336,49.856318],[17.335928,49.858694],[17.337385,49.859508],[17.335544,49.860679],[17.332336,49.859437],[17.331564,49.858687],[17.32946,49.858314],[17.329158,49.855777],[17.328458,49.854538],[17.326808,49.854178],[17.327225,49.853181],[17.324791,49.852874],[17.324256,49.853978],[17.3224,49.855279],[17.319258,49.856461],[17.317442,49.856753],[17.315763,49.856434],[17.312474,49.854558],[17.312295,49.853093],[17.30971,49.851489],[17.30731,49.852206],[17.306309,49.851355],[17.305536,49.84966],[17.306751,49.849698],[17.306643,49.848065],[17.305817,49.845957],[17.303285,49.846408],[17.298752,49.84806],[17.297966,49.847482],[17.296137,49.844817],[17.293497,49.842698],[17.290445,49.840741],[17.289226,49.840644],[17.283931,49.837905],[17.280706,49.838219],[17.278107,49.837486],[17.276318,49.836539],[17.272439,49.836746],[17.269157,49.83563],[17.267713,49.83564],[17.264791,49.83483],[17.264662,49.833553],[17.26185,49.832058],[17.261195,49.831366],[17.26156,49.82983],[17.262324,49.829093],[17.260865,49.82772],[17.260638,49.82638],[17.262229,49.825506],[17.263592,49.823896],[17.263544,49.822986],[17.266127,49.819659],[17.2643,49.818632],[17.26174,49.820085],[17.258938,49.82071],[17.255015,49.819859],[17.253411,49.821158],[17.251798,49.823156],[17.250485,49.825324],[17.247842,49.824473],[17.245135,49.824736],[17.240574,49.826329],[17.238831,49.825807],[17.238077,49.824732],[17.236679,49.825322],[17.233854,49.82502],[17.232616,49.825678],[17.231804,49.824005],[17.23042,49.824674],[17.228647,49.823648],[17.226616,49.823515],[17.225627,49.822769],[17.226447,49.821531],[17.223941,49.821411],[17.222214,49.822426],[17.218053,49.819123],[17.215754,49.818252],[17.215764,49.819861],[17.216414,49.821384],[17.214379,49.822748],[17.214519,49.82342],[17.212514,49.825186],[17.208901,49.825637],[17.209288,49.828182],[17.210757,49.831329],[17.213068,49.83386],[17.214485,49.835805],[17.217609,49.837066],[17.217174,49.838191],[17.217703,49.83974],[17.220358,49.84135],[17.221365,49.843117],[17.221203,49.844556],[17.222057,49.846064],[17.222155,49.849443],[17.223291,49.853565],[17.224697,49.856466],[17.22487,49.858302],[17.224467,49.859356],[17.221823,49.860564],[17.220752,49.858702],[17.219517,49.858085],[17.219454,49.855671],[17.2183,49.854051],[17.216357,49.85285],[17.210066,49.854413],[17.209752,49.853811],[17.207365,49.85308],[17.207007,49.851793],[17.208746,49.84953],[17.208445,49.848146],[17.205764,49.848897],[17.203908,49.849896],[17.201086,49.85073],[17.198761,49.850653],[17.195292,49.851113],[17.192999,49.85064],[17.191942,49.848597],[17.187304,49.84519],[17.185173,49.844421],[17.184491,49.846167],[17.183498,49.847257],[17.18174,49.846934],[17.177178,49.849881],[17.176659,49.852639],[17.174926,49.855217],[17.17223,49.857436],[17.172802,49.858674],[17.17157,49.861465],[17.171407,49.862988],[17.170477,49.864526],[17.168064,49.865794],[17.163634,49.867019],[17.161025,49.863577],[17.159548,49.864556],[17.161685,49.866548],[17.159286,49.868719],[17.159437,49.870717],[17.158513,49.87322],[17.155789,49.876025],[17.155944,49.876701],[17.153029,49.876557],[17.150049,49.876801],[17.147116,49.877939],[17.146528,49.880783],[17.148983,49.880712],[17.149092,49.881865],[17.150711,49.882798],[17.150681,49.884294],[17.148256,49.886795],[17.148794,49.887499],[17.151226,49.888839],[17.152394,49.88793],[17.154757,49.888786],[17.155528,49.889746],[17.157561,49.890169],[17.158173,49.893165],[17.16408,49.895279],[17.165553,49.896544],[17.165153,49.898128],[17.166109,49.90133],[17.169508,49.900993],[17.170447,49.902113],[17.170116,49.904411],[17.171613,49.906243],[17.171782,49.907041],[17.173365,49.908116],[17.17516,49.910964],[17.1714,49.910863],[17.169094,49.911059],[17.165995,49.912381],[17.162008,49.912359],[17.161239,49.913831],[17.163224,49.915167],[17.163693,49.916806],[17.162146,49.917799],[17.161396,49.919119],[17.162359,49.920516],[17.163782,49.92128],[17.16454,49.922953],[17.166335,49.922747],[17.169824,49.924137],[17.1721,49.923556],[17.171589,49.925573],[17.172916,49.926721],[17.1756,49.927601],[17.177027,49.929037],[17.177482,49.930329],[17.179585,49.932628],[17.180642,49.932076],[17.182936,49.933459],[17.183665,49.932251],[17.185707,49.933384],[17.188524,49.932717],[17.190254,49.933549],[17.190438,49.936681],[17.191223,49.939901],[17.193846,49.940424],[17.19598,49.93983],[17.200248,49.944307],[17.197653,49.945867],[17.198265,49.947598],[17.20002,49.948079],[17.201356,49.947907],[17.201969,49.948927],[17.203482,49.949403],[17.202011,49.95068],[17.201707,49.951802],[17.199735,49.954231],[17.197901,49.954855],[17.198519,49.956325],[17.201197,49.956497],[17.20003,49.958093],[17.197934,49.959199],[17.194882,49.961659],[17.193674,49.963991],[17.191626,49.965074],[17.189029,49.965352],[17.18626,49.966469],[17.184205,49.966971],[17.179196,49.970937],[17.177624,49.971061],[17.174639,49.973152],[17.168133,49.97574],[17.166632,49.976819],[17.161666,49.977754],[17.160871,49.979027],[17.157674,49.981382],[17.155812,49.982319],[17.163769,49.986081],[17.165932,49.987544],[17.170083,49.987861],[17.171464,49.988518],[17.172071,49.991259],[17.17368,49.99328],[17.173534,49.994611],[17.170343,49.998517],[17.16943,49.999983],[17.16923,50.001502],[17.168272,50.003032],[17.168225,50.004364],[17.168826,50.006596],[17.16819,50.010179],[17.167535,50.011229],[17.171164,50.01386],[17.172463,50.014071],[17.177443,50.016165],[17.177796,50.01722],[17.180349,50.018825],[17.181442,50.020065],[17.183149,50.023206],[17.184345,50.026822],[17.18695,50.030419],[17.188962,50.032055],[17.198479,50.034587],[17.199344,50.03679],[17.200535,50.037947],[17.202367,50.038975],[17.204639,50.039643],[17.207997,50.041773],[17.20922,50.043542],[17.211115,50.044325],[17.218247,50.045936],[17.221041,50.047801],[17.224471,50.051102],[17.226841,50.052801],[17.228121,50.05496],[17.228573,50.056431],[17.229707,50.057588],[17.231297,50.059972],[17.233568,50.062368],[17.234482,50.063873],[17.233539,50.066339],[17.233287,50.068773],[17.232164,50.070056],[17.230703,50.07299],[17.229087,50.075244],[17.229552,50.077006],[17.228103,50.080425],[17.22829,50.081651],[17.23174,50.084773],[17.228357,50.090172],[17.227041,50.092529],[17.225092,50.094788],[17.221491,50.099623],[17.22034,50.102225],[17.223326,50.104095],[17.227065,50.106097],[17.244204,50.114931],[17.24932,50.12099],[17.242941,50.12775],[17.243116,50.132821],[17.243584,50.134927],[17.243063,50.135839],[17.240563,50.137592],[17.239411,50.140956],[17.239402,50.14203],[17.240697,50.14315],[17.24681,50.145478],[17.252823,50.146845],[17.254421,50.148004],[17.255699,50.148225],[17.258787,50.147467],[17.27261,50.160104],[17.275536,50.16139],[17.277562,50.163215],[17.278735,50.163494],[17.279568,50.164574],[17.281396,50.165343],[17.280781,50.167036],[17.284732,50.172585],[17.285266,50.172872],[17.289053,50.17197],[17.291073,50.170711],[17.293948,50.16986],[17.296657,50.170126],[17.298537,50.17174],[17.302547,50.173556],[17.304101,50.175742],[17.304785,50.177875],[17.303269,50.178938],[17.308781,50.186648],[17.317371,50.189765],[17.323017,50.189817],[17.324337,50.189233],[17.329705,50.187664],[17.338284,50.184609],[17.348476,50.189892],[17.35287,50.198089],[17.357627,50.201955],[17.35798,50.203529],[17.360654,50.205583],[17.367368,50.209237],[17.369933,50.210406],[17.371943,50.212789],[17.372659,50.213163],[17.376033,50.221021],[17.377017,50.222922],[17.380469,50.221978],[17.383888,50.219085],[17.388198,50.214327],[17.389207,50.21294],[17.395937,50.210163],[17.398073,50.209137],[17.400061,50.209893],[17.404181,50.210121],[17.410026,50.209482],[17.411605,50.2119],[17.412696,50.211654],[17.411876,50.210056],[17.41782,50.20915],[17.416717,50.210161],[17.421457,50.21011],[17.42328,50.21177],[17.422139,50.212652],[17.421786,50.21421],[17.422042,50.216284],[17.423114,50.218234],[17.425397,50.219684],[17.42511,50.226209],[17.426825,50.22959],[17.426536,50.23154],[17.425481,50.234257],[17.425432,50.236545],[17.424869,50.237275],[17.424044,50.240337],[17.425758,50.241903],[17.429062,50.243682],[17.429599,50.245855],[17.429317,50.248816],[17.429887,50.25186],[17.42969,50.254176],[17.4291,50.25647],[17.427682,50.258644],[17.428008,50.259654],[17.431186,50.263054],[17.428128,50.268251],[17.424918,50.271029],[17.423905,50.271466],[17.423085,50.272941],[17.422766,50.274574],[17.420671,50.277423],[17.40687,50.27393],[17.400829,50.279591],[17.389054,50.282747],[17.386203,50.282879],[17.383097,50.28259],[17.37861,50.282772],[17.373326,50.282658],[17.366124,50.282057],[17.363143,50.279635],[17.362345,50.275693],[17.362292,50.272816],[17.362974,50.268636],[17.362551,50.266708],[17.363041,50.265036],[17.361732,50.264226],[17.359607,50.265124],[17.357806,50.265278],[17.351268,50.263667],[17.348497,50.264695],[17.346266,50.267553],[17.346204,50.268529],[17.344829,50.271458],[17.344723,50.273705],[17.343403,50.274581],[17.342764,50.276151],[17.343972,50.279037],[17.342516,50.281104],[17.337735,50.283473],[17.343831,50.28565],[17.348196,50.287437],[17.347209,50.288988],[17.345373,50.290139],[17.344715,50.291295],[17.345046,50.293808],[17.346069,50.295896],[17.345986,50.29783],[17.347877,50.300266],[17.350497,50.302127],[17.351007,50.302895],[17.351586,50.305656],[17.351353,50.306422],[17.353299,50.306819],[17.35368,50.308043],[17.351333,50.309796],[17.350608,50.310727],[17.348619,50.311792],[17.345328,50.312266],[17.343259,50.311717],[17.337508,50.313063],[17.34049,50.322681],[17.348227,50.322795],[17.350029,50.325343],[17.348662,50.32835],[17.343667,50.327823],[17.339525,50.327557],[17.333407,50.327411],[17.327794,50.327099],[17.323516,50.325521],[17.321446,50.324341],[17.316057,50.32215],[17.312757,50.320482],[17.310669,50.320163],[17.307689,50.320296],[17.303453,50.320138],[17.300025,50.319384],[17.296596,50.319122],[17.294661,50.318682],[17.291935,50.317614],[17.289926,50.317501],[17.285027,50.318772],[17.282052,50.319005],[17.278392,50.320088],[17.274016,50.321828],[17.267644,50.325794],[17.266194,50.327128],[17.26367,50.328222],[17.258721,50.328653],[17.252361,50.330244],[17.247324,50.332074],[17.247253,50.333482],[17.24209,50.337277],[17.23878,50.338105],[17.238405,50.339056],[17.235497,50.341068],[17.232066,50.341783],[17.228833,50.343071],[17.224624,50.345214],[17.223281,50.346153],[17.220923,50.348852],[17.218275,50.350834],[17.216268,50.353398],[17.212767,50.356629],[17.213049,50.357544],[17.207174,50.361096],[17.203712,50.362569],[17.201142,50.364016],[17.199875,50.367815],[17.199654,50.372249],[17.199115,50.375078],[17.199548,50.376593],[17.202673,50.3816],[17.201971,50.381947],[17.203029,50.383476],[17.203754,50.38613],[17.198525,50.387537],[17.193934,50.388327],[17.189283,50.389328],[17.184037,50.389956],[17.183248,50.388135],[17.179474,50.386159],[17.167536,50.38426],[17.16252,50.383658],[17.159567,50.381174],[17.15722,50.380069],[17.152977,50.381518],[17.149265,50.381498],[17.147848,50.380925],[17.14333,50.380421],[17.133717,50.387316],[17.131795,50.389469],[17.129575,50.391181],[17.125715,50.392386],[17.123001,50.394234],[17.115004,50.394078],[17.111107,50.393689],[17.111286,50.396556],[17.110748,50.404963],[17.10343,50.40608],[17.097943,50.406197],[17.089388,50.406008],[17.085137,50.405786],[17.083544,50.40512],[17.082539,50.403458],[17.082335,50.401996],[17.08096,50.402238],[17.075543,50.404344],[17.065097,50.406185],[17.055888,50.406871],[17.052533,50.40696],[17.044913,50.410486],[17.041564,50.41187],[17.037495,50.414899],[17.033325,50.414851],[17.030295,50.415116],[17.027924,50.417367],[17.026419,50.418229],[17.024271,50.421474],[17.020026,50.421641],[17.018338,50.421414],[17.016652,50.419918],[17.013527,50.418583],[17.010576,50.420514],[17.007173,50.423825],[17.003426,50.425752],[16.99829,50.42775],[16.995895,50.426045],[16.993069,50.424627],[16.983376,50.420079],[16.981894,50.419579],[16.97401,50.417755],[16.97278,50.419916],[16.970226,50.422046],[16.966045,50.424316],[16.963376,50.426034],[16.956133,50.428684],[16.953233,50.430146],[16.949029,50.432789],[16.946065,50.433974],[16.941647,50.435076],[16.938443,50.435379],[16.934101,50.436831],[16.932193,50.437148],[16.928882,50.438239],[16.926911,50.43846],[16.924436,50.439731],[16.921939,50.440497],[16.917578,50.444589],[16.911551,50.447285],[16.907898,50.449448],[16.904551,50.448273],[16.900044,50.44801],[16.897364,50.447111],[16.894508,50.443851],[16.892853,50.443378],[16.890116,50.444073],[16.886706,50.444188],[16.883152,50.44347],[16.881168,50.442439],[16.880599,50.440999],[16.880188,50.437328],[16.88072,50.43616],[16.878155,50.434403],[16.876827,50.43394],[16.875563,50.432635],[16.876615,50.431269],[16.875812,50.428185],[16.872688,50.425838],[16.869439,50.422861],[16.868692,50.420558],[16.868793,50.418012],[16.869577,50.417081],[16.868151,50.415902],[16.865984,50.415208],[16.864276,50.414213],[16.8636,50.413082],[16.860514,50.411211],[16.860322,50.407749],[16.862457,50.409173],[16.863761,50.408901],[16.866693,50.407499],[16.869532,50.405369],[16.871761,50.403105],[16.879623,50.400075],[16.881894,50.398966],[16.884481,50.398756],[16.889457,50.397028],[16.89284,50.39512],[16.893741,50.393201],[16.895492,50.391313],[16.899023,50.389596],[16.900603,50.389705],[16.90393,50.390914],[16.907092,50.391313],[16.90824,50.391064],[16.910969,50.389036],[16.911051,50.387407],[16.910239,50.385605],[16.910467,50.384903],[16.914048,50.383277],[16.91506,50.382471],[16.914357,50.37995],[16.916522,50.377081],[16.916732,50.374401],[16.917251,50.373017],[16.919297,50.369954],[16.919465,50.368686],[16.915673,50.364997],[16.915508,50.363036],[16.916568,50.361675],[16.918925,50.360191],[16.919691,50.358142],[16.92158,50.355076],[16.923177,50.353859],[16.926117,50.34955],[16.928806,50.347429],[16.929831,50.345823],[16.932722,50.345075],[16.936078,50.343463],[16.937708,50.341496],[16.936425,50.339241],[16.936483,50.337827],[16.937508,50.334478],[16.938467,50.333105],[16.934314,50.330789],[16.935254,50.328438],[16.936803,50.327187],[16.937942,50.325465],[16.938823,50.323195],[16.940717,50.319788],[16.945882,50.318053],[16.946306,50.31772],[16.946139,50.315388],[16.948334,50.314725],[16.951613,50.313167],[16.955508,50.312278],[16.961015,50.312564],[16.962003,50.314245],[16.964725,50.315139],[16.968263,50.315926],[16.968772,50.31554],[16.96955,50.312744],[16.971519,50.311069],[16.971638,50.309858],[16.973081,50.308381],[16.976667,50.307186],[16.98288,50.30594],[16.985002,50.30488],[16.988623,50.303673],[16.993445,50.302355],[16.996763,50.302219],[17.000937,50.303032],[17.002637,50.302117],[17.003546,50.299566],[17.004356,50.29869],[17.003703,50.296303],[17.008243,50.29575],[17.009015,50.29529],[17.009776,50.293401],[17.01221,50.291107],[17.01296,50.289618],[17.014665,50.288461],[17.016502,50.285288],[17.016537,50.283617],[17.017733,50.280265],[17.019927,50.278558],[17.017753,50.273812],[17.018015,50.270956],[17.017349,50.268673],[17.016551,50.26734],[17.013214,50.264319],[17.01332,50.263713],[17.00985,50.260253],[17.008629,50.259659],[17.006273,50.259369],[17.001551,50.256396],[17.003289,50.25298],[17.006435,50.251576],[17.01081,50.249227],[17.0116,50.247945],[17.010668,50.242707],[17.011522,50.241372],[17.015299,50.240437],[17.017907,50.238078],[17.020281,50.236847],[17.021905,50.235579],[17.024403,50.232698],[17.028313,50.229989],[17.024433,50.227205],[17.021251,50.226461],[17.019729,50.224355],[17.018,50.223196],[17.0164,50.221484],[17.015346,50.219715],[17.009635,50.217944],[17.007564,50.217838],[17.00239,50.216389],[16.998893,50.215857],[16.996866,50.216658],[16.995596,50.21918],[16.994369,50.22092],[16.994129,50.223278],[16.993277,50.224012],[16.993293,50.22515],[16.992227,50.226816],[16.990536,50.228249],[16.988754,50.228994],[16.986141,50.231783],[16.98278,50.233062],[16.980605,50.23611],[16.981108,50.237592],[16.980362,50.241639],[16.977684,50.244328],[16.97592,50.244816],[16.974571,50.24367],[16.96834,50.24168],[16.964745,50.239445],[16.963228,50.239054],[16.96162,50.237129],[16.961942,50.236062],[16.961131,50.235265],[16.963372,50.232672],[16.96545,50.23131],[16.965843,50.229788],[16.963147,50.228743],[16.961489,50.227595],[16.958199,50.225859],[16.9581,50.224478],[16.955952,50.222525],[16.949805,50.221319],[16.944763,50.223014],[16.941802,50.222962],[16.940612,50.222347],[16.938773,50.222383],[16.936732,50.22339],[16.934876,50.223702],[16.929752,50.222823],[16.926959,50.223027],[16.923486,50.22548],[16.919895,50.226049],[16.91738,50.226194],[16.913465,50.225354],[16.911221,50.224366],[16.907343,50.22377],[16.904818,50.222959],[16.900913,50.223125],[16.898643,50.222658],[16.897995,50.222023],[16.89834,50.219076],[16.896513,50.217776],[16.893941,50.217513],[16.891721,50.216737],[16.88877,50.216274],[16.887536,50.215635],[16.885027,50.213058],[16.883965,50.207816],[16.884631,50.206224],[16.884732,50.203688],[16.884155,50.201681],[16.883179,50.200206],[16.881919,50.199555],[16.879945,50.199486],[16.876408,50.198373],[16.875391,50.197646],[16.871628,50.196964],[16.868716,50.197813],[16.865509,50.198308],[16.86279,50.198242],[16.864528,50.197089],[16.863407,50.193113],[16.864086,50.191773],[16.867317,50.189007],[16.866862,50.187695],[16.867393,50.186445],[16.86567,50.185331],[16.864766,50.183362],[16.864236,50.180936],[16.864606,50.1804],[16.864533,50.178097],[16.865895,50.176977],[16.864165,50.175835],[16.863007,50.173435],[16.859939,50.172271],[16.857846,50.170238],[16.855835,50.169615],[16.852731,50.169645],[16.851434,50.168915],[16.850341,50.166962],[16.848335,50.165114],[16.848651,50.163459],[16.847365,50.159164],[16.844433,50.156237],[16.844853,50.155573],[16.844223,50.151612],[16.842465,50.148186],[16.840396,50.145539],[16.838175,50.143749],[16.837683,50.142202],[16.838407,50.140223],[16.837529,50.138489],[16.833443,50.134598],[16.835873,50.134424],[16.833646,50.129363],[16.832286,50.127083],[16.831082,50.125986],[16.829252,50.125837],[16.82788,50.128466],[16.824483,50.127582],[16.82524,50.125258],[16.824464,50.123725],[16.825078,50.122386],[16.824906,50.120333],[16.825415,50.118498],[16.826221,50.117702],[16.825769,50.114669],[16.82382,50.113563],[16.821367,50.113346],[16.819949,50.112257],[16.816886,50.111828],[16.814578,50.111128],[16.81223,50.111644],[16.808288,50.111445],[16.805677,50.110414],[16.804701,50.108972],[16.805196,50.107539],[16.806379,50.106254],[16.806323,50.103778],[16.807979,50.102718],[16.808576,50.101247],[16.810342,50.100144],[16.810509,50.098902],[16.812755,50.098258],[16.813143,50.096108],[16.815451,50.094963],[16.816028,50.094246],[16.815054,50.09313],[16.815493,50.089442],[16.817576,50.087309],[16.818786,50.087302],[16.821827,50.085822],[16.824334,50.085496],[16.823512,50.084513],[16.819178,50.084008],[16.815552,50.082152],[16.811957,50.080661],[16.810292,50.08031],[16.809359,50.078905],[16.806673,50.077347],[16.802325,50.074011],[16.799577,50.070279],[16.798719,50.069938],[16.798247,50.068592],[16.80021,50.066236],[16.802032,50.065785],[16.80489,50.064536],[16.806523,50.063409],[16.810062,50.061631],[16.813746,50.058812],[16.813245,50.056852],[16.811167,50.05574],[16.806468,50.052814],[16.818739,50.044514],[16.812758,50.042282],[16.810744,50.04078],[16.808855,50.040217],[16.807041,50.038082],[16.807024,50.033856],[16.810449,50.032627],[16.808978,50.030696],[16.805017,50.029076],[16.802002,50.02912],[16.800351,50.029777],[16.795515,50.029418],[16.7939,50.029599],[16.792986,50.028781],[16.792887,50.027207],[16.790877,50.026041],[16.788583,50.026945],[16.786234,50.024215],[16.780207,50.023221],[16.779417,50.021728],[16.777238,50.019904],[16.777606,50.018829],[16.775292,50.016793],[16.770746,50.017976],[16.769757,50.01671],[16.766825,50.016723],[16.766832,50.013368],[16.768896,50.009047],[16.76779,50.00723],[16.762438,50.005557],[16.760226,50.004553],[16.758654,50.002867],[16.759111,50.002511],[16.75702,50.00041],[16.753445,49.998523],[16.754521,49.997446],[16.748609,49.994652],[16.748462,49.997233],[16.747412,49.999904],[16.743398,50.001261],[16.74093,50.001412],[16.736391,50.001336],[16.730231,50.002247],[16.727198,50.002209],[16.720712,50.002425],[16.717678,50.001638],[16.715107,50.000518],[16.711994,49.999502],[16.713572,49.99723],[16.713961,49.994323],[16.715092,49.992501],[16.715504,49.98982],[16.71748,49.98664],[16.71908,49.984824],[16.72099,49.983825],[16.725052,49.982966],[16.727232,49.98177],[16.727574,49.979754],[16.730044,49.978288],[16.731138,49.975674],[16.7306,49.973349],[16.730937,49.970744],[16.733692,49.969355],[16.735258,49.968052],[16.734532,49.965658],[16.733616,49.960995],[16.733372,49.956503],[16.733775,49.954781],[16.73353,49.953063],[16.731632,49.950966],[16.734807,49.949993],[16.733405,49.948343],[16.734485,49.946567],[16.736843,49.946007],[16.738204,49.945149],[16.739132,49.94349],[16.738541,49.942372],[16.738712,49.940546],[16.740063,49.938605],[16.74191,49.937304],[16.742049,49.935323],[16.744592,49.933759],[16.750673,49.931561],[16.749907,49.929342],[16.749136,49.928783],[16.747517,49.92602],[16.745948,49.924815],[16.748855,49.922949],[16.752192,49.921221],[16.755443,49.920649],[16.756609,49.920142],[16.756115,49.9183],[16.754866,49.917045],[16.755479,49.915089],[16.757241,49.912806],[16.756407,49.91162],[16.756566,49.910722],[16.75272,49.908091],[16.753263,49.906262],[16.754968,49.903461],[16.756793,49.901969],[16.75721,49.900693],[16.755488,49.898984],[16.754499,49.896897],[16.751044,49.89588],[16.749855,49.894461],[16.751482,49.892553],[16.753264,49.891238],[16.75404,49.889531],[16.75404,49.887993],[16.756708,49.885915],[16.75976,49.881732],[16.760463,49.879835],[16.759855,49.877983],[16.761118,49.87662],[16.766794,49.875844],[16.769135,49.874308],[16.76774,49.874175],[16.765129,49.873085],[16.765672,49.872274],[16.759048,49.867765],[16.756171,49.866355],[16.752895,49.865432],[16.750769,49.866917],[16.748267,49.866436],[16.74465,49.864477],[16.741509,49.863887],[16.742472,49.862298],[16.739526,49.859462],[16.739289,49.857962],[16.740021,49.856325],[16.739159,49.855141],[16.739128,49.853253],[16.737658,49.851604],[16.739542,49.850237],[16.739284,49.848489],[16.738146,49.84805],[16.736083,49.846432],[16.735394,49.845211],[16.736547,49.844224],[16.739363,49.843001],[16.739908,49.840363],[16.737451,49.840401],[16.737686,49.838644],[16.736488,49.836032],[16.737215,49.835246],[16.736176,49.833599],[16.736489,49.831564],[16.736089,49.830677],[16.739103,49.827496],[16.740439,49.826621],[16.744226,49.827674],[16.745162,49.827445],[16.745172,49.82559],[16.751889,49.82394],[16.751844,49.822436],[16.752697,49.82124],[16.755629,49.819412],[16.760587,49.81826],[16.759585,49.81695],[16.756919,49.815611],[16.757674,49.813887],[16.758622,49.812965],[16.759471,49.810236],[16.757814,49.808968],[16.758173,49.807569],[16.756217,49.806236],[16.75593,49.805105],[16.757122,49.803571],[16.759956,49.801593],[16.760771,49.801514],[16.762029,49.800093],[16.760732,49.798934],[16.760807,49.797994],[16.765103,49.793695],[16.76617,49.79143],[16.768066,49.790292],[16.769827,49.788658],[16.772394,49.787528],[16.774541,49.785784],[16.778123,49.782417],[16.778498,49.781087],[16.781084,49.780196],[16.782956,49.779042],[16.782509,49.778234],[16.784242,49.777835],[16.785586,49.776304],[16.786837,49.775534],[16.790596,49.774393],[16.792909,49.77538],[16.798866,49.774721],[16.799158,49.773896],[16.801269,49.772706],[16.798711,49.771108],[16.800874,49.769907],[16.803141,49.767709],[16.802814,49.767169],[16.796779,49.765024],[16.796793,49.763858],[16.797931,49.761819],[16.797209,49.760719],[16.794637,49.759478],[16.791997,49.759027],[16.79361,49.758141],[16.79384,49.756599],[16.796928,49.755842],[16.797985,49.754143],[16.799123,49.753842],[16.805741,49.750355],[16.808893,49.749825],[16.813039,49.748542],[16.810323,49.746948],[16.809236,49.743781],[16.807159,49.742415],[16.806801,49.740924],[16.800262,49.739648],[16.799212,49.738791],[16.798024,49.736602],[16.798285,49.734869],[16.795336,49.734132],[16.793048,49.732912],[16.79202,49.73182],[16.789841,49.73104],[16.788755,49.729101],[16.791716,49.726618],[16.792489,49.726956],[16.795317,49.726966],[16.798259,49.727438],[16.799999,49.727248],[16.801527,49.726426],[16.80346,49.72703],[16.804249,49.728038],[16.80388,49.729106],[16.804911,49.73086],[16.805792,49.73142],[16.811694,49.731235],[16.815411,49.731868],[16.81401,49.730349],[16.814813,49.729071],[16.814825,49.727057],[16.817876,49.72679],[16.818829,49.727382],[16.818881,49.728659],[16.819996,49.729162],[16.822619,49.728833],[16.825232,49.729205],[16.827289,49.72898],[16.828352,49.728184],[16.831851,49.729081],[16.83293,49.727674],[16.836495,49.724275],[16.837685,49.7235],[16.842269,49.722032],[16.843923,49.721055],[16.842996,49.718741],[16.845432,49.717918],[16.847445,49.7162],[16.844421,49.712405],[16.84445,49.710809],[16.843393,49.710021],[16.841864,49.707511],[16.839888,49.705815],[16.844787,49.704699],[16.846865,49.70459],[16.847801,49.7037],[16.848506,49.701534],[16.847861,49.698658],[16.846153,49.697731],[16.844867,49.694748],[16.845671,49.693835],[16.845163,49.689062],[16.844689,49.687371],[16.843565,49.686799],[16.842969,49.684872],[16.843198,49.682973],[16.845226,49.681941],[16.845716,49.68059],[16.843614,49.679963],[16.839611,49.676068],[16.839234,49.674512],[16.837869,49.674167],[16.83478,49.674284],[16.832035,49.67378],[16.829968,49.672971],[16.828366,49.67153],[16.826316,49.670367],[16.829121,49.667887],[16.828456,49.666628],[16.82457,49.665487],[16.821407,49.666708],[16.814195,49.664073],[16.810967,49.66121],[16.809879,49.660643],[16.809031,49.658675],[16.809904,49.657752],[16.808909,49.656803],[16.805949,49.657135],[16.803819,49.656531],[16.804216,49.654952],[16.803602,49.653654],[16.804806,49.652396],[16.804292,49.651011],[16.804825,49.64959],[16.804292,49.647273],[16.80508,49.645336],[16.803497,49.64474],[16.803595,49.643512],[16.802099,49.641975],[16.801331,49.639888],[16.80039,49.639225],[16.805624,49.637974],[16.806354,49.636767],[16.809454,49.634417],[16.809448,49.633603],[16.810659,49.632319],[16.813907,49.63146],[16.813427,49.629941],[16.814085,49.628948],[16.816817,49.627982],[16.817982,49.62549],[16.821996,49.623331],[16.821113,49.622082],[16.816564,49.624101],[16.815445,49.626376],[16.814399,49.626243],[16.81222,49.627993],[16.810775,49.627141],[16.812253,49.623998],[16.811244,49.622752],[16.809196,49.62288],[16.809072,49.621136],[16.807311,49.619499],[16.806879,49.617254],[16.805705,49.615103],[16.804316,49.614469],[16.80392,49.613234],[16.804892,49.610812],[16.803924,49.609415],[16.806955,49.608285],[16.807308,49.607731],[16.805122,49.605906],[16.805092,49.605235],[16.801839,49.605737],[16.801426,49.604186],[16.802447,49.601659],[16.803944,49.601222],[16.804827,49.599638],[16.804063,49.5988],[16.804265,49.596494],[16.800415,49.595105],[16.797904,49.595727],[16.79651,49.59302],[16.794699,49.592977],[16.793172,49.591471],[16.791079,49.591357],[16.788399,49.591671],[16.789224,49.589898],[16.789749,49.587119],[16.79352,49.586638],[16.79557,49.58496],[16.796408,49.5829],[16.796548,49.581223],[16.797993,49.580095],[16.801827,49.579161],[16.802714,49.578036],[16.80037,49.576112],[16.796893,49.575664],[16.795244,49.574687],[16.792661,49.573828],[16.789057,49.574418],[16.787026,49.573587],[16.783436,49.573038],[16.779598,49.574089],[16.778424,49.57523],[16.777657,49.578231],[16.775487,49.578333],[16.770793,49.579188],[16.770778,49.57823],[16.766573,49.580726],[16.76481,49.583546],[16.763295,49.581687],[16.763374,49.580405],[16.761989,49.579197],[16.758524,49.580037],[16.757317,49.580605],[16.755124,49.580813],[16.754824,49.58168],[16.751903,49.581901],[16.751175,49.583273],[16.748152,49.585683],[16.746796,49.587132],[16.74551,49.586847],[16.747083,49.585553],[16.748365,49.58386],[16.74768,49.581775],[16.745997,49.581966],[16.745703,49.580712],[16.746719,49.578794],[16.74426,49.577374],[16.744222,49.576345],[16.742347,49.575255],[16.742971,49.574266],[16.742624,49.573141],[16.744659,49.571547],[16.74578,49.57022],[16.745971,49.568882],[16.745388,49.566698],[16.745533,49.564822],[16.747066,49.56417],[16.749085,49.564084],[16.752258,49.564611],[16.752383,49.563786],[16.750984,49.562986],[16.752914,49.559984],[16.749117,49.557988],[16.747918,49.556776],[16.747194,49.554446],[16.745964,49.553381],[16.745891,49.552202],[16.746605,49.551112],[16.743941,49.55048],[16.739969,49.548801],[16.73908,49.545041],[16.737876,49.543938],[16.737813,49.542949],[16.741207,49.542811],[16.74423,49.543316],[16.747519,49.543097],[16.750854,49.544043],[16.752634,49.543536],[16.754427,49.544708],[16.756487,49.544863],[16.758334,49.54411],[16.759492,49.542508],[16.764488,49.542202],[16.765721,49.542537],[16.767079,49.54201],[16.768899,49.542811],[16.770648,49.543051],[16.772861,49.541629],[16.774238,49.54176],[16.77588,49.541151],[16.779097,49.540721],[16.779366,49.539954],[16.782111,49.538163],[16.783689,49.537586],[16.786331,49.537242],[16.793207,49.534284],[16.796064,49.533932],[16.796629,49.534217],[16.800484,49.533608],[16.803506,49.534114],[16.807043,49.533164],[16.809721,49.534194],[16.812289,49.536809],[16.813495,49.535928],[16.81387,49.534919],[16.81558,49.534324],[16.820523,49.533937],[16.822485,49.5331],[16.824852,49.533433],[16.825665,49.534546],[16.828733,49.532863],[16.829693,49.533313],[16.832306,49.532398],[16.832241,49.531495],[16.830068,49.529969],[16.827086,49.52977],[16.824701,49.529044],[16.822247,49.529083],[16.819624,49.531194],[16.816805,49.531664],[16.814011,49.531709],[16.811202,49.531042],[16.808801,49.529562],[16.806529,49.528594],[16.803996,49.525991],[16.80144,49.523996],[16.804246,49.522216],[16.804575,49.518493],[16.806069,49.517034],[16.806244,49.51556],[16.804932,49.51357],[16.80461,49.512191],[16.801943,49.512516],[16.800059,49.512078],[16.799973,49.511431],[16.797135,49.510705],[16.796299,49.511345],[16.794198,49.511191],[16.792721,49.512645],[16.79155,49.512203],[16.788021,49.509909],[16.787815,49.508763],[16.789439,49.507064],[16.79069,49.506544],[16.788028,49.502952],[16.788347,49.500457],[16.788089,49.499523],[16.785069,49.498122],[16.784432,49.496893],[16.786385,49.495599],[16.791822,49.493125],[16.78902,49.488942],[16.789202,49.485624],[16.791784,49.484754],[16.792993,49.482643],[16.792814,49.47945],[16.796559,49.47688],[16.797682,49.475199],[16.79799,49.473597],[16.795894,49.472088],[16.797477,49.471395],[16.796774,49.462406],[16.798201,49.462182],[16.797817,49.460257],[16.797875,49.457123],[16.798942,49.456451],[16.801324,49.456622],[16.802606,49.456141],[16.804939,49.454385],[16.806499,49.452316],[16.808199,49.452622],[16.811646,49.452355],[16.812585,49.45182],[16.815368,49.452438],[16.818059,49.451928],[16.818386,49.450064],[16.817917,49.44833],[16.815908,49.448058],[16.815414,49.445176],[16.817054,49.44463],[16.818493,49.444752],[16.818866,49.443821],[16.821892,49.441262],[16.818689,49.440211],[16.819129,49.439284],[16.823875,49.438697],[16.825117,49.439234],[16.827421,49.439232],[16.828583,49.437935],[16.829076,49.436292],[16.828484,49.434804],[16.828794,49.433974],[16.827588,49.432346],[16.826561,49.431803],[16.823304,49.432575],[16.820769,49.430506],[16.81698,49.430911],[16.815373,49.431857],[16.812869,49.43057],[16.810817,49.42916],[16.804582,49.429787],[16.800347,49.428822],[16.799571,49.426602],[16.797899,49.42479],[16.798884,49.422568],[16.800282,49.42116],[16.800061,49.420422],[16.797952,49.420011],[16.79819,49.417519],[16.7958,49.417028],[16.794597,49.416114],[16.794611,49.414819],[16.795345,49.414212],[16.796277,49.411769],[16.798514,49.411421],[16.799558,49.41033],[16.8005,49.410552],[16.802302,49.412416],[16.804406,49.412782],[16.807175,49.412419],[16.807896,49.411597],[16.80695,49.409007],[16.805428,49.408723],[16.80437,49.407825],[16.80539,49.405689],[16.808432,49.404112],[16.811116,49.403634],[16.81626,49.403227],[16.819692,49.402042],[16.822796,49.401296],[16.824256,49.400378],[16.826084,49.399892],[16.829021,49.398406],[16.832895,49.3953],[16.835541,49.391695],[16.840475,49.389968],[16.84213,49.389704],[16.847928,49.388182],[16.849301,49.388019],[16.852934,49.386804],[16.858172,49.382737],[16.859612,49.381219],[16.861924,49.382989],[16.86281,49.38717],[16.864228,49.388318],[16.865882,49.388776],[16.866085,49.389928],[16.869898,49.391425],[16.871843,49.394858],[16.87424,49.395474],[16.875245,49.397186],[16.877101,49.397877],[16.878191,49.39878],[16.882167,49.399792],[16.884658,49.398961],[16.886247,49.39889],[16.889509,49.400085],[16.890394,49.401499],[16.892979,49.402965],[16.89107,49.405199],[16.891575,49.407232],[16.893889,49.409767],[16.893832,49.410342],[16.891542,49.412436],[16.891586,49.413888],[16.892549,49.416334],[16.893593,49.417312],[16.896952,49.416451],[16.898676,49.417165],[16.900993,49.417587],[16.903073,49.419081],[16.905748,49.416629],[16.906969,49.416192],[16.908123,49.417712],[16.905481,49.419764],[16.904469,49.421566],[16.90343,49.422366],[16.90733,49.423375],[16.910252,49.424379],[16.911756,49.426722],[16.913027,49.426524],[16.915733,49.428976],[16.91371,49.42993],[16.914383,49.430557],[16.91326,49.43164],[16.90893,49.432424],[16.90848,49.433812],[16.909053,49.435524],[16.906639,49.436071],[16.906713,49.437827],[16.909275,49.441025],[16.907285,49.442118],[16.907562,49.443553],[16.905787,49.444001],[16.905226,49.443211],[16.903589,49.443352],[16.90175,49.442943],[16.901454,49.444153],[16.899021,49.444153],[16.897663,49.445378],[16.894437,49.444784],[16.891622,49.447579],[16.894006,49.448299],[16.894277,49.449517],[16.89522,49.450317],[16.897855,49.450137],[16.899431,49.451436],[16.898404,49.452286],[16.899506,49.454148],[16.901698,49.455291],[16.901282,49.45675],[16.898482,49.456161],[16.89806,49.456803],[16.898668,49.459182],[16.897559,49.460341],[16.896652,49.459959],[16.892889,49.460313],[16.888145,49.460036],[16.886883,49.460375],[16.887505,49.462664],[16.884075,49.462983],[16.883983,49.463932],[16.882236,49.465135],[16.881251,49.466902],[16.879239,49.466921],[16.879353,49.468012],[16.877161,49.468869],[16.877475,49.47003],[16.873505,49.468588],[16.872079,49.468479],[16.868743,49.469647],[16.86794,49.470614],[16.869603,49.473516],[16.871597,49.476323],[16.870126,49.476509],[16.869192,49.478122],[16.866545,49.478402],[16.864655,49.479559],[16.863193,49.479802],[16.860218,49.479287],[16.858449,49.479578],[16.860393,49.481622],[16.86212,49.482278],[16.864502,49.480941],[16.867587,49.479884],[16.869056,49.479067],[16.870299,49.479523],[16.871286,49.481079],[16.872191,49.481559],[16.875696,49.482371],[16.876528,49.485023],[16.878103,49.485399],[16.881493,49.484953],[16.881772,49.486153],[16.879995,49.486119],[16.878484,49.486973],[16.877639,49.486157],[16.874445,49.486068],[16.874704,49.487564],[16.875459,49.488408],[16.877738,49.488877],[16.880342,49.490178],[16.883358,49.490839],[16.885488,49.489989],[16.890727,49.4921],[16.894684,49.494066],[16.89581,49.495035],[16.898502,49.496045],[16.902033,49.496134],[16.903455,49.497695],[16.905652,49.49898],[16.906846,49.498975],[16.908016,49.498004],[16.910822,49.497896],[16.913672,49.499514],[16.915012,49.499958],[16.917264,49.499743],[16.919714,49.498059],[16.921548,49.49747],[16.922817,49.495766],[16.926381,49.493983],[16.927721,49.492751],[16.930465,49.491406],[16.932413,49.490048],[16.935522,49.488335],[16.936118,49.488515],[16.933834,49.491067],[16.936503,49.493202],[16.937421,49.493558],[16.938116,49.494888],[16.940886,49.494443],[16.94226,49.493883],[16.944739,49.492151],[16.946712,49.493184],[16.948132,49.492709],[16.946592,49.489113],[16.949869,49.48597],[16.952433,49.484675],[16.956648,49.483449],[16.957547,49.481518],[16.958947,49.481388],[16.959157,49.479725],[16.958643,49.478863],[16.958597,49.476029],[16.95261,49.475069],[16.95355,49.473738],[16.955175,49.473509],[16.958022,49.474108],[16.958504,49.472971],[16.957812,49.470953],[16.958703,49.468255],[16.960277,49.467996],[16.963641,49.468857],[16.965999,49.468389],[16.969283,49.468731],[16.969415,49.468061],[16.971574,49.467265],[16.975087,49.466846],[16.974919,49.465509],[16.976105,49.463953],[16.977699,49.463287],[16.975797,49.461905],[16.972097,49.46143],[16.970784,49.46182],[16.969349,49.461204],[16.969501,49.459702],[16.97191,49.460317],[16.972076,49.457823],[16.974042,49.458056],[16.975339,49.456656],[16.98113,49.457682],[16.982861,49.455598],[16.984976,49.456169],[16.98576,49.454316],[16.987327,49.454997],[16.987917,49.451897],[16.987082,49.449215],[16.984499,49.448148],[16.985066,49.445719],[16.983344,49.44418],[16.984928,49.44338],[16.98181,49.44185],[16.983401,49.435638],[16.992418,49.436619],[16.993395,49.433617],[16.993569,49.4317],[16.991275,49.429039],[16.990986,49.426909],[16.990046,49.426389],[16.988183,49.427145],[16.987799,49.426054],[16.991148,49.424646],[16.991592,49.423187],[16.994071,49.420953],[16.996888,49.419831],[16.998522,49.419808],[17.002312,49.418577],[17.004558,49.419879],[17.008419,49.419434],[17.012215,49.418189],[17.014938,49.417706],[17.014078,49.416703],[17.015518,49.416364],[17.015058,49.414827],[17.013233,49.411263],[17.014772,49.411171],[17.013924,49.409885],[17.015174,49.405658],[17.013236,49.403711],[17.015892,49.403567],[17.019379,49.404427],[17.024293,49.403591],[17.024319,49.40204],[17.022748,49.402005],[17.020614,49.400996],[17.021126,49.399764],[17.02413,49.399588],[17.023866,49.397003],[17.027096,49.396479],[17.027819,49.395782],[17.027933,49.393844],[17.026836,49.39275],[17.025937,49.391057],[17.024598,49.390124],[17.025221,49.387302],[17.025097,49.385813],[17.025973,49.384826],[17.026798,49.382418],[17.025577,49.379838],[17.025828,49.37858],[17.024186,49.376884],[17.022209,49.375405],[17.023736,49.373688],[17.022804,49.37168],[17.024925,49.370236],[17.030857,49.368762],[17.032045,49.369763],[17.033903,49.370028],[17.041204,49.368432],[17.047511,49.367668],[17.048325,49.366951],[17.047983,49.366011],[17.050855,49.365541],[17.049483,49.364725],[17.048478,49.360574],[17.046016,49.360621],[17.041132,49.358687],[17.040266,49.361003],[17.038879,49.360879],[17.038012,49.358953],[17.039205,49.358544],[17.04617,49.354008],[17.04663,49.354716],[17.051869,49.353946],[17.057878,49.352561],[17.060649,49.352651],[17.061736,49.350547],[17.061527,49.348738],[17.073196,49.345801],[17.07201,49.344589],[17.074758,49.343476],[17.079794,49.344297],[17.08391,49.343025],[17.085873,49.341948],[17.089574,49.340992],[17.092614,49.339566],[17.095423,49.342521],[17.100384,49.34194],[17.102504,49.340573],[17.106475,49.339342],[17.109372,49.338018],[17.111514,49.337631],[17.1163,49.337673],[17.117584,49.337417],[17.116636,49.335888],[17.117805,49.334077],[17.11873,49.334414],[17.120644,49.332698],[17.12278,49.331466],[17.121712,49.330567],[17.126761,49.326695],[17.127922,49.324883],[17.133033,49.326417],[17.134126,49.326258],[17.137912,49.32712],[17.140755,49.325482],[17.139094,49.324489],[17.1407,49.321893],[17.138357,49.320308],[17.139734,49.318923],[17.141073,49.316801],[17.136066,49.315363],[17.1401,49.310536],[17.141117,49.308795],[17.142458,49.304092],[17.14367,49.30185],[17.142862,49.298618],[17.143737,49.296661],[17.146508,49.294073],[17.147976,49.294958],[17.150643,49.294649],[17.150334,49.293369],[17.151109,49.291077],[17.154502,49.284796],[17.155428,49.284614],[17.155339,49.280895],[17.15935,49.280562],[17.156376,49.276653],[17.156655,49.276498],[17.161312,49.279404],[17.162043,49.277866],[17.160729,49.275291],[17.159682,49.275119],[17.159577,49.274396],[17.162643,49.274342],[17.162068,49.272773],[17.164923,49.270277],[17.166082,49.270963],[17.167197,49.270481],[17.171173,49.270903],[17.172799,49.270745],[17.173076,49.26887],[17.177134,49.268795],[17.178921,49.271775],[17.179367,49.275381],[17.180815,49.278582],[17.180844,49.279882],[17.178103,49.279764],[17.178712,49.283732],[17.177886,49.284073],[17.178534,49.286109],[17.179382,49.287396],[17.18136,49.288219],[17.18475,49.288882],[17.189607,49.289372],[17.192432,49.290219],[17.194326,49.291294],[17.192033,49.294611],[17.190265,49.295736],[17.194091,49.29733],[17.195269,49.29547],[17.199715,49.296452],[17.199851,49.294312],[17.201151,49.292709],[17.20781,49.290026],[17.212336,49.288607],[17.213181,49.289126],[17.214935,49.291706],[17.213861,49.292602],[17.215761,49.293949],[17.22059,49.293803],[17.221944,49.294274],[17.226879,49.297299],[17.227904,49.297152],[17.228876,49.298144],[17.23099,49.298526],[17.234657,49.296527],[17.2388,49.295494],[17.241409,49.294244],[17.242775,49.295018],[17.244332,49.295182],[17.247078,49.296696],[17.248737,49.29692],[17.250437,49.298425],[17.253783,49.299951],[17.255293,49.302526],[17.257545,49.300016],[17.259421,49.300513],[17.261782,49.298484],[17.264932,49.297684],[17.266412,49.296393],[17.269171,49.295449],[17.271195,49.294296],[17.272621,49.29483],[17.27277,49.296545],[17.275655,49.295124],[17.279817,49.296388],[17.28261,49.298058],[17.286328,49.298314],[17.291169,49.30092],[17.294139,49.301684],[17.293729,49.302944],[17.291257,49.303452],[17.292187,49.306139],[17.293996,49.307119],[17.296324,49.307817],[17.298544,49.308073],[17.298481,49.309125],[17.29945,49.312112],[17.301557,49.312473],[17.303495,49.3119],[17.305891,49.312978],[17.303795,49.313541],[17.304449,49.315011],[17.309383,49.316126],[17.309413,49.317421],[17.312099,49.317923],[17.312877,49.320818],[17.315302,49.327232],[17.315211,49.330902],[17.31758,49.331099],[17.319199,49.330718],[17.323935,49.331179],[17.326159,49.331774],[17.326979,49.33156],[17.326712,49.334986],[17.328703,49.335055],[17.328744,49.334126],[17.332408,49.333763],[17.332176,49.333037],[17.33422,49.33248],[17.334471,49.333828],[17.333792,49.334746],[17.334456,49.336077],[17.336021,49.337746],[17.339161,49.338983],[17.337998,49.340329],[17.341937,49.341498],[17.343978,49.340464],[17.344794,49.340697],[17.34603,49.342284],[17.348624,49.342157],[17.350547,49.342846],[17.354255,49.342285],[17.356418,49.342461],[17.356491,49.344727],[17.353211,49.346443],[17.353285,49.347695],[17.351476,49.348859],[17.353629,49.349549],[17.354066,49.352152],[17.35345,49.354051],[17.352448,49.355163],[17.35108,49.355676],[17.350825,49.357337],[17.349757,49.357332],[17.346282,49.35814],[17.341967,49.359636],[17.341977,49.360539],[17.34417,49.361365],[17.343128,49.362019],[17.343378,49.363984],[17.341435,49.364137],[17.340743,49.364945],[17.341316,49.366003],[17.338533,49.366803],[17.338298,49.368066],[17.336787,49.368948],[17.336947,49.369742],[17.338334,49.371087],[17.33691,49.372243],[17.336996,49.373032],[17.335573,49.374477],[17.334176,49.375109],[17.335331,49.376278],[17.33331,49.378171],[17.333752,49.378994],[17.332757,49.380529],[17.333065,49.383106],[17.33526,49.383911],[17.335432,49.384587],[17.334467,49.386211],[17.335787,49.387567],[17.334744,49.388396],[17.334525,49.389591],[17.335335,49.390385],[17.338196,49.390462],[17.33896,49.390058],[17.342167,49.391363],[17.342338,49.39204],[17.344218,49.392353],[17.342487,49.39364],[17.345389,49.394619],[17.346081,49.395588],[17.347575,49.395503],[17.347672,49.39736],[17.34918,49.396281],[17.350059,49.3965],[17.349062,49.398534],[17.351603,49.400819],[17.352618,49.400997],[17.352687,49.403621],[17.354105,49.405914],[17.355603,49.406571],[17.354367,49.407263],[17.354459,49.408126],[17.356755,49.407874],[17.357348,49.408637],[17.362125,49.408993],[17.362382,49.407882],[17.365397,49.408412],[17.363438,49.40972],[17.364807,49.410486],[17.368097,49.409793],[17.37006,49.410656],[17.367858,49.411606],[17.368136,49.412688],[17.369625,49.412886],[17.371481,49.41224],[17.37301,49.410824],[17.378027,49.406946],[17.385572,49.405151],[17.382084,49.403649],[17.379109,49.401447],[17.377383,49.399644],[17.376427,49.397766],[17.375956,49.395437],[17.376168,49.393557],[17.375997,49.390926],[17.376609,49.38969],[17.375862,49.387029],[17.374247,49.386372],[17.373989,49.383589],[17.375557,49.382382],[17.374734,49.380084],[17.388149,49.381544],[17.389576,49.381061],[17.389996,49.387649],[17.390307,49.388042],[17.398062,49.385939],[17.406269,49.384494],[17.407709,49.385547],[17.409021,49.384847],[17.41017,49.386027],[17.415101,49.383246],[17.41393,49.377717],[17.414882,49.377399],[17.416762,49.378636],[17.4261,49.379056],[17.429714,49.374521],[17.431661,49.375602],[17.430393,49.376535],[17.430595,49.377323],[17.428904,49.379115],[17.434494,49.37973],[17.435287,49.380713],[17.438791,49.380187],[17.438915,49.379747],[17.442832,49.379306],[17.443353,49.378696],[17.445747,49.379689],[17.446518,49.380447],[17.450338,49.379796],[17.44895,49.377331],[17.455022,49.376111],[17.454776,49.374939],[17.458341,49.374921],[17.458457,49.373244],[17.462192,49.372782],[17.462225,49.371271],[17.463943,49.369458],[17.466322,49.369843],[17.469105,49.366146],[17.470913,49.362829],[17.472394,49.356133],[17.473722,49.354676],[17.477406,49.356096],[17.4807,49.358941],[17.487119,49.362481],[17.49629,49.369257],[17.497657,49.370103],[17.501019,49.374088],[17.504707,49.3776],[17.506972,49.379028],[17.510516,49.378644],[17.511299,49.380536],[17.514133,49.382223],[17.514972,49.383401],[17.515787,49.387021],[17.515084,49.389088],[17.515329,49.390521],[17.513354,49.392733],[17.510287,49.393431],[17.508982,49.394035],[17.514385,49.39792],[17.51313,49.399215],[17.507096,49.400818],[17.510786,49.400636],[17.513587,49.399906],[17.51613,49.399703],[17.515905,49.401119],[17.519865,49.401677],[17.523027,49.402339],[17.523211,49.398492],[17.528609,49.396342],[17.53032,49.397075],[17.532538,49.40103],[17.534563,49.402576],[17.53702,49.403461],[17.537987,49.402908],[17.541653,49.404009],[17.543881,49.405099],[17.546079,49.405624],[17.548053,49.403318],[17.550096,49.403869],[17.568142,49.406717],[17.569967,49.406248],[17.570515,49.405548],[17.577358,49.406373],[17.580988,49.407606],[17.584246,49.407137],[17.584397,49.406335],[17.587405,49.406468],[17.588243,49.405626],[17.591559,49.404188],[17.590588,49.403612],[17.590971,49.40255],[17.593167,49.399113],[17.591439,49.397918],[17.593402,49.39735],[17.59572,49.398586],[17.595779,49.399277],[17.598617,49.399893],[17.600244,49.399315],[17.598685,49.397884],[17.600856,49.397664],[17.60418,49.398831],[17.60456,49.399501],[17.607851,49.397742],[17.610018,49.398058],[17.612606,49.397333],[17.61479,49.39879],[17.615916,49.39734],[17.618084,49.396865],[17.620238,49.396998],[17.625449,49.398518],[17.626654,49.398457],[17.631864,49.401137],[17.632161,49.403174],[17.631831,49.404274],[17.634202,49.407077],[17.637423,49.407361],[17.638806,49.408485],[17.639885,49.40822],[17.642737,49.409294],[17.645403,49.411386],[17.647536,49.412334],[17.648065,49.413605],[17.650341,49.414995],[17.649275,49.416495],[17.644752,49.418638],[17.645174,49.420946],[17.646876,49.421049],[17.648431,49.422308],[17.64515,49.423349],[17.640205,49.426588],[17.638444,49.428886],[17.635495,49.430957],[17.634533,49.432625],[17.635997,49.433273],[17.636019,49.434076],[17.634721,49.435271],[17.631758,49.435962],[17.631488,49.436625],[17.629399,49.437903],[17.627421,49.438561],[17.623192,49.440917],[17.623368,49.442875],[17.625938,49.444106],[17.624037,49.445472],[17.620938,49.446977],[17.622192,49.448164],[17.624667,49.449699],[17.629941,49.446609],[17.631334,49.4479],[17.633681,49.448544],[17.636276,49.449902],[17.637684,49.449871],[17.638095,49.448821],[17.639385,49.44805],[17.643197,49.449894],[17.64781,49.451236],[17.649342,49.449986],[17.652462,49.445384],[17.656124,49.44411],[17.657996,49.442086],[17.657543,49.440674],[17.662072,49.440283],[17.66439,49.439221],[17.666299,49.440514],[17.671258,49.442571],[17.669375,49.445255],[17.669625,49.447293],[17.667268,49.449214],[17.670311,49.451002],[17.668585,49.452981],[17.669918,49.453754],[17.668368,49.45557],[17.67162,49.455348],[17.674374,49.460277],[17.673967,49.46126],[17.67634,49.462656],[17.681039,49.462624],[17.683132,49.461722],[17.686683,49.459257],[17.687224,49.459983],[17.689663,49.461162],[17.689221,49.461805],[17.692096,49.463212],[17.693712,49.462027],[17.694741,49.458925],[17.696928,49.456462],[17.701069,49.454613],[17.702403,49.455609],[17.706271,49.452772],[17.706152,49.452035],[17.707801,49.451504],[17.712012,49.450922],[17.711488,49.448373],[17.713526,49.448481],[17.71047,49.445262],[17.710722,49.443093],[17.71398,49.442229],[17.714732,49.440953],[17.717951,49.440578],[17.717448,49.43896],[17.719979,49.437821],[17.722753,49.439086],[17.723578,49.438516],[17.725045,49.439165],[17.730032,49.436327],[17.733262,49.435358],[17.733791,49.434815],[17.737501,49.435114],[17.738699,49.434968],[17.739161,49.433993],[17.740781,49.434391],[17.739884,49.435706],[17.743289,49.436196],[17.744811,49.436868],[17.747225,49.436454],[17.749296,49.437419],[17.750865,49.437406],[17.751573,49.439642],[17.755373,49.440383],[17.757159,49.440372],[17.7597,49.43979],[17.763136,49.439942],[17.766205,49.439033],[17.767978,49.440208],[17.770732,49.438746],[17.772141,49.437601],[17.774979,49.437597],[17.774363,49.440762],[17.780217,49.441047],[17.780102,49.441724],[17.778033,49.443205],[17.777402,49.445603],[17.77766,49.447642],[17.777222,49.448391],[17.778784,49.450183],[17.780501,49.451469],[17.780163,49.452583],[17.782549,49.454091],[17.783307,49.455107],[17.782035,49.455522],[17.782484,49.457117],[17.778749,49.456402],[17.777707,49.45796],[17.779512,49.459037],[17.782037,49.459447],[17.788133,49.461756],[17.790674,49.462463],[17.790879,49.464292],[17.789876,49.46503],[17.795383,49.466946],[17.79326,49.468454],[17.793525,49.468881],[17.79702,49.469868],[17.800462,49.470497],[17.798944,49.473138],[17.796534,49.475051],[17.795539,49.477309],[17.795514,49.479256],[17.79243,49.481721],[17.792351,49.482456],[17.789838,49.483638],[17.786952,49.486162],[17.786407,49.487494],[17.786753,49.488385],[17.790706,49.487216],[17.800586,49.489067],[17.80296,49.489349],[17.806603,49.490178],[17.808667,49.490987],[17.809863,49.492489],[17.811439,49.493464],[17.81238,49.496057],[17.810289,49.498601],[17.810543,49.499153],[17.813439,49.501272],[17.814267,49.502747],[17.81809,49.500708],[17.820172,49.500238],[17.821549,49.501021],[17.828914,49.50117],[17.830062,49.502185],[17.832859,49.502579],[17.833183,49.503185],[17.836712,49.503145],[17.839643,49.505018],[17.839892,49.506794],[17.83831,49.507425],[17.838355,49.509549],[17.838999,49.511118],[17.841426,49.511553],[17.839496,49.513052],[17.840455,49.51456],[17.840446,49.515576],[17.842451,49.515905],[17.843446,49.517595],[17.842706,49.518694],[17.842815,49.519729],[17.842058,49.521361],[17.837286,49.521281],[17.837288,49.521985],[17.840071,49.52315],[17.842033,49.522364],[17.842837,49.523817],[17.845161,49.523504],[17.847768,49.520306],[17.851154,49.519915],[17.852519,49.518298],[17.858517,49.518646],[17.863873,49.51822],[17.862745,49.51534],[17.863545,49.515085],[17.871823,49.513772],[17.873729,49.512248],[17.873966,49.511477],[17.877718,49.513755],[17.879515,49.513496],[17.883183,49.511742],[17.885249,49.510347],[17.886627,49.508572],[17.889475,49.509589],[17.896513,49.510508],[17.900415,49.511189],[17.901461,49.512625],[17.900855,49.51392],[17.89955,49.51479],[17.899497,49.517445],[17.901485,49.518656],[17.902322,49.519927],[17.906097,49.522606],[17.906726,49.522405],[17.912134,49.525404],[17.914787,49.529271],[17.915147,49.530491],[17.914405,49.533221],[17.914792,49.534896],[17.916769,49.538167]]]},"properties":{"name":"Olmütz","code":"M","name_cz":"Olomoucký kraj"}},
{"type":"Feature","geometry":{"type":"Polygon","coordinates":[[[17.42969,50.254176],[17.429887,50.25186],[17.429317,50.248816],[17.429599,50.245855],[17.429062,50.243682],[17.425758,50.241903],[17.424044,50.240337],[17.424869,50.237275],[17.425432,50.236545],[17.425481,50.234257],[17.426536,50.23154],[17.426825,50.22959],[17.42511,50.226209],[17.425397,50.219684],[17.423114,50.218234],[17.422042,50.216284],[17.421786,50.21421],[17.422139,50.212652],[17.42328,50.21177],[17.421457,50.21011],[17.416717,50.210161],[17.41782,50.20915],[17.411876,50.210056],[17.412696,50.211654],[17.411605,50.2119],[17.410026,50.209482],[17.404181,50.210121],[17.400061,50.209893],[17.398073,50.209137],[17.395937,50.210163],[17.389207,50.21294],[17.388198,50.214327],[17.383888,50.219085],[17.380469,50.221978],[17.377017,50.222922],[17.376033,50.221021],[17.372659,50.213163],[17.371943,50.212789],[17.369933,50.210406],[17.367368,50.209237],[17.360654,50.205583],[17.35798,50.203529],[17.357627,50.201955],[17.35287,50.198089],[17.348476,50.189892],[17.338284,50.184609],[17.329705,50.187664],[17.324337,50.189233],[17.323017,50.189817],[17.317371,50.189765],[17.308781,50.186648],[17.303269,50.178938],[17.304785,50.177875],[17.304101,50.175742],[17.302547,50.173556],[17.298537,50.17174],[17.296657,50.170126],[17.293948,50.16986],[17.291073,50.170711],[17.289053,50.17197],[17.285266,50.172872],[17.284732,50.172585],[17.280781,50.167036],[17.281396,50.165343],[17.279568,50.164574],[17.278735,50.163494],[17.277562,50.163215],[17.275536,50.16139],[17.27261,50.160104],[17.258787,50.147467],[17.255699,50.148225],[17.254421,50.148004],[17.252823,50.146845],[17.24681,50.145478],[17.240697,50.14315],[17.239402,50.14203],[17.239411,50.140956],[17.240563,50.137592],[17.243063,50.135839],[17.243584,50.134927],[17.243116,50.132821],[17.242941,50.12775],[17.24932,50.12099],[17.244204,50.114931],[17.227065,50.106097],[17.223326,50.104095],[17.22034,50.102225],[17.221491,50.099623],[17.225092,50.094788],[17.227041,50.092529],[17.228357,50.090172],[17.23174,50.084773],[17.22829,50.081651],[17.228103,50.080425],[17.229552,50.077006],[17.229087,50.075244],[17.230703,50.07299],[17.232164,50.070056],[17.233287,50.068773],[17.233539,50.066339],[17.234482,50.063873],[17.233568,50.062368],[17.231297,50.059972],[17.229707,50.057588],[17.228573,50.056431],[17.228121,50.05496],[17.226841,50.052801],[17.224471,50.051102],[17.221041,50.047801],[17.218247,50.045936],[17.211115,50.044325],[17.20922,50.043542],[17.207997,50.041773],[17.204639,50.039643],[17.202367,50.038975],[17.200535,50.037947],[17.199344,50.03679],[17.198479,50.034587],[17.188962,50.032055],[17.18695,50.030419],[17.184345,50.026822],[17.183149,50.023206],[17.181442,50.020065],[17.180349,50.018825],[17.177796,50.01722],[17.177443,50.016165],[17.172463,50.014071],[17.171164,50.01386],[17.167535,50.011229],[17.16819,50.010179],[17.168826,50.006596],[17.168225,50.004364],[17.168272,50.003032],[17.16923,50.001502],[17.16943,49.999983],[17.170343,49.998517],[17.173534,49.994611],[17.17368,49.99328],[17.172071,49.991259],[17.171464,49.988518],[17.170083,49.987861],[17.165932,49.987544],[17.163769,49.986081],[17.155812,49.982319],[17.157674,49.981382],[17.160871,49.979027],[17.161666,49.977754],[17.166632,49.976819],[17.168133,49.97574],[17.174639,49.973152],[17.177624,49.971061],[17.179196,49.970937],[17.184205,49.966971],[17.18626,49.966469],[17.189029,49.965352],[17.191626,49.965074],[17.193674,49.963991],[17.194882,49.961659],[17.197934,49.959199],[17.20003,49.958093],[17.201197,49.956497],[17.198519,49.956325],[17.197901,49.954855],[17.199735,49.954231],[17.201707,49.951802],[17.202011,49.95068],[17.203482,49.949403],[17.201969,49.948927],[17.201356,49.947907],[17.20002,49.948079],[17.198265,49.947598],[17.197653,49.945867],[17.200248,49.944307],[17.19598,49.93983],[17.193846,49.940424],[17.191223,49.939901],[17.190438,49.936681],[17.190254,49.933549],[17.188524,49.932717],[17.185707,49.933384],[17.183665,49.932251],[17.182936,49.933459],[17.180642,49.932076],[17.179585,49.932628],[17.177482,49.930329],[17.177027,49.929037],[17.1756,49.927601],[17.172916,49.926721],[17.171589,49.925573],[17.1721,49.923556],[17.169824,49.924137],[17.166335,49.922747],[17.16454,49.922953],[17.163782,49.92128],[17.162359,49.920516],[17.161396,49.919119],[17.162146,49.917799],[17.163693,49.916806],[17.163224,49.915167],[17.161239,49.913831],[17.162008,49.912359],[17.165995,49.912381],[17.169094,49.911059],[17.1714,49.910863],[17.17516,49.910964],[17.173365,49.908116],[17.171782,49.907041],[17.171613,49.906243],[17.170116,49.904411],[17.170447,49.902113],[17.169508,49.900993],[17.166109,49.90133],[17.165153,49.898128],[17.165553,49.896544],[17.16408,49.895279],[17.158173,49.893165],[17.157561,49.890169],[17.155528,49.889746],[17.154757,49.888786],[17.152394,49.88793],[17.151226,49.888839],[17.148794,49.887499],[17.148256,49.886795],[17.150681,49.884294],[17.150711,49.882798],[17.149092,49.881865],[17.148983,49.880712],[17.146528,49.880783],[17.147116,49.877939],[17.150049,49.876801],[17.153029,49.876557],[17.155944,49.876701],[17.155789,49.876025],[17.158513,49.87322],[17.159437,49.870717],[17.159286,49.868719],[17.161685,49.866548],[17.159548,49.864556],[17.161025,49.863577],[17.163634,49.867019],[17.168064,49.865794],[17.170477,49.864526],[17.171407,49.862988],[17.17157,49.861465],[17.172802,49.858674],[17.17223,49.857436],[17.174926,49.855217],[17.176659,49.852639],[17.177178,49.849881],[17.18174,49.846934],[17.183498,49.847257],[17.184491,49.846167],[17.185173,49.844421],[17.187304,49.84519],[17.191942,49.848597],[17.192999,49.85064],[17.195292,49.851113],[17.198761,49.850653],[17.201086,49.85073],[17.203908,49.849896],[17.205764,49.848897],[17.208445,49.848146],[17.208746,49.84953],[17.207007,49.851793],[17.207365,49.85308],[17.209752,49.853811],[17.210066,49.854413],[17.216357,49.85285],[17.2183,49.854051],[17.219454,49.855671],[17.219517,49.858085],[17.220752,49.858702],[17.221823,49.860564],[17.224467,49.859356],[17.22487,49.858302],[17.224697,49.856466],[17.223291,49.853565],[17.222155,49.849443],[17.222057,49.846064],[17.221203,49.844556],[17.221365,49.843117],[17.220358,49.84135],[17.217703,49.83974],[17.217174,49.838191],[17.217609,49.837066],[17.214485,49.835805],[17.213068,49.83386],[17.210757,49.831329],[17.209288,49.828182],[17.208901,49.825637],[17.212514,49.825186],[17.214519,49.82342],[17.214379,49.822748],[17.216414,49.821384],[17.215764,49.819861],[17.215754,49.818252],[17.218053,49.819123],[17.222214,49.822426],[17.223941,49.821411],[17.226447,49.821531],[17.225627,49.822769],[17.226616,49.823515],[17.228647,49.823648],[17.23042,49.824674],[17.231804,49.824005],[17.232616,49.825678],[17.233854,49.82502],[17.236679,49.825322],[17.238077,49.824732],[17.238831,49.825807],[17.240574,49.826329],[17.245135,49.824736],[17.247842,49.824473],[17.250485,49.825324],[17.251798,49.823156],[17.253411,49.821158],[17.255015,49.819859],[17.258938,49.82071],[17.26174,49.820085],[17.2643,49.818632],[17.266127,49.819659],[17.263544,49.822986],[17.263592,49.823896],[17.262229,49.825506],[17.260638,49.82638],[17.260865,49.82772],[17.262324,49.829093],[17.26156,49.82983],[17.261195,49.831366],[17.26185,49.832058],[17.264662,49.833553],[17.264791,49.83483],[17.267713,49.83564],[17.269157,49.83563],[17.272439,49.836746],[17.276318,49.836539],[17.278107,49.837486],[17.280706,49.838219],[17.283931,49.837905],[17.289226,49.840644],[17.290445,49.840741],[17.293497,49.842698],[17.296137,49.844817],[17.297966,49.847482],[17.298752,49.84806],[17.303285,49.846408],[17.305817,49.845957],[17.306643,49.848065],[17.306751,49.849698],[17.305536,49.84966],[17.306309,49.851355],[17.30731,49.852206],[17.30971,49.851489],[17.312295,49.853093],[17.312474,49.854558],[17.315763,49.856434],[17.317442,49.856753],[17.319258,49.856461],[17.3224,49.855279],[17.324256,49.853978],[17.324791,49.852874],[17.327225,49.853181],[17.326808,49.854178],[17.328458,49.854538],[17.329158,49.855777],[17.32946,49.858314],[17.331564,49.858687],[17.332336,49.859437],[17.335544,49.860679],[17.337385,49.859508],[17.335928,49.858694],[17.33336,49.856318],[17.332302,49.854994],[17.33492,49.853775],[17.336707,49.853642],[17.337776,49.855601],[17.339916,49.858133],[17.341513,49.857794],[17.344424,49.860334],[17.346338,49.859783],[17.351621,49.861638],[17.355323,49.863174],[17.357223,49.862847],[17.359969,49.861718],[17.364819,49.85657],[17.368301,49.855318],[17.372627,49.85448],[17.372159,49.853229],[17.373062,49.852625],[17.374937,49.852989],[17.374664,49.851295],[17.376026,49.850065],[17.378558,49.849531],[17.3814,49.848557],[17.378981,49.846786],[17.37725,49.844773],[17.373569,49.841523],[17.371661,49.838098],[17.372,49.836108],[17.371758,49.834791],[17.370199,49.833245],[17.368511,49.830232],[17.36626,49.828654],[17.364962,49.827044],[17.363437,49.826413],[17.36247,49.824842],[17.362655,49.823374],[17.361948,49.821889],[17.359736,49.820625],[17.357109,49.816902],[17.35762,49.815708],[17.356309,49.812775],[17.369101,49.804713],[17.36962,49.806124],[17.372261,49.805411],[17.372555,49.803238],[17.374866,49.801729],[17.373562,49.800733],[17.376214,49.798665],[17.385205,49.79408],[17.387292,49.791115],[17.38883,49.796616],[17.391526,49.802157],[17.392561,49.813148],[17.394089,49.811643],[17.395532,49.810951],[17.396995,49.811079],[17.401401,49.810573],[17.402565,49.813569],[17.404072,49.814723],[17.40656,49.813404],[17.408598,49.81296],[17.410511,49.813116],[17.415102,49.814774],[17.416802,49.814632],[17.416854,49.815761],[17.41524,49.815606],[17.414777,49.816502],[17.41292,49.817426],[17.411773,49.818471],[17.409457,49.81904],[17.408284,49.820572],[17.409227,49.822494],[17.406984,49.82371],[17.408202,49.825481],[17.411827,49.827408],[17.412044,49.826086],[17.415559,49.825277],[17.420856,49.826734],[17.421662,49.825696],[17.42671,49.825837],[17.429298,49.824457],[17.431183,49.826288],[17.430543,49.827645],[17.429069,49.827475],[17.426239,49.828108],[17.425906,49.829342],[17.426797,49.830527],[17.428552,49.831608],[17.427862,49.832223],[17.428535,49.833751],[17.429874,49.834098],[17.430166,49.835276],[17.432133,49.835374],[17.43527,49.832897],[17.436814,49.833242],[17.438478,49.832297],[17.440417,49.832241],[17.436949,49.829828],[17.436683,49.828351],[17.434883,49.828848],[17.434213,49.826536],[17.434318,49.825532],[17.43547,49.824555],[17.43789,49.823703],[17.439439,49.825541],[17.440657,49.824973],[17.441803,49.826389],[17.44435,49.826108],[17.445697,49.826815],[17.446495,49.828388],[17.450147,49.827432],[17.451207,49.828657],[17.449938,49.828997],[17.450983,49.831699],[17.452203,49.832037],[17.453975,49.836228],[17.456606,49.836384],[17.459464,49.835724],[17.461435,49.834061],[17.461095,49.833041],[17.462675,49.832362],[17.463838,49.834254],[17.463271,49.836893],[17.464812,49.83842],[17.464532,49.839635],[17.463189,49.842229],[17.461202,49.843119],[17.459782,49.844219],[17.456718,49.845482],[17.455645,49.846262],[17.455921,49.848069],[17.455226,49.850193],[17.453819,49.85061],[17.455153,49.851938],[17.456667,49.855196],[17.455368,49.856649],[17.453778,49.857751],[17.450681,49.858534],[17.449727,49.860057],[17.449543,49.861697],[17.447979,49.863368],[17.447959,49.865081],[17.441249,49.867199],[17.444489,49.869772],[17.446344,49.871931],[17.448095,49.872689],[17.450733,49.874474],[17.452666,49.873691],[17.45468,49.872308],[17.457504,49.871516],[17.460746,49.871149],[17.463776,49.872164],[17.466829,49.870682],[17.470823,49.871886],[17.473933,49.873655],[17.476154,49.873088],[17.475339,49.870308],[17.474717,49.869404],[17.474636,49.866661],[17.473554,49.864056],[17.472549,49.862529],[17.472026,49.859745],[17.472782,49.85631],[17.476077,49.855607],[17.479972,49.855598],[17.487383,49.852452],[17.486471,49.851965],[17.485826,49.849647],[17.488005,49.849467],[17.490343,49.840019],[17.488823,49.837774],[17.485571,49.838311],[17.480363,49.838638],[17.480679,49.837827],[17.479172,49.835659],[17.481172,49.835405],[17.48305,49.833766],[17.480667,49.832705],[17.481627,49.830563],[17.48425,49.829555],[17.484704,49.828631],[17.487022,49.827943],[17.48556,49.825345],[17.486548,49.824203],[17.489842,49.823197],[17.492276,49.820913],[17.492651,49.819589],[17.49443,49.818245],[17.492362,49.817428],[17.490535,49.816159],[17.491698,49.814634],[17.493855,49.815376],[17.500121,49.818388],[17.503821,49.816788],[17.505782,49.816711],[17.505879,49.814876],[17.505138,49.814138],[17.504964,49.812643],[17.506675,49.811272],[17.503473,49.809614],[17.501479,49.807984],[17.498063,49.806236],[17.497547,49.804891],[17.499065,49.803101],[17.499071,49.802332],[17.50022,49.800382],[17.500122,49.798576],[17.497738,49.799254],[17.495004,49.799261],[17.49802,49.796901],[17.50044,49.79708],[17.502735,49.796369],[17.508004,49.795742],[17.512127,49.794888],[17.511291,49.792657],[17.514699,49.792912],[17.51716,49.793361],[17.520419,49.792919],[17.520506,49.791284],[17.523004,49.790488],[17.524712,49.790325],[17.522314,49.788806],[17.52107,49.787436],[17.520581,49.785369],[17.520589,49.782274],[17.521073,49.781137],[17.520011,49.780522],[17.521623,49.779148],[17.522029,49.77823],[17.52583,49.775003],[17.52661,49.773894],[17.527703,49.770571],[17.531031,49.773846],[17.532056,49.772636],[17.533245,49.772165],[17.531613,49.770608],[17.53366,49.770701],[17.536741,49.771541],[17.539632,49.772991],[17.540911,49.774099],[17.542219,49.773625],[17.542765,49.771853],[17.545579,49.770947],[17.547708,49.770711],[17.549282,49.769064],[17.551127,49.770292],[17.552793,49.76849],[17.554548,49.76746],[17.552547,49.765499],[17.553625,49.764274],[17.554929,49.764187],[17.556652,49.762665],[17.556467,49.761641],[17.558041,49.760206],[17.560763,49.75877],[17.561017,49.75792],[17.564299,49.757198],[17.565653,49.757695],[17.566912,49.756971],[17.567903,49.758328],[17.570765,49.757439],[17.572284,49.758665],[17.576639,49.755087],[17.580002,49.753479],[17.581047,49.752513],[17.58271,49.753248],[17.58257,49.751454],[17.583594,49.750799],[17.587565,49.749631],[17.588872,49.749903],[17.589828,49.750935],[17.591448,49.751438],[17.593937,49.751502],[17.597083,49.750765],[17.599032,49.751383],[17.600204,49.751254],[17.601447,49.750318],[17.603372,49.749942],[17.605493,49.748187],[17.60687,49.748148],[17.608802,49.747354],[17.610612,49.746003],[17.614183,49.744911],[17.61279,49.74753],[17.610923,49.748718],[17.613058,49.749306],[17.616166,49.751614],[17.617772,49.75524],[17.619685,49.755061],[17.620733,49.753074],[17.622491,49.751638],[17.624428,49.752646],[17.625619,49.751055],[17.626798,49.751035],[17.626526,49.753139],[17.631399,49.756244],[17.63508,49.756396],[17.637412,49.757117],[17.640128,49.755305],[17.643604,49.7552],[17.644959,49.756651],[17.647235,49.756518],[17.648585,49.758495],[17.651783,49.759111],[17.654004,49.760164],[17.659516,49.760135],[17.661425,49.759546],[17.663137,49.757618],[17.664606,49.756984],[17.667777,49.756945],[17.671245,49.756481],[17.675775,49.755595],[17.68163,49.753223],[17.682054,49.751833],[17.681209,49.74958],[17.68224,49.745915],[17.684049,49.743342],[17.683794,49.741557],[17.684794,49.739264],[17.688452,49.734827],[17.687558,49.733408],[17.686665,49.733128],[17.687013,49.73158],[17.688155,49.731012],[17.68971,49.732003],[17.692051,49.735221],[17.694958,49.735655],[17.696564,49.735516],[17.697697,49.734559],[17.698413,49.732889],[17.696896,49.729839],[17.69628,49.727681],[17.697252,49.725531],[17.695749,49.724534],[17.695221,49.722109],[17.6936,49.721282],[17.69143,49.721307],[17.6903,49.719848],[17.690048,49.718696],[17.688503,49.717493],[17.6886,49.716141],[17.685301,49.714723],[17.685121,49.71247],[17.683217,49.709988],[17.682591,49.708458],[17.682959,49.707465],[17.681148,49.704447],[17.682974,49.702886],[17.683022,49.700035],[17.68337,49.698228],[17.685537,49.695537],[17.685576,49.694269],[17.686993,49.693478],[17.685633,49.692073],[17.685596,49.691014],[17.687443,49.68998],[17.68813,49.688825],[17.688004,49.687576],[17.685352,49.686239],[17.68625,49.685162],[17.686255,49.682361],[17.685427,49.681544],[17.686744,49.680745],[17.689812,49.676682],[17.695116,49.675445],[17.699422,49.673939],[17.700427,49.673162],[17.702659,49.672571],[17.704895,49.67146],[17.7083,49.670171],[17.712861,49.66892],[17.717624,49.66831],[17.719673,49.667619],[17.71868,49.664607],[17.719749,49.663561],[17.721294,49.662984],[17.724552,49.662585],[17.725664,49.666703],[17.727127,49.666312],[17.726867,49.664437],[17.728322,49.66427],[17.728665,49.665931],[17.731668,49.665258],[17.732661,49.667398],[17.734098,49.669554],[17.734134,49.672664],[17.732818,49.673886],[17.733546,49.675454],[17.734694,49.676529],[17.734565,49.678063],[17.73544,49.679111],[17.737544,49.680041],[17.73859,49.679684],[17.742199,49.677218],[17.74492,49.676474],[17.747539,49.675054],[17.749999,49.672594],[17.752507,49.670835],[17.752578,49.669052],[17.754695,49.667046],[17.755296,49.665274],[17.756899,49.662419],[17.758768,49.660887],[17.761056,49.660001],[17.763308,49.658531],[17.765763,49.65749],[17.768768,49.653768],[17.772763,49.651981],[17.770916,49.650646],[17.769675,49.649107],[17.767836,49.648705],[17.766236,49.646997],[17.766973,49.644973],[17.772142,49.64373],[17.774915,49.640794],[17.775413,49.638702],[17.775135,49.636263],[17.776132,49.63564],[17.777667,49.633114],[17.778879,49.632757],[17.780621,49.633517],[17.783134,49.635299],[17.786126,49.635551],[17.787559,49.635376],[17.79042,49.632979],[17.793544,49.631625],[17.793599,49.629295],[17.794649,49.628269],[17.797299,49.627924],[17.800245,49.626738],[17.803794,49.625984],[17.808177,49.624347],[17.810258,49.623964],[17.812147,49.623017],[17.813499,49.622841],[17.815789,49.6217],[17.817448,49.620395],[17.81837,49.616515],[17.820184,49.614548],[17.822122,49.613245],[17.826042,49.611618],[17.828923,49.609914],[17.831759,49.609305],[17.832796,49.607974],[17.835296,49.606674],[17.838281,49.606229],[17.839094,49.600728],[17.839789,49.600543],[17.840292,49.598005],[17.844397,49.598454],[17.844378,49.597257],[17.845258,49.596165],[17.84548,49.594567],[17.847531,49.593572],[17.846109,49.592332],[17.848033,49.589785],[17.850788,49.589426],[17.852569,49.590089],[17.854107,49.589007],[17.853338,49.586339],[17.852072,49.585276],[17.852627,49.583745],[17.856,49.582477],[17.857864,49.582554],[17.858997,49.581098],[17.861684,49.581221],[17.861976,49.579345],[17.863063,49.578923],[17.862165,49.577703],[17.866093,49.576117],[17.863202,49.575612],[17.864382,49.574723],[17.864132,49.57091],[17.862562,49.570546],[17.86083,49.570731],[17.85679,49.570607],[17.853763,49.571958],[17.851818,49.570068],[17.849122,49.568477],[17.847787,49.567187],[17.845805,49.566522],[17.843561,49.564967],[17.843182,49.563201],[17.844079,49.562962],[17.847902,49.562922],[17.847957,49.562135],[17.850686,49.559705],[17.850517,49.558733],[17.853017,49.558361],[17.854691,49.558501],[17.854886,49.557472],[17.854058,49.554853],[17.854024,49.553259],[17.853137,49.551499],[17.853824,49.55068],[17.857205,49.54943],[17.858337,49.548439],[17.858993,49.547049],[17.862539,49.546386],[17.864726,49.547639],[17.865734,49.551211],[17.868239,49.552184],[17.868645,49.554088],[17.871057,49.55733],[17.871389,49.558221],[17.873255,49.560564],[17.874808,49.560631],[17.878596,49.561642],[17.879828,49.564553],[17.88141,49.565549],[17.882062,49.567102],[17.883225,49.568041],[17.885051,49.567587],[17.888658,49.566172],[17.888911,49.565552],[17.893355,49.564131],[17.896999,49.562681],[17.898497,49.563549],[17.900271,49.566549],[17.902656,49.566302],[17.902405,49.564955],[17.903519,49.564561],[17.901863,49.5635],[17.899794,49.562729],[17.899673,49.560638],[17.901555,49.558736],[17.902886,49.557856],[17.905392,49.556956],[17.907849,49.556571],[17.908111,49.55564],[17.906267,49.552475],[17.904781,49.551081],[17.908011,49.550195],[17.907381,49.547847],[17.913089,49.546958],[17.913308,49.545975],[17.912143,49.543374],[17.912701,49.54267],[17.916272,49.542433],[17.917745,49.54119],[17.917963,49.539547],[17.916769,49.538167],[17.919443,49.537893],[17.925544,49.538279],[17.931028,49.539432],[17.936724,49.539052],[17.944958,49.539246],[17.950294,49.539729],[17.955259,49.539409],[17.956665,49.539767],[17.95981,49.538261],[17.962943,49.537299],[17.962616,49.535964],[17.966932,49.535076],[17.96755,49.537859],[17.971834,49.537755],[17.973324,49.538],[17.980535,49.530487],[17.983966,49.529038],[17.989741,49.525493],[17.992738,49.52313],[17.993744,49.521917],[17.99189,49.518516],[17.992483,49.516438],[17.991753,49.514823],[17.992469,49.512949],[17.99419,49.511678],[17.993001,49.508484],[17.99336,49.506593],[17.993063,49.50548],[17.991795,49.504675],[17.994398,49.50431],[17.997984,49.503462],[17.999177,49.504228],[18.002869,49.505069],[18.0046,49.504258],[18.011931,49.504418],[18.015136,49.505942],[18.016555,49.506312],[18.022005,49.507128],[18.023925,49.507649],[18.027658,49.509752],[18.029573,49.510286],[18.032162,49.511609],[18.036519,49.511396],[18.039194,49.512022],[18.043796,49.512298],[18.048737,49.512907],[18.051172,49.513833],[18.057111,49.514231],[18.059471,49.515187],[18.064792,49.516059],[18.066818,49.516707],[18.069351,49.516666],[18.070642,49.515866],[18.071962,49.516171],[18.076039,49.515538],[18.08017,49.517166],[18.081204,49.517913],[18.083737,49.518547],[18.088474,49.518298],[18.09156,49.518586],[18.09512,49.517182],[18.098369,49.516989],[18.099322,49.517762],[18.10238,49.518286],[18.104991,49.518237],[18.107468,49.517343],[18.109735,49.51711],[18.111479,49.5175],[18.114923,49.518917],[18.11849,49.519587],[18.124819,49.520225],[18.125953,49.520522],[18.127806,49.518078],[18.130027,49.515983],[18.13228,49.514669],[18.135208,49.509714],[18.139438,49.509398],[18.1407,49.510134],[18.144083,49.511103],[18.147742,49.510952],[18.1494,49.512362],[18.151274,49.512949],[18.153971,49.51334],[18.159252,49.513478],[18.160899,49.515735],[18.163598,49.51708],[18.165484,49.516143],[18.167945,49.513784],[18.170729,49.512864],[18.171536,49.511882],[18.171952,49.509939],[18.175206,49.507285],[18.17529,49.505437],[18.180175,49.503351],[18.182904,49.500945],[18.189785,49.496322],[18.191716,49.493458],[18.195211,49.491751],[18.203288,49.48902],[18.206434,49.490685],[18.210591,49.491427],[18.213957,49.492508],[18.216013,49.492871],[18.219543,49.492072],[18.222736,49.49191],[18.22586,49.489247],[18.229898,49.487796],[18.233196,49.487398],[18.236793,49.487502],[18.241208,49.485098],[18.246876,49.484367],[18.250472,49.482979],[18.253837,49.482532],[18.256719,49.483543],[18.25956,49.483909],[18.261114,49.484713],[18.263127,49.487549],[18.265145,49.489717],[18.265902,49.4911],[18.267714,49.492909],[18.272915,49.493213],[18.275937,49.494123],[18.278991,49.492619],[18.280833,49.492313],[18.288467,49.492274],[18.298876,49.490196],[18.301182,49.489896],[18.304459,49.485832],[18.305467,49.484134],[18.30548,49.482841],[18.304021,49.479467],[18.305287,49.476138],[18.305438,49.474024],[18.306907,49.469833],[18.306748,49.468638],[18.307061,49.464941],[18.310906,49.462535],[18.315051,49.460884],[18.315298,49.460146],[18.318981,49.457151],[18.320373,49.455013],[18.320691,49.453826],[18.321727,49.452901],[18.32112,49.451787],[18.322874,49.450578],[18.325679,49.450757],[18.328578,49.45172],[18.330477,49.451368],[18.332244,49.450531],[18.335239,49.450171],[18.33908,49.448459],[18.339802,49.44759],[18.342798,49.446408],[18.343779,49.445155],[18.346962,49.445808],[18.349577,49.446725],[18.353282,49.444081],[18.354806,49.442192],[18.356778,49.441257],[18.359908,49.436867],[18.357813,49.435773],[18.358982,49.432674],[18.360196,49.43258],[18.365147,49.433267],[18.36629,49.433101],[18.366909,49.4312],[18.368602,49.42866],[18.369301,49.426423],[18.371285,49.425964],[18.373246,49.421226],[18.370949,49.417923],[18.368711,49.412923],[18.367539,49.408992],[18.36606,49.405807],[18.366736,49.405201],[18.368652,49.405683],[18.372718,49.405698],[18.375003,49.405299],[18.378404,49.403582],[18.382525,49.403436],[18.384042,49.403015],[18.386805,49.400633],[18.392526,49.399259],[18.395093,49.398863],[18.398526,49.399207],[18.401855,49.397214],[18.403661,49.396691],[18.405918,49.397487],[18.407925,49.398777],[18.410175,49.399156],[18.412976,49.39888],[18.416274,49.397746],[18.419517,49.397214],[18.423087,49.395395],[18.425638,49.395106],[18.428944,49.393683],[18.430796,49.393957],[18.432183,49.393077],[18.436589,49.39259],[18.441561,49.393382],[18.445043,49.393175],[18.449955,49.393502],[18.450107,49.394286],[18.449383,49.397438],[18.451003,49.398681],[18.451937,49.400333],[18.453998,49.401132],[18.456699,49.403155],[18.458277,49.403224],[18.463317,49.405352],[18.465773,49.406119],[18.468619,49.406379],[18.471152,49.407356],[18.475414,49.408406],[18.476595,49.409426],[18.477818,49.411678],[18.477911,49.413542],[18.476458,49.416701],[18.478131,49.418307],[18.479866,49.42052],[18.481636,49.420828],[18.481947,49.423906],[18.485042,49.425939],[18.493126,49.427372],[18.494107,49.428183],[18.494691,49.429767],[18.492677,49.43105],[18.490134,49.43216],[18.489963,49.433178],[18.491377,49.433701],[18.492043,49.434784],[18.495581,49.435892],[18.497386,49.435541],[18.500923,49.435816],[18.502253,49.438235],[18.503617,49.439267],[18.503916,49.441374],[18.505299,49.442899],[18.508173,49.443319],[18.511781,49.445069],[18.513091,49.446148],[18.515993,49.447174],[18.51705,49.448487],[18.519535,49.448104],[18.522958,49.449232],[18.523232,49.453288],[18.5248,49.456481],[18.528549,49.457046],[18.530444,49.457851],[18.532728,49.458122],[18.53315,49.459747],[18.535246,49.463518],[18.536254,49.46442],[18.538731,49.46441],[18.543909,49.465041],[18.545706,49.466136],[18.546263,49.467063],[18.54795,49.467862],[18.547073,49.469953],[18.546896,49.471394],[18.544283,49.472936],[18.543368,49.473106],[18.543304,49.475431],[18.542437,49.47738],[18.541218,49.478741],[18.538922,49.480605],[18.536674,49.481649],[18.534367,49.484546],[18.534272,49.487601],[18.534969,49.488331],[18.534503,49.489839],[18.535481,49.49088],[18.539909,49.492024],[18.541735,49.492804],[18.542484,49.496074],[18.544552,49.498574],[18.545748,49.500509],[18.546955,49.500117],[18.551538,49.501021],[18.552906,49.503127],[18.556661,49.503381],[18.564604,49.506725],[18.568869,49.507667],[18.573202,49.508293],[18.576783,49.506575],[18.580864,49.50628],[18.585206,49.508099],[18.587592,49.508036],[18.589795,49.508964],[18.591995,49.508986],[18.594925,49.509895],[18.597252,49.510237],[18.601907,49.506852],[18.601904,49.505097],[18.602572,49.502622],[18.602236,49.500232],[18.601168,49.499059],[18.602839,49.497075],[18.606392,49.496489],[18.611533,49.496704],[18.614276,49.496018],[18.615539,49.495251],[18.617746,49.495061],[18.621489,49.495789],[18.622499,49.496327],[18.627999,49.498116],[18.631542,49.498727],[18.636091,49.497751],[18.63952,49.496227],[18.641307,49.498439],[18.642328,49.500789],[18.645004,49.5007],[18.649644,49.501586],[18.651345,49.501094],[18.653838,49.501735],[18.654382,49.502853],[18.655942,49.503068],[18.662024,49.503088],[18.664391,49.502332],[18.667147,49.502982],[18.670283,49.504332],[18.6709,49.506152],[18.676436,49.507646],[18.679542,49.507368],[18.68339,49.506002],[18.684855,49.504911],[18.685389,49.502757],[18.687923,49.500736],[18.691546,49.500211],[18.696271,49.499907],[18.697579,49.499617],[18.699605,49.500883],[18.701396,49.501508],[18.704465,49.501624],[18.710409,49.50251],[18.711953,49.502251],[18.715168,49.499783],[18.718873,49.499818],[18.720392,49.5001],[18.72088,49.499099],[18.724452,49.496189],[18.727047,49.495284],[18.72904,49.495157],[18.73094,49.493935],[18.733175,49.491391],[18.735509,49.490217],[18.737347,49.490046],[18.74039,49.489142],[18.744757,49.48869],[18.746409,49.488891],[18.749672,49.490196],[18.754482,49.488382],[18.75514,49.488656],[18.756295,49.490649],[18.757745,49.491836],[18.762798,49.493697],[18.766718,49.495794],[18.769283,49.49875],[18.776031,49.502789],[18.779172,49.504997],[18.7892,49.508682],[18.791227,49.508452],[18.79974,49.509331],[18.803354,49.511805],[18.807583,49.515076],[18.81237,49.516376],[18.819315,49.516295],[18.82662,49.515892],[18.829949,49.516006],[18.833618,49.51552],[18.840212,49.514919],[18.841321,49.515129],[18.842627,49.516368],[18.850907,49.517149],[18.8516,49.518299],[18.846663,49.518595],[18.844364,49.518205],[18.843011,49.518541],[18.841084,49.521301],[18.839292,49.522646],[18.83728,49.523626],[18.837976,49.524648],[18.840035,49.526097],[18.843579,49.527242],[18.844699,49.528237],[18.844542,49.529839],[18.843437,49.532562],[18.844096,49.534089],[18.847885,49.53479],[18.849777,49.534424],[18.857452,49.537926],[18.859112,49.547975],[18.859254,49.550586],[18.857263,49.55135],[18.856008,49.551136],[18.85408,49.552101],[18.85316,49.551948],[18.849283,49.554315],[18.848663,49.556375],[18.848849,49.558497],[18.846081,49.559387],[18.845587,49.560879],[18.844114,49.561325],[18.841935,49.560808],[18.839284,49.560821],[18.838015,49.561767],[18.837185,49.563175],[18.837414,49.566598],[18.836947,49.567439],[18.83751,49.569266],[18.836702,49.570549],[18.83366,49.572661],[18.833228,49.574519],[18.834934,49.577014],[18.834257,49.578461],[18.832532,49.580102],[18.831923,49.581604],[18.831701,49.584134],[18.832821,49.585853],[18.835206,49.586498],[18.835635,49.590138],[18.836961,49.591031],[18.838864,49.59332],[18.83908,49.595317],[18.832692,49.59491],[18.82929,49.59494],[18.827257,49.596434],[18.824728,49.600192],[18.824357,49.602139],[18.823204,49.604059],[18.823235,49.607241],[18.824733,49.609626],[18.824135,49.611711],[18.824258,49.614456],[18.82311,49.615377],[18.819298,49.617649],[18.8188,49.619941],[18.820517,49.623231],[18.819087,49.626486],[18.817374,49.629169],[18.817188,49.631633],[18.815155,49.633385],[18.812956,49.634348],[18.812586,49.636865],[18.813272,49.637918],[18.813406,49.639816],[18.812462,49.641129],[18.811633,49.643529],[18.809279,49.64831],[18.806835,49.650434],[18.806341,49.651284],[18.80677,49.652744],[18.80821,49.655212],[18.809193,49.655766],[18.809287,49.657551],[18.807595,49.660668],[18.808077,49.662955],[18.807588,49.664333],[18.806625,49.665254],[18.807308,49.667442],[18.810086,49.671039],[18.809805,49.673197],[18.808519,49.675306],[18.804588,49.678879],[18.795005,49.67913],[18.793163,49.679643],[18.789141,49.681936],[18.787055,49.682257],[18.783072,49.684794],[18.780634,49.685358],[18.773864,49.682819],[18.770001,49.683397],[18.766729,49.682398],[18.765275,49.68322],[18.764155,49.684632],[18.759122,49.681968],[18.751168,49.676893],[18.748104,49.677036],[18.74618,49.677516],[18.743488,49.676523],[18.741521,49.676424],[18.739312,49.677237],[18.739724,49.678284],[18.738885,49.679981],[18.735496,49.682409],[18.733945,49.682154],[18.73148,49.682816],[18.729547,49.684239],[18.727361,49.68411],[18.723289,49.682696],[18.719189,49.683806],[18.717068,49.683512],[18.717977,49.685362],[18.718102,49.686598],[18.717554,49.689748],[18.714599,49.691706],[18.714537,49.694387],[18.715234,49.695363],[18.713197,49.695685],[18.709249,49.695427],[18.709397,49.696911],[18.711493,49.699693],[18.709924,49.701225],[18.707731,49.702224],[18.709557,49.704493],[18.70654,49.704449],[18.700109,49.705665],[18.698032,49.706196],[18.693662,49.706597],[18.687562,49.705908],[18.682415,49.70446],[18.680961,49.703758],[18.678258,49.704948],[18.678013,49.705829],[18.676241,49.705481],[18.672552,49.703685],[18.668225,49.703437],[18.667374,49.70665],[18.667198,49.709213],[18.665441,49.709488],[18.662312,49.710912],[18.658609,49.710828],[18.656098,49.709056],[18.65356,49.70845],[18.65261,49.707697],[18.652316,49.710994],[18.649002,49.710914],[18.648063,49.711637],[18.644113,49.712373],[18.641833,49.71228],[18.641375,49.713081],[18.638684,49.714352],[18.636196,49.714966],[18.636333,49.717131],[18.633715,49.717354],[18.633819,49.717975],[18.631652,49.718835],[18.629095,49.720538],[18.629577,49.721792],[18.628428,49.722238],[18.625217,49.722382],[18.626114,49.723977],[18.628425,49.725366],[18.628859,49.726128],[18.626498,49.72889],[18.626233,49.72982],[18.627885,49.734415],[18.627215,49.736237],[18.627263,49.737963],[18.628647,49.740636],[18.628907,49.743288],[18.62954,49.74574],[18.629213,49.747093],[18.626715,49.749732],[18.625648,49.750421],[18.622144,49.7515],[18.617138,49.752479],[18.615711,49.752983],[18.613381,49.755102],[18.61283,49.757663],[18.614335,49.760265],[18.614362,49.761672],[18.612526,49.76397],[18.610932,49.76645],[18.610375,49.768627],[18.610301,49.77092],[18.604755,49.774757],[18.604339,49.776964],[18.603365,49.779935],[18.60243,49.781002],[18.598824,49.783133],[18.597208,49.784491],[18.597129,49.785801],[18.599932,49.788833],[18.599672,49.789907],[18.597391,49.792473],[18.595576,49.795092],[18.592926,49.797583],[18.593205,49.800732],[18.592549,49.802219],[18.591542,49.802839],[18.589101,49.803198],[18.585303,49.804856],[18.582744,49.809059],[18.582119,49.811878],[18.582066,49.814253],[18.582645,49.816384],[18.582529,49.817697],[18.581486,49.818687],[18.578113,49.82025],[18.576834,49.821559],[18.576294,49.823537],[18.575455,49.824388],[18.571515,49.825959],[18.569308,49.828177],[18.568979,49.830176],[18.569693,49.831847],[18.568915,49.833254],[18.569429,49.834397],[18.575629,49.838065],[18.578225,49.839277],[18.582682,49.840736],[18.585665,49.843052],[18.589439,49.845598],[18.589642,49.846338],[18.586169,49.848734],[18.584796,49.85039],[18.585773,49.850805],[18.583712,49.852306],[18.585428,49.853055],[18.587368,49.853237],[18.588979,49.852873],[18.5891,49.854046],[18.591516,49.854855],[18.59185,49.856043],[18.596003,49.856031],[18.600589,49.856482],[18.603878,49.857114],[18.603955,49.858199],[18.605496,49.860497],[18.605728,49.861599],[18.602424,49.864657],[18.599733,49.866142],[18.596731,49.865954],[18.594364,49.866689],[18.589165,49.867118],[18.586177,49.866726],[18.580237,49.866788],[18.579818,49.869196],[18.577031,49.870363],[18.575944,49.87028],[18.5745,49.871123],[18.573138,49.872755],[18.571915,49.872168],[18.569795,49.875038],[18.571415,49.875969],[18.568399,49.878024],[18.56567,49.880669],[18.566028,49.883151],[18.57147,49.886018],[18.572986,49.887141],[18.573748,49.88952],[18.570995,49.89121],[18.571385,49.89271],[18.573097,49.8954],[18.575829,49.898383],[18.57728,49.899566],[18.577812,49.900773],[18.577829,49.903534],[18.580063,49.90555],[18.57595,49.907505],[18.573701,49.907789],[18.575708,49.910416],[18.573824,49.91119],[18.573736,49.91247],[18.576176,49.913279],[18.574461,49.915007],[18.574736,49.917905],[18.575181,49.918623],[18.573712,49.921161],[18.572908,49.921621],[18.569226,49.920862],[18.565101,49.919187],[18.560718,49.917983],[18.55902,49.917991],[18.557499,49.918877],[18.552158,49.920817],[18.550374,49.922952],[18.544891,49.92584],[18.54205,49.92637],[18.539381,49.925685],[18.540889,49.923966],[18.543029,49.922445],[18.540453,49.919766],[18.541241,49.918463],[18.540636,49.915781],[18.540004,49.915052],[18.539878,49.912047],[18.541011,49.911227],[18.545015,49.910117],[18.547076,49.909151],[18.541884,49.904931],[18.539518,49.90448],[18.538493,49.902605],[18.535068,49.901981],[18.534966,49.900319],[18.534371,49.899605],[18.532483,49.900245],[18.531716,49.899471],[18.526804,49.901069],[18.524581,49.900655],[18.523881,49.899498],[18.522394,49.901091],[18.519214,49.902325],[18.516897,49.902372],[18.515384,49.901873],[18.514732,49.902936],[18.512738,49.902217],[18.511704,49.902782],[18.509785,49.902185],[18.507779,49.902882],[18.506179,49.90228],[18.503437,49.903683],[18.501297,49.903237],[18.50082,49.904469],[18.499143,49.903722],[18.496835,49.90399],[18.495003,49.904872],[18.490271,49.904173],[18.490628,49.905097],[18.485133,49.906348],[18.485764,49.907379],[18.484162,49.907679],[18.484688,49.909365],[18.483001,49.910797],[18.47987,49.911038],[18.477062,49.912224],[18.468653,49.915321],[18.467025,49.916092],[18.46587,49.917331],[18.464883,49.920685],[18.46294,49.922452],[18.460265,49.922783],[18.455917,49.922491],[18.45435,49.92261],[18.45209,49.923449],[18.449839,49.923513],[18.447496,49.922901],[18.445459,49.923021],[18.443964,49.923593],[18.43925,49.927407],[18.436262,49.928573],[18.432682,49.928472],[18.430752,49.938161],[18.421434,49.938599],[18.417852,49.93738],[18.400558,49.935627],[18.39844,49.934402],[18.39483,49.934523],[18.391895,49.934037],[18.385896,49.935256],[18.383078,49.934981],[18.379103,49.935746],[18.376359,49.935796],[18.374029,49.937214],[18.370841,49.93672],[18.368502,49.936684],[18.366395,49.93735],[18.364323,49.940298],[18.35997,49.940718],[18.35891,49.94151],[18.357412,49.943461],[18.355384,49.944184],[18.339902,49.945637],[18.337448,49.945996],[18.336291,49.946579],[18.332958,49.949387],[18.334481,49.944781],[18.334067,49.94136],[18.334873,49.939975],[18.338346,49.93872],[18.341345,49.938435],[18.343959,49.940286],[18.345689,49.940367],[18.347093,49.939817],[18.348702,49.936778],[18.35162,49.935459],[18.350923,49.934109],[18.349247,49.933861],[18.346097,49.934829],[18.342807,49.934888],[18.340987,49.933917],[18.340516,49.932784],[18.341257,49.93179],[18.347275,49.930905],[18.34996,49.929972],[18.349113,49.929255],[18.345617,49.930003],[18.344137,49.929488],[18.341187,49.925896],[18.339528,49.925779],[18.337609,49.926817],[18.334974,49.926862],[18.333282,49.927729],[18.333888,49.9292],[18.333519,49.930255],[18.331723,49.930847],[18.33038,49.930593],[18.329805,49.929594],[18.331003,49.927222],[18.331001,49.925646],[18.329741,49.923166],[18.328353,49.921889],[18.326498,49.91949],[18.325143,49.918286],[18.321652,49.915887],[18.320605,49.916472],[18.318037,49.915675],[18.31493,49.917355],[18.314955,49.918796],[18.29919,49.923777],[18.300673,49.925244],[18.29903,49.92873],[18.289776,49.928727],[18.288126,49.931659],[18.28171,49.937157],[18.282644,49.939138],[18.279207,49.940064],[18.279671,49.942219],[18.280702,49.944703],[18.28106,49.947397],[18.281834,49.950549],[18.280438,49.95587],[18.279796,49.957341],[18.278907,49.961116],[18.278,49.963478],[18.276307,49.964636],[18.273923,49.965646],[18.270181,49.96641],[18.265989,49.966457],[18.262919,49.966161],[18.258809,49.967211],[18.255549,49.968422],[18.252485,49.969149],[18.247861,49.968682],[18.241512,49.97041],[18.236397,49.971049],[18.233747,49.970967],[18.232119,49.970193],[18.229602,49.969599],[18.22627,49.969557],[18.221624,49.967657],[18.220633,49.968866],[18.214286,49.972006],[18.2141,49.973401],[18.215372,49.975706],[18.214662,49.977454],[18.214363,49.980559],[18.213745,49.98274],[18.214401,49.983668],[18.213567,49.986125],[18.211819,49.988324],[18.211383,49.992276],[18.20657,49.997936],[18.193221,49.994522],[18.190086,49.998775],[18.186228,49.999115],[18.182996,50.000395],[18.173129,50.00029],[18.173832,49.998568],[18.16798,49.998516],[18.168117,49.993864],[18.169195,49.992297],[18.170336,49.991985],[18.171997,49.990011],[18.170412,49.98913],[18.169006,49.986451],[18.16752,49.985589],[18.164289,49.985385],[18.162528,49.984922],[18.161319,49.984033],[18.158026,49.982772],[18.153835,49.98237],[18.151479,49.986167],[18.146938,49.991619],[18.136066,49.993907],[18.134369,49.997427],[18.131126,49.998072],[18.120878,49.99451],[18.116972,49.994154],[18.115892,49.994725],[18.115264,49.995907],[18.113082,49.997571],[18.107464,49.999424],[18.104778,50.000919],[18.102018,50.003444],[18.101593,50.004259],[18.097894,50.007343],[18.094669,50.012097],[18.094225,50.014176],[18.093281,50.014997],[18.094972,50.016215],[18.096204,50.01645],[18.098053,50.017939],[18.098444,50.019197],[18.099946,50.020633],[18.103148,50.022604],[18.100923,50.02465],[18.098358,50.026115],[18.096617,50.02598],[18.092738,50.029081],[18.087955,50.03155],[18.085921,50.03173],[18.084914,50.034138],[18.087466,50.036084],[18.088467,50.038277],[18.089358,50.044119],[18.085929,50.045952],[18.083141,50.046047],[18.081478,50.045697],[18.078284,50.045593],[18.075656,50.045951],[18.073191,50.046913],[18.067571,50.047687],[18.065988,50.048153],[18.067271,50.052068],[18.067326,50.05307],[18.063775,50.052736],[18.061713,50.059182],[18.052352,50.05872],[18.04983,50.058371],[18.04756,50.059759],[18.04607,50.062586],[18.040832,50.062956],[18.035991,50.065469],[18.033603,50.06602],[18.020857,50.060921],[18.013454,50.055625],[18.011993,50.054721],[18.009426,50.053888],[18.005154,50.053494],[18.00489,50.051379],[18.005146,50.049863],[18.006446,50.047182],[18.006642,50.044714],[18.005404,50.039848],[18.004216,50.039313],[18.004306,50.037795],[18.005991,50.036279],[18.008219,50.033343],[18.008821,50.031284],[18.013102,50.030239],[18.016474,50.030869],[18.01802,50.031592],[18.022202,50.036145],[18.024594,50.036568],[18.024739,50.03876],[18.028563,50.03873],[18.034567,50.037613],[18.03766,50.036542],[18.042584,50.036348],[18.044378,50.036607],[18.047034,50.031135],[18.049015,50.027428],[18.046684,50.026812],[18.04758,50.024858],[18.044984,50.023649],[18.045092,50.022927],[18.042928,50.02204],[18.044169,50.020087],[18.045889,50.019172],[18.045807,50.017758],[18.046309,50.015886],[18.042467,50.01572],[18.042285,50.013886],[18.04091,50.013604],[18.0445,50.010354],[18.045705,50.010291],[18.046046,50.008207],[18.045199,50.006161],[18.04546,50.005127],[18.043534,50.004987],[18.04348,50.006218],[18.040276,50.007177],[18.037152,50.008791],[18.035355,50.010985],[18.030469,50.010949],[18.026053,50.010382],[18.022234,50.010298],[18.018589,50.010484],[18.014465,50.011112],[18.008848,50.011007],[18.007461,50.010699],[18.006584,50.011432],[18.006137,50.014227],[18.005009,50.016452],[18.004633,50.018361],[17.9991,50.015759],[17.99277,50.015028],[17.990477,50.01423],[17.987737,50.012202],[17.985541,50.007219],[17.984188,50.005547],[17.982603,50.005136],[17.979844,50.00596],[17.976953,50.007247],[17.973118,50.008617],[17.968402,50.008865],[17.965509,50.008247],[17.961852,50.004982],[17.957861,50.004835],[17.954041,50.005067],[17.937556,49.991745],[17.934271,49.989776],[17.930836,49.98724],[17.924685,49.981821],[17.922847,49.978751],[17.917876,49.977848],[17.912896,49.977618],[17.911606,49.977825],[17.91032,49.976689],[17.909156,49.97651],[17.904614,49.976993],[17.898034,49.977925],[17.895873,49.978832],[17.892446,49.979862],[17.889505,49.980085],[17.886276,49.978423],[17.885231,49.97927],[17.878051,49.976384],[17.87599,49.975331],[17.875288,49.975507],[17.868497,49.972489],[17.866731,49.97349],[17.866128,49.97501],[17.864942,49.975924],[17.864691,49.976888],[17.861599,49.980584],[17.860557,49.980882],[17.856935,49.979842],[17.856119,49.980279],[17.856301,49.981559],[17.854692,49.98267],[17.85248,49.982143],[17.851282,49.982602],[17.851973,49.983998],[17.850689,49.985198],[17.850607,49.986548],[17.847207,49.987178],[17.842996,49.986764],[17.840084,49.988479],[17.838253,49.990311],[17.838802,49.991414],[17.837657,49.992354],[17.83648,49.992365],[17.834866,49.989804],[17.832791,49.990476],[17.832676,49.991702],[17.829984,49.992321],[17.828383,49.993873],[17.826561,49.994163],[17.836857,50.003609],[17.827688,50.011305],[17.804191,50.012422],[17.802336,50.013392],[17.798143,50.013501],[17.79526,50.014294],[17.794381,50.016378],[17.795036,50.017675],[17.79268,50.018988],[17.791477,50.019084],[17.790565,50.017767],[17.788973,50.01731],[17.787165,50.017638],[17.786553,50.019575],[17.785158,50.020212],[17.782935,50.019365],[17.780945,50.019884],[17.77757,50.020202],[17.776639,50.022041],[17.775402,50.022351],[17.771762,50.025228],[17.771346,50.026059],[17.776525,50.028378],[17.777236,50.030655],[17.776531,50.032428],[17.77529,50.032997],[17.775226,50.035045],[17.772463,50.035688],[17.770306,50.035649],[17.770199,50.039268],[17.771369,50.039925],[17.771845,50.041231],[17.772855,50.041725],[17.770596,50.043899],[17.771848,50.045892],[17.771422,50.048633],[17.769538,50.048776],[17.768533,50.049905],[17.769467,50.050927],[17.768928,50.051548],[17.766968,50.050989],[17.765775,50.052575],[17.763022,50.052659],[17.761349,50.053658],[17.762097,50.055793],[17.761061,50.058804],[17.758791,50.058793],[17.754874,50.062537],[17.758166,50.06352],[17.759453,50.064231],[17.75638,50.065538],[17.758487,50.066532],[17.758962,50.067649],[17.757625,50.067804],[17.754568,50.069264],[17.752321,50.069858],[17.752513,50.070899],[17.750983,50.072995],[17.752157,50.073874],[17.750845,50.075533],[17.749179,50.076006],[17.749937,50.0776],[17.748973,50.078785],[17.746933,50.079085],[17.743077,50.081348],[17.740805,50.080735],[17.739398,50.081344],[17.736685,50.083406],[17.734498,50.084409],[17.734327,50.085432],[17.732883,50.086591],[17.731147,50.086758],[17.729222,50.088325],[17.730105,50.089006],[17.729774,50.089926],[17.730876,50.097161],[17.721536,50.103538],[17.718289,50.106071],[17.717304,50.106513],[17.705126,50.114406],[17.698555,50.115904],[17.697062,50.116919],[17.695522,50.116746],[17.689619,50.116731],[17.683267,50.117309],[17.679663,50.10966],[17.676657,50.103024],[17.674368,50.104183],[17.669862,50.105491],[17.667775,50.106439],[17.664857,50.106997],[17.662587,50.108446],[17.658561,50.10902],[17.655545,50.110057],[17.650976,50.110571],[17.648886,50.111822],[17.647716,50.115042],[17.64801,50.116531],[17.646542,50.116577],[17.646494,50.118393],[17.644844,50.12181],[17.643793,50.122932],[17.644615,50.124838],[17.642872,50.125699],[17.643315,50.126831],[17.642588,50.128198],[17.641443,50.128748],[17.640411,50.130576],[17.639087,50.131424],[17.635624,50.131993],[17.634597,50.13267],[17.631833,50.132904],[17.630512,50.133731],[17.627792,50.134727],[17.625261,50.134997],[17.620976,50.137014],[17.617347,50.137325],[17.617384,50.138588],[17.61665,50.139237],[17.611265,50.139864],[17.610442,50.141185],[17.608963,50.14219],[17.609566,50.143558],[17.608588,50.145304],[17.606352,50.146828],[17.606357,50.148198],[17.60424,50.150525],[17.60273,50.151427],[17.601822,50.153032],[17.599941,50.154092],[17.599382,50.155442],[17.597093,50.155499],[17.595127,50.157244],[17.594268,50.158577],[17.592685,50.159976],[17.593848,50.160743],[17.595337,50.162742],[17.596622,50.163685],[17.600714,50.168501],[17.601153,50.169626],[17.60318,50.169791],[17.604437,50.170927],[17.606676,50.171159],[17.610599,50.170619],[17.61225,50.17065],[17.61546,50.171313],[17.619536,50.171153],[17.620849,50.17083],[17.623002,50.1696],[17.625697,50.169187],[17.626792,50.170579],[17.628822,50.172297],[17.631647,50.173586],[17.633338,50.173407],[17.63691,50.17378],[17.637705,50.17458],[17.642204,50.17586],[17.646622,50.176191],[17.646962,50.176666],[17.649553,50.176447],[17.652972,50.177139],[17.654952,50.177065],[17.657921,50.177539],[17.659137,50.177395],[17.663244,50.177949],[17.665765,50.177845],[17.669487,50.178935],[17.671115,50.179902],[17.674468,50.181341],[17.679952,50.182595],[17.683592,50.181613],[17.687882,50.182464],[17.689754,50.18244],[17.690402,50.183292],[17.692792,50.18361],[17.695244,50.183053],[17.70008,50.184241],[17.701784,50.184172],[17.702893,50.184915],[17.704857,50.185032],[17.705848,50.186518],[17.705699,50.187642],[17.704489,50.188637],[17.706862,50.190424],[17.708071,50.190294],[17.710965,50.192944],[17.710096,50.193428],[17.711638,50.196097],[17.710376,50.197848],[17.711247,50.199428],[17.713032,50.200968],[17.71625,50.20174],[17.716828,50.202757],[17.717065,50.205542],[17.724214,50.206582],[17.728751,50.204155],[17.733702,50.203429],[17.73461,50.202492],[17.737889,50.202108],[17.741132,50.202059],[17.744537,50.202669],[17.74727,50.203999],[17.74805,50.205278],[17.751167,50.205548],[17.753939,50.206296],[17.758456,50.206572],[17.758981,50.208181],[17.758484,50.210009],[17.757486,50.210588],[17.757697,50.211642],[17.759462,50.213518],[17.759991,50.216562],[17.758771,50.218643],[17.75655,50.22145],[17.75821,50.225535],[17.760011,50.228729],[17.761619,50.230967],[17.764619,50.233759],[17.764971,50.236391],[17.737707,50.249232],[17.73718,50.250246],[17.732979,50.253292],[17.731102,50.254174],[17.72947,50.254248],[17.724948,50.25675],[17.726026,50.258643],[17.726003,50.262365],[17.726206,50.268671],[17.72524,50.270046],[17.725587,50.272257],[17.727162,50.27404],[17.73233,50.276622],[17.734144,50.277289],[17.736163,50.279455],[17.736388,50.280973],[17.737298,50.282624],[17.739979,50.285376],[17.741348,50.287116],[17.74157,50.288314],[17.743514,50.290094],[17.742945,50.291044],[17.747826,50.293095],[17.747866,50.29414],[17.749174,50.295108],[17.748504,50.296696],[17.750345,50.297809],[17.752083,50.297964],[17.752046,50.299521],[17.750773,50.29957],[17.749491,50.301101],[17.748553,50.300907],[17.746134,50.301566],[17.745712,50.301058],[17.742082,50.301273],[17.740842,50.30196],[17.738746,50.301448],[17.733551,50.303445],[17.73201,50.302927],[17.729375,50.303599],[17.728817,50.303295],[17.726957,50.305935],[17.726003,50.308424],[17.724188,50.312024],[17.723892,50.313693],[17.722482,50.317695],[17.721033,50.319173],[17.719016,50.320269],[17.713032,50.322559],[17.709746,50.323456],[17.702594,50.324916],[17.700611,50.325111],[17.692681,50.326976],[17.68692,50.327976],[17.687479,50.322772],[17.688173,50.318702],[17.687833,50.316021],[17.688995,50.315592],[17.688341,50.311479],[17.68747,50.309031],[17.68715,50.30535],[17.689105,50.301885],[17.687329,50.30068],[17.685994,50.299054],[17.680796,50.296993],[17.677101,50.294228],[17.675644,50.292158],[17.671758,50.291662],[17.668043,50.290805],[17.667269,50.288994],[17.665899,50.288501],[17.662782,50.286552],[17.660559,50.286225],[17.658642,50.285107],[17.655237,50.281736],[17.65303,50.280435],[17.650752,50.277764],[17.647048,50.276812],[17.641685,50.276121],[17.638431,50.27369],[17.632772,50.272317],[17.630339,50.2712],[17.625976,50.269751],[17.62337,50.269511],[17.620777,50.268696],[17.617284,50.266947],[17.612094,50.266008],[17.610717,50.265981],[17.606711,50.267277],[17.605922,50.266973],[17.604129,50.267909],[17.60387,50.268907],[17.602634,50.26987],[17.600048,50.269946],[17.597571,50.271219],[17.598263,50.272675],[17.597868,50.274506],[17.595819,50.27642],[17.592576,50.277611],[17.591462,50.278924],[17.588359,50.278515],[17.586945,50.278009],[17.584456,50.277805],[17.580726,50.277919],[17.579841,50.276529],[17.575726,50.275626],[17.565861,50.272192],[17.564219,50.270647],[17.563137,50.270292],[17.559808,50.271363],[17.555934,50.271105],[17.552459,50.270393],[17.54896,50.269952],[17.541849,50.270357],[17.539469,50.271226],[17.534559,50.272301],[17.532708,50.272432],[17.525773,50.273593],[17.524454,50.275008],[17.519664,50.274122],[17.515263,50.27457],[17.508877,50.274526],[17.507126,50.274733],[17.499568,50.27465],[17.497035,50.274344],[17.495589,50.275089],[17.489839,50.273941],[17.485693,50.273326],[17.479561,50.271191],[17.477242,50.271037],[17.472875,50.270051],[17.471821,50.269169],[17.46869,50.269566],[17.463469,50.267054],[17.461024,50.267889],[17.459664,50.269097],[17.457832,50.270089],[17.455912,50.269539],[17.457258,50.267352],[17.456675,50.266365],[17.456251,50.262247],[17.45709,50.259814],[17.4556,50.258589],[17.454541,50.256521],[17.449178,50.255141],[17.446192,50.253312],[17.439546,50.251619],[17.436421,50.252067],[17.432388,50.253764],[17.42969,50.254176]]]},"properties":{"name":"Mähren-Schlesien","code":"T","name_cz":"Moravskoslezský kraj"}},
{"type":"Feature","geometry":{"type":"Polygon","coordinates":[[[17.159682,49.275119],[17.159071,49.275177],[17.157384,49.272479],[17.155973,49.271232],[17.15376,49.27008],[17.154476,49.269431],[17.152997,49.26875],[17.153933,49.267747],[17.152606,49.265756],[17.152396,49.263231],[17.149158,49.260119],[17.150715,49.259004],[17.149994,49.258273],[17.145653,49.2576],[17.144219,49.256933],[17.141085,49.253706],[17.137499,49.251618],[17.133118,49.250065],[17.131792,49.248632],[17.129794,49.244879],[17.134448,49.243744],[17.137057,49.241826],[17.139223,49.239598],[17.138754,49.237859],[17.140948,49.237153],[17.144,49.235634],[17.145347,49.234301],[17.146028,49.232239],[17.147558,49.230096],[17.146498,49.227873],[17.146576,49.226602],[17.144616,49.225558],[17.143923,49.224022],[17.141048,49.221571],[17.139482,49.219637],[17.138971,49.217176],[17.135695,49.215123],[17.138566,49.213394],[17.142899,49.211978],[17.144208,49.210359],[17.145571,49.209341],[17.146282,49.207973],[17.148287,49.207006],[17.150727,49.204805],[17.151124,49.201605],[17.151549,49.200996],[17.151029,49.198665],[17.149506,49.197959],[17.15,49.196351],[17.152458,49.194471],[17.154569,49.193891],[17.157464,49.19449],[17.158946,49.194103],[17.159443,49.193316],[17.161471,49.192507],[17.162581,49.192518],[17.164517,49.191311],[17.164989,49.189985],[17.164491,49.188385],[17.163186,49.187437],[17.160197,49.18618],[17.159619,49.185477],[17.156599,49.183723],[17.154863,49.184793],[17.153454,49.183839],[17.15297,49.181632],[17.154694,49.180537],[17.154517,49.179298],[17.152478,49.178759],[17.151777,49.177599],[17.148434,49.176533],[17.147268,49.174801],[17.153381,49.171984],[17.153798,49.17441],[17.156305,49.175264],[17.160159,49.175859],[17.164234,49.17533],[17.166851,49.176457],[17.16993,49.176803],[17.173615,49.17534],[17.176609,49.17572],[17.18058,49.172861],[17.183148,49.174099],[17.184079,49.173659],[17.186467,49.17508],[17.187481,49.177631],[17.191783,49.181576],[17.194202,49.183473],[17.19566,49.183837],[17.197496,49.183477],[17.199731,49.182187],[17.20155,49.178845],[17.202215,49.178174],[17.202544,49.175548],[17.201175,49.172323],[17.200986,49.171179],[17.199209,49.168897],[17.196741,49.166343],[17.197476,49.165003],[17.199323,49.163442],[17.197501,49.162654],[17.19907,49.159978],[17.194665,49.159344],[17.195016,49.156522],[17.193613,49.156478],[17.190969,49.151904],[17.190349,49.150045],[17.191125,49.148794],[17.191631,49.146711],[17.189851,49.144646],[17.188317,49.143994],[17.187867,49.140792],[17.188001,49.138641],[17.186974,49.137835],[17.185186,49.137435],[17.179599,49.138968],[17.17769,49.137227],[17.173706,49.138125],[17.169265,49.135949],[17.170311,49.133158],[17.166151,49.132504],[17.16467,49.133103],[17.162966,49.134948],[17.158548,49.134456],[17.15617,49.134409],[17.153777,49.135322],[17.15042,49.133363],[17.148615,49.132834],[17.148904,49.130529],[17.147955,49.128741],[17.147534,49.126347],[17.146178,49.123828],[17.145328,49.122976],[17.144735,49.117951],[17.142542,49.11141],[17.14057,49.111979],[17.139938,49.1079],[17.14004,49.106743],[17.141561,49.103505],[17.136144,49.102457],[17.134861,49.100663],[17.134136,49.100541],[17.130525,49.101443],[17.129863,49.102237],[17.125466,49.103617],[17.124308,49.103288],[17.121366,49.103414],[17.117314,49.1027],[17.11483,49.103544],[17.113184,49.103409],[17.113038,49.101614],[17.114218,49.09914],[17.114257,49.097952],[17.113321,49.096126],[17.112941,49.093965],[17.113528,49.08997],[17.114388,49.089775],[17.118074,49.090606],[17.118551,49.087654],[17.119834,49.086051],[17.11644,49.080451],[17.114547,49.079118],[17.111222,49.078091],[17.112137,49.077232],[17.117229,49.075606],[17.120426,49.07577],[17.124346,49.074287],[17.128187,49.075142],[17.129818,49.075122],[17.131223,49.07421],[17.134178,49.075951],[17.137602,49.076693],[17.139005,49.076499],[17.14318,49.074768],[17.144917,49.07316],[17.146491,49.07447],[17.147599,49.076389],[17.150257,49.078538],[17.154361,49.079655],[17.157195,49.079217],[17.158259,49.080557],[17.161605,49.080515],[17.166633,49.082003],[17.168087,49.082078],[17.170251,49.082826],[17.171618,49.082831],[17.176274,49.084013],[17.181582,49.084694],[17.183391,49.084736],[17.186546,49.085887],[17.187976,49.087337],[17.189543,49.087259],[17.191557,49.088646],[17.195487,49.089898],[17.198456,49.090309],[17.198575,49.091775],[17.201137,49.092306],[17.202576,49.09216],[17.206536,49.092643],[17.211707,49.092194],[17.213493,49.092936],[17.217411,49.077252],[17.218524,49.076302],[17.222096,49.0744],[17.225217,49.074823],[17.227271,49.074146],[17.228563,49.073067],[17.229389,49.069791],[17.22796,49.06772],[17.230078,49.066269],[17.231775,49.065504],[17.231952,49.063574],[17.229874,49.061279],[17.23076,49.058315],[17.231044,49.056413],[17.230425,49.055078],[17.227913,49.051671],[17.223817,49.048471],[17.224897,49.047713],[17.224647,49.044782],[17.223592,49.045148],[17.22143,49.04251],[17.219759,49.036241],[17.220671,49.035742],[17.221157,49.033721],[17.223536,49.032331],[17.224816,49.033483],[17.224876,49.034912],[17.226414,49.035919],[17.22815,49.038831],[17.230087,49.040327],[17.233697,49.040146],[17.239051,49.03931],[17.241389,49.038718],[17.248328,49.038221],[17.251039,49.038459],[17.251688,49.037752],[17.252147,49.035185],[17.25162,49.030749],[17.253832,49.030604],[17.255622,49.031438],[17.258028,49.031891],[17.2611,49.033042],[17.260977,49.03401],[17.263437,49.034325],[17.267888,49.034221],[17.268315,49.030353],[17.268986,49.030407],[17.269315,49.027757],[17.27013,49.02663],[17.274752,49.025766],[17.275848,49.023537],[17.275994,49.019479],[17.275034,49.014537],[17.275244,49.013754],[17.279565,49.014636],[17.282346,49.014521],[17.284998,49.016809],[17.285293,49.018059],[17.286826,49.017675],[17.289158,49.016259],[17.291096,49.01593],[17.291128,49.018078],[17.294988,49.017744],[17.299543,49.016015],[17.300139,49.018169],[17.303362,49.017151],[17.303928,49.018501],[17.306762,49.017685],[17.308891,49.017605],[17.310602,49.017081],[17.311094,49.015516],[17.312688,49.012871],[17.313796,49.012027],[17.318654,49.013452],[17.320573,49.013774],[17.322899,49.011929],[17.325939,49.0122],[17.331992,49.015255],[17.332739,49.014549],[17.335459,49.01486],[17.339422,49.013962],[17.339116,49.013359],[17.342994,49.012244],[17.344019,49.011504],[17.344285,49.009979],[17.345905,49.007728],[17.348597,49.006443],[17.351022,49.005899],[17.352948,49.00762],[17.356119,49.006691],[17.356983,49.007226],[17.362025,49.005366],[17.362261,49.004453],[17.361415,49.003145],[17.360907,49.001345],[17.360045,49.000197],[17.358025,48.999099],[17.35702,48.997327],[17.358552,48.995681],[17.359995,48.994875],[17.358026,48.993392],[17.358588,48.99212],[17.35744,48.991485],[17.357055,48.990442],[17.358496,48.988724],[17.358294,48.98805],[17.353791,48.985772],[17.353386,48.984997],[17.35457,48.983521],[17.354389,48.982636],[17.351694,48.981204],[17.351795,48.979165],[17.355815,48.977988],[17.356711,48.977272],[17.359266,48.977268],[17.361718,48.976892],[17.362982,48.975814],[17.366147,48.976488],[17.366165,48.977571],[17.369692,48.977754],[17.371391,48.976633],[17.372602,48.977061],[17.374993,48.976591],[17.374178,48.975225],[17.375863,48.975284],[17.378993,48.978625],[17.38096,48.979747],[17.387975,48.980261],[17.390121,48.981362],[17.392059,48.981755],[17.393856,48.981388],[17.394779,48.980689],[17.396597,48.980498],[17.397618,48.979206],[17.398848,48.974897],[17.398301,48.97308],[17.40168,48.972323],[17.4017,48.971393],[17.405864,48.969522],[17.410415,48.96663],[17.416868,48.960756],[17.41706,48.960166],[17.42042,48.959392],[17.42156,48.958742],[17.424611,48.958331],[17.424776,48.957167],[17.428891,48.955054],[17.430537,48.953959],[17.432359,48.952036],[17.433354,48.951948],[17.434304,48.950398],[17.436861,48.951373],[17.45094,48.957404],[17.451805,48.956469],[17.458671,48.959324],[17.46112,48.960187],[17.466721,48.962767],[17.468437,48.960942],[17.47185,48.962943],[17.475204,48.959834],[17.477061,48.957499],[17.478002,48.95691],[17.480376,48.956749],[17.48346,48.957302],[17.487048,48.958787],[17.490864,48.959915],[17.493496,48.959707],[17.495448,48.960256],[17.497483,48.961344],[17.497874,48.965015],[17.499051,48.966377],[17.502099,48.963081],[17.504112,48.960561],[17.505288,48.959672],[17.507948,48.954899],[17.508629,48.952796],[17.513433,48.954235],[17.517071,48.954777],[17.518656,48.956008],[17.521269,48.956825],[17.523019,48.956829],[17.525141,48.955854],[17.534493,48.952859],[17.542681,48.94984],[17.548064,48.947671],[17.550949,48.945606],[17.553365,48.943079],[17.549539,48.939717],[17.548621,48.936568],[17.546799,48.935042],[17.543044,48.931393],[17.542943,48.930039],[17.541423,48.927482],[17.541676,48.927138],[17.540421,48.924614],[17.538162,48.923178],[17.54018,48.922324],[17.543397,48.920338],[17.548093,48.916266],[17.549355,48.916976],[17.553592,48.920061],[17.558426,48.922273],[17.559151,48.921851],[17.561597,48.922284],[17.564461,48.921889],[17.568546,48.919841],[17.571622,48.91701],[17.573408,48.915872],[17.576682,48.915366],[17.579398,48.913961],[17.582311,48.911065],[17.588724,48.910519],[17.594123,48.911589],[17.598142,48.910038],[17.601319,48.910441],[17.60324,48.909146],[17.603451,48.907332],[17.604539,48.907015],[17.604214,48.905098],[17.60644,48.902919],[17.608842,48.901162],[17.614628,48.895475],[17.615249,48.894594],[17.616369,48.891226],[17.620754,48.886689],[17.622576,48.885522],[17.625193,48.882829],[17.624879,48.882042],[17.623247,48.88102],[17.625631,48.880218],[17.625079,48.878972],[17.62719,48.879021],[17.627941,48.876859],[17.629455,48.876077],[17.63166,48.877405],[17.63831,48.878518],[17.639003,48.87787],[17.637323,48.876813],[17.635893,48.875407],[17.637719,48.873974],[17.636046,48.873683],[17.634844,48.869394],[17.636574,48.867554],[17.636641,48.866917],[17.638629,48.864489],[17.638159,48.863425],[17.638612,48.862428],[17.643006,48.859063],[17.644324,48.85618],[17.646936,48.854262],[17.648143,48.854191],[17.651985,48.855263],[17.65463,48.855751],[17.659652,48.855738],[17.664622,48.854427],[17.667086,48.854133],[17.669137,48.854756],[17.676125,48.857758],[17.678553,48.858187],[17.682705,48.86088],[17.687533,48.861335],[17.690037,48.862114],[17.69209,48.862261],[17.697768,48.861466],[17.702334,48.860529],[17.703847,48.860998],[17.707173,48.86345],[17.7096,48.864623],[17.713991,48.867313],[17.715304,48.868391],[17.718757,48.873315],[17.720578,48.87455],[17.724266,48.87613],[17.726695,48.87746],[17.728087,48.877757],[17.729907,48.878774],[17.731707,48.878851],[17.734887,48.8799],[17.736708,48.880837],[17.736719,48.881534],[17.738525,48.882692],[17.740111,48.884307],[17.74103,48.88595],[17.740335,48.886561],[17.740498,48.888272],[17.744386,48.890197],[17.746898,48.891171],[17.748399,48.893848],[17.749759,48.89559],[17.749353,48.89667],[17.750329,48.898739],[17.752098,48.899456],[17.7531,48.90059],[17.754325,48.901084],[17.755089,48.902418],[17.757006,48.903034],[17.762068,48.907021],[17.768849,48.910793],[17.770317,48.911985],[17.772037,48.912647],[17.776887,48.913328],[17.780099,48.914945],[17.782665,48.91669],[17.783474,48.919924],[17.782948,48.922911],[17.781317,48.925275],[17.791214,48.925224],[17.807837,48.92534],[17.81602,48.925734],[17.817175,48.927694],[17.844223,48.9264],[17.847029,48.927608],[17.851653,48.927451],[17.856243,48.926251],[17.858555,48.925003],[17.862331,48.924327],[17.868295,48.92269],[17.869694,48.922622],[17.871953,48.923701],[17.87429,48.925238],[17.875863,48.925909],[17.880029,48.926974],[17.88531,48.927676],[17.886307,48.928948],[17.886523,48.932194],[17.886223,48.934468],[17.887446,48.93733],[17.888926,48.944075],[17.889325,48.944796],[17.891759,48.946299],[17.894061,48.948402],[17.894971,48.950867],[17.896897,48.952199],[17.897612,48.953683],[17.898982,48.954953],[17.900446,48.958691],[17.900986,48.959185],[17.902015,48.962877],[17.903038,48.964181],[17.902534,48.965209],[17.899653,48.969205],[17.900149,48.971018],[17.901715,48.972813],[17.900322,48.974502],[17.901563,48.976387],[17.902476,48.979833],[17.902729,48.981814],[17.903868,48.984223],[17.908289,48.988103],[17.911522,48.990168],[17.913137,48.992621],[17.913312,48.994087],[17.914475,48.996411],[17.914486,48.997501],[17.91315,49.001336],[17.913349,49.003861],[17.912091,49.0058],[17.913864,49.009505],[17.913887,49.010918],[17.914817,49.011275],[17.917462,49.013565],[17.920644,49.015217],[17.921782,49.017771],[17.923464,49.018583],[17.924314,49.019961],[17.925925,49.020046],[17.928203,49.020794],[17.933474,49.023145],[17.935081,49.023579],[17.945077,49.023274],[17.947129,49.023585],[17.951284,49.025019],[17.9535,49.02504],[17.957684,49.024193],[17.959766,49.024075],[17.964326,49.024334],[17.968701,49.023837],[17.974592,49.022551],[17.979508,49.023236],[17.981167,49.023789],[17.983926,49.026577],[17.987279,49.027926],[17.990914,49.028495],[17.995238,49.027465],[17.997118,49.026621],[18.000195,49.024414],[18.007312,49.021333],[18.008864,49.021213],[18.012088,49.022667],[18.015544,49.021887],[18.024472,49.021231],[18.027529,49.024154],[18.02829,49.025668],[18.029726,49.026829],[18.03725,49.026375],[18.042228,49.027813],[18.048973,49.030673],[18.051215,49.031373],[18.054886,49.031921],[18.05548,49.031185],[18.057802,49.032723],[18.063084,49.034736],[18.064414,49.034799],[18.068372,49.036571],[18.07098,49.038028],[18.071286,49.040016],[18.073196,49.041805],[18.07449,49.042311],[18.076766,49.042296],[18.078985,49.044128],[18.078692,49.045034],[18.082065,49.046251],[18.081731,49.047956],[18.08245,49.05129],[18.084235,49.052819],[18.086893,49.053486],[18.088819,49.055824],[18.089874,49.056073],[18.092471,49.058075],[18.095008,49.058699],[18.095063,49.059599],[18.091455,49.06138],[18.090577,49.062728],[18.091199,49.066675],[18.092225,49.06822],[18.093867,49.069275],[18.096848,49.067326],[18.100649,49.072634],[18.108909,49.083833],[18.111796,49.08761],[18.114809,49.089003],[18.115548,49.090081],[18.115938,49.092142],[18.113452,49.099967],[18.112807,49.103575],[18.112095,49.10476],[18.111949,49.108432],[18.11027,49.11355],[18.112483,49.115188],[18.113779,49.118508],[18.11791,49.119008],[18.121453,49.11735],[18.122208,49.118005],[18.120904,49.119025],[18.119477,49.122835],[18.116535,49.126389],[18.111099,49.128903],[18.109283,49.13038],[18.106749,49.134187],[18.108384,49.135395],[18.108471,49.136374],[18.109689,49.137954],[18.114391,49.142225],[18.115891,49.142226],[18.118405,49.143496],[18.117247,49.146125],[18.117856,49.14758],[18.117221,49.150783],[18.118771,49.15276],[18.121394,49.153731],[18.124478,49.154142],[18.125573,49.154922],[18.127903,49.155203],[18.132007,49.159577],[18.136714,49.16102],[18.13511,49.163032],[18.129921,49.168449],[18.130216,49.173825],[18.130655,49.175466],[18.13014,49.177242],[18.131274,49.181023],[18.130807,49.187535],[18.130889,49.188926],[18.133963,49.191423],[18.140961,49.195757],[18.142391,49.196999],[18.144164,49.200288],[18.147141,49.204891],[18.149381,49.205089],[18.148495,49.210545],[18.148554,49.213727],[18.149559,49.214887],[18.151099,49.215619],[18.154911,49.216152],[18.152667,49.219603],[18.15367,49.221854],[18.155401,49.227296],[18.156296,49.229468],[18.153264,49.230347],[18.151096,49.229501],[18.148252,49.229262],[18.144426,49.229289],[18.144945,49.230825],[18.145884,49.231884],[18.147738,49.235452],[18.148084,49.240082],[18.146463,49.245913],[18.147192,49.248421],[18.149898,49.25017],[18.152471,49.252254],[18.154605,49.252885],[18.156662,49.253096],[18.160282,49.254306],[18.161273,49.255081],[18.162028,49.257661],[18.161921,49.258822],[18.162544,49.260641],[18.163849,49.261202],[18.168484,49.262048],[18.171743,49.262987],[18.172653,49.264214],[18.173758,49.264729],[18.17682,49.265204],[18.177777,49.265937],[18.178809,49.267877],[18.182723,49.268752],[18.18478,49.270637],[18.184568,49.274454],[18.184142,49.276055],[18.184611,49.279423],[18.185944,49.280921],[18.184942,49.284059],[18.18428,49.285216],[18.184026,49.286996],[18.187186,49.287458],[18.192039,49.290008],[18.197464,49.289548],[18.199988,49.291143],[18.200695,49.292376],[18.202113,49.293136],[18.204239,49.293484],[18.205738,49.293122],[18.208445,49.291694],[18.209748,49.291918],[18.211998,49.293374],[18.214353,49.293772],[18.216722,49.292965],[18.219345,49.293077],[18.220644,49.294597],[18.22202,49.295389],[18.223605,49.295286],[18.22785,49.294088],[18.230089,49.294703],[18.232606,49.294188],[18.235669,49.295036],[18.238656,49.295521],[18.240986,49.294417],[18.242735,49.294682],[18.247801,49.294708],[18.251046,49.296206],[18.256073,49.296823],[18.259452,49.298284],[18.261496,49.298626],[18.263762,49.298271],[18.26868,49.300195],[18.271897,49.302084],[18.274864,49.301747],[18.278144,49.303258],[18.28156,49.303762],[18.284191,49.303118],[18.287793,49.303667],[18.288142,49.304439],[18.29164,49.304012],[18.294476,49.304375],[18.296965,49.304392],[18.303135,49.305925],[18.301088,49.310022],[18.314175,49.31254],[18.316716,49.313096],[18.322605,49.315109],[18.326668,49.318208],[18.329574,49.318823],[18.336436,49.319212],[18.348293,49.321456],[18.365672,49.324416],[18.367634,49.32544],[18.378919,49.330546],[18.384002,49.337427],[18.388032,49.343194],[18.392103,49.346075],[18.395321,49.348718],[18.39864,49.348939],[18.400406,49.349813],[18.404254,49.35023],[18.403322,49.351269],[18.400262,49.353373],[18.398178,49.356797],[18.399638,49.357255],[18.404495,49.359501],[18.408428,49.360372],[18.41024,49.362319],[18.411635,49.364342],[18.411871,49.365468],[18.415298,49.367011],[18.414838,49.370039],[18.41406,49.372107],[18.412421,49.374839],[18.41063,49.37648],[18.411877,49.378552],[18.410164,49.380417],[18.410601,49.383127],[18.409656,49.385049],[18.40848,49.386429],[18.408915,49.389896],[18.407325,49.392187],[18.40552,49.392928],[18.404309,49.394676],[18.403661,49.396691],[18.401855,49.397214],[18.398526,49.399207],[18.395093,49.398863],[18.392526,49.399259],[18.386805,49.400633],[18.384042,49.403015],[18.382525,49.403436],[18.378404,49.403582],[18.375003,49.405299],[18.372718,49.405698],[18.368652,49.405683],[18.366736,49.405201],[18.36606,49.405807],[18.367539,49.408992],[18.368711,49.412923],[18.370949,49.417923],[18.373246,49.421226],[18.371285,49.425964],[18.369301,49.426423],[18.368602,49.42866],[18.366909,49.4312],[18.36629,49.433101],[18.365147,49.433267],[18.360196,49.43258],[18.358982,49.432674],[18.357813,49.435773],[18.359908,49.436867],[18.356778,49.441257],[18.354806,49.442192],[18.353282,49.444081],[18.349577,49.446725],[18.346962,49.445808],[18.343779,49.445155],[18.342798,49.446408],[18.339802,49.44759],[18.33908,49.448459],[18.335239,49.450171],[18.332244,49.450531],[18.330477,49.451368],[18.328578,49.45172],[18.325679,49.450757],[18.322874,49.450578],[18.32112,49.451787],[18.321727,49.452901],[18.320691,49.453826],[18.320373,49.455013],[18.318981,49.457151],[18.315298,49.460146],[18.315051,49.460884],[18.310906,49.462535],[18.307061,49.464941],[18.306748,49.468638],[18.306907,49.469833],[18.305438,49.474024],[18.305287,49.476138],[18.304021,49.479467],[18.30548,49.482841],[18.305467,49.484134],[18.304459,49.485832],[18.301182,49.489896],[18.298876,49.490196],[18.288467,49.492274],[18.280833,49.492313],[18.278991,49.492619],[18.275937,49.494123],[18.272915,49.493213],[18.267714,49.492909],[18.265902,49.4911],[18.265145,49.489717],[18.263127,49.487549],[18.261114,49.484713],[18.25956,49.483909],[18.256719,49.483543],[18.253837,49.482532],[18.250472,49.482979],[18.246876,49.484367],[18.241208,49.485098],[18.236793,49.487502],[18.233196,49.487398],[18.229898,49.487796],[18.22586,49.489247],[18.222736,49.49191],[18.219543,49.492072],[18.216013,49.492871],[18.213957,49.492508],[18.210591,49.491427],[18.206434,49.490685],[18.203288,49.48902],[18.195211,49.491751],[18.191716,49.493458],[18.189785,49.496322],[18.182904,49.500945],[18.180175,49.503351],[18.17529,49.505437],[18.175206,49.507285],[18.171952,49.509939],[18.171536,49.511882],[18.170729,49.512864],[18.167945,49.513784],[18.165484,49.516143],[18.163598,49.51708],[18.160899,49.515735],[18.159252,49.513478],[18.153971,49.51334],[18.151274,49.512949],[18.1494,49.512362],[18.147742,49.510952],[18.144083,49.511103],[18.1407,49.510134],[18.139438,49.509398],[18.135208,49.509714],[18.13228,49.514669],[18.130027,49.515983],[18.127806,49.518078],[18.125953,49.520522],[18.124819,49.520225],[18.11849,49.519587],[18.114923,49.518917],[18.111479,49.5175],[18.109735,49.51711],[18.107468,49.517343],[18.104991,49.518237],[18.10238,49.518286],[18.099322,49.517762],[18.098369,49.516989],[18.09512,49.517182],[18.09156,49.518586],[18.088474,49.518298],[18.083737,49.518547],[18.081204,49.517913],[18.08017,49.517166],[18.076039,49.515538],[18.071962,49.516171],[18.070642,49.515866],[18.069351,49.516666],[18.066818,49.516707],[18.064792,49.516059],[18.059471,49.515187],[18.057111,49.514231],[18.051172,49.513833],[18.048737,49.512907],[18.043796,49.512298],[18.039194,49.512022],[18.036519,49.511396],[18.032162,49.511609],[18.029573,49.510286],[18.027658,49.509752],[18.023925,49.507649],[18.022005,49.507128],[18.016555,49.506312],[18.015136,49.505942],[18.011931,49.504418],[18.0046,49.504258],[18.002869,49.505069],[17.999177,49.504228],[17.997984,49.503462],[17.994398,49.50431],[17.991795,49.504675],[17.993063,49.50548],[17.99336,49.506593],[17.993001,49.508484],[17.99419,49.511678],[17.992469,49.512949],[17.991753,49.514823],[17.992483,49.516438],[17.99189,49.518516],[17.993744,49.521917],[17.992738,49.52313],[17.989741,49.525493],[17.983966,49.529038],[17.980535,49.530487],[17.973324,49.538],[17.971834,49.537755],[17.96755,49.537859],[17.966932,49.535076],[17.962616,49.535964],[17.962943,49.537299],[17.95981,49.538261],[17.956665,49.539767],[17.955259,49.539409],[17.950294,49.539729],[17.944958,49.539246],[17.936724,49.539052],[17.931028,49.539432],[17.925544,49.538279],[17.919443,49.537893],[17.916769,49.538167],[17.914792,49.534896],[17.914405,49.533221],[17.915147,49.530491],[17.914787,49.529271],[17.912134,49.525404],[17.906726,49.522405],[17.906097,49.522606],[17.902322,49.519927],[17.901485,49.518656],[17.899497,49.517445],[17.89955,49.51479],[17.900855,49.51392],[17.901461,49.512625],[17.900415,49.511189],[17.896513,49.510508],[17.889475,49.509589],[17.886627,49.508572],[17.885249,49.510347],[17.883183,49.511742],[17.879515,49.513496],[17.877718,49.513755],[17.873966,49.511477],[17.873729,49.512248],[17.871823,49.513772],[17.863545,49.515085],[17.862745,49.51534],[17.863873,49.51822],[17.858517,49.518646],[17.852519,49.518298],[17.851154,49.519915],[17.847768,49.520306],[17.845161,49.523504],[17.842837,49.523817],[17.842033,49.522364],[17.840071,49.52315],[17.837288,49.521985],[17.837286,49.521281],[17.842058,49.521361],[17.842815,49.519729],[17.842706,49.518694],[17.843446,49.517595],[17.842451,49.515905],[17.840446,49.515576],[17.840455,49.51456],[17.839496,49.513052],[17.841426,49.511553],[17.838999,49.511118],[17.838355,49.509549],[17.83831,49.507425],[17.839892,49.506794],[17.839643,49.505018],[17.836712,49.503145],[17.833183,49.503185],[17.832859,49.502579],[17.830062,49.502185],[17.828914,49.50117],[17.821549,49.501021],[17.820172,49.500238],[17.81809,49.500708],[17.814267,49.502747],[17.813439,49.501272],[17.810543,49.499153],[17.810289,49.498601],[17.81238,49.496057],[17.811439,49.493464],[17.809863,49.492489],[17.808667,49.490987],[17.806603,49.490178],[17.80296,49.489349],[17.800586,49.489067],[17.790706,49.487216],[17.786753,49.488385],[17.786407,49.487494],[17.786952,49.486162],[17.789838,49.483638],[17.792351,49.482456],[17.79243,49.481721],[17.795514,49.479256],[17.795539,49.477309],[17.796534,49.475051],[17.798944,49.473138],[17.800462,49.470497],[17.79702,49.469868],[17.793525,49.468881],[17.79326,49.468454],[17.795383,49.466946],[17.789876,49.46503],[17.790879,49.464292],[17.790674,49.462463],[17.788133,49.461756],[17.782037,49.459447],[17.779512,49.459037],[17.777707,49.45796],[17.778749,49.456402],[17.782484,49.457117],[17.782035,49.455522],[17.783307,49.455107],[17.782549,49.454091],[17.780163,49.452583],[17.780501,49.451469],[17.778784,49.450183],[17.777222,49.448391],[17.77766,49.447642],[17.777402,49.445603],[17.778033,49.443205],[17.780102,49.441724],[17.780217,49.441047],[17.774363,49.440762],[17.774979,49.437597],[17.772141,49.437601],[17.770732,49.438746],[17.767978,49.440208],[17.766205,49.439033],[17.763136,49.439942],[17.7597,49.43979],[17.757159,49.440372],[17.755373,49.440383],[17.751573,49.439642],[17.750865,49.437406],[17.749296,49.437419],[17.747225,49.436454],[17.744811,49.436868],[17.743289,49.436196],[17.739884,49.435706],[17.740781,49.434391],[17.739161,49.433993],[17.738699,49.434968],[17.737501,49.435114],[17.733791,49.434815],[17.733262,49.435358],[17.730032,49.436327],[17.725045,49.439165],[17.723578,49.438516],[17.722753,49.439086],[17.719979,49.437821],[17.717448,49.43896],[17.717951,49.440578],[17.714732,49.440953],[17.71398,49.442229],[17.710722,49.443093],[17.71047,49.445262],[17.713526,49.448481],[17.711488,49.448373],[17.712012,49.450922],[17.707801,49.451504],[17.706152,49.452035],[17.706271,49.452772],[17.702403,49.455609],[17.701069,49.454613],[17.696928,49.456462],[17.694741,49.458925],[17.693712,49.462027],[17.692096,49.463212],[17.689221,49.461805],[17.689663,49.461162],[17.687224,49.459983],[17.686683,49.459257],[17.683132,49.461722],[17.681039,49.462624],[17.67634,49.462656],[17.673967,49.46126],[17.674374,49.460277],[17.67162,49.455348],[17.668368,49.45557],[17.669918,49.453754],[17.668585,49.452981],[17.670311,49.451002],[17.667268,49.449214],[17.669625,49.447293],[17.669375,49.445255],[17.671258,49.442571],[17.666299,49.440514],[17.66439,49.439221],[17.662072,49.440283],[17.657543,49.440674],[17.657996,49.442086],[17.656124,49.44411],[17.652462,49.445384],[17.649342,49.449986],[17.64781,49.451236],[17.643197,49.449894],[17.639385,49.44805],[17.638095,49.448821],[17.637684,49.449871],[17.636276,49.449902],[17.633681,49.448544],[17.631334,49.4479],[17.629941,49.446609],[17.624667,49.449699],[17.622192,49.448164],[17.620938,49.446977],[17.624037,49.445472],[17.625938,49.444106],[17.623368,49.442875],[17.623192,49.440917],[17.627421,49.438561],[17.629399,49.437903],[17.631488,49.436625],[17.631758,49.435962],[17.634721,49.435271],[17.636019,49.434076],[17.635997,49.433273],[17.634533,49.432625],[17.635495,49.430957],[17.638444,49.428886],[17.640205,49.426588],[17.64515,49.423349],[17.648431,49.422308],[17.646876,49.421049],[17.645174,49.420946],[17.644752,49.418638],[17.649275,49.416495],[17.650341,49.414995],[17.648065,49.413605],[17.647536,49.412334],[17.645403,49.411386],[17.642737,49.409294],[17.639885,49.40822],[17.638806,49.408485],[17.637423,49.407361],[17.634202,49.407077],[17.631831,49.404274],[17.632161,49.403174],[17.631864,49.401137],[17.626654,49.398457],[17.625449,49.398518],[17.620238,49.396998],[17.618084,49.396865],[17.615916,49.39734],[17.61479,49.39879],[17.612606,49.397333],[17.610018,49.398058],[17.607851,49.397742],[17.60456,49.399501],[17.60418,49.398831],[17.600856,49.397664],[17.598685,49.397884],[17.600244,49.399315],[17.598617,49.399893],[17.595779,49.399277],[17.59572,49.398586],[17.593402,49.39735],[17.591439,49.397918],[17.593167,49.399113],[17.590971,49.40255],[17.590588,49.403612],[17.591559,49.404188],[17.588243,49.405626],[17.587405,49.406468],[17.584397,49.406335],[17.584246,49.407137],[17.580988,49.407606],[17.577358,49.406373],[17.570515,49.405548],[17.569967,49.406248],[17.568142,49.406717],[17.550096,49.403869],[17.548053,49.403318],[17.546079,49.405624],[17.543881,49.405099],[17.541653,49.404009],[17.537987,49.402908],[17.53702,49.403461],[17.534563,49.402576],[17.532538,49.40103],[17.53032,49.397075],[17.528609,49.396342],[17.523211,49.398492],[17.523027,49.402339],[17.519865,49.401677],[17.515905,49.401119],[17.51613,49.399703],[17.513587,49.399906],[17.510786,49.400636],[17.507096,49.400818],[17.51313,49.399215],[17.514385,49.39792],[17.508982,49.394035],[17.510287,49.393431],[17.513354,49.392733],[17.515329,49.390521],[17.515084,49.389088],[17.515787,49.387021],[17.514972,49.383401],[17.514133,49.382223],[17.511299,49.380536],[17.510516,49.378644],[17.506972,49.379028],[17.504707,49.3776],[17.501019,49.374088],[17.497657,49.370103],[17.49629,49.369257],[17.487119,49.362481],[17.4807,49.358941],[17.477406,49.356096],[17.473722,49.354676],[17.472394,49.356133],[17.470913,49.362829],[17.469105,49.366146],[17.466322,49.369843],[17.463943,49.369458],[17.462225,49.371271],[17.462192,49.372782],[17.458457,49.373244],[17.458341,49.374921],[17.454776,49.374939],[17.455022,49.376111],[17.44895,49.377331],[17.450338,49.379796],[17.446518,49.380447],[17.445747,49.379689],[17.443353,49.378696],[17.442832,49.379306],[17.438915,49.379747],[17.438791,49.380187],[17.435287,49.380713],[17.434494,49.37973],[17.428904,49.379115],[17.430595,49.377323],[17.430393,49.376535],[17.431661,49.375602],[17.429714,49.374521],[17.4261,49.379056],[17.416762,49.378636],[17.414882,49.377399],[17.41393,49.377717],[17.415101,49.383246],[17.41017,49.386027],[17.409021,49.384847],[17.407709,49.385547],[17.406269,49.384494],[17.398062,49.385939],[17.390307,49.388042],[17.389996,49.387649],[17.389576,49.381061],[17.388149,49.381544],[17.374734,49.380084],[17.375557,49.382382],[17.373989,49.383589],[17.374247,49.386372],[17.375862,49.387029],[17.376609,49.38969],[17.375997,49.390926],[17.376168,49.393557],[17.375956,49.395437],[17.376427,49.397766],[17.377383,49.399644],[17.379109,49.401447],[17.382084,49.403649],[17.385572,49.405151],[17.378027,49.406946],[17.37301,49.410824],[17.371481,49.41224],[17.369625,49.412886],[17.368136,49.412688],[17.367858,49.411606],[17.37006,49.410656],[17.368097,49.409793],[17.364807,49.410486],[17.363438,49.40972],[17.365397,49.408412],[17.362382,49.407882],[17.362125,49.408993],[17.357348,49.408637],[17.356755,49.407874],[17.354459,49.408126],[17.354367,49.407263],[17.355603,49.406571],[17.354105,49.405914],[17.352687,49.403621],[17.352618,49.400997],[17.351603,49.400819],[17.349062,49.398534],[17.350059,49.3965],[17.34918,49.396281],[17.347672,49.39736],[17.347575,49.395503],[17.346081,49.395588],[17.345389,49.394619],[17.342487,49.39364],[17.344218,49.392353],[17.342338,49.39204],[17.342167,49.391363],[17.33896,49.390058],[17.338196,49.390462],[17.335335,49.390385],[17.334525,49.389591],[17.334744,49.388396],[17.335787,49.387567],[17.334467,49.386211],[17.335432,49.384587],[17.33526,49.383911],[17.333065,49.383106],[17.332757,49.380529],[17.333752,49.378994],[17.33331,49.378171],[17.335331,49.376278],[17.334176,49.375109],[17.335573,49.374477],[17.336996,49.373032],[17.33691,49.372243],[17.338334,49.371087],[17.336947,49.369742],[17.336787,49.368948],[17.338298,49.368066],[17.338533,49.366803],[17.341316,49.366003],[17.340743,49.364945],[17.341435,49.364137],[17.343378,49.363984],[17.343128,49.362019],[17.34417,49.361365],[17.341977,49.360539],[17.341967,49.359636],[17.346282,49.35814],[17.349757,49.357332],[17.350825,49.357337],[17.35108,49.355676],[17.352448,49.355163],[17.35345,49.354051],[17.354066,49.352152],[17.353629,49.349549],[17.351476,49.348859],[17.353285,49.347695],[17.353211,49.346443],[17.356491,49.344727],[17.356418,49.342461],[17.354255,49.342285],[17.350547,49.342846],[17.348624,49.342157],[17.34603,49.342284],[17.344794,49.340697],[17.343978,49.340464],[17.341937,49.341498],[17.337998,49.340329],[17.339161,49.338983],[17.336021,49.337746],[17.334456,49.336077],[17.333792,49.334746],[17.334471,49.333828],[17.33422,49.33248],[17.332176,49.333037],[17.332408,49.333763],[17.328744,49.334126],[17.328703,49.335055],[17.326712,49.334986],[17.326979,49.33156],[17.326159,49.331774],[17.323935,49.331179],[17.319199,49.330718],[17.31758,49.331099],[17.315211,49.330902],[17.315302,49.327232],[17.312877,49.320818],[17.312099,49.317923],[17.309413,49.317421],[17.309383,49.316126],[17.304449,49.315011],[17.303795,49.313541],[17.305891,49.312978],[17.303495,49.3119],[17.301557,49.312473],[17.29945,49.312112],[17.298481,49.309125],[17.298544,49.308073],[17.296324,49.307817],[17.293996,49.307119],[17.292187,49.306139],[17.291257,49.303452],[17.293729,49.302944],[17.294139,49.301684],[17.291169,49.30092],[17.286328,49.298314],[17.28261,49.298058],[17.279817,49.296388],[17.275655,49.295124],[17.27277,49.296545],[17.272621,49.29483],[17.271195,49.294296],[17.269171,49.295449],[17.266412,49.296393],[17.264932,49.297684],[17.261782,49.298484],[17.259421,49.300513],[17.257545,49.300016],[17.255293,49.302526],[17.253783,49.299951],[17.250437,49.298425],[17.248737,49.29692],[17.247078,49.296696],[17.244332,49.295182],[17.242775,49.295018],[17.241409,49.294244],[17.2388,49.295494],[17.234657,49.296527],[17.23099,49.298526],[17.228876,49.298144],[17.227904,49.297152],[17.226879,49.297299],[17.221944,49.294274],[17.22059,49.293803],[17.215761,49.293949],[17.213861,49.292602],[17.214935,49.291706],[17.213181,49.289126],[17.212336,49.288607],[17.20781,49.290026],[17.201151,49.292709],[17.199851,49.294312],[17.199715,49.296452],[17.195269,49.29547],[17.194091,49.29733],[17.190265,49.295736],[17.192033,49.294611],[17.194326,49.291294],[17.192432,49.290219],[17.189607,49.289372],[17.18475,49.288882],[17.18136,49.288219],[17.179382,49.287396],[17.178534,49.286109],[17.177886,49.284073],[17.178712,49.283732],[17.178103,49.279764],[17.180844,49.279882],[17.180815,49.278582],[17.179367,49.275381],[17.178921,49.271775],[17.177134,49.268795],[17.173076,49.26887],[17.172799,49.270745],[17.171173,49.270903],[17.167197,49.270481],[17.166082,49.270963],[17.164923,49.270277],[17.162068,49.272773],[17.162643,49.274342],[17.159577,49.274396],[17.159682,49.275119]]]},"properties":{"name":"Zlín","code":"Z","name_cz":"Zlínský kraj"}}
]}