{"type": "FeatureCollection", "features": [{"type": "Feature", "geometry": {"type": "Polygon", "coordinates": [[[25.906707597593453, 41.307374753490606], [25.880641265255484, 41.30558943716961], [25.86949114825776, 41.31425990329066], [25.8725282427643, 41.328307683399814], [25.854808253507457, 41.327436342817315], [25.846389675990366, 41.33718074532976], [25.82385143114414, 41.34733977234986], [25.816093026817942, 41.3369498596241], [25.788545229949168, 41.332069539057116], [25.780613592269162, 41.321392071098785], [25.72341825572206, 41.31940462461561], [25.71239707893483, 41.299365159695824], [25.6641859362888, 41.30947883711265], [25.63767508205976, 41.312291126080396], [25.624180634520055, 41.304353714131196], [25.590546158074424, 41.30888803922801], [25.57520576478611, 41.31887966626755], [25.545338907877593, 41.310904513057444], [25.53043818241755, 41.27854390969776], [25.48972680183898, 41.288257621529496], [25.43216478227432, 41.274841178447005], [25.394414344652184, 41.258324270402035], [25.36792649369322, 41.26007868782744], [25.336151374854552, 41.24178022739855], [25.295968006056565, 41.245469902764384], [25.28386609768582, 41.236463799192265], [25.264183074612895, 41.2454839685516], [25.238471773728392, 41.24470944011443], [25.22409680430046, 41.2645775230955], [25.187723149200377, 41.244965839188076], [25.165808217925804, 41.22948442277394], [25.151428414976625, 41.23001171753889], [25.139134377475393, 41.25213300905198], [25.11999860426172, 41.24868930081303], [25.1129491704171, 41.223803351218905], [25.12192141059284, 41.20886081558643], [25.094023050495817, 41.1971627893744], [25.099489498891472, 41.180956930204694], [25.05801859134925, 41.15939360500195], [25.04663886023717, 41.142350761921136], [25.05840596943128, 41.109266568056256], [25.077742818485007, 41.09180627793485], [25.097084522368878, 41.088352073710546], [25.108588390403682, 41.0784028120345], [25.121034647623922, 41.04331178869507], [25.15488876311632, 41.01428206834291], [25.15789652906091, 41.001906122081145], [25.139292355209683, 40.99107163475904], [25.12956425311245, 40.972331294945015], [25.128753241383123, 40.955034907947734], [25.163935337419097, 40.94876684507958], [25.173893335184207, 40.939441703381], [25.21447805946037, 40.94032750919838], [25.25158867379922, 40.935922088491346], [25.258107892965462, 40.925915346379185], [25.315743993267635, 40.94562097750865], [25.36178012644431, 40.93467326682111], [25.379575522273342, 40.90950076327856], [25.454631409720292, 40.89775985557234], [25.468720475767224, 40.89064517585724], [25.503336433961877, 40.88256940434232], [25.509570105736575, 40.873119746067324], [25.562241156451588, 40.857167899196234], [25.587362131486003, 40.868048709848715], [25.631856092665068, 40.86259048383215], [25.630020238108447, 40.891889700181984], [25.61948185313313, 40.94805829559611], [25.620577222477888, 40.963714799989745], [25.63179755107274, 40.96903892893293], [25.652191021922256, 40.96815824453712], [25.662333803000404, 40.95735872344641], [25.690399095156167, 40.947387382183855], [25.69990251298898, 40.9577250440276], [25.682366118019285, 40.968332877796826], [25.68229251580321, 40.978944313383856], [25.71798559759776, 40.976483075482946], [25.73334581601494, 40.98048138628584], [25.755786839508474, 40.99660406389999], [25.775243276794278, 40.9934604165103], [25.80453054989581, 40.99850210810574], [25.823895759209222, 40.997783226271935], [25.818816666757286, 41.025394623199944], [25.826645394662197, 41.03083552528225], [25.85198609547525, 41.033325298753375], [25.863491046594014, 41.04400521028757], [25.859314781155653, 41.057497988996005], [25.86942633979685, 41.06515430558701], [25.88180781076625, 41.105453187435074], [25.90771383466812, 41.10988691772429], [25.924956496088583, 41.10495987065172], [25.953417834614264, 41.10847457774466], [25.9202075201334, 41.13674617924591], [25.92167594311638, 41.15719651284942], [25.902564108156188, 41.17553549134372], [25.89449096288753, 41.194143087370165], [25.898237360095404, 41.209208245857575], [25.91323098776369, 41.21776746418993], [25.902976065418923, 41.23003899859155], [25.919167154973888, 41.25529191778813], [25.92609055094796, 41.27788036650249], [25.906707597593453, 41.307374753490606]]]}, "properties": {"name": "Rhodope", "codes": ["KO"], "id": "rhodope"}}, {"type": "Feature", "geometry": {"type": "Polygon", "coordinates": [[[24.78380831214366, 41.36024873764365], [24.768976322764647, 41.36444709963012], [24.744852435740828, 41.382662050389996], [24.734301849221662, 41.41244953516936], [24.67980455984238, 41.42473555744766], [24.661894992248502, 41.419001405790304], [24.64874182181291, 41.43471495257243], [24.627397477750943, 41.431931855579656], [24.614934222279377, 41.423801002410364], [24.59674047463213, 41.442301400241405], [24.594426880731426, 41.466931033870154], [24.572827315673656, 41.47557522104613], [24.557826713214194, 41.527007666398], [24.546621096930707, 41.539224031426166], [24.552425743060653, 41.55174545658528], [24.524697854778708, 41.56894069945874], [24.508953120618486, 41.55823092343902], [24.48355304207267, 41.557244376940766], [24.4632872635378, 41.54471106158292], [24.462869256940245, 41.53044445521576], [24.416905671386328, 41.52921556540033], [24.394830587546444, 41.53937345166521], [24.378728032275607, 41.531353700223185], [24.36944538881924, 41.519273667083255], [24.337573277496833, 41.52727649125423], [24.330989778898523, 41.52132008372434], [24.302021520002793, 41.513624700925476], [24.2957331417257, 41.525108676759125], [24.30271146703195, 41.53825330443012], [24.286777763484785, 41.552528308698854], [24.25340929259464, 41.57040815514065], [24.23015733853183, 41.547375499543094], [24.209725636932962, 41.54390980027095], [24.19065867723524, 41.5320019781055], [24.19386317590159, 41.52064652152083], [24.182157969519935, 41.51407191813404], [24.151368273067654, 41.5383681604732], [24.10616857197287, 41.54368878730675], [24.099750326682283, 41.55001066634601], [24.078180849581145, 41.541419592655], [24.06010872662076, 41.52199041663811], [24.067457953741943, 41.50065885368986], [24.07240586165696, 41.46453880671822], [24.04880944878775, 41.452985771072676], [24.007655791010233, 41.45645722300599], [23.995283382867825, 41.454343110767844], [23.97995083873298, 41.44008850773403], [23.96955009618814, 41.43862482552766], [23.942472593712775, 41.45174798960714], [23.933266908066777, 41.470504381864416], [23.909079179227373, 41.478301561879476], [23.90642077726928, 41.4576704972422], [23.870757634748525, 41.44896564606713], [23.85151312815129, 41.4410537903474], [23.798993025630452, 41.43552102057094], [23.768412579684863, 41.39677978410974], [23.75705481301609, 41.4037878041652], [23.73111257764295, 41.4063915541903], [23.694729611703874, 41.40289749528013], [23.673962442553254, 41.40866356315008], [23.648052917307115, 41.39279970520887], [23.646570595463743, 41.38044545366775], [23.624083843990892, 41.37549766069752], [23.623565207866402, 41.3520591319424], [23.632655531008236, 41.33818527736731], [23.631607292664178, 41.32243632163764], [23.652170096128813, 41.31386696879127], [23.667150907444043, 41.31565994737246], [23.705685521235726, 41.312890743110714], [23.721435144396427, 41.28906710707877], [23.70675439155428, 41.27914839541996], [23.696938042103827, 41.25055837842357], [23.71076585128716, 41.237864852898554], [23.7043800574368, 41.225734915251834], [23.721145954017217, 41.207713912603296], [23.720871796952533, 41.19361086721494], [23.736999484116833, 41.18831679420291], [23.749915934054005, 41.19274617824843], [23.768101029789438, 41.17734827616932], [23.776043555115745, 41.16350729957196], [23.83961825834981, 41.12867677615962], [23.860040715908656, 41.13003551147271], [23.874505130722337, 41.116767414890184], [23.8931939702119, 41.10770184203797], [23.910106253618682, 41.10726206278992], [23.923141663412952, 41.08789895846756], [23.940553213898916, 41.08415018456401], [23.961571950183068, 41.09133110839153], [23.97289392225025, 41.10706971174525], [23.992076604394764, 41.11266768624513], [24.000576468156265, 41.099175612098364], [24.026560089872458, 41.086102701245906], [24.036505930038274, 41.04964527447548], [24.04996069468222, 41.04851616218716], [24.062145180916787, 41.03387839602079], [24.07849637576058, 41.02932829178961], [24.093729227883152, 41.01583030951755], [24.118339922575384, 41.00631977765436], [24.13226091542513, 41.00047509405409], [24.16141747978053, 41.00020293536407], [24.16678528922453, 41.00476601929692], [24.195461531007496, 40.989920876229384], [24.199146863089656, 40.996495650321656], [24.229679187492312, 40.98943533466951], [24.244181277675256, 40.98033317335717], [24.268988782095402, 41.003458679105265], [24.243509706844854, 41.01095674029411], [24.241137964107644, 41.022757690405875], [24.26959108722428, 41.03153583827488], [24.279373301151406, 41.044923992514875], [24.30177342221418, 41.063414633321344], [24.33483440893857, 41.05448508852876], [24.374840865653457, 41.08975245041437], [24.388542018070662, 41.090259270517464], [24.425883323715976, 41.108274518204816], [24.46151653378716, 41.12988711956913], [24.46415156940211, 41.13981158910217], [24.487122497699385, 41.1365188777859], [24.49695194743072, 41.1496616888993], [24.48162861056508, 41.16940926524219], [24.49288590644727, 41.178456697502504], [24.49416154198498, 41.20145047361322], [24.48235823233964, 41.20814396657476], [24.475327593657195, 41.224008578550304], [24.48355728102694, 41.23155145347], [24.507181369644872, 41.22365251268603], [24.51342413421476, 41.23701861024276], [24.50958115279933, 41.26199939535112], [24.53664141020129, 41.26532303733609], [24.5527781773355, 41.26070553566278], [24.575548475015072, 41.244774501152634], [24.5979441843057, 41.265635908958785], [24.596472794206854, 41.27933424998198], [24.61269825831899, 41.31246686270373], [24.644511571290373, 41.307644361457406], [24.65852513607542, 41.322122590806714], [24.687369579393902, 41.32225852210377], [24.70123214545815, 41.33536523685463], [24.705608932632952, 41.35669694284989], [24.73627887346852, 41.33849633178697], [24.770935871233416, 41.35008917564162], [24.78380831214366, 41.36024873764365]]]}, "properties": {"name": "Drama", "codes": ["RM"], "id": "drama"}}, {"type": "Feature", "geometry": {"type": "MultiPolygon", "coordinates": [[[[25.57118206089942, 40.509016345586176], [25.525537028218583, 40.504700411852475], [25.495069747038606, 40.49481998382477], [25.46968289123007, 40.47228205454338], [25.453522321003362, 40.46825242446963], [25.458575324723526, 40.45772983553074], [25.478137936377887, 40.448887141646836], [25.50795576543376, 40.42522385401925], [25.54151243955002, 40.414367338585535], [25.55779737658857, 40.39889753250318], [25.57494982960316, 40.39323297133942], [25.59991090235451, 40.39356588574258], [25.642060417821742, 40.40854162738627], [25.66852360732254, 40.41201833217615], [25.688206850782375, 40.42142565347164], [25.699480553954565, 40.45531227664862], [25.699037282315043, 40.465128928900064], [25.656771943315242, 40.49338033473086], [25.63756422071046, 40.493618113236295], [25.61675976680265, 40.50298253489976], [25.594166313325637, 40.5021524017797], [25.57118206089942, 40.509016345586176]]], [[[25.631856092665068, 40.86259048383215], [25.692308934937724, 40.850621596260154], [25.729265470953507, 40.84564155022251], [25.773615068806752, 40.85012951319824], [25.814910723405653, 40.85030674297091], [25.871879846249676, 40.840892853800675], [25.911661720128656, 40.84720324045941], [25.94794675840493, 40.84181298808528], [25.9752130751339, 40.8306841604091], [25.99589307344363, 40.816357270460145], [25.998358358130538, 40.795786108298586], [26.022641552687052, 40.79493049305836], [26.038074178670243, 40.7674106491846], [26.028806449950054, 40.73595691486305], [26.033683964931086, 40.72952960077807], [26.072880028848555, 40.72778588350466], [26.123192492735544, 40.743387451125834], [26.127811861519337, 40.772310359129804], [26.155274291292194, 40.80692253624705], [26.17974965615163, 40.820172608806125], [26.20140231351411, 40.820825740058105], [26.21593306242675, 40.84562292107249], [26.20290426704373, 40.848704443333105], [26.224603768660437, 40.86894880367398], [26.221114932683147, 40.88041136686709], [26.2343074025047, 40.88557923826031], [26.25025053322792, 40.88175962455032], [26.253809915735253, 40.90398229266562], [26.275412814188158, 40.89408248738153], [26.29456049663581, 40.8948185482504], [26.30130161570671, 40.90223967809176], [26.284652567026125, 40.924052247574565], [26.299773372879827, 40.92777701621591], [26.325592937208643, 40.942832452261], [26.352514659252403, 40.94248450456196], [26.35807343430853, 40.95077748338495], [26.347399434802803, 40.96425987364207], [26.325430809160398, 40.97852949635104], [26.331016102860552, 40.989936661227624], [26.35548443716462, 40.99852477268966], [26.36508712306309, 41.018895203033594], [26.344625916062526, 41.03026824330416], [26.313247119668418, 41.06926627245463], [26.310461658630814, 41.08296467023078], [26.32731086868833, 41.093887536232735], [26.33427104032418, 41.10678979929726], [26.30597951733562, 41.109746566259005], [26.32064134267426, 41.133481124838724], [26.334860730254174, 41.1424774768667], [26.330030440078872, 41.15313039870945], [26.310012112499013, 41.160770802662356], [26.307624514800857, 41.175757857118924], [26.32524942855869, 41.19083617134895], [26.320332055518584, 41.20553751890449], [26.33120089032495, 41.223272792466574], [26.316915805949314, 41.23950305749793], [26.33441754386682, 41.258133797395544], [26.358888759677924, 41.249376695561416], [26.40164065547427, 41.25256735151761], [26.438549903239846, 41.28062239224081], [26.457160930069016, 41.28167430091826], [26.466567170690773, 41.301661006640934], [26.488252380538004, 41.30750645819624], [26.500386480866837, 41.33016751416869], [26.514306114433378, 41.32925788585307], [26.525090324307538, 41.34095482237285], [26.554284596411595, 41.339914250785554], [26.56462662441652, 41.32798438269902], [26.5873452069604, 41.31985271985924], [26.62776172617133, 41.34653421919767], [26.63484449308077, 41.38135192688877], [26.62979213691148, 41.41458373925362], [26.614525677900456, 41.42270352556643], [26.612203881607893, 41.46375536370325], [26.601299038416055, 41.47562434792729], [26.60421479331225, 41.49218654747833], [26.59301266104268, 41.53148622419509], [26.602515686309083, 41.54262073876849], [26.5938720675918, 41.55614256187274], [26.60159793042859, 41.57299123972871], [26.59536415117128, 41.58069265216307], [26.602940432390568, 41.59751211813168], [26.59370452847682, 41.60917613881206], [26.5685824270733, 41.610027455002864], [26.529065010336378, 41.62225494089955], [26.487926399959612, 41.65477950061402], [26.497852378205327, 41.66131978656375], [26.458393795672837, 41.673641662201184], [26.447540665720233, 41.684686686831014], [26.421959098743137, 41.68482961255656], [26.378201202465448, 41.69912372315349], [26.366028763605144, 41.710494452535954], [26.326801632062537, 41.71570426727895], [26.31328193615143, 41.70974432353705], [26.283789242289913, 41.71139519273213], [26.247837966800812, 41.72331405966064], [26.232111411748562, 41.739897057498744], [26.215325027107088, 41.7325614877784], [26.19479902188871, 41.73517145534046], [26.17382008360306, 41.74911331747841], [26.12208078115932, 41.73020775014456], [26.1140320608774, 41.71444378067931], [26.085905230436413, 41.71720607451644], [26.070219147057415, 41.710101436756275], [26.060205471793864, 41.689118465844075], [26.06848661977913, 41.67314691153684], [26.069241686889377, 41.65138411997707], [26.090225906105815, 41.6427727852103], [26.09519462004376, 41.62657599971791], [26.121558677471857, 41.62544369487428], [26.147627188382263, 41.60708313238143], [26.149937714825413, 41.59296020458961], [26.14706793032336, 41.55589453165653], [26.177985382436642, 41.55431374029016], [26.186607612335767, 41.5212477763507], [26.17237104772725, 41.50404091582093], [26.17078427703689, 41.492598459309214], [26.154441527855855, 41.48676691176325], [26.15574051198176, 41.47429666500752], [26.17111782374843, 41.46639016082092], [26.19103519521404, 41.44867935644324], [26.188650353387093, 41.43850770622967], [26.174118231639145, 41.4338105487162], [26.15962202343592, 41.42015181608124], [26.164636923239417, 41.41185415009506], [26.150198676804642, 41.38016763309014], [26.138545979054587, 41.37624865804308], [26.130487988574156, 41.35428482865286], [26.108764475325657, 41.35713558564702], [26.08986873750468, 41.34668504064172], [26.0409629608133, 41.3504281495091], [26.009394233184914, 41.34323002418348], [25.997462954504112, 41.32594668601058], [25.97368190390875, 41.318380002633695], [25.934730920692335, 41.32075863166914], [25.906707597593453, 41.307374753490606], [25.92609055094796, 41.27788036650249], [25.919167154973888, 41.25529191778813], [25.902976065418923, 41.23003899859155], [25.91323098776369, 41.21776746418993], [25.898237360095404, 41.209208245857575], [25.89449096288753, 41.194143087370165], [25.902564108156188, 41.17553549134372], [25.92167594311638, 41.15719651284942], [25.9202075201334, 41.13674617924591], [25.953417834614264, 41.10847457774466], [25.924956496088583, 41.10495987065172], [25.90771383466812, 41.10988691772429], [25.88180781076625, 41.105453187435074], [25.86942633979685, 41.06515430558701], [25.859314781155653, 41.057497988996005], [25.863491046594014, 41.04400521028757], [25.85198609547525, 41.033325298753375], [25.826645394662197, 41.03083552528225], [25.818816666757286, 41.025394623199944], [25.823895759209222, 40.997783226271935], [25.80453054989581, 40.99850210810574], [25.775243276794278, 40.9934604165103], [25.755786839508474, 40.99660406389999], [25.73334581601494, 40.98048138628584], [25.71798559759776, 40.976483075482946], [25.68229251580321, 40.978944313383856], [25.682366118019285, 40.968332877796826], [25.69990251298898, 40.9577250440276], [25.690399095156167, 40.947387382183855], [25.662333803000404, 40.95735872344641], [25.652191021922256, 40.96815824453712], [25.63179755107274, 40.96903892893293], [25.620577222477888, 40.963714799989745], [25.61948185313313, 40.94805829559611], [25.630020238108447, 40.891889700181984], [25.631856092665068, 40.86259048383215]]]]}, "properties": {"name": "Evros", "codes": ["EB", "OR"], "id": "evros"}}, {"type": "Feature", "geometry": {"type": "MultiPolygon", "coordinates": [[[[24.65452164121363, 40.799057690999646], [24.629514974595, 40.793557559109885], [24.61180745669064, 40.77989692594333], [24.595725143175375, 40.77567502727949], [24.57890319846324, 40.758527433052095], [24.560573496003006, 40.75869899282338], [24.55741836934836, 40.73909375273541], [24.53386592094199, 40.714287457271794], [24.525245611453457, 40.686238226532076], [24.511092291781313, 40.66344685227013], [24.51243007015151, 40.636802292331964], [24.52860510956618, 40.62479286946279], [24.576710231083393, 40.62608514984565], [24.59823027696197, 40.61692195026536], [24.607583870033718, 40.5987475973987], [24.638989878980535, 40.58320023131435], [24.643181668498357, 40.57148361224839], [24.669841395211083, 40.57577342310683], [24.67303356800036, 40.584907745559384], [24.692770052870564, 40.59816900877144], [24.715408293321545, 40.59445456331271], [24.718981634227674, 40.60361223545951], [24.740868549326727, 40.60039295392211], [24.750032420505992, 40.61113521215943], [24.777230973934877, 40.61987395148837], [24.76762999648133, 40.64623434061903], [24.76264478849642, 40.67466243064277], [24.782972500496843, 40.68705726159044], [24.77773358997632, 40.704551193368104], [24.75806622891986, 40.71242933545635], [24.7679594198588, 40.744199907215474], [24.748294007413588, 40.75022060700742], [24.71164622193293, 40.78043247169043], [24.694172429119018, 40.77662925023732], [24.667010789024758, 40.784320482117096], [24.65452164121363, 40.799057690999646]]], [[[24.81381560529913, 40.8584538957294], [24.80204208100307, 40.869512411138544], [24.796801124568166, 40.90614130665521], [24.776277812725922, 40.92904831587795], [24.75812354889246, 40.95698839350472], [24.758938529560343, 40.97453313214808], [24.741011996086502, 40.99865107450349], [24.732871658109495, 41.022115974157195], [24.741408034359157, 41.04483073809017], [24.75922207306055, 41.073541114164826], [24.773985281399508, 41.0892444316117], [24.751458194300696, 41.093812076494075], [24.69661354560279, 41.11696287416922], [24.68585236863269, 41.13095537773893], [24.69412577891978, 41.13787638934315], [24.66928002807434, 41.1624710155457], [24.69133999372915, 41.16913169966791], [24.701265436220922, 41.18348202037201], [24.694917794748278, 41.20147507493993], [24.66840366404472, 41.20571372450163], [24.633800081265537, 41.203480796784774], [24.61931531985238, 41.195940937015905], [24.60152777254487, 41.196083866037746], [24.57145166218115, 41.18958592309171], [24.561612639938012, 41.201197910505165], [24.544147713103612, 41.20327868780103], [24.516275899733014, 41.19483895084051], [24.49416154198498, 41.20145047361322], [24.49288590644727, 41.178456697502504], [24.48162861056508, 41.16940926524219], [24.49695194743072, 41.1496616888993], [24.487122497699385, 41.1365188777859], [24.46415156940211, 41.13981158910217], [24.46151653378716, 41.12988711956913], [24.425883323715976, 41.108274518204816], [24.388542018070662, 41.090259270517464], [24.374840865653457, 41.08975245041437], [24.33483440893857, 41.05448508852876], [24.30177342221418, 41.063414633321344], [24.279373301151406, 41.044923992514875], [24.26959108722428, 41.03153583827488], [24.241137964107644, 41.022757690405875], [24.243509706844854, 41.01095674029411], [24.268988782095402, 41.003458679105265], [24.244181277675256, 40.98033317335717], [24.229679187492312, 40.98943533466951], [24.199146863089656, 40.996495650321656], [24.195461531007496, 40.989920876229384], [24.16678528922453, 41.00476601929692], [24.16141747978053, 41.00020293536407], [24.13226091542513, 41.00047509405409], [24.118339922575384, 41.00631977765436], [24.115123218260486, 40.99370772962078], [24.101419058484993, 40.975303793901595], [24.113843212783504, 40.95736578462808], [24.091396059764534, 40.93686727234628], [24.0983338976526, 40.91581895025248], [24.075166637984676, 40.92343978844916], [24.05615566963444, 40.916329258317084], [24.066578471037083, 40.89638684239584], [24.03973624003244, 40.895906843013925], [24.02683263412828, 40.88271648255947], [23.993621308195245, 40.863712476038025], [23.988874686576757, 40.85105214781991], [23.975347626650695, 40.84621482899613], [23.961161273130568, 40.83248255006452], [23.915607790413627, 40.81505160170468], [23.89613072148892, 40.81639677377144], [23.861255913973746, 40.79839833575144], [23.873541200548765, 40.785022864787756], [23.868176558470047, 40.77872280212846], [23.922488812133576, 40.7530256530385], [23.967171465747416, 40.738146831054586], [24.01018119149167, 40.729872154835505], [24.04662880954983, 40.71804389424714], [24.074151266675777, 40.718398849975564], [24.14804794303395, 40.74108344045764], [24.202603199700697, 40.77425111835194], [24.278250579333235, 40.808298744808106], [24.307716637619276, 40.81836743925759], [24.30623572552093, 40.84153203071218], [24.326539010318754, 40.84307083796237], [24.337003104500027, 40.859201787089916], [24.315046752429907, 40.870145945447454], [24.339316925038936, 40.89757954603854], [24.379337206746786, 40.91122854732678], [24.396792388461893, 40.93442014035835], [24.42742317848617, 40.93866165235427], [24.444169751011138, 40.94639047705672], [24.457750748936018, 40.941436891561544], [24.470115766877996, 40.95050345612941], [24.511989856589175, 40.958639689123316], [24.542467437838496, 40.95605910893027], [24.554561515610626, 40.95038947512675], [24.565516249158875, 40.92942822541135], [24.583583821582792, 40.90701580196403], [24.606800099292375, 40.89026674059836], [24.627755526321746, 40.86257120978289], [24.667059873601524, 40.87295337855416], [24.69580308123645, 40.86568504750993], [24.70653282732683, 40.851080437139665], [24.740282844087695, 40.854129795813634], [24.764916299570856, 40.85993256605119], [24.798685952741483, 40.84568681495339], [24.81381560529913, 40.8584538957294]]]]}, "properties": {"name": "Kavala", "codes": ["KB"], "id": "kavala"}}, {"type": "Feature", "geometry": {"type": "Polygon", "coordinates": [[[25.22409680430046, 41.2645775230955], [25.219596029412674, 41.282167350453854], [25.208879542258984, 41.29171424254711], [25.19007712293449, 41.294904147605266], [25.180609670761317, 41.30896256078503], [25.13226892519879, 41.323563607913364], [25.11131226948278, 41.34242601724583], [25.103365832890848, 41.33544994796163], [25.084594741443446, 41.33808918256256], [25.064069287876865, 41.359422280095124], [25.011149000877015, 41.372515342530164], [24.97763367263321, 41.375440377081006], [24.95658638705099, 41.38568987543452], [24.941331360922327, 41.385937027491934], [24.91725246782694, 41.40685100134708], [24.903194820830272, 41.40696069836466], [24.881661122502965, 41.3915999052172], [24.86725136697708, 41.39017628244209], [24.85381634620986, 41.39853303491192], [24.820142307599767, 41.40022590420782], [24.821929929022957, 41.38378727699329], [24.814929727200823, 41.36948792191942], [24.812618431264227, 41.34855559174717], [24.803705015267713, 41.345889258314116], [24.78380831214366, 41.36024873764365], [24.770935871233416, 41.35008917564162], [24.73627887346852, 41.33849633178697], [24.705608932632952, 41.35669694284989], [24.70123214545815, 41.33536523685463], [24.687369579393902, 41.32225852210377], [24.65852513607542, 41.322122590806714], [24.644511571290373, 41.307644361457406], [24.61269825831899, 41.31246686270373], [24.596472794206854, 41.27933424998198], [24.5979441843057, 41.265635908958785], [24.575548475015072, 41.244774501152634], [24.5527781773355, 41.26070553566278], [24.53664141020129, 41.26532303733609], [24.50958115279933, 41.26199939535112], [24.51342413421476, 41.23701861024276], [24.507181369644872, 41.22365251268603], [24.48355728102694, 41.23155145347], [24.475327593657195, 41.224008578550304], [24.48235823233964, 41.20814396657476], [24.49416154198498, 41.20145047361322], [24.516275899733014, 41.19483895084051], [24.544147713103612, 41.20327868780103], [24.561612639938012, 41.201197910505165], [24.57145166218115, 41.18958592309171], [24.60152777254487, 41.196083866037746], [24.61931531985238, 41.195940937015905], [24.633800081265537, 41.203480796784774], [24.66840366404472, 41.20571372450163], [24.694917794748278, 41.20147507493993], [24.701265436220922, 41.18348202037201], [24.69133999372915, 41.16913169966791], [24.66928002807434, 41.1624710155457], [24.69412577891978, 41.13787638934315], [24.68585236863269, 41.13095537773893], [24.69661354560279, 41.11696287416922], [24.751458194300696, 41.093812076494075], [24.773985281399508, 41.0892444316117], [24.75922207306055, 41.073541114164826], [24.741408034359157, 41.04483073809017], [24.732871658109495, 41.022115974157195], [24.741011996086502, 40.99865107450349], [24.758938529560343, 40.97453313214808], [24.75812354889246, 40.95698839350472], [24.776277812725922, 40.92904831587795], [24.796801124568166, 40.90614130665521], [24.80204208100307, 40.869512411138544], [24.81381560529913, 40.8584538957294], [24.85524902925386, 40.88993515761844], [24.87180935104422, 40.90522416814109], [24.894577108708944, 40.916481154025085], [24.921340276978746, 40.924900222326656], [24.962871788696496, 40.93357801888251], [24.986962724001128, 40.93566238407537], [24.996876505076052, 40.956872159102716], [25.031727848719, 40.97865320521479], [25.045486075004757, 40.99168090750265], [25.06834876657738, 41.004586864447454], [25.094411765856925, 41.007044728865374], [25.124182688693534, 41.00243440964952], [25.139292355209683, 40.99107163475904], [25.15789652906091, 41.001906122081145], [25.15488876311632, 41.01428206834291], [25.121034647623922, 41.04331178869507], [25.108588390403682, 41.0784028120345], [25.097084522368878, 41.088352073710546], [25.077742818485007, 41.09180627793485], [25.05840596943128, 41.109266568056256], [25.04663886023717, 41.142350761921136], [25.05801859134925, 41.15939360500195], [25.099489498891472, 41.180956930204694], [25.094023050495817, 41.1971627893744], [25.12192141059284, 41.20886081558643], [25.1129491704171, 41.223803351218905], [25.11999860426172, 41.24868930081303], [25.139134377475393, 41.25213300905198], [25.151428414976625, 41.23001171753889], [25.165808217925804, 41.22948442277394], [25.187723149200377, 41.244965839188076], [25.22409680430046, 41.2645775230955]]]}, "properties": {"name": "Xanthi", "codes": ["AH"], "id": "xanthi"}}, {"type": "Feature", "geometry": {"type": "Polygon", "coordinates": [[[23.765087647260465, 40.75789344665101], [23.75399062881232, 40.773804205959195], [23.73607312266577, 40.781379758038305], [23.704755530310518, 40.7800586989424], [23.688399181130794, 40.78370433629171], [23.66607973117949, 40.77347732235169], [23.624344068070158, 40.7884135525511], [23.582527241949865, 40.786895365702044], [23.562868404809127, 40.79169610522875], [23.546115900553264, 40.808217623141], [23.532411183145665, 40.814937667886014], [23.52993770673114, 40.830616520459124], [23.499292444190548, 40.843653098120704], [23.481635493120667, 40.84216034645013], [23.47287273574429, 40.831193746702475], [23.449431374562085, 40.82684273490968], [23.434815564481966, 40.862382722836784], [23.387936408609455, 40.85243402775057], [23.367811334389536, 40.857762809916096], [23.360534663624136, 40.87420046332087], [23.356703644715047, 40.91130744982978], [23.334009194921233, 40.92035958802717], [23.335267727897726, 40.93023907324503], [23.323818855375574, 40.944850512771644], [23.2979680874416, 40.952605433440105], [23.275816307951807, 40.945238485059086], [23.26089958445975, 40.97036919892629], [23.257310235839086, 40.99561129957143], [23.240373850752015, 41.0060349109466], [23.221407435265444, 40.99257439355692], [23.18186609291521, 40.98297530749291], [23.17167704434383, 40.963969157055544], [23.156992497323092, 40.95478030458347], [23.134929932794638, 40.95520235040199], [23.110527285677303, 40.94806457761461], [23.08596356457036, 40.95707068337119], [23.04117547845485, 40.94413426198596], [23.010048463431442, 40.93828139997097], [23.016353098353893, 40.91033575825831], [23.010574464494585, 40.88188351778806], [23.003077509289252, 40.8716468134929], [22.979181463972928, 40.86878138282681], [22.95567554380551, 40.84797647909704], [22.961679630979802, 40.8281168954415], [22.93299031109677, 40.823664084756544], [22.920632038633965, 40.815985964920856], [22.899433257449, 40.82283516440838], [22.86499445188238, 40.81767081392632], [22.854670000076073, 40.808345713071496], [22.819604463858052, 40.82329003171534], [22.773879096312257, 40.82075713625367], [22.760534203778775, 40.81468587847222], [22.763460450456932, 40.80229657500636], [22.74301490630809, 40.801875346647584], [22.739076105010295, 40.79295242034021], [22.694510829001587, 40.79874951165407], [22.690675354933596, 40.82219394014466], [22.683606434663528, 40.8330614709046], [22.68630928470444, 40.85992744761671], [22.634926710129662, 40.859625247834515], [22.639319189568937, 40.840664729807266], [22.644802127329456, 40.81691371713147], [22.614081808347944, 40.81700639728091], [22.599255766428104, 40.80476936335064], [22.574502260676976, 40.813288789787734], [22.549424107359478, 40.841016342741824], [22.5392261295787, 40.839190495780876], [22.567577329809666, 40.80804793309316], [22.51942626460499, 40.80347057486857], [22.501346336723188, 40.81683123797091], [22.495315755383324, 40.808798624205245], [22.524285432118937, 40.79076543018829], [22.533106765863767, 40.78993217329873], [22.554426102424, 40.751318857211174], [22.569564717558286, 40.742324383823586], [22.56195966232418, 40.72562403541457], [22.544139871489534, 40.73165384259768], [22.518584141873994, 40.73119915806394], [22.51336224398388, 40.72062312162791], [22.491366841822952, 40.71126739994056], [22.489656949353474, 40.69566069227389], [22.496266190411923, 40.67985910859279], [22.55077041987572, 40.67364924499264], [22.567534199559617, 40.653587994421876], [22.59416731236415, 40.638794241202056], [22.600258504266915, 40.625480569903026], [22.61911293287004, 40.61560956185601], [22.63540235301031, 40.56656188172501], [22.6676484631226, 40.550878616420086], [22.682262511645046, 40.528994379469346], [22.702894491815822, 40.519219669712534], [22.715233153253333, 40.50197996727074], [22.736590046379753, 40.508233191466665], [22.750872010791753, 40.519496065762056], [22.73775647403985, 40.53105567100398], [22.74337454869942, 40.54017952511533], [22.74138160338938, 40.55809383574511], [22.77461994500706, 40.5689551436851], [22.79409205599406, 40.5636198076098], [22.855292982294312, 40.59121408980187], [22.857944189195855, 40.63496761507822], [22.90690845649468, 40.64341399479792], [22.947466539447955, 40.6269719083908], [22.95211729677904, 40.620374913896356], [22.950981446031097, 40.595392885820566], [22.935535666675275, 40.583306199347426], [22.981164462555533, 40.55033168118512], [22.973781841394246, 40.53501467078359], [22.93065733080795, 40.51125509341746], [22.90501566516663, 40.504537715545574], [22.859601870901503, 40.50172918796569], [22.84932459371981, 40.506455953744805], [22.823357143379308, 40.506041311615284], [22.81429279225585, 40.47844520467121], [22.849369999084725, 40.46960185926419], [22.860308393479563, 40.46025107133395], [22.867930934094858, 40.43101146740383], [22.88100077834036, 40.42671539888479], [22.902663026440397, 40.39660833020157], [22.888183392239764, 40.37329920868079], [22.924722915260926, 40.38123923497087], [22.951934639070657, 40.378444057295226], [22.95735691889969, 40.3715562108139], [22.97899952182985, 40.36928086706207], [23.0056586894192, 40.35013489050244], [23.041851874470616, 40.36222050902586], [23.027134286694853, 40.37453382572096], [23.02853987033036, 40.39411943704828], [23.048121699703717, 40.3990876608275], [23.05234333377405, 40.415851404165565], [23.07055774227825, 40.42197313711717], [23.090188202529074, 40.393364986546935], [23.107157617778636, 40.38673814043005], [23.11267950552773, 40.37109507463362], [23.148950605833292, 40.3997238716991], [23.165622519206053, 40.43076210911141], [23.15718902835773, 40.450122280012444], [23.160813653116456, 40.48084286603438], [23.19198779690859, 40.49593675644852], [23.24249698512844, 40.503902470229995], [23.281037234704915, 40.487852040973046], [23.304566055207673, 40.4875300015842], [23.31647953360742, 40.49912952275675], [23.311686180483004, 40.522599912995126], [23.317363895643645, 40.53898723619407], [23.34562569950231, 40.54393895583523], [23.360299314358805, 40.53587151277948], [23.391329253984072, 40.54204256633304], [23.405499391726753, 40.555320163343694], [23.40296608275177, 40.56713951152341], [23.410834412564224, 40.58761882529996], [23.47538184129974, 40.58209654760363], [23.485242307317446, 40.58504359882825], [23.50857003133615, 40.56822059106924], [23.54396074774412, 40.5898831175512], [23.542028906397103, 40.60543676902525], [23.588110381529514, 40.60314722736587], [23.608052272096906, 40.598318876148504], [23.62329175674555, 40.60603143387706], [23.642318307884445, 40.60587851042], [23.647358602932304, 40.6302353125459], [23.673067767302054, 40.641886682632034], [23.689701183672383, 40.62854223213227], [23.711315009930324, 40.63673150021844], [23.735675083930246, 40.627582574769875], [23.75629543897361, 40.63533071737301], [23.742601428021747, 40.65598502176053], [23.69598212492189, 40.66716859091699], [23.694664400520512, 40.685335586587975], [23.711605488468162, 40.72142264144456], [23.73361905335159, 40.751185811127925], [23.743121985393255, 40.758215999710295], [23.765087647260465, 40.75789344665101]]]}, "properties": {"name": "Thessaloniki", "codes": ["NA", "NB"], "id": "thessaloniki"}}, {"type": "Feature", "geometry": {"type": "Polygon", "coordinates": [[[22.491366841822952, 40.71126739994056], [22.483372321749517, 40.71898352842811], [22.46535489104303, 40.709681459464555], [22.463990477810718, 40.70132322260064], [22.435102784065286, 40.68211493614099], [22.401026526764486, 40.686497447542045], [22.3857126844103, 40.710446604508846], [22.361818113405846, 40.68064203893156], [22.33880580364904, 40.66685907441183], [22.31647035383328, 40.641872646516155], [22.306480641793858, 40.64174150962191], [22.2676770949007, 40.66482694434475], [22.254728091417416, 40.68678956330305], [22.221029430105027, 40.70055769720014], [22.170166533701728, 40.69730724449515], [22.13307183322105, 40.70948861137042], [22.119792504708318, 40.707404360243984], [22.079947885982534, 40.73413152409546], [22.06229306430575, 40.73364238477375], [22.071897710492483, 40.71810870940561], [22.057902605315732, 40.70538152066738], [21.99948652715975, 40.69723927108446], [21.985998000276936, 40.68988108468703], [21.967893186280204, 40.69484512942311], [21.940328468094762, 40.68262954927086], [21.906011605005812, 40.68209195456423], [21.9042324637762, 40.658272418668574], [21.88604891076097, 40.644211998059], [21.889158256219872, 40.61025388566128], [21.884851365448597, 40.597768653445364], [21.914613179520934, 40.570177439043206], [21.89160453506955, 40.55694418157602], [21.89564278648494, 40.54236702890128], [21.92568557488806, 40.51707049365918], [21.92866475700976, 40.488201924458686], [21.96330492299881, 40.479904655266594], [21.98532393125751, 40.478138118645454], [21.99978008302343, 40.46368185302086], [22.01310406210627, 40.462380585809946], [22.029403382765093, 40.44673073573419], [22.024716866046155, 40.43615423198247], [22.071970524458997, 40.44162546309307], [22.089439836717983, 40.43265994943735], [22.105306716829993, 40.43108619079916], [22.101940058699977, 40.40724864061869], [22.09212379269813, 40.38362984191984], [22.11196861337059, 40.372484343478035], [22.125679703863856, 40.35776731614291], [22.14348570401914, 40.36081662717534], [22.15410275169856, 40.35270503283179], [22.13194040918943, 40.34089269126303], [22.126891046927074, 40.32559277095138], [22.16431848211488, 40.300653956308636], [22.183821121888275, 40.30227684249533], [22.20152053211753, 40.30235818218052], [22.212425449272448, 40.32376766171255], [22.22928466682646, 40.342746538945484], [22.250296920310983, 40.33990297827553], [22.27067414778393, 40.34824765132526], [22.277484112649944, 40.3571271846436], [22.313073454984032, 40.37822047231928], [22.33302952168437, 40.40032525889947], [22.34639457509156, 40.40436639853367], [22.35715906695057, 40.41639460267661], [22.375303983535026, 40.41994993919961], [22.401634291494037, 40.45317397078555], [22.41292294228068, 40.45656819315982], [22.4272707078274, 40.47502829561169], [22.420683807420957, 40.4891024978134], [22.43714514315256, 40.50854175735676], [22.4370979733337, 40.53049965725145], [22.46711521166617, 40.52392368963904], [22.491329460002447, 40.528288976630435], [22.517842975912043, 40.54951506073765], [22.54539373789549, 40.54062799338576], [22.572120536313417, 40.54564512595326], [22.591445222298884, 40.54176564018578], [22.62899986034896, 40.49488073872372], [22.661926521303588, 40.49279911992414], [22.652589724779826, 40.51738279485441], [22.661265259532993, 40.525843561102555], [22.682262511645046, 40.528994379469346], [22.6676484631226, 40.550878616420086], [22.63540235301031, 40.56656188172501], [22.61911293287004, 40.61560956185601], [22.600258504266915, 40.625480569903026], [22.59416731236415, 40.638794241202056], [22.567534199559617, 40.653587994421876], [22.55077041987572, 40.67364924499264], [22.496266190411923, 40.67985910859279], [22.489656949353474, 40.69566069227389], [22.491366841822952, 40.71126739994056]]]}, "properties": {"name": "Imathia", "codes": ["HM"], "id": "imathia"}}, {"type": "Feature", "geometry": {"type": "Polygon", "coordinates": [[[22.87824653554674, 41.33918465010114], [22.827631171050648, 41.33393721999304], [22.80907183650873, 41.337444034926484], [22.784600055403644, 41.32539885844462], [22.76890745273197, 41.32470425879784], [22.757332547255828, 41.306714080076624], [22.7658583845993, 41.292156103231854], [22.756275515342537, 41.27525583456761], [22.760152360359474, 41.267424777613364], [22.75559717373152, 41.244298455282454], [22.748406758810933, 41.16739091404708], [22.73034443337122, 41.1459146059833], [22.71101496101419, 41.14135503631598], [22.689709564704486, 41.15926763575597], [22.666030302917733, 41.187282106209885], [22.64887047588529, 41.18174112629944], [22.636293980035123, 41.154165012377796], [22.613229841435317, 41.13089991648176], [22.592462230547024, 41.11989765389513], [22.572696266875393, 41.12129325129682], [22.562027694752885, 41.13162863802383], [22.51548591654866, 41.12864168849156], [22.46611437070554, 41.117142770386074], [22.4509536491384, 41.121201879869076], [22.419751909167434, 41.11902794139031], [22.40312380601138, 41.12910287664196], [22.35070990075248, 41.13527832971932], [22.332345096085053, 41.120515191953444], [22.331370016295438, 41.08289732041722], [22.318608141058533, 41.06034798018621], [22.33044594961325, 41.04811973190908], [22.30618552558116, 41.01588694036639], [22.264459038712324, 41.01697701512445], [22.25092370197167, 41.00710062891096], [22.251195081227984, 40.988674599134576], [22.257762465544104, 40.963087425477696], [22.277977853378932, 40.96106435776038], [22.28278477298721, 40.97035982792213], [22.34636100200183, 40.95341499480899], [22.356604884898434, 40.94518736243422], [22.36393722696116, 40.9058576381662], [22.388095823779512, 40.89439531444145], [22.417938234168773, 40.87286821347206], [22.429110649213705, 40.86054921677214], [22.449518764005543, 40.85975773622803], [22.450327399380285, 40.870965673853036], [22.466774047510423, 40.88265601008447], [22.483390153210472, 40.880800951157035], [22.49610766584273, 40.87029259566953], [22.53101344896759, 40.867820990175005], [22.565133293680002, 40.854288104561284], [22.600176505898702, 40.847107536224875], [22.62007123031739, 40.838951389832495], [22.639319189568937, 40.840664729807266], [22.634926710129662, 40.859625247834515], [22.68630928470444, 40.85992744761671], [22.683606434663528, 40.8330614709046], [22.690675354933596, 40.82219394014466], [22.694510829001587, 40.79874951165407], [22.739076105010295, 40.79295242034021], [22.74301490630809, 40.801875346647584], [22.763460450456932, 40.80229657500636], [22.760534203778775, 40.81468587847222], [22.773879096312257, 40.82075713625367], [22.819604463858052, 40.82329003171534], [22.854670000076073, 40.808345713071496], [22.86499445188238, 40.81767081392632], [22.899433257449, 40.82283516440838], [22.920632038633965, 40.815985964920856], [22.93299031109677, 40.823664084756544], [22.961679630979802, 40.8281168954415], [22.95567554380551, 40.84797647909704], [22.979181463972928, 40.86878138282681], [23.003077509289252, 40.8716468134929], [23.010574464494585, 40.88188351778806], [23.016353098353893, 40.91033575825831], [23.010048463431442, 40.93828139997097], [23.04117547845485, 40.94413426198596], [23.08596356457036, 40.95707068337119], [23.110527285677303, 40.94806457761461], [23.134929932794638, 40.95520235040199], [23.156992497323092, 40.95478030458347], [23.17167704434383, 40.963969157055544], [23.18186609291521, 40.98297530749291], [23.221407435265444, 40.99257439355692], [23.240373850752015, 41.0060349109466], [23.252374460256373, 41.01975125355803], [23.227061432776175, 41.035839982364315], [23.222218643806002, 41.04987293934534], [23.201861031489084, 41.0432252350689], [23.185887818344735, 41.04532940704262], [23.19395271338446, 41.074207360985305], [23.20439173635498, 41.08128695623493], [23.209544487063727, 41.09593665720344], [23.198615235077746, 41.10679300551132], [23.184224202862275, 41.109792174562024], [23.177929353111427, 41.12042858914614], [23.14092161199179, 41.11897030764568], [23.117336726213495, 41.136498200952744], [23.091957897414122, 41.14129679963329], [23.07799174506566, 41.15112143047162], [23.054110305180956, 41.15127220730115], [23.03965667765577, 41.163103135264535], [23.042557158190203, 41.1724905559155], [22.99520546558927, 41.19681765160868], [22.995662212378747, 41.223628671013245], [22.9765479735905, 41.211934562119005], [22.93331337478183, 41.19370879300657], [22.9091312328028, 41.19795417529059], [22.89377847832654, 41.195449645541565], [22.87994559862014, 41.20250477400072], [22.871980464376133, 41.220354476633936], [22.869563057686655, 41.24132276964012], [22.89030454452388, 41.26162037923034], [22.881267159017334, 41.27082098004648], [22.884388231010075, 41.289285984590705], [22.87824653554674, 41.33918465010114]]]}, "properties": {"name": "Kilkis", "codes": ["EX", "KI"], "id": "kilkis"}}, {"type": "Feature", "geometry": {"type": "Polygon", "coordinates": [[[22.332345096085053, 41.120515191953444], [22.320991424489332, 41.146352198709046], [22.307474649664087, 41.145782165815966], [22.261385006180074, 41.16529901026164], [22.238584951202668, 41.16311749620757], [22.215772761434927, 41.17034351897806], [22.204862670034267, 41.161849289396045], [22.173400532306104, 41.15781317942239], [22.149012676259744, 41.12891567819061], [22.128549747398115, 41.12306748089191], [22.11135037011941, 41.13402370847602], [22.086030508830408, 41.13676007505916], [22.076446021242795, 41.15502068859091], [22.047665692089748, 41.14787505343129], [22.02789467894308, 41.13301539017563], [21.991058062578908, 41.125869263382484], [21.972436661999055, 41.12879452498142], [21.96220712521472, 41.11810256775854], [21.93186752257797, 41.10410499176401], [21.911902845636803, 41.08623476893353], [21.90412877725993, 41.068754682162755], [21.914226498052255, 41.05044608199122], [21.884251512787767, 41.02833610984006], [21.85417305123445, 41.01442206942418], [21.848231525862555, 40.9990574546716], [21.81468987903473, 40.98579941680631], [21.799856787164494, 40.974678903304984], [21.803037861911367, 40.94403341600653], [21.787410801135756, 40.93105154983193], [21.809913661979373, 40.91037565882416], [21.831011505049286, 40.89907007635687], [21.81083509360969, 40.889330165779775], [21.803207263277148, 40.8798119294135], [21.773380880774027, 40.86775877308403], [21.744969781499343, 40.86377071736495], [21.715871163754546, 40.870693102652545], [21.704321713868204, 40.86432102764693], [21.725042767857502, 40.83408582286787], [21.735579229325165, 40.827382603997265], [21.741384997848428, 40.79826904466235], [21.73152726952522, 40.7863983703485], [21.749361936439605, 40.77460121745848], [21.77188489203161, 40.779175868271935], [21.795283799288484, 40.77160680768201], [21.779120148125994, 40.74315853368642], [21.80830838732506, 40.72834222414088], [21.813250561564917, 40.704434562283836], [21.82178720032054, 40.696691539368516], [21.844122720735214, 40.708095910231286], [21.858196242598233, 40.69523167187175], [21.880702802219563, 40.68652616769865], [21.906011605005812, 40.68209195456423], [21.940328468094762, 40.68262954927086], [21.967893186280204, 40.69484512942311], [21.985998000276936, 40.68988108468703], [21.99948652715975, 40.69723927108446], [22.057902605315732, 40.70538152066738], [22.071897710492483, 40.71810870940561], [22.06229306430575, 40.73364238477375], [22.079947885982534, 40.73413152409546], [22.119792504708318, 40.707404360243984], [22.13307183322105, 40.70948861137042], [22.170166533701728, 40.69730724449515], [22.221029430105027, 40.70055769720014], [22.254728091417416, 40.68678956330305], [22.2676770949007, 40.66482694434475], [22.306480641793858, 40.64174150962191], [22.31647035383328, 40.641872646516155], [22.33880580364904, 40.66685907441183], [22.361818113405846, 40.68064203893156], [22.3857126844103, 40.710446604508846], [22.401026526764486, 40.686497447542045], [22.435102784065286, 40.68211493614099], [22.463990477810718, 40.70132322260064], [22.46535489104303, 40.709681459464555], [22.483372321749517, 40.71898352842811], [22.491366841822952, 40.71126739994056], [22.51336224398388, 40.72062312162791], [22.518584141873994, 40.73119915806394], [22.544139871489534, 40.73165384259768], [22.56195966232418, 40.72562403541457], [22.569564717558286, 40.742324383823586], [22.554426102424, 40.751318857211174], [22.533106765863767, 40.78993217329873], [22.524285432118937, 40.79076543018829], [22.495315755383324, 40.808798624205245], [22.501346336723188, 40.81683123797091], [22.51942626460499, 40.80347057486857], [22.567577329809666, 40.80804793309316], [22.5392261295787, 40.839190495780876], [22.549424107359478, 40.841016342741824], [22.574502260676976, 40.813288789787734], [22.599255766428104, 40.80476936335064], [22.614081808347944, 40.81700639728091], [22.644802127329456, 40.81691371713147], [22.639319189568937, 40.840664729807266], [22.62007123031739, 40.838951389832495], [22.600176505898702, 40.847107536224875], [22.565133293680002, 40.854288104561284], [22.53101344896759, 40.867820990175005], [22.49610766584273, 40.87029259566953], [22.483390153210472, 40.880800951157035], [22.466774047510423, 40.88265601008447], [22.450327399380285, 40.870965673853036], [22.449518764005543, 40.85975773622803], [22.429110649213705, 40.86054921677214], [22.417938234168773, 40.87286821347206], [22.388095823779512, 40.89439531444145], [22.36393722696116, 40.9058576381662], [22.356604884898434, 40.94518736243422], [22.34636100200183, 40.95341499480899], [22.28278477298721, 40.97035982792213], [22.277977853378932, 40.96106435776038], [22.257762465544104, 40.963087425477696], [22.251195081227984, 40.988674599134576], [22.25092370197167, 41.00710062891096], [22.264459038712324, 41.01697701512445], [22.30618552558116, 41.01588694036639], [22.33044594961325, 41.04811973190908], [22.318608141058533, 41.06034798018621], [22.331370016295438, 41.08289732041722], [22.332345096085053, 41.120515191953444]]]}, "properties": {"name": "Pella", "codes": ["EE"], "id": "pella"}}, {"type": "Feature", "geometry": {"type": "Polygon", "coordinates": [[[22.661926521303588, 40.49279911992414], [22.62899986034896, 40.49488073872372], [22.591445222298884, 40.54176564018578], [22.572120536313417, 40.54564512595326], [22.54539373789549, 40.54062799338576], [22.517842975912043, 40.54951506073765], [22.491329460002447, 40.528288976630435], [22.46711521166617, 40.52392368963904], [22.4370979733337, 40.53049965725145], [22.43714514315256, 40.50854175735676], [22.420683807420957, 40.4891024978134], [22.4272707078274, 40.47502829561169], [22.41292294228068, 40.45656819315982], [22.401634291494037, 40.45317397078555], [22.375303983535026, 40.41994993919961], [22.35715906695057, 40.41639460267661], [22.34639457509156, 40.40436639853367], [22.33302952168437, 40.40032525889947], [22.313073454984032, 40.37822047231928], [22.277484112649944, 40.3571271846436], [22.27067414778393, 40.34824765132526], [22.250296920310983, 40.33990297827553], [22.22928466682646, 40.342746538945484], [22.212425449272448, 40.32376766171255], [22.20152053211753, 40.30235818218052], [22.183821121888275, 40.30227684249533], [22.194391328631774, 40.28542415836079], [22.180965542043268, 40.27345579152362], [22.169130677038318, 40.2360138192576], [22.115681009688604, 40.211625422317226], [22.10338508767429, 40.19913555651814], [22.115703542119356, 40.19024877372596], [22.14099750998944, 40.18937437421041], [22.18280993198051, 40.19700839716555], [22.205668038486024, 40.192981469303625], [22.22208719145034, 40.176470581435034], [22.201572289602645, 40.17038013452538], [22.191565899839194, 40.1481231047954], [22.209909878031077, 40.14774726378366], [22.207055540216487, 40.124960474039504], [22.22485601031623, 40.10683989618939], [22.242650005891555, 40.11267056039725], [22.26359661202032, 40.140947542008966], [22.268348488884584, 40.15969848797843], [22.288299693981724, 40.17446071884075], [22.32201175993745, 40.18089632230108], [22.353490461191313, 40.15635335755254], [22.34416134787179, 40.14188949176795], [22.368454083661632, 40.14031356863055], [22.36521073914874, 40.099265587511354], [22.349188092610447, 40.08168990109017], [22.346282516186506, 40.06847756000415], [22.361320951533664, 40.065662348720906], [22.36346397049768, 40.053516969744436], [22.37862174224685, 40.03929041082357], [22.400400538890867, 40.04897233485215], [22.407738343253005, 40.03628869126095], [22.431689241751844, 40.04032331601881], [22.438799498611697, 40.03115463372878], [22.46369245147005, 40.01745344638957], [22.49568503721778, 40.00689057162797], [22.497715140962217, 39.969387517456525], [22.508244950422505, 39.9570963588458], [22.529262802414852, 39.94784880172264], [22.54629989355539, 39.95276449122952], [22.58046058588893, 39.952242315501486], [22.605439133699793, 39.9584365089434], [22.626470511100962, 39.97177044884699], [22.656194455256067, 39.96234317041258], [22.662443985338243, 39.946710175441325], [22.678596233519652, 39.95579548394797], [22.66243789853032, 39.97555055921745], [22.63807374957187, 39.98410948031091], [22.593335471973983, 40.01376516900001], [22.587178128576262, 40.03734848032118], [22.572707932478327, 40.053018277170615], [22.56805431691489, 40.06704216613648], [22.568670413855358, 40.09731144231001], [22.559834759753013, 40.11038220725769], [22.548657963615934, 40.1408193920494], [22.549664393940475, 40.15741760333207], [22.567541695602298, 40.18747796721425], [22.592798403778648, 40.20876966164143], [22.586763854975597, 40.219146512744416], [22.588828590098064, 40.240910240569804], [22.59933353552591, 40.269190662219074], [22.620710738128217, 40.30723062921331], [22.661142862294927, 40.35567762117377], [22.65994757733172, 40.367276086681976], [22.632878322016282, 40.37614814956285], [22.62001216713938, 40.38681478975727], [22.605689268152275, 40.42520909610832], [22.60700231580043, 40.44103508162128], [22.585726258032253, 40.463748636224786], [22.600262386921493, 40.47559170621563], [22.61832113660106, 40.480529513048396], [22.631046778364635, 40.4732308575736], [22.64825274979816, 40.47588372339919], [22.661926521303588, 40.49279911992414]]]}, "properties": {"name": "Pieria", "codes": ["KN"], "id": "pieria"}}, {"type": "Feature", "geometry": {"type": "Polygon", "coordinates": [[[23.624083843990892, 41.37549766069752], [23.594049041862398, 41.38060824296733], [23.580541092295093, 41.388616289236154], [23.55184288197253, 41.38548829207928], [23.525926556291832, 41.403987782491015], [23.482780519580057, 41.39823383073035], [23.460370357596602, 41.40401042555206], [23.434648135025505, 41.40565935616667], [23.420020806299625, 41.39859584082108], [23.402069916865628, 41.40111465839453], [23.375202461645358, 41.38210649176058], [23.36253917068429, 41.379458063298024], [23.34071461534595, 41.36425619876511], [23.32433957290514, 41.3972638391863], [23.28323449534873, 41.39998563681423], [23.25671220668586, 41.38279559075268], [23.23371844772362, 41.375122471172034], [23.226820870940017, 41.36600123941548], [23.230982878421436, 41.34789059967649], [23.225157364706657, 41.33544391207808], [23.19901710067708, 41.32188562113114], [23.18107373006033, 41.3181874450897], [23.1614349700403, 41.3215307965097], [23.118476470377402, 41.32040379677078], [23.10050451698116, 41.31671142692358], [23.0763074752352, 41.320065582987255], [23.028272592590305, 41.33309379793756], [23.01285663333962, 41.32984784174402], [22.981825870994825, 41.334127745144265], [22.95369833128132, 41.33382822216084], [22.931568037912697, 41.339666171685096], [22.895919230380894, 41.33725999740536], [22.87824653554674, 41.33918465010114], [22.884388231010075, 41.289285984590705], [22.881267159017334, 41.27082098004648], [22.89030454452388, 41.26162037923034], [22.869563057686655, 41.24132276964012], [22.871980464376133, 41.220354476633936], [22.87994559862014, 41.20250477400072], [22.89377847832654, 41.195449645541565], [22.9091312328028, 41.19795417529059], [22.93331337478183, 41.19370879300657], [22.9765479735905, 41.211934562119005], [22.995662212378747, 41.223628671013245], [22.99520546558927, 41.19681765160868], [23.042557158190203, 41.1724905559155], [23.03965667765577, 41.163103135264535], [23.054110305180956, 41.15127220730115], [23.07799174506566, 41.15112143047162], [23.091957897414122, 41.14129679963329], [23.117336726213495, 41.136498200952744], [23.14092161199179, 41.11897030764568], [23.177929353111427, 41.12042858914614], [23.184224202862275, 41.109792174562024], [23.198615235077746, 41.10679300551132], [23.209544487063727, 41.09593665720344], [23.20439173635498, 41.08128695623493], [23.19395271338446, 41.074207360985305], [23.185887818344735, 41.04532940704262], [23.201861031489084, 41.0432252350689], [23.222218643806002, 41.04987293934534], [23.227061432776175, 41.035839982364315], [23.252374460256373, 41.01975125355803], [23.240373850752015, 41.0060349109466], [23.257310235839086, 40.99561129957143], [23.26089958445975, 40.97036919892629], [23.275816307951807, 40.945238485059086], [23.2979680874416, 40.952605433440105], [23.323818855375574, 40.944850512771644], [23.335267727897726, 40.93023907324503], [23.334009194921233, 40.92035958802717], [23.356703644715047, 40.91130744982978], [23.360534663624136, 40.87420046332087], [23.367811334389536, 40.857762809916096], [23.387936408609455, 40.85243402775057], [23.434815564481966, 40.862382722836784], [23.449431374562085, 40.82684273490968], [23.47287273574429, 40.831193746702475], [23.481635493120667, 40.84216034645013], [23.499292444190548, 40.843653098120704], [23.52993770673114, 40.830616520459124], [23.532411183145665, 40.814937667886014], [23.546115900553264, 40.808217623141], [23.562868404809127, 40.79169610522875], [23.582527241949865, 40.786895365702044], [23.624344068070158, 40.7884135525511], [23.66607973117949, 40.77347732235169], [23.688399181130794, 40.78370433629171], [23.704755530310518, 40.7800586989424], [23.73607312266577, 40.781379758038305], [23.75399062881232, 40.773804205959195], [23.765087647260465, 40.75789344665101], [23.78150818044899, 40.76971787124004], [23.832925883361455, 40.783694894281055], [23.868176558470047, 40.77872280212846], [23.873541200548765, 40.785022864787756], [23.861255913973746, 40.79839833575144], [23.89613072148892, 40.81639677377144], [23.915607790413627, 40.81505160170468], [23.961161273130568, 40.83248255006452], [23.975347626650695, 40.84621482899613], [23.988874686576757, 40.85105214781991], [23.993621308195245, 40.863712476038025], [24.02683263412828, 40.88271648255947], [24.03973624003244, 40.895906843013925], [24.066578471037083, 40.89638684239584], [24.05615566963444, 40.916329258317084], [24.075166637984676, 40.92343978844916], [24.0983338976526, 40.91581895025248], [24.091396059764534, 40.93686727234628], [24.113843212783504, 40.95736578462808], [24.101419058484993, 40.975303793901595], [24.115123218260486, 40.99370772962078], [24.118339922575384, 41.00631977765436], [24.093729227883152, 41.01583030951755], [24.07849637576058, 41.02932829178961], [24.062145180916787, 41.03387839602079], [24.04996069468222, 41.04851616218716], [24.036505930038274, 41.04964527447548], [24.026560089872458, 41.086102701245906], [24.000576468156265, 41.099175612098364], [23.992076604394764, 41.11266768624513], [23.97289392225025, 41.10706971174525], [23.961571950183068, 41.09133110839153], [23.940553213898916, 41.08415018456401], [23.923141663412952, 41.08789895846756], [23.910106253618682, 41.10726206278992], [23.8931939702119, 41.10770184203797], [23.874505130722337, 41.116767414890184], [23.860040715908656, 41.13003551147271], [23.83961825834981, 41.12867677615962], [23.776043555115745, 41.16350729957196], [23.768101029789438, 41.17734827616932], [23.749915934054005, 41.19274617824843], [23.736999484116833, 41.18831679420291], [23.720871796952533, 41.19361086721494], [23.721145954017217, 41.207713912603296], [23.7043800574368, 41.225734915251834], [23.71076585128716, 41.237864852898554], [23.696938042103827, 41.25055837842357], [23.70675439155428, 41.27914839541996], [23.721435144396427, 41.28906710707877], [23.705685521235726, 41.312890743110714], [23.667150907444043, 41.31565994737246], [23.652170096128813, 41.31386696879127], [23.631607292664178, 41.32243632163764], [23.632655531008236, 41.33818527736731], [23.623565207866402, 41.3520591319424], [23.624083843990892, 41.37549766069752]]]}, "properties": {"name": "Serres", "codes": ["ER"], "id": "serres"}}, {"type": "Feature", "geometry": {"type": "MultiPolygon", "coordinates": [[[[23.333419006345064, 40.19672797652017], [23.326376181562246, 40.18335338654623], [23.316642259961267, 40.140916217215775], [23.322133640478228, 40.128173127331785], [23.30421019326555, 40.099651024739345], [23.311800683938955, 40.0796052068583], [23.335671884412587, 40.07089720793404], [23.342038175068726, 40.05413975209679], [23.35922748635227, 40.03643317164327], [23.362005471567223, 40.02447474410233], [23.37925060885707, 40.00862136638618], [23.376779119520126, 39.98341710471158], [23.35791365050379, 39.95946549321295], [23.380732342882567, 39.96249075641354], [23.416450941299672, 39.9597929436951], [23.443270878163823, 39.970484236238875], [23.465204058855047, 39.969668504361735], [23.500667346734428, 39.95897895680069], [23.56367181335724, 39.93188851188757], [23.579310147923618, 39.93145977437969], [23.59313564532702, 39.921102770088666], [23.654029381421942, 39.914353846307485], [23.692044573298194, 39.91602874314897], [23.716377506324346, 39.907819755294376], [23.75003448922082, 39.91640249689176], [23.745109148282936, 39.92844695373542], [23.72885796477, 39.93307718638732], [23.711541540188442, 39.9283322690333], [23.687219536131387, 39.940369405455016], [23.680048123831458, 39.96847840245287], [23.665169619757997, 39.9824916016612], [23.63878516312296, 39.98370978953992], [23.591729254036217, 39.9968429399301], [23.52980929270022, 40.01764589456788], [23.493451831775833, 40.03396230893952], [23.46908262106949, 40.05142195931777], [23.447958305373138, 40.07806364243526], [23.435243946285254, 40.10313893605217], [23.416706854195144, 40.126994278085924], [23.39713155739315, 40.13906580107767], [23.364468068319717, 40.14524280002418], [23.354556670738486, 40.156720025256504], [23.34854007329856, 40.180561189520745], [23.333419006345064, 40.19672797652017]]], [[[23.780818818238423, 40.22935077466372], [23.77037436658937, 40.22289783097203], [23.774283648805795, 40.20368847525835], [23.790146326160517, 40.214358424772264], [23.780818818238423, 40.22935077466372]]], [[[23.917184642823077, 40.34105472542769], [23.891869800938846, 40.335060725316254], [23.895670858805786, 40.32245129999401], [23.92217788592014, 40.32052617207678], [23.917184642823077, 40.34105472542769]]], [[[23.75629543897361, 40.63533071737301], [23.735675083930246, 40.627582574769875], [23.711315009930324, 40.63673150021844], [23.689701183672383, 40.62854223213227], [23.673067767302054, 40.641886682632034], [23.647358602932304, 40.6302353125459], [23.642318307884445, 40.60587851042], [23.62329175674555, 40.60603143387706], [23.608052272096906, 40.598318876148504], [23.588110381529514, 40.60314722736587], [23.542028906397103, 40.60543676902525], [23.54396074774412, 40.5898831175512], [23.50857003133615, 40.56822059106924], [23.485242307317446, 40.58504359882825], [23.47538184129974, 40.58209654760363], [23.410834412564224, 40.58761882529996], [23.40296608275177, 40.56713951152341], [23.405499391726753, 40.555320163343694], [23.391329253984072, 40.54204256633304], [23.360299314358805, 40.53587151277948], [23.34562569950231, 40.54393895583523], [23.317363895643645, 40.53898723619407], [23.311686180483004, 40.522599912995126], [23.31647953360742, 40.49912952275675], [23.304566055207673, 40.4875300015842], [23.281037234704915, 40.487852040973046], [23.24249698512844, 40.503902470229995], [23.19198779690859, 40.49593675644852], [23.160813653116456, 40.48084286603438], [23.15718902835773, 40.450122280012444], [23.165622519206053, 40.43076210911141], [23.148950605833292, 40.3997238716991], [23.11267950552773, 40.37109507463362], [23.107157617778636, 40.38673814043005], [23.090188202529074, 40.393364986546935], [23.07055774227825, 40.42197313711717], [23.05234333377405, 40.415851404165565], [23.048121699703717, 40.3990876608275], [23.02853987033036, 40.39411943704828], [23.027134286694853, 40.37453382572096], [23.041851874470616, 40.36222050902586], [23.0056586894192, 40.35013489050244], [23.02041596711614, 40.335044635059866], [23.018775662031953, 40.32556226434673], [23.049042515326423, 40.31327446326896], [23.101412676603317, 40.29940470433849], [23.12852096890762, 40.28749482154543], [23.138304794846462, 40.276901288012645], [23.182847624018034, 40.26834138957234], [23.194978613488257, 40.25796675767257], [23.221292711898634, 40.25618281114661], [23.24470616775224, 40.25043695352818], [23.30418694874821, 40.22981829461668], [23.317255098485507, 40.214652403357896], [23.3314593784351, 40.20975316447366], [23.350064274992384, 40.24067090017224], [23.38988229335722, 40.27502371416346], [23.401645411630728, 40.27947263145958], [23.428340762198875, 40.2766525657332], [23.46085857497193, 40.26223166788877], [23.498091629732475, 40.25786747272806], [23.51992435135725, 40.241842464860305], [23.540834880465475, 40.23379189272671], [23.552341530958167, 40.236332552164406], [23.584322091954235, 40.22513609086597], [23.614512577894264, 40.2288262941898], [23.650464006168402, 40.225030380383835], [23.678595280317012, 40.2051471184376], [23.679181917411118, 40.196607829908665], [23.69809272279075, 40.19155034977223], [23.726304773366927, 40.16428581858503], [23.733842572908642, 40.145644748473934], [23.757645654325177, 40.131750283812636], [23.77319436757506, 40.11695208001064], [23.772673743354257, 40.09598580282928], [23.791420629524346, 40.08950714300985], [23.786676856733752, 40.0650554283268], [23.82433634682952, 40.017178183263], [23.8369673071934, 40.02407104467526], [23.866262282570624, 40.00812532122702], [23.867299540868906, 39.99999973437945], [23.88818017024758, 39.99527362432222], [23.901246698958765, 39.98585227875179], [23.90248120598761, 39.963761341658426], [23.914755327810937, 39.96115817434273], [23.917602512643732, 39.948483426488544], [23.947650122279477, 39.938139580489334], [23.958975522415113, 39.947604464832565], [23.97990756901501, 39.94615939962292], [23.993584051776885, 39.95390940975814], [23.966923955704516, 39.96206775624087], [23.99926661254689, 39.97076692547323], [23.986264529668258, 39.983010404687235], [24.021079929899887, 40.00898441010317], [24.02243855789242, 40.0175343818184], [24.00991875902765, 40.03413200255841], [23.989137234997116, 40.036555524038384], [23.985688447506877, 40.04433050337812], [24.007142501064106, 40.05992689168447], [23.979330993824068, 40.08474679921807], [23.98106965433289, 40.10019855789142], [23.995756707097453, 40.10960602760541], [23.96533089475149, 40.127620031775514], [23.9343339322281, 40.13839101762656], [23.91519976832235, 40.15811842313174], [23.896424953647116, 40.15992306948648], [23.8854594967127, 40.16766990773526], [23.82401055046346, 40.18065653969899], [23.815216959618997, 40.19087756842304], [23.791171279023022, 40.18744013574659], [23.774601506707803, 40.192859770559444], [23.759849812871156, 40.211398511935386], [23.76190549977683, 40.22201582053674], [23.737759679058417, 40.23001801677083], [23.723250044549456, 40.25160667073412], [23.71020984404286, 40.25717855427411], [23.694197392279918, 40.2881923902123], [23.699023428312373, 40.320764457432446], [23.707794189403437, 40.334228685323026], [23.72808495079487, 40.3347106013945], [23.735299477417424, 40.353898886453706], [23.782529265038345, 40.33714113060342], [23.809217554876906, 40.35606248143211], [23.852569738357232, 40.370342331553175], [23.891832016529303, 40.360331483916156], [23.91840847697812, 40.36510111891472], [23.96389921338141, 40.346493268429654], [23.980941213736138, 40.32481214603333], [24.005186138068886, 40.31451603570687], [24.015624555259205, 40.33311453076521], [24.005402974357466, 40.35751584117069], [24.007149020586866, 40.38001322576951], [23.975667579012192, 40.37765007191196], [23.962892025090518, 40.38153863035538], [23.927757618545378, 40.382017523116], [23.875162364854344, 40.405090118717574], [23.838282801130937, 40.440450086976625], [23.821072126382596, 40.48046980037487], [23.828629153834502, 40.516147705992715], [23.852287353544263, 40.52002717830843], [23.894308519011958, 40.519406589346204], [23.917486932756727, 40.52956950632585], [23.894725474800822, 40.54481208576609], [23.893238361001085, 40.552396198554085], [23.855457898122893, 40.56013877315929], [23.835638733584805, 40.55662584938431], [23.818851403445436, 40.580672381006494], [23.802305078439673, 40.58087948015098], [23.797945921482786, 40.591637472022896], [23.78138266772306, 40.59732790204112], [23.780533482423042, 40.61587537271862], [23.75629543897361, 40.63533071737301]]]]}, "properties": {"name": "Chalkidiki", "codes": ["XK"], "id": "chalkidiki"}}, {"type": "Feature", "geometry": {"type": "Polygon", "coordinates": [[[21.906011605005812, 40.68209195456423], [21.880702802219563, 40.68652616769865], [21.858196242598233, 40.69523167187175], [21.844122720735214, 40.708095910231286], [21.82178720032054, 40.696691539368516], [21.80419171464183, 40.69257241800572], [21.8035211480625, 40.67550772750259], [21.78897790717211, 40.66043939383623], [21.79917552124416, 40.640585366924306], [21.78998197146478, 40.621592511267366], [21.76819390179737, 40.60459251813102], [21.73575768533914, 40.598109017727786], [21.706413730559234, 40.588682974069776], [21.6868167406281, 40.59475532530811], [21.663970241207103, 40.5899449260396], [21.64179252852786, 40.59488386388901], [21.630176898660178, 40.58794524817703], [21.589637888002624, 40.58387800164486], [21.560847255272066, 40.57193156765833], [21.55158603875209, 40.5619842071551], [21.531465722459323, 40.55348441689721], [21.536685262499194, 40.54079806459819], [21.528726494951098, 40.529331200641856], [21.509808418496824, 40.52499798639816], [21.516505594155735, 40.50982051849413], [21.490245460560317, 40.49417212736928], [21.491559479332526, 40.484780249260005], [21.470654268811415, 40.46896543974342], [21.47642926307742, 40.45456211807004], [21.469074726564518, 40.44553289257958], [21.47086200175495, 40.42985921889302], [21.459778521596057, 40.40816163528334], [21.43222685512171, 40.39251882125538], [21.41896075537024, 40.39703286822294], [21.40830488241708, 40.37612346538388], [21.399049465703566, 40.368568932066495], [21.370198350375027, 40.380100956423604], [21.356009330055194, 40.393700580322346], [21.35149803736834, 40.408444689076674], [21.327807616058816, 40.410735938487775], [21.319289181293453, 40.391666404794705], [21.302107983781035, 40.38370137058327], [21.297636199266293, 40.373648093257664], [21.27810430713454, 40.36014840623668], [21.259754565536497, 40.36636305082283], [21.26106463068068, 40.38363304885009], [21.244292557179847, 40.38671278828141], [21.234614904140958, 40.39713368545718], [21.217627427688594, 40.377861887963576], [21.230565577587072, 40.37344732664021], [21.232514196844463, 40.35971754646549], [21.22394242941239, 40.34407317884967], [21.147928263018564, 40.3531297002535], [21.119505373919058, 40.33532283761872], [21.08888025624993, 40.33326930883328], [21.087707234424812, 40.32080192629375], [21.072793142219393, 40.309337548290216], [21.075539867193285, 40.294814177583774], [21.06441755003678, 40.26512990937774], [21.071297156022517, 40.25383707619912], [21.068333738297994, 40.24146308926464], [21.081145203610642, 40.23600574886666], [21.085021747064427, 40.20853106207001], [21.070397453133847, 40.18398814561957], [21.098628841926125, 40.163976978717244], [21.110820700286883, 40.15142785661795], [21.15580913356445, 40.15136302190385], [21.190849961239454, 40.17516515182433], [21.20049386260068, 40.16033185999808], [21.235372127152846, 40.157589459987534], [21.261521333739267, 40.170093094354954], [21.275379597103637, 40.19145279235127], [21.29293517021284, 40.18541157459137], [21.304548703360823, 40.19595376930994], [21.313922189469597, 40.225600225820436], [21.32462572953642, 40.2134972952915], [21.337755948024636, 40.21151685548362], [21.358940462236156, 40.224365126793366], [21.4164549538738, 40.23373475465283], [21.419090019919988, 40.24866548128457], [21.44680719718118, 40.23386702693674], [21.466071671558467, 40.23840185784837], [21.485643995157144, 40.236571756088416], [21.524737499270636, 40.21788145638841], [21.539573876567143, 40.19894783453627], [21.544363444810177, 40.17708251675248], [21.55360936202297, 40.17496096781619], [21.570106874533067, 40.15168299430002], [21.59705318994918, 40.15498709374758], [21.615853736377478, 40.17495044575481], [21.65113343072414, 40.19217851704582], [21.67151662921681, 40.17697144546803], [21.688013984129906, 40.171892874520964], [21.70518385923133, 40.15616472911686], [21.70407603991169, 40.12202631352585], [21.73937757670381, 40.091284269632], [21.764524682688727, 40.10862181805444], [21.785094095217758, 40.10614833696738], [21.79234556582629, 40.0714991311384], [21.789672324528922, 40.048991281997466], [21.80666341051414, 40.03050463397842], [21.815158029972267, 40.01402183277662], [21.79932058546925, 39.99007302444603], [21.776130468100245, 39.98543668327943], [21.794970874138485, 39.96052662021766], [21.810896132539312, 39.96390497093082], [21.83441276961031, 39.957577598999286], [21.843760372899524, 39.96479348032992], [21.862072092233507, 39.958756146498075], [21.88730889083702, 39.95644450234308], [21.905653327702293, 39.969114170589144], [21.913791823563905, 39.98333531540507], [21.93030220101573, 39.981052102311715], [21.947598200670786, 39.99190789814906], [21.95830784235983, 40.00698102794216], [21.96166932147101, 40.029137151524594], [21.9917558743028, 40.0403116028375], [21.998092279994797, 40.06145201479421], [22.02252799047341, 40.063120103443254], [22.022816194544713, 40.076423006426936], [22.044705248354756, 40.09416530988541], [22.070859649316553, 40.11016199904813], [22.08424021641283, 40.131477367385095], [22.101770507939992, 40.144973478306454], [22.087320860930173, 40.16260221138137], [22.115703542119356, 40.19024877372596], [22.10338508767429, 40.19913555651814], [22.115681009688604, 40.211625422317226], [22.169130677038318, 40.2360138192576], [22.180965542043268, 40.27345579152362], [22.194391328631774, 40.28542415836079], [22.183821121888275, 40.30227684249533], [22.16431848211488, 40.300653956308636], [22.126891046927074, 40.32559277095138], [22.13194040918943, 40.34089269126303], [22.15410275169856, 40.35270503283179], [22.14348570401914, 40.36081662717534], [22.125679703863856, 40.35776731614291], [22.11196861337059, 40.372484343478035], [22.09212379269813, 40.38362984191984], [22.101940058699977, 40.40724864061869], [22.105306716829993, 40.43108619079916], [22.089439836717983, 40.43265994943735], [22.071970524458997, 40.44162546309307], [22.024716866046155, 40.43615423198247], [22.029403382765093, 40.44673073573419], [22.01310406210627, 40.462380585809946], [21.99978008302343, 40.46368185302086], [21.98532393125751, 40.478138118645454], [21.96330492299881, 40.479904655266594], [21.92866475700976, 40.488201924458686], [21.92568557488806, 40.51707049365918], [21.89564278648494, 40.54236702890128], [21.89160453506955, 40.55694418157602], [21.914613179520934, 40.570177439043206], [21.884851365448597, 40.597768653445364], [21.889158256219872, 40.61025388566128], [21.88604891076097, 40.644211998059], [21.9042324637762, 40.658272418668574], [21.906011605005812, 40.68209195456423]]]}, "properties": {"name": "Kozani", "codes": ["KZ"], "id": "kozani"}}, {"type": "Feature", "geometry": {"type": "Polygon", "coordinates": [[[21.862072092233507, 39.958756146498075], [21.843760372899524, 39.96479348032992], [21.83441276961031, 39.957577598999286], [21.810896132539312, 39.96390497093082], [21.794970874138485, 39.96052662021766], [21.776130468100245, 39.98543668327943], [21.79932058546925, 39.99007302444603], [21.815158029972267, 40.01402183277662], [21.80666341051414, 40.03050463397842], [21.789672324528922, 40.048991281997466], [21.79234556582629, 40.0714991311384], [21.785094095217758, 40.10614833696738], [21.764524682688727, 40.10862181805444], [21.73937757670381, 40.091284269632], [21.70407603991169, 40.12202631352585], [21.70518385923133, 40.15616472911686], [21.688013984129906, 40.171892874520964], [21.67151662921681, 40.17697144546803], [21.65113343072414, 40.19217851704582], [21.615853736377478, 40.17495044575481], [21.59705318994918, 40.15498709374758], [21.570106874533067, 40.15168299430002], [21.55360936202297, 40.17496096781619], [21.544363444810177, 40.17708251675248], [21.539573876567143, 40.19894783453627], [21.524737499270636, 40.21788145638841], [21.485643995157144, 40.236571756088416], [21.466071671558467, 40.23840185784837], [21.44680719718118, 40.23386702693674], [21.419090019919988, 40.24866548128457], [21.4164549538738, 40.23373475465283], [21.358940462236156, 40.224365126793366], [21.337755948024636, 40.21151685548362], [21.32462572953642, 40.2134972952915], [21.313922189469597, 40.225600225820436], [21.304548703360823, 40.19595376930994], [21.29293517021284, 40.18541157459137], [21.275379597103637, 40.19145279235127], [21.261521333739267, 40.170093094354954], [21.235372127152846, 40.157589459987534], [21.20049386260068, 40.16033185999808], [21.190849961239454, 40.17516515182433], [21.15580913356445, 40.15136302190385], [21.110820700286883, 40.15142785661795], [21.098628841926125, 40.163976978717244], [21.070397453133847, 40.18398814561957], [21.059698220247245, 40.17525161562677], [21.049186983995043, 40.14843019473508], [21.028127145157164, 40.14294042845264], [21.00401175647731, 40.154066659280986], [20.980233247591794, 40.14574607591177], [20.966617497115077, 40.13413028749593], [20.972869099145072, 40.113088936682644], [20.987336625814486, 40.10262293677677], [20.98794298672326, 40.084882372029206], [21.010162864109297, 40.055540889606654], [21.038970747609852, 40.05979012162698], [21.051723119128965, 40.066272192677765], [21.07342030480701, 40.06267602239253], [21.085607396067765, 40.05415645348456], [21.078714932167056, 40.013115968594086], [21.059020328530547, 39.99290891767524], [21.035521220002128, 40.00174082009968], [21.024458029690287, 39.99378468242808], [21.044555735630095, 39.98143701598002], [21.046313261846436, 39.9701693347876], [21.075191247449887, 39.95122667249736], [21.08423748109863, 39.936094151727296], [21.082571387316634, 39.92405742275861], [21.097791276317903, 39.882576450927495], [21.12969305958055, 39.86449287274969], [21.148725931354647, 39.86549499895922], [21.162281749456444, 39.85869501970051], [21.178052179580227, 39.87764606388139], [21.196633041831422, 39.87707733884691], [21.23182026860589, 39.889382292375544], [21.26866838106558, 39.879082579181336], [21.295599849413335, 39.85745817420228], [21.32224165622834, 39.86101976862507], [21.322964952852782, 39.84684665658681], [21.338309364232117, 39.830600187025915], [21.358560181567828, 39.83881287905024], [21.38507971580762, 39.83283714745174], [21.420537480452722, 39.85067000854954], [21.42389914102541, 39.869592990964506], [21.4146056537542, 39.88119916700222], [21.432265559496702, 39.89575365662083], [21.441188074272418, 39.89218960672851], [21.46291922662142, 39.900485514670656], [21.512444429111838, 39.89389668282011], [21.524816338573174, 39.90012480778376], [21.557134708393697, 39.88701902994311], [21.583922133096106, 39.89358716855416], [21.605140426482368, 39.8735374423282], [21.628308543027337, 39.868869546699536], [21.655133955438124, 39.869108824931175], [21.688057095873436, 39.85434449254224], [21.70513598995373, 39.85959504650592], [21.718476035577645, 39.87380387779602], [21.732957100679336, 39.870482918138556], [21.744357365000138, 39.856370223643445], [21.76191355744336, 39.8561580627593], [21.78649870670041, 39.84619296743833], [21.824035868848604, 39.86060799423195], [21.87212815634953, 39.85830577381075], [21.886052941019255, 39.85179725020346], [21.917691959005722, 39.85204844142508], [21.91523166607951, 39.87816334617781], [21.90012687325846, 39.90397269090355], [21.910108764522537, 39.92191733268011], [21.889267084672458, 39.94286566815064], [21.871232050543753, 39.94449396893968], [21.862072092233507, 39.958756146498075]]]}, "properties": {"name": "Grevena", "codes": ["RN"], "id": "grevena"}}, {"type": "Feature", "geometry": {"type": "Polygon", "coordinates": [[[21.509808418496824, 40.52499798639816], [21.493754375923494, 40.52818479274542], [21.496280928240395, 40.54912734314813], [21.4925900533846, 40.56857882062857], [21.47340229756208, 40.56591680665634], [21.456854987447258, 40.57661735274078], [21.448232009376646, 40.603490214332346], [21.412268654343812, 40.60485012081664], [21.403080637263113, 40.59231505702967], [21.392109665998404, 40.591937467074146], [21.38129400221969, 40.60546766429467], [21.384136673325305, 40.62661052928162], [21.379997533365433, 40.63810680488983], [21.388668635084418, 40.65545501645221], [21.381908304903494, 40.666638350974765], [21.365215394225388, 40.67522751942656], [21.36246132575394, 40.68626642592177], [21.336569659497137, 40.69896887045661], [21.32072875948382, 40.683310718952576], [21.29684720736406, 40.685572582822324], [21.27844169069608, 40.70857252832936], [21.29725031757543, 40.72227360526989], [21.269793105522307, 40.73712603257475], [21.262948175028388, 40.74915694682097], [21.246496936421384, 40.75249693817856], [21.229475968143056, 40.70875500444941], [21.219292606420947, 40.70155144465544], [21.213728053087472, 40.67696580689688], [21.191368529329317, 40.64871645979075], [21.158055328466382, 40.64311440768985], [21.107383913960064, 40.60947169873462], [21.06566126697255, 40.604727513557066], [21.055751178737108, 40.61693102011296], [21.039644479281403, 40.59225313704123], [21.046369165556225, 40.571449250770975], [21.040358208978354, 40.55748243632153], [21.00599716717639, 40.552216133152626], [20.999958820093614, 40.533852076876656], [20.968668370284064, 40.5176770674578], [20.9676182272968, 40.48816041747817], [20.95370478300865, 40.46914628533741], [20.92896620219413, 40.46293841778884], [20.901824050372415, 40.475012950164555], [20.87133629829289, 40.47105894610143], [20.84522167810395, 40.47998016569258], [20.83191712691538, 40.46595330653401], [20.81858425632003, 40.43886877388485], [20.79647199584481, 40.43474217691824], [20.785165145840367, 40.42414499692012], [20.791974409170088, 40.41343291274404], [20.786656292424983, 40.39977244302354], [20.791804059144468, 40.38457813457565], [20.78935404628988, 40.36189744976969], [20.777994007188056, 40.34891284270761], [20.790346168260477, 40.34136459532931], [20.81866529269081, 40.336281153155575], [20.84288784082904, 40.341798709866424], [20.85584024949679, 40.37527840642424], [20.868488804786928, 40.376745906755026], [20.876595906531943, 40.344098044773375], [20.8755079816768, 40.33442675639952], [20.92014144078364, 40.2969273932579], [20.937744997086767, 40.276219970489684], [20.939895960792565, 40.26142072692289], [20.957906414025956, 40.2516265170933], [20.971176778776805, 40.22216705760712], [20.9923125557273, 40.20632280502911], [21.00401175647731, 40.154066659280986], [21.028127145157164, 40.14294042845264], [21.049186983995043, 40.14843019473508], [21.059698220247245, 40.17525161562677], [21.070397453133847, 40.18398814561957], [21.085021747064427, 40.20853106207001], [21.081145203610642, 40.23600574886666], [21.068333738297994, 40.24146308926464], [21.071297156022517, 40.25383707619912], [21.06441755003678, 40.26512990937774], [21.075539867193285, 40.294814177583774], [21.072793142219393, 40.309337548290216], [21.087707234424812, 40.32080192629375], [21.08888025624993, 40.33326930883328], [21.119505373919058, 40.33532283761872], [21.147928263018564, 40.3531297002535], [21.22394242941239, 40.34407317884967], [21.232514196844463, 40.35971754646549], [21.230565577587072, 40.37344732664021], [21.217627427688594, 40.377861887963576], [21.234614904140958, 40.39713368545718], [21.244292557179847, 40.38671278828141], [21.26106463068068, 40.38363304885009], [21.259754565536497, 40.36636305082283], [21.27810430713454, 40.36014840623668], [21.297636199266293, 40.373648093257664], [21.302107983781035, 40.38370137058327], [21.319289181293453, 40.391666404794705], [21.327807616058816, 40.410735938487775], [21.35149803736834, 40.408444689076674], [21.356009330055194, 40.393700580322346], [21.370198350375027, 40.380100956423604], [21.399049465703566, 40.368568932066495], [21.40830488241708, 40.37612346538388], [21.41896075537024, 40.39703286822294], [21.43222685512171, 40.39251882125538], [21.459778521596057, 40.40816163528334], [21.47086200175495, 40.42985921889302], [21.469074726564518, 40.44553289257958], [21.47642926307742, 40.45456211807004], [21.470654268811415, 40.46896543974342], [21.491559479332526, 40.484780249260005], [21.490245460560317, 40.49417212736928], [21.516505594155735, 40.50982051849413], [21.509808418496824, 40.52499798639816]]]}, "properties": {"name": "Kastoria", "codes": ["KT"], "id": "kastoria"}}, {"type": "Feature", "geometry": {"type": "Polygon", "coordinates": [[[21.787410801135756, 40.93105154983193], [21.76424738316878, 40.928705061436986], [21.72913420372062, 40.93189676020485], [21.705485695094126, 40.94401478190588], [21.684091541208062, 40.94033606267049], [21.666457634640484, 40.917392143120516], [21.66995604692054, 40.89966762314915], [21.64481582601639, 40.90102406123034], [21.600852487546756, 40.877684301126756], [21.598226872788594, 40.87056535741082], [21.56755989292174, 40.86809846754972], [21.564119091012806, 40.876784954675855], [21.52285382233632, 40.910410948171304], [21.486178460883743, 40.91155566657418], [21.463755656768015, 40.90707142154341], [21.441292362793142, 40.91709360839224], [21.41592437234231, 40.91820799449133], [21.36049632748777, 40.87915742784773], [21.313140929097266, 40.86778421660534], [21.260815756172057, 40.8606756238379], [21.242960734969664, 40.87408614886432], [21.212761319255417, 40.88402967856997], [21.17627352826072, 40.87518485892642], [21.151837415922905, 40.85670421152213], [21.11352028568796, 40.854216353282474], [21.001229429959665, 40.856261160745454], [20.982702553126373, 40.85533686247544], [20.98406264041689, 40.79215689318632], [20.962717753888573, 40.769474519849545], [20.982510310695293, 40.759680655769614], [20.983434659671786, 40.739065052943964], [21.02416284090114, 40.70856960596173], [21.056160274991225, 40.668132632623816], [21.051371526775267, 40.63464345405716], [21.055751178737108, 40.61693102011296], [21.06566126697255, 40.604727513557066], [21.107383913960064, 40.60947169873462], [21.158055328466382, 40.64311440768985], [21.191368529329317, 40.64871645979075], [21.213728053087472, 40.67696580689688], [21.219292606420947, 40.70155144465544], [21.229475968143056, 40.70875500444941], [21.246496936421384, 40.75249693817856], [21.262948175028388, 40.74915694682097], [21.269793105522307, 40.73712603257475], [21.29725031757543, 40.72227360526989], [21.27844169069608, 40.70857252832936], [21.29684720736406, 40.685572582822324], [21.32072875948382, 40.683310718952576], [21.336569659497137, 40.69896887045661], [21.36246132575394, 40.68626642592177], [21.365215394225388, 40.67522751942656], [21.381908304903494, 40.666638350974765], [21.388668635084418, 40.65545501645221], [21.379997533365433, 40.63810680488983], [21.384136673325305, 40.62661052928162], [21.38129400221969, 40.60546766429467], [21.392109665998404, 40.591937467074146], [21.403080637263113, 40.59231505702967], [21.412268654343812, 40.60485012081664], [21.448232009376646, 40.603490214332346], [21.456854987447258, 40.57661735274078], [21.47340229756208, 40.56591680665634], [21.4925900533846, 40.56857882062857], [21.496280928240395, 40.54912734314813], [21.493754375923494, 40.52818479274542], [21.509808418496824, 40.52499798639816], [21.528726494951098, 40.529331200641856], [21.536685262499194, 40.54079806459819], [21.531465722459323, 40.55348441689721], [21.55158603875209, 40.5619842071551], [21.560847255272066, 40.57193156765833], [21.589637888002624, 40.58387800164486], [21.630176898660178, 40.58794524817703], [21.64179252852786, 40.59488386388901], [21.663970241207103, 40.5899449260396], [21.6868167406281, 40.59475532530811], [21.706413730559234, 40.588682974069776], [21.73575768533914, 40.598109017727786], [21.76819390179737, 40.60459251813102], [21.78998197146478, 40.621592511267366], [21.79917552124416, 40.640585366924306], [21.78897790717211, 40.66043939383623], [21.8035211480625, 40.67550772750259], [21.80419171464183, 40.69257241800572], [21.82178720032054, 40.696691539368516], [21.813250561564917, 40.704434562283836], [21.80830838732506, 40.72834222414088], [21.779120148125994, 40.74315853368642], [21.795283799288484, 40.77160680768201], [21.77188489203161, 40.779175868271935], [21.749361936439605, 40.77460121745848], [21.73152726952522, 40.7863983703485], [21.741384997848428, 40.79826904466235], [21.735579229325165, 40.827382603997265], [21.725042767857502, 40.83408582286787], [21.704321713868204, 40.86432102764693], [21.715871163754546, 40.870693102652545], [21.744969781499343, 40.86377071736495], [21.773380880774027, 40.86775877308403], [21.803207263277148, 40.8798119294135], [21.81083509360969, 40.889330165779775], [21.831011505049286, 40.89907007635687], [21.809913661979373, 40.91037565882416], [21.787410801135756, 40.93105154983193]]]}, "properties": {"name": "Florina", "codes": ["RA"], "id": "florina"}}, {"type": "Feature", "geometry": {"type": "Polygon", "coordinates": [[[21.00401175647731, 40.154066659280986], [20.9923125557273, 40.20632280502911], [20.971176778776805, 40.22216705760712], [20.957906414025956, 40.2516265170933], [20.939895960792565, 40.26142072692289], [20.937744997086767, 40.276219970489684], [20.92014144078364, 40.2969273932579], [20.8755079816768, 40.33442675639952], [20.876595906531943, 40.344098044773375], [20.868488804786928, 40.376745906755026], [20.85584024949679, 40.37527840642424], [20.84288784082904, 40.341798709866424], [20.81866529269081, 40.336281153155575], [20.790346168260477, 40.34136459532931], [20.777994007188056, 40.34891284270761], [20.756813391308416, 40.331419198540274], [20.76346185946619, 40.320909565616006], [20.734215204556442, 40.30873893236426], [20.730792874647886, 40.29713148833397], [20.713883434188297, 40.28323740561793], [20.70830495981336, 40.26540227881378], [20.72141824342077, 40.25257536548994], [20.724509839244377, 40.22651678290953], [20.707303646909622, 40.20045387416476], [20.680613372464553, 40.191996919552814], [20.673891305939478, 40.167231376642576], [20.693449612473838, 40.153624698205086], [20.675457359935645, 40.12601729303866], [20.678664486445307, 40.096515496854394], [20.624131712783385, 40.090483441562], [20.59967858170036, 40.07139804004588], [20.54993919678714, 40.064217537413846], [20.511136646762758, 40.08304673647306], [20.49670544346644, 40.067168005152155], [20.483674686251238, 40.06409090195127], [20.452445615593525, 40.074393718088025], [20.419312996477224, 40.06097145688966], [20.409014452823516, 40.049016364385295], [20.413990544538922, 40.03946937343814], [20.392815140294378, 39.99575136000899], [20.3746576644457, 39.9885818318473], [20.312937938546373, 39.99027103230642], [20.31876492500076, 39.97564007320785], [20.34045976969549, 39.95501480284687], [20.345333022760983, 39.9445738162495], [20.33755091196252, 39.923949428290825], [20.364332157020982, 39.908321331262535], [20.38840061714312, 39.86926042881466], [20.416650418596458, 39.83892575040144], [20.413555187531163, 39.81392980855223], [20.390728424814785, 39.78880001726792], [20.42366051478185, 39.783895279214704], [20.443778198504287, 39.764769959385276], [20.45308537010983, 39.76752076667984], [20.484467864917715, 39.76337996349622], [20.481045203315063, 39.72408142094481], [20.50114556520822, 39.722344437102194], [20.499514783674464, 39.70688733332169], [20.508239048032706, 39.690709869507344], [20.529098553150906, 39.665541347357504], [20.527626752173486, 39.65551263112795], [20.498325430668064, 39.640977210831515], [20.50402020011367, 39.632875847405096], [20.51025900520675, 39.58822575984413], [20.50845194674578, 39.57565447299632], [20.497600331854077, 39.56342491656317], [20.527688167311805, 39.562441604222535], [20.538904659713456, 39.55490533445277], [20.543327795003435, 39.5412946183019], [20.57582775447669, 39.53869465155745], [20.58563464361147, 39.533242750487894], [20.619140222576668, 39.5462398427538], [20.622287698507712, 39.53968208690551], [20.614219289832754, 39.493864458961234], [20.625304024044485, 39.47079292089778], [20.639950502698703, 39.465397710514324], [20.63244299227312, 39.4518323857995], [20.65034905525561, 39.424041911860726], [20.644641768482895, 39.4157355237226], [20.66295043002479, 39.38828435470285], [20.66777400137409, 39.34047221713317], [20.681634324659804, 39.32725455000294], [20.680453011989936, 39.28834413462575], [20.702108831022038, 39.29779354768683], [20.705035784640504, 39.33241627700192], [20.727136181710037, 39.35468592259755], [20.735151156691018, 39.37594582536847], [20.745201484098775, 39.3812771487741], [20.764675313066565, 39.37199252222553], [20.790339101959475, 39.37330570365772], [20.81231161519114, 39.347794065901574], [20.8422300450966, 39.35253073263029], [20.847616734263767, 39.362576958804695], [20.863782042539356, 39.3694838705794], [20.882620188108543, 39.366421574980684], [20.908836200130008, 39.376546988603685], [20.910786176498778, 39.393665426344995], [20.959242952047383, 39.39458515515893], [20.979007974821787, 39.406409177559574], [20.993313861103147, 39.39420641805502], [21.019654491453203, 39.40996979827576], [21.027410979558148, 39.42463864261695], [21.02224989881685, 39.44056726771199], [21.04424082941287, 39.47724473645051], [21.047778233360205, 39.49309143981072], [21.059935452987734, 39.506855661859625], [21.06092878603937, 39.53161733566589], [21.084670105084324, 39.50843346550133], [21.091647824163957, 39.49489460847458], [21.118039945763527, 39.497856153783545], [21.14077759753451, 39.52119835295113], [21.132108607371816, 39.530321361989984], [21.146706979198044, 39.53980108239373], [21.168115579274257, 39.522652348686165], [21.181609372377586, 39.50108844231613], [21.188391468380114, 39.51440328768451], [21.203082654732228, 39.521616531767556], [21.19472365435328, 39.5546006658194], [21.195403656090477, 39.572393715720416], [21.180615511042163, 39.616455050322436], [21.1563772615397, 39.61642616732226], [21.149173467352647, 39.63073774938273], [21.154639945920234, 39.64774940205157], [21.12239513104065, 39.66967846494957], [21.12289679107326, 39.68370619520014], [21.140320136235847, 39.68676502781207], [21.144887410804795, 39.69801733373455], [21.159297282973586, 39.700969619735446], [21.162973527962663, 39.71566967635818], [21.184795742116407, 39.7113298236395], [21.20023048624541, 39.716931752522584], [21.22383017580298, 39.70863234527575], [21.239002398520466, 39.69498701766339], [21.2506707673706, 39.6983192916049], [21.247338628520907, 39.72392188051004], [21.227352957581505, 39.741530080080885], [21.23386461233676, 39.75531752909193], [21.227610868960735, 39.764238884294265], [21.225716022702347, 39.803665391834684], [21.247335198416906, 39.811860091099284], [21.264636372421364, 39.83629000710902], [21.262971437080132, 39.853154462385675], [21.295599849413335, 39.85745817420228], [21.26866838106558, 39.879082579181336], [21.23182026860589, 39.889382292375544], [21.196633041831422, 39.87707733884691], [21.178052179580227, 39.87764606388139], [21.162281749456444, 39.85869501970051], [21.148725931354647, 39.86549499895922], [21.12969305958055, 39.86449287274969], [21.097791276317903, 39.882576450927495], [21.082571387316634, 39.92405742275861], [21.08423748109863, 39.936094151727296], [21.075191247449887, 39.95122667249736], [21.046313261846436, 39.9701693347876], [21.044555735630095, 39.98143701598002], [21.024458029690287, 39.99378468242808], [21.035521220002128, 40.00174082009968], [21.059020328530547, 39.99290891767524], [21.078714932167056, 40.013115968594086], [21.085607396067765, 40.05415645348456], [21.07342030480701, 40.06267602239253], [21.051723119128965, 40.066272192677765], [21.038970747609852, 40.05979012162698], [21.010162864109297, 40.055540889606654], [20.98794298672326, 40.084882372029206], [20.987336625814486, 40.10262293677677], [20.972869099145072, 40.113088936682644], [20.966617497115077, 40.13413028749593], [20.980233247591794, 40.14574607591177], [21.00401175647731, 40.154066659280986]]]}, "properties": {"name": "Ioannina", "codes": ["IN"], "id": "ioannina"}}, {"type": "Feature", "geometry": {"type": "MultiPolygon", "coordinates": [[[[20.779389330539512, 39.04604102137076], [20.786621362398147, 39.05387086890806], [20.790459730609527, 39.09127987617727], [20.802382552180777, 39.107354211479105], [20.791103919770823, 39.11116978420139], [20.763130618233777, 39.10122347918537], [20.76258105513496, 39.08865156271784], [20.779389330539512, 39.04604102137076]]], [[[21.181609372377586, 39.50108844231613], [21.168115579274257, 39.522652348686165], [21.146706979198044, 39.53980108239373], [21.132108607371816, 39.530321361989984], [21.14077759753451, 39.52119835295113], [21.118039945763527, 39.497856153783545], [21.091647824163957, 39.49489460847458], [21.084670105084324, 39.50843346550133], [21.06092878603937, 39.53161733566589], [21.059935452987734, 39.506855661859625], [21.047778233360205, 39.49309143981072], [21.04424082941287, 39.47724473645051], [21.02224989881685, 39.44056726771199], [21.027410979558148, 39.42463864261695], [21.019654491453203, 39.40996979827576], [20.993313861103147, 39.39420641805502], [20.9715499308571, 39.36023665912293], [20.97103766487743, 39.346209071117855], [20.983709907527395, 39.335593255897216], [20.963649057994278, 39.31903505342529], [20.9545544686376, 39.29334532633276], [20.92846948738594, 39.28439066275446], [20.924639020219402, 39.27143724860412], [20.899996767551915, 39.25846786946484], [20.869522205200177, 39.25998817154238], [20.858118908154932, 39.24691162327765], [20.875337047466445, 39.228477479883374], [20.8774920789805, 39.21656725742478], [20.89783836295394, 39.204269067232836], [20.901472477469728, 39.19517724084238], [20.8925830411072, 39.162878453501214], [20.88030392762861, 39.171662315134064], [20.862076265160074, 39.1517517798361], [20.834539529752938, 39.13006369565767], [20.822856049361686, 39.14140805258768], [20.80809035705573, 39.13272011552891], [20.80303076738542, 39.11703334536283], [20.83916877638206, 39.096107021664686], [20.83506847382981, 39.082690390537195], [20.86237805882128, 39.05711562104383], [20.85938045253024, 39.03366703204831], [20.87133712907268, 39.03191670161842], [20.866035896528466, 39.055241220210355], [20.902210922929022, 39.07098247383389], [20.927524705714468, 39.05949128243337], [20.943975421517735, 39.02990736276361], [20.962101483393806, 39.03746201150628], [20.985416472926396, 39.014879146541574], [21.04086942384855, 39.00223739644788], [21.062449134219726, 39.00865691193491], [21.0467302946682, 39.019457657145104], [21.05458164497581, 39.0381243014563], [21.082567400968337, 39.053863888509625], [21.10861818160222, 39.0461484383312], [21.087843402671943, 39.08098174326984], [21.10855118465787, 39.08730750801685], [21.094647181317228, 39.100362607299466], [21.11835955216477, 39.12022706672389], [21.17843804394927, 39.126435047257495], [21.192341135324874, 39.13583634006075], [21.20172103988604, 39.123921859387046], [21.233124113253417, 39.13183967955611], [21.268309136969748, 39.1176880655034], [21.29196659858589, 39.12758866250927], [21.323636420797982, 39.14533710356064], [21.322992724160617, 39.15742480279607], [21.353303899816044, 39.17086217339056], [21.372894436213887, 39.174614205118175], [21.35338407963291, 39.19121610672432], [21.34943596560777, 39.20888496131953], [21.365493523089476, 39.2251714811576], [21.368776014259208, 39.23557769291982], [21.392611092416626, 39.24617318872966], [21.414195762899023, 39.2650747572628], [21.42881122708147, 39.294486064593016], [21.411653405937066, 39.30412710551803], [21.415386505081106, 39.31757815594266], [21.381054246064604, 39.35656720854035], [21.305241828264357, 39.358486111824035], [21.27145614358992, 39.37859520234948], [21.276495899629197, 39.38942637629103], [21.271382643565314, 39.40986297211153], [21.262276037818374, 39.420589290284155], [21.224738517725157, 39.438900856523304], [21.199904617363895, 39.46465123656478], [21.202147199537915, 39.47648494427847], [21.215067456939924, 39.48057941744571], [21.21575032404549, 39.49887945506663], [21.195203358564743, 39.49538412792163], [21.181609372377586, 39.50108844231613]]]]}, "properties": {"name": "Arta", "codes": ["AT"], "id": "arta"}}, {"type": "Feature", "geometry": {"type": "Polygon", "coordinates": [[[20.390728424814785, 39.78880001726792], [20.36709937347281, 39.78938421764446], [20.346970208411317, 39.80394668038239], [20.305114660015057, 39.81602019838106], [20.28959812883742, 39.80467819659172], [20.304618422140422, 39.78629966264297], [20.30536654475874, 39.776630985966364], [20.292318661647908, 39.766449851969114], [20.304249697504844, 39.745559936367044], [20.320982805423505, 39.73370285448462], [20.298584235791715, 39.714371107985066], [20.284398211183724, 39.712665389161174], [20.264704771376284, 39.694569939155855], [20.262522095274765, 39.675157508113955], [20.23347305606764, 39.685517929281936], [20.2185649309855, 39.66640264891983], [20.227976379662838, 39.65240429353307], [20.220019292915058, 39.64698215568012], [20.193208218970348, 39.6452827878108], [20.151377287720614, 39.655877760496104], [20.12541255327647, 39.65732670439676], [20.099995321829926, 39.670550209796744], [20.088981033067377, 39.683100155546214], [20.026201746551482, 39.6967235764329], [20.0124023520769, 39.69450455011435], [20.024533982439106, 39.6782999985734], [20.060386186649946, 39.682882989555246], [20.066743297767857, 39.672750570043576], [20.0821048753467, 39.67063174279585], [20.094079013776774, 39.6547881960204], [20.113860139078877, 39.65941552370615], [20.144222357491547, 39.638669289004845], [20.162176812406354, 39.63822897729284], [20.184874028745437, 39.625152628477096], [20.182771740739522, 39.601378148860135], [20.167356049390833, 39.589242467875316], [20.172873992626133, 39.57835550154686], [20.16651470298278, 39.56315863374454], [20.13631565902078, 39.52884193267417], [20.15712183309965, 39.52837076064072], [20.16728434681795, 39.53652450034823], [20.185455450001516, 39.51920883224362], [20.220506897199627, 39.515320517753885], [20.229848230139464, 39.519695306305174], [20.26151738203684, 39.51101910461599], [20.26491305685116, 39.49995090981189], [20.25716750379622, 39.48324599960145], [20.22717890099809, 39.49593881705148], [20.226950526524092, 39.4824392426545], [20.248406281781225, 39.46543598002592], [20.273342281746313, 39.45511530331858], [20.272647790453604, 39.44407757416286], [20.233372153825083, 39.44623317563899], [20.226454863573, 39.430012530311686], [20.230924774399437, 39.40424494360419], [20.268607352313833, 39.39277050420467], [20.281188301560352, 39.379140965659566], [20.2753346769904, 39.36604649048232], [20.28751953821203, 39.3262650270274], [20.301054222267872, 39.315383586110066], [20.31855099391978, 39.33495767788227], [20.33876006208031, 39.34883662444147], [20.36590816426446, 39.3571836215393], [20.391141121900755, 39.34063397722442], [20.395564721806522, 39.32898624848785], [20.418594489199602, 39.3112936335746], [20.443892084218458, 39.31088873272553], [20.445791563394348, 39.29809359056056], [20.464255225042063, 39.273104774343636], [20.477829663476104, 39.27484224402223], [20.50826635006375, 39.2865877445646], [20.517773432024494, 39.30177261115435], [20.544581722957066, 39.29130545918999], [20.544542317566044, 39.30863419926981], [20.56619240369829, 39.31362587361654], [20.578422242293954, 39.30247673237244], [20.593815841949212, 39.308164852063925], [20.610234431578593, 39.327632188463156], [20.639888431741046, 39.3333539879475], [20.680453011989936, 39.28834413462575], [20.681634324659804, 39.32725455000294], [20.66777400137409, 39.34047221713317], [20.66295043002479, 39.38828435470285], [20.644641768482895, 39.4157355237226], [20.65034905525561, 39.424041911860726], [20.63244299227312, 39.4518323857995], [20.639950502698703, 39.465397710514324], [20.625304024044485, 39.47079292089778], [20.614219289832754, 39.493864458961234], [20.622287698507712, 39.53968208690551], [20.619140222576668, 39.5462398427538], [20.58563464361147, 39.533242750487894], [20.57582775447669, 39.53869465155745], [20.543327795003435, 39.5412946183019], [20.538904659713456, 39.55490533445277], [20.527688167311805, 39.562441604222535], [20.497600331854077, 39.56342491656317], [20.50845194674578, 39.57565447299632], [20.51025900520675, 39.58822575984413], [20.50402020011367, 39.632875847405096], [20.498325430668064, 39.640977210831515], [20.527626752173486, 39.65551263112795], [20.529098553150906, 39.665541347357504], [20.508239048032706, 39.690709869507344], [20.499514783674464, 39.70688733332169], [20.50114556520822, 39.722344437102194], [20.481045203315063, 39.72408142094481], [20.484467864917715, 39.76337996349622], [20.45308537010983, 39.76752076667984], [20.443778198504287, 39.764769959385276], [20.42366051478185, 39.783895279214704], [20.390728424814785, 39.78880001726792]]]}, "properties": {"name": "Thesprotien", "codes": ["HN"], "id": "thesprotien"}}, {"type": "Feature", "geometry": {"type": "MultiPolygon", "coordinates": [[[[20.464255225042063, 39.273104774343636], [20.445791563394348, 39.29809359056056], [20.443892084218458, 39.31088873272553], [20.418594489199602, 39.3112936335746], [20.395564721806522, 39.32898624848785], [20.391141121900755, 39.34063397722442], [20.36590816426446, 39.3571836215393], [20.33876006208031, 39.34883662444147], [20.31855099391978, 39.33495767788227], [20.301054222267872, 39.315383586110066], [20.33459960675046, 39.29442352771046], [20.339033083485734, 39.28453820337285], [20.383063326190072, 39.28123223377804], [20.392678915023925, 39.28534998998675], [20.412541751793547, 39.27681297753004], [20.433729380749266, 39.273496859266665], [20.44236381904471, 39.2815572007118], [20.464255225042063, 39.273104774343636]]], [[[20.993313861103147, 39.39420641805502], [20.979007974821787, 39.406409177559574], [20.959242952047383, 39.39458515515893], [20.910786176498778, 39.393665426344995], [20.908836200130008, 39.376546988603685], [20.882620188108543, 39.366421574980684], [20.863782042539356, 39.3694838705794], [20.847616734263767, 39.362576958804695], [20.8422300450966, 39.35253073263029], [20.81231161519114, 39.347794065901574], [20.790339101959475, 39.37330570365772], [20.764675313066565, 39.37199252222553], [20.745201484098775, 39.3812771487741], [20.735151156691018, 39.37594582536847], [20.727136181710037, 39.35468592259755], [20.705035784640504, 39.33241627700192], [20.702108831022038, 39.29779354768683], [20.680453011989936, 39.28834413462575], [20.639888431741046, 39.3333539879475], [20.610234431578593, 39.327632188463156], [20.593815841949212, 39.308164852063925], [20.578422242293954, 39.30247673237244], [20.56619240369829, 39.31362587361654], [20.544542317566044, 39.30863419926981], [20.544581722957066, 39.29130545918999], [20.517773432024494, 39.30177261115435], [20.50826635006375, 39.2865877445646], [20.477829663476104, 39.27484224402223], [20.470261530774955, 39.26359968750953], [20.47746306150648, 39.24833413502001], [20.472671119534045, 39.24051455140628], [20.474764986226898, 39.21772597419734], [20.518950333255617, 39.19797847107464], [20.550790625857562, 39.17296636094055], [20.564851177174535, 39.15361917713861], [20.605376320136443, 39.11511033217904], [20.617230586271457, 39.111104480483874], [20.640263585044323, 39.09244921386419], [20.657679360836468, 39.08999566735014], [20.688439206024736, 39.06578681365007], [20.705607045016095, 39.04754567914097], [20.715368215640115, 39.02280559782464], [20.712434195436835, 39.00381469328221], [20.699972022273858, 38.99734595662038], [20.72671250063401, 38.94986081735522], [20.745130154138856, 38.94474620934181], [20.757340252525307, 38.95089677512778], [20.75785889726969, 38.969900738234635], [20.791709251235098, 38.96995436170928], [20.819862975738538, 38.95450152143092], [20.828461325542158, 38.96919427410604], [20.81093565177083, 38.97262585996681], [20.7777377576411, 38.995729249501174], [20.76993266797383, 38.99434214417125], [20.742810819743983, 39.00830689635858], [20.767401503374867, 39.04014212980617], [20.779389330539512, 39.04604102137076], [20.76258105513496, 39.08865156271784], [20.763130618233777, 39.10122347918537], [20.791103919770823, 39.11116978420139], [20.80303076738542, 39.11703334536283], [20.80809035705573, 39.13272011552891], [20.822856049361686, 39.14140805258768], [20.834539529752938, 39.13006369565767], [20.862076265160074, 39.1517517798361], [20.88030392762861, 39.171662315134064], [20.8925830411072, 39.162878453501214], [20.901472477469728, 39.19517724084238], [20.89783836295394, 39.204269067232836], [20.8774920789805, 39.21656725742478], [20.875337047466445, 39.228477479883374], [20.858118908154932, 39.24691162327765], [20.869522205200177, 39.25998817154238], [20.899996767551915, 39.25846786946484], [20.924639020219402, 39.27143724860412], [20.92846948738594, 39.28439066275446], [20.9545544686376, 39.29334532633276], [20.963649057994278, 39.31903505342529], [20.983709907527395, 39.335593255897216], [20.97103766487743, 39.346209071117855], [20.9715499308571, 39.36023665912293], [20.993313861103147, 39.39420641805502]]]]}, "properties": {"name": "Preveza", "codes": ["RZ"], "id": "preveza"}}, {"type": "Feature", "geometry": {"type": "Polygon", "coordinates": [[[22.66243789853032, 39.97555055921745], [22.678596233519652, 39.95579548394797], [22.662443985338243, 39.946710175441325], [22.656194455256067, 39.96234317041258], [22.626470511100962, 39.97177044884699], [22.605439133699793, 39.9584365089434], [22.58046058588893, 39.952242315501486], [22.54629989355539, 39.95276449122952], [22.529262802414852, 39.94784880172264], [22.508244950422505, 39.9570963588458], [22.497715140962217, 39.969387517456525], [22.49568503721778, 40.00689057162797], [22.46369245147005, 40.01745344638957], [22.438799498611697, 40.03115463372878], [22.431689241751844, 40.04032331601881], [22.407738343253005, 40.03628869126095], [22.400400538890867, 40.04897233485215], [22.37862174224685, 40.03929041082357], [22.36346397049768, 40.053516969744436], [22.361320951533664, 40.065662348720906], [22.346282516186506, 40.06847756000415], [22.349188092610447, 40.08168990109017], [22.36521073914874, 40.099265587511354], [22.368454083661632, 40.14031356863055], [22.34416134787179, 40.14188949176795], [22.353490461191313, 40.15635335755254], [22.32201175993745, 40.18089632230108], [22.288299693981724, 40.17446071884075], [22.268348488884584, 40.15969848797843], [22.26359661202032, 40.140947542008966], [22.242650005891555, 40.11267056039725], [22.22485601031623, 40.10683989618939], [22.207055540216487, 40.124960474039504], [22.209909878031077, 40.14774726378366], [22.191565899839194, 40.1481231047954], [22.201572289602645, 40.17038013452538], [22.22208719145034, 40.176470581435034], [22.205668038486024, 40.192981469303625], [22.18280993198051, 40.19700839716555], [22.14099750998944, 40.18937437421041], [22.115703542119356, 40.19024877372596], [22.087320860930173, 40.16260221138137], [22.101770507939992, 40.144973478306454], [22.08424021641283, 40.131477367385095], [22.070859649316553, 40.11016199904813], [22.044705248354756, 40.09416530988541], [22.022816194544713, 40.076423006426936], [22.02252799047341, 40.063120103443254], [21.998092279994797, 40.06145201479421], [21.9917558743028, 40.0403116028375], [21.96166932147101, 40.029137151524594], [21.95830784235983, 40.00698102794216], [21.947598200670786, 39.99190789814906], [21.93030220101573, 39.981052102311715], [21.913791823563905, 39.98333531540507], [21.905653327702293, 39.969114170589144], [21.88730889083702, 39.95644450234308], [21.862072092233507, 39.958756146498075], [21.871232050543753, 39.94449396893968], [21.889267084672458, 39.94286566815064], [21.910108764522537, 39.92191733268011], [21.90012687325846, 39.90397269090355], [21.91523166607951, 39.87816334617781], [21.917691959005722, 39.85204844142508], [21.98713503770875, 39.846845854284155], [22.022028347741525, 39.82662777607615], [21.966368764092994, 39.82988756551328], [21.95309295520856, 39.810058501595776], [21.928129827344254, 39.7912308193927], [21.926315448471087, 39.776559714586725], [21.94531971339211, 39.753468129279824], [21.9405913108783, 39.746631537998475], [21.95304522182084, 39.730381921036816], [21.961298455238836, 39.7101953712878], [21.97391748572815, 39.70363416157711], [21.999071940656933, 39.71639204287426], [22.018500342518603, 39.733751724810524], [22.03800359763162, 39.726152131399544], [22.05052166469759, 39.70378591406581], [22.06368823017635, 39.67009258614095], [22.07450599651421, 39.6662516359629], [22.08185577161898, 39.65115965653569], [22.106105718307383, 39.661723126039725], [22.136273686012704, 39.65766983408874], [22.145314060971906, 39.63929040335292], [22.14535529883165, 39.61875614078544], [22.166337393973066, 39.608890147440064], [22.19588233827475, 39.62968480521149], [22.213470012985788, 39.625705076845556], [22.22273049370973, 39.598718887099345], [22.21507191027863, 39.58587750188295], [22.19230571755569, 39.58077266581115], [22.187444476639303, 39.56353358333812], [22.177371008297925, 39.55122682543835], [22.17513365015095, 39.534331973643475], [22.18605902485248, 39.509880288378184], [22.194041335071052, 39.50440026762316], [22.2156384221102, 39.5057232219819], [22.23377263810661, 39.517747799470825], [22.246100311058157, 39.484545826853925], [22.23527773249313, 39.46562322834465], [22.222334107054387, 39.458506996373046], [22.226870976550376, 39.440689007093596], [22.22050849364173, 39.425098309596045], [22.257432397791785, 39.41867549870025], [22.247511819643307, 39.39535094359181], [22.263177619915226, 39.38452383617488], [22.26332649482296, 39.37619143638853], [22.224182553967477, 39.36615738503251], [22.224112633808396, 39.35703189698409], [22.236505571070182, 39.33803649781293], [22.21221390370795, 39.33346847778511], [22.21281535780194, 39.31009163536149], [22.223837012535917, 39.29191520458736], [22.258201380837193, 39.27219522937045], [22.27791518475888, 39.26084628153467], [22.287505860821355, 39.23729971457018], [22.33314256409641, 39.231236574708404], [22.39010096778538, 39.22911359092919], [22.405645298852733, 39.21899851947153], [22.40898938106444, 39.19831592503511], [22.439811625679955, 39.18856609025321], [22.451327903469977, 39.16885936469141], [22.446136862629295, 39.1402437439358], [22.455807889340228, 39.13572164475897], [22.480267434789365, 39.143006417882766], [22.493311512623492, 39.131298598998434], [22.50489929254825, 39.13052337490395], [22.531232043450938, 39.14609395206524], [22.550261352823348, 39.14713268958762], [22.555753823407528, 39.16265128871962], [22.544769049741543, 39.18459817784275], [22.560733032587986, 39.19752162486698], [22.55530952612551, 39.215926446830196], [22.542229773189867, 39.22688169379738], [22.54219202423649, 39.24181911028541], [22.53090545893264, 39.25717494990854], [22.564298957406425, 39.26996142868884], [22.600336871801083, 39.26662675690901], [22.609140966415875, 39.28454855454941], [22.62734259590301, 39.285760435565216], [22.652851242948227, 39.29962618225322], [22.655415891268895, 39.32662347463432], [22.650775479399382, 39.331258186491574], [22.661223655322274, 39.35409217541597], [22.629144751258536, 39.3603268792004], [22.62125627483633, 39.366223590721376], [22.607088555658205, 39.39999120539931], [22.65764663674459, 39.41991833542931], [22.68912697471307, 39.412780871442855], [22.72249630828411, 39.42169095000476], [22.71735351987235, 39.437287809831474], [22.69978446087498, 39.448234370706224], [22.712065406789915, 39.457069635331024], [22.71984313863929, 39.47573897400464], [22.754285726589288, 39.49202906226188], [22.761949250397095, 39.52658852198012], [22.799237140135414, 39.51217708256164], [22.801801067163836, 39.52930879641585], [22.837211739508703, 39.54946499785063], [22.843343563648787, 39.56229292899021], [22.889877934314676, 39.59239864314902], [22.9157953282632, 39.60303704930518], [22.8969653890641, 39.642961205454], [22.888056325948504, 39.67724924528208], [22.867615026556408, 39.726308742967284], [22.859488362962193, 39.775485786328936], [22.851597954836524, 39.80136504483326], [22.81397779453103, 39.816438232012715], [22.798240098307662, 39.834556879406925], [22.770028904718927, 39.85603742698919], [22.73613274297077, 39.86870987733093], [22.710157113219754, 39.91671483633474], [22.71761717175768, 39.93351012999921], [22.710090314341336, 39.95113015447461], [22.66243789853032, 39.97555055921745]]]}, "properties": {"name": "Larisa", "codes": ["RI"], "id": "larisa"}}, {"type": "Feature", "geometry": {"type": "Polygon", "coordinates": [[[22.177371008297925, 39.55122682543835], [22.16249223336187, 39.55180706924946], [22.142478337146613, 39.54397354688696], [22.129109852288508, 39.55061147772997], [22.099480378095773, 39.555775904528716], [22.083964521837324, 39.547494915855665], [22.04266926150472, 39.5334720447415], [22.015838247661154, 39.55334426522886], [21.995551149112714, 39.55525787030223], [21.96417911161088, 39.53551736005469], [21.939214265137718, 39.52621348259643], [21.925704007638487, 39.49712830676345], [21.906600495030993, 39.4930902556104], [21.8961416891325, 39.50437081928329], [21.843951620809612, 39.513022097372996], [21.821250630774493, 39.492203583830474], [21.800125637755503, 39.46217383781492], [21.749537359481742, 39.459178365239715], [21.756749647311192, 39.475608508732144], [21.730705063546917, 39.47267429607495], [21.725046916915417, 39.462748804814694], [21.702641752926617, 39.44615210647517], [21.680740564072604, 39.44831066341731], [21.645831334468653, 39.44288414014129], [21.6332790191436, 39.428702163923035], [21.619449183801624, 39.43322612164018], [21.597407915042965, 39.45587787833698], [21.58783121369778, 39.44546626136803], [21.592205145837507, 39.431662997001546], [21.56949503843483, 39.42629964068065], [21.56036763229917, 39.40732425834908], [21.53142339755629, 39.39202465107477], [21.515509590722548, 39.37609481649621], [21.487920508408752, 39.38735829623417], [21.477676718133033, 39.40112656471925], [21.455936743466438, 39.40339101400129], [21.43523561200342, 39.4154892651836], [21.402144473642483, 39.401828461336564], [21.381666032258174, 39.38442617357647], [21.381054246064604, 39.35656720854035], [21.415386505081106, 39.31757815594266], [21.411653405937066, 39.30412710551803], [21.42881122708147, 39.294486064593016], [21.414195762899023, 39.2650747572628], [21.392611092416626, 39.24617318872966], [21.368776014259208, 39.23557769291982], [21.365493523089476, 39.2251714811576], [21.34943596560777, 39.20888496131953], [21.35338407963291, 39.19121610672432], [21.372894436213887, 39.174614205118175], [21.3963778651481, 39.1647413737096], [21.44736861272677, 39.18946075585787], [21.444815394614622, 39.20514319292772], [21.46103759850682, 39.20188988328868], [21.468138728612708, 39.21295100974542], [21.501442791686724, 39.22780212583234], [21.506816927450362, 39.23594829156093], [21.5395225225907, 39.216219344585234], [21.55991514436333, 39.218373358135885], [21.56760078941247, 39.233869451352845], [21.58303544556869, 39.24251129083154], [21.610093039090255, 39.24191966157378], [21.63452662353874, 39.256153112700915], [21.64708536399706, 39.244970515829216], [21.686677111464995, 39.25109103147971], [21.691501286579665, 39.222263683883895], [21.68832533671406, 39.20895220882061], [21.70177662071818, 39.18118992161847], [21.71935170557352, 39.183296024581146], [21.74241447503851, 39.17961563501044], [21.72296621026696, 39.149973130281914], [21.726711445566597, 39.11928514042606], [21.755898791599666, 39.11224323437385], [21.770403073669456, 39.10218047411214], [21.80908089013668, 39.118131099309664], [21.812963434552817, 39.13367877048779], [21.836111253263873, 39.15456995496529], [21.856718813159528, 39.15256169019433], [21.872912368600787, 39.133804030953605], [21.87334317676116, 39.12326641127379], [21.89653873411323, 39.12231643453187], [21.900760440223692, 39.10702364110916], [21.92794794243279, 39.10173204491409], [21.940056446480206, 39.08488051093585], [21.938509818161588, 39.065081710011135], [21.94474921491646, 39.03592163017211], [21.953088624473637, 39.02474235821445], [21.989024810967916, 39.03755183714699], [22.00920921694159, 39.03175206589762], [22.052039882298047, 39.05053691728083], [22.042630578623463, 39.07977611735858], [22.06194171907069, 39.083565314823645], [22.080559659223557, 39.107075070601695], [22.093379151914604, 39.09213682091407], [22.11867580659364, 39.099333344956165], [22.133930444192785, 39.112935307220496], [22.159124055649276, 39.12115044267526], [22.161312828554184, 39.13047847030164], [22.148967001022026, 39.1552638665695], [22.179101465361125, 39.17066289478767], [22.19144767632156, 39.19354658095043], [22.209845058106726, 39.20636916292415], [22.226499402767175, 39.23308403448749], [22.247592712790258, 39.24801950500345], [22.258201380837193, 39.27219522937045], [22.223837012535917, 39.29191520458736], [22.21281535780194, 39.31009163536149], [22.21221390370795, 39.33346847778511], [22.236505571070182, 39.33803649781293], [22.224112633808396, 39.35703189698409], [22.224182553967477, 39.36615738503251], [22.26332649482296, 39.37619143638853], [22.263177619915226, 39.38452383617488], [22.247511819643307, 39.39535094359181], [22.257432397791785, 39.41867549870025], [22.22050849364173, 39.425098309596045], [22.226870976550376, 39.440689007093596], [22.222334107054387, 39.458506996373046], [22.23527773249313, 39.46562322834465], [22.246100311058157, 39.484545826853925], [22.23377263810661, 39.517747799470825], [22.2156384221102, 39.5057232219819], [22.194041335071052, 39.50440026762316], [22.18605902485248, 39.509880288378184], [22.17513365015095, 39.534331973643475], [22.177371008297925, 39.55122682543835]]]}, "properties": {"name": "Karditsa", "codes": ["KA"], "id": "karditsa"}}, {"type": "Feature", "geometry": {"type": "MultiPolygon", "coordinates": [[[[23.01939964933301, 39.00497992886787], [23.026585920227166, 39.015536076827644], [23.05964128266649, 39.02173646293074], [23.065133884343403, 39.03928899513288], [23.037689474681056, 39.037858327505695], [22.996405190304547, 39.01744297806427], [22.958252754381324, 39.010656657757764], [22.961593252618087, 39.033376037818556], [22.978155446472144, 39.03264824445311], [22.990009432949396, 39.041555190612776], [22.994132278383322, 39.061568061728906], [22.976359192841276, 39.088653328152965], [22.98281171249577, 39.09866680456094], [22.956092718308536, 39.11828148006729], [22.94129165320909, 39.12350040927759], [22.93517669645893, 39.11075750123536], [22.922575508299825, 39.113417045914346], [22.913591572637404, 39.12947197661782], [22.910863338622736, 39.16026326385393], [22.88801992485919, 39.16964392523667], [22.88454869686965, 39.190155090048584], [22.86466265917492, 39.153749099445996], [22.849478875845023, 39.166251187251206], [22.831643832921078, 39.18914098331997], [22.82086233186708, 39.21285640298614], [22.814942730594062, 39.238674668931274], [22.820152620125246, 39.27557157692383], [22.839062800856034, 39.284141418330655], [22.84926103441428, 39.28246759012024], [22.880677169279668, 39.29175732694315], [22.938318323780724, 39.29567617038913], [22.944313169390867, 39.300244961238214], [22.925147272563315, 39.32029817382498], [22.941155095656384, 39.33943898747276], [22.92974433191097, 39.34733590587075], [22.942119153937266, 39.36198289914536], [22.9697959485121, 39.347751390659695], [22.99196821922172, 39.351099212393486], [23.01313836524531, 39.33678275085611], [23.020346488875933, 39.316308636456476], [23.069648945751748, 39.31520833619517], [23.10796180321918, 39.30972341797717], [23.140154052993488, 39.29108835977784], [23.163791419469092, 39.27240118087012], [23.182144942195155, 39.246085078232454], [23.176413154733968, 39.236970872640434], [23.189675740360112, 39.20753558144872], [23.21790182030634, 39.188256093104705], [23.22193205772806, 39.17581205640101], [23.201305657920322, 39.14376499211113], [23.19112047089539, 39.14920040804255], [23.178109107439646, 39.13958486982623], [23.173122506085857, 39.12479874771824], [23.142300218002276, 39.12151232962349], [23.129323696666116, 39.110485896737956], [23.09683019579691, 39.09813703878193], [23.09458412355295, 39.10693229041264], [23.116670067679596, 39.12967402714243], [23.106107194882153, 39.15093122185548], [23.093809551726995, 39.142203862405864], [23.080507429941427, 39.14733497970306], [23.06692143149443, 39.13572016212149], [23.064163415633246, 39.11331506637786], [23.051931453535893, 39.09469885632622], [23.122165910548294, 39.085174572379486], [23.135507578052053, 39.0955737689388], [23.163313772470215, 39.09622717205472], [23.176109725697078, 39.10313057817022], [23.21089642385174, 39.10422725630584], [23.209225579371523, 39.126157594919775], [23.250212921395114, 39.127176343871426], [23.27165525267839, 39.140612448163886], [23.298130256329774, 39.13967554117573], [23.3243003650663, 39.1505532182402], [23.34447397267502, 39.171123246924395], [23.35148444541757, 39.18777858469765], [23.33294599363927, 39.2107327484713], [23.318301079946423, 39.24281661213955], [23.295852797321515, 39.261497563039484], [23.281997566126506, 39.27836217238333], [23.274912874874605, 39.29654694413749], [23.275899652948052, 39.31357427077526], [23.259435574372304, 39.33144695380943], [23.22122451766226, 39.351156075854185], [23.19305155007388, 39.385672806893616], [23.180699427613277, 39.4072117029817], [23.17032433647044, 39.40782297319381], [23.15434095424918, 39.42839590875028], [23.12493577258601, 39.451425288273754], [23.115521943206588, 39.46259903753602], [23.096050094528604, 39.500175598227585], [23.070672269718955, 39.51231060329073], [23.04820013552019, 39.528725682190625], [23.026328529619093, 39.527715598128495], [23.01225977957961, 39.534507743381276], [22.999108354135593, 39.5517038280851], [22.983576512169375, 39.55001027398245], [22.972292803129218, 39.56066017002066], [22.935806810450746, 39.57371182992466], [22.9157953282632, 39.60303704930518], [22.889877934314676, 39.59239864314902], [22.843343563648787, 39.56229292899021], [22.837211739508703, 39.54946499785063], [22.801801067163836, 39.52930879641585], [22.799237140135414, 39.51217708256164], [22.761949250397095, 39.52658852198012], [22.754285726589288, 39.49202906226188], [22.71984313863929, 39.47573897400464], [22.712065406789915, 39.457069635331024], [22.69978446087498, 39.448234370706224], [22.71735351987235, 39.437287809831474], [22.72249630828411, 39.42169095000476], [22.68912697471307, 39.412780871442855], [22.65764663674459, 39.41991833542931], [22.607088555658205, 39.39999120539931], [22.62125627483633, 39.366223590721376], [22.629144751258536, 39.3603268792004], [22.661223655322274, 39.35409217541597], [22.650775479399382, 39.331258186491574], [22.655415891268895, 39.32662347463432], [22.652851242948227, 39.29962618225322], [22.62734259590301, 39.285760435565216], [22.609140966415875, 39.28454855454941], [22.600336871801083, 39.26662675690901], [22.564298957406425, 39.26996142868884], [22.53090545893264, 39.25717494990854], [22.54219202423649, 39.24181911028541], [22.542229773189867, 39.22688169379738], [22.55530952612551, 39.215926446830196], [22.560733032587986, 39.19752162486698], [22.544769049741543, 39.18459817784275], [22.555753823407528, 39.16265128871962], [22.550261352823348, 39.14713268958762], [22.531232043450938, 39.14609395206524], [22.50489929254825, 39.13052337490395], [22.490845473852836, 39.11592056876792], [22.49812818874558, 39.107836670680015], [22.507463550711638, 39.04856212220222], [22.53254279913943, 39.04468652774549], [22.543664207661777, 39.03805909588054], [22.572288075049684, 39.03630985218955], [22.60306931141956, 39.039131947038776], [22.62854947397086, 39.05166344655221], [22.64660094840091, 39.04924803928626], [22.66531784070741, 39.05482405903405], [22.68856237806677, 39.04584973146751], [22.68559485631653, 39.0340178162016], [22.703004453550914, 39.02029743037896], [22.72889380220548, 39.013314239234994], [22.74395321481617, 39.01926923300516], [22.759160772939367, 38.999281753370056], [22.81450603300483, 39.00229904218467], [22.856142029963788, 38.999414180776576], [22.868786692593417, 39.00382942718891], [22.883801846226323, 38.98060730744445], [22.897110888206083, 38.97467675794871], [22.914477239428727, 38.976121764894955], [22.9309216797823, 38.97013595346374], [22.972570981203692, 38.978239319695994], [22.998439729770446, 38.9947787619577], [22.99978416399794, 39.00264184008779], [23.01939964933301, 39.00497992886787]]], [[[24.11762132518456, 39.10347716653034], [24.100215858906772, 39.09213937723121], [24.103238703833917, 39.075601240682076], [24.11488122750096, 39.07683389598892], [24.11762132518456, 39.10347716653034]]], [[[23.604665761591278, 39.21035869598733], [23.590677244749184, 39.19624430956252], [23.607189414811817, 39.17212470108903], [23.620661546853484, 39.16207700802962], [23.62683773412956, 39.146814248182125], [23.6446555380932, 39.13621887040532], [23.654722935950666, 39.122236911390985], [23.65042288838093, 39.113366197974976], [23.661919973958657, 39.08702456661705], [23.707985226494095, 39.08417534508644], [23.706126862890027, 39.0742764262406], [23.725021287685742, 39.07065496194189], [23.74557526634797, 39.08599356010343], [23.766650257807292, 39.08904736322007], [23.792077196352725, 39.121706748588394], [23.784050090758804, 39.1280539904512], [23.721838955612718, 39.130652504794625], [23.714856727982873, 39.14677445415968], [23.6915260636953, 39.158915992693366], [23.661303662437447, 39.164608147607176], [23.615939808469747, 39.196249219387], [23.604665761591278, 39.21035869598733]]], [[[23.462132967342132, 39.20837314271877], [23.442670677017215, 39.198207478030554], [23.444648150101088, 39.18164583312413], [23.391152730041384, 39.16226641214085], [23.391113919589984, 39.1411264870847], [23.40560704352797, 39.149067880130886], [23.417150960898134, 39.1397817887395], [23.44681158568309, 39.14061116450273], [23.4763364503166, 39.16044557836535], [23.492803258149745, 39.165186091227376], [23.5090021012473, 39.15946140100157], [23.515093536491882, 39.17751786841207], [23.50580666041235, 39.19267131303838], [23.48247587936033, 39.205906185341675], [23.462132967342132, 39.20837314271877]]], [[[23.973602737801393, 39.23777095451428], [23.968583939009694, 39.211935302574176], [23.977170850844814, 39.19652851427466], [23.937908420901678, 39.18078999414684], [23.957839315981882, 39.16579553689827], [23.98068052889467, 39.16454902594368], [23.98314462288365, 39.19023985096896], [23.991377102240516, 39.21215548254799], [23.979463177988187, 39.21104564165552], [23.980258902403467, 39.2312753852947], [23.973602737801393, 39.23777095451428]]], [[[23.95381458237927, 39.291343554931395], [23.936377109374316, 39.277981237738274], [23.93151601805756, 39.26346194961656], [23.917802372581082, 39.25432503670258], [23.90919830368582, 39.229574644421916], [23.88652755927901, 39.219922060247434], [23.868494193140638, 39.200817859916555], [23.8705911102588, 39.1852311783335], [23.87962984849524, 39.176851607019664], [23.85606369904456, 39.16866088912491], [23.82838885941711, 39.15114199038687], [23.849706509405816, 39.134753247574416], [23.878977397776232, 39.15688246443373], [23.900964094625337, 39.16221073143735], [23.899177681000747, 39.17050837037971], [23.919015935323323, 39.175335736605284], [23.930558656067955, 39.20576434543439], [23.939265879726854, 39.21363579284618], [23.97949457246816, 39.262380950425616], [23.972656398289942, 39.272706023366474], [23.95933417176301, 39.2715397297517], [23.95381458237927, 39.291343554931395]]], [[[24.073141694035993, 39.368101671738785], [24.05146018644772, 39.35232645673171], [24.041527253647708, 39.32249573595778], [24.056336143423888, 39.31382111381769], [24.04821214702796, 39.304084061841586], [24.067756428940854, 39.293450550175905], [24.093347507979583, 39.30759787813807], [24.09870463934417, 39.349349463107544], [24.081424919036117, 39.35530092096693], [24.073141694035993, 39.368101671738785]]], [[[24.33111046408888, 39.36961796742125], [24.317912761362766, 39.35975199903286], [24.312138417276948, 39.337484080510755], [24.325001080840536, 39.331375629261125], [24.333250381600756, 39.36234022079888], [24.33111046408888, 39.36961796742125]]], [[[24.17665074715094, 39.4263527466866], [24.158137775734456, 39.4052494106331], [24.1603182405687, 39.393730783351096], [24.15170390261467, 39.37779339847536], [24.175535480645696, 39.378318554927596], [24.185873642823108, 39.39492723040344], [24.177387234580877, 39.40622183897579], [24.17665074715094, 39.4263527466866]]]]}, "properties": {"name": "Magnesia", "codes": ["BO"], "id": "magnesia"}}, {"type": "Feature", "geometry": {"type": "Polygon", "coordinates": [[[21.917691959005722, 39.85204844142508], [21.886052941019255, 39.85179725020346], [21.87212815634953, 39.85830577381075], [21.824035868848604, 39.86060799423195], [21.78649870670041, 39.84619296743833], [21.76191355744336, 39.8561580627593], [21.744357365000138, 39.856370223643445], [21.732957100679336, 39.870482918138556], [21.718476035577645, 39.87380387779602], [21.70513598995373, 39.85959504650592], [21.688057095873436, 39.85434449254224], [21.655133955438124, 39.869108824931175], [21.628308543027337, 39.868869546699536], [21.605140426482368, 39.8735374423282], [21.583922133096106, 39.89358716855416], [21.557134708393697, 39.88701902994311], [21.524816338573174, 39.90012480778376], [21.512444429111838, 39.89389668282011], [21.46291922662142, 39.900485514670656], [21.441188074272418, 39.89218960672851], [21.432265559496702, 39.89575365662083], [21.4146056537542, 39.88119916700222], [21.42389914102541, 39.869592990964506], [21.420537480452722, 39.85067000854954], [21.38507971580762, 39.83283714745174], [21.358560181567828, 39.83881287905024], [21.338309364232117, 39.830600187025915], [21.322964952852782, 39.84684665658681], [21.32224165622834, 39.86101976862507], [21.295599849413335, 39.85745817420228], [21.262971437080132, 39.853154462385675], [21.264636372421364, 39.83629000710902], [21.247335198416906, 39.811860091099284], [21.225716022702347, 39.803665391834684], [21.227610868960735, 39.764238884294265], [21.23386461233676, 39.75531752909193], [21.227352957581505, 39.741530080080885], [21.247338628520907, 39.72392188051004], [21.2506707673706, 39.6983192916049], [21.239002398520466, 39.69498701766339], [21.22383017580298, 39.70863234527575], [21.20023048624541, 39.716931752522584], [21.184795742116407, 39.7113298236395], [21.162973527962663, 39.71566967635818], [21.159297282973586, 39.700969619735446], [21.144887410804795, 39.69801733373455], [21.140320136235847, 39.68676502781207], [21.12289679107326, 39.68370619520014], [21.12239513104065, 39.66967846494957], [21.154639945920234, 39.64774940205157], [21.149173467352647, 39.63073774938273], [21.1563772615397, 39.61642616732226], [21.180615511042163, 39.616455050322436], [21.195403656090477, 39.572393715720416], [21.19472365435328, 39.5546006658194], [21.203082654732228, 39.521616531767556], [21.188391468380114, 39.51440328768451], [21.181609372377586, 39.50108844231613], [21.195203358564743, 39.49538412792163], [21.21575032404549, 39.49887945506663], [21.215067456939924, 39.48057941744571], [21.202147199537915, 39.47648494427847], [21.199904617363895, 39.46465123656478], [21.224738517725157, 39.438900856523304], [21.262276037818374, 39.420589290284155], [21.271382643565314, 39.40986297211153], [21.276495899629197, 39.38942637629103], [21.27145614358992, 39.37859520234948], [21.305241828264357, 39.358486111824035], [21.381054246064604, 39.35656720854035], [21.381666032258174, 39.38442617357647], [21.402144473642483, 39.401828461336564], [21.43523561200342, 39.4154892651836], [21.455936743466438, 39.40339101400129], [21.477676718133033, 39.40112656471925], [21.487920508408752, 39.38735829623417], [21.515509590722548, 39.37609481649621], [21.53142339755629, 39.39202465107477], [21.56036763229917, 39.40732425834908], [21.56949503843483, 39.42629964068065], [21.592205145837507, 39.431662997001546], [21.58783121369778, 39.44546626136803], [21.597407915042965, 39.45587787833698], [21.619449183801624, 39.43322612164018], [21.6332790191436, 39.428702163923035], [21.645831334468653, 39.44288414014129], [21.680740564072604, 39.44831066341731], [21.702641752926617, 39.44615210647517], [21.725046916915417, 39.462748804814694], [21.730705063546917, 39.47267429607495], [21.756749647311192, 39.475608508732144], [21.749537359481742, 39.459178365239715], [21.800125637755503, 39.46217383781492], [21.821250630774493, 39.492203583830474], [21.843951620809612, 39.513022097372996], [21.8961416891325, 39.50437081928329], [21.906600495030993, 39.4930902556104], [21.925704007638487, 39.49712830676345], [21.939214265137718, 39.52621348259643], [21.96417911161088, 39.53551736005469], [21.995551149112714, 39.55525787030223], [22.015838247661154, 39.55334426522886], [22.04266926150472, 39.5334720447415], [22.083964521837324, 39.547494915855665], [22.099480378095773, 39.555775904528716], [22.129109852288508, 39.55061147772997], [22.142478337146613, 39.54397354688696], [22.16249223336187, 39.55180706924946], [22.177371008297925, 39.55122682543835], [22.187444476639303, 39.56353358333812], [22.19230571755569, 39.58077266581115], [22.21507191027863, 39.58587750188295], [22.22273049370973, 39.598718887099345], [22.213470012985788, 39.625705076845556], [22.19588233827475, 39.62968480521149], [22.166337393973066, 39.608890147440064], [22.14535529883165, 39.61875614078544], [22.145314060971906, 39.63929040335292], [22.136273686012704, 39.65766983408874], [22.106105718307383, 39.661723126039725], [22.08185577161898, 39.65115965653569], [22.07450599651421, 39.6662516359629], [22.06368823017635, 39.67009258614095], [22.05052166469759, 39.70378591406581], [22.03800359763162, 39.726152131399544], [22.018500342518603, 39.733751724810524], [21.999071940656933, 39.71639204287426], [21.97391748572815, 39.70363416157711], [21.961298455238836, 39.7101953712878], [21.95304522182084, 39.730381921036816], [21.9405913108783, 39.746631537998475], [21.94531971339211, 39.753468129279824], [21.926315448471087, 39.776559714586725], [21.928129827344254, 39.7912308193927], [21.95309295520856, 39.810058501595776], [21.966368764092994, 39.82988756551328], [22.022028347741525, 39.82662777607615], [21.98713503770875, 39.846845854284155], [21.917691959005722, 39.85204844142508]]]}, "properties": {"name": "Trikala", "codes": ["TK"], "id": "trikala"}}, {"type": "Feature", "geometry": {"type": "Polygon", "coordinates": [[[22.50489929254825, 39.13052337490395], [22.493311512623492, 39.131298598998434], [22.480267434789365, 39.143006417882766], [22.455807889340228, 39.13572164475897], [22.446136862629295, 39.1402437439358], [22.451327903469977, 39.16885936469141], [22.439811625679955, 39.18856609025321], [22.40898938106444, 39.19831592503511], [22.405645298852733, 39.21899851947153], [22.39010096778538, 39.22911359092919], [22.33314256409641, 39.231236574708404], [22.287505860821355, 39.23729971457018], [22.27791518475888, 39.26084628153467], [22.258201380837193, 39.27219522937045], [22.247592712790258, 39.24801950500345], [22.226499402767175, 39.23308403448749], [22.209845058106726, 39.20636916292415], [22.19144767632156, 39.19354658095043], [22.179101465361125, 39.17066289478767], [22.148967001022026, 39.1552638665695], [22.161312828554184, 39.13047847030164], [22.159124055649276, 39.12115044267526], [22.133930444192785, 39.112935307220496], [22.11867580659364, 39.099333344956165], [22.093379151914604, 39.09213682091407], [22.080559659223557, 39.107075070601695], [22.06194171907069, 39.083565314823645], [22.042630578623463, 39.07977611735858], [22.052039882298047, 39.05053691728083], [22.00920921694159, 39.03175206589762], [21.989024810967916, 39.03755183714699], [21.953088624473637, 39.02474235821445], [21.94474921491646, 39.03592163017211], [21.938509818161588, 39.065081710011135], [21.915846346006763, 39.05864310242471], [21.883293439000372, 39.02420310780272], [21.863094890522174, 39.01793128721843], [21.862358545313256, 38.997061877130164], [21.832675090525882, 38.943472690358284], [21.84772038532794, 38.941303307899595], [21.873012557567726, 38.92561579156293], [21.88495533543993, 38.90782343156408], [21.875673652013827, 38.88184624000142], [21.875169930479576, 38.86587423208138], [21.904354287767685, 38.83089047637082], [21.922012286403767, 38.82536284596007], [21.938190302342797, 38.80797189522338], [21.946001954026414, 38.784001776131284], [21.971173815509484, 38.76946592429051], [21.999425303127808, 38.76860999541686], [22.025580097228353, 38.76818787397161], [22.04349122165451, 38.75765653066952], [22.0589152837778, 38.75635540060322], [22.07155020616363, 38.73806532935454], [22.089257851088828, 38.74194054663134], [22.12046760553855, 38.734645758772594], [22.13236105574368, 38.71331330870947], [22.152863013177836, 38.72405915466424], [22.169859332057044, 38.7221763153207], [22.18654736605236, 38.74418382572137], [22.185581524196216, 38.75876108038082], [22.207288414726854, 38.75710560484432], [22.219293918864903, 38.76605082639217], [22.248911374913778, 38.77878257827847], [22.269044430814308, 38.79958429547935], [22.296811162014613, 38.8075968109227], [22.31520840396994, 38.789004907092796], [22.30327420822604, 38.77575935089276], [22.30852874550382, 38.76459058710452], [22.296341802863633, 38.74255313853446], [22.307225399332044, 38.71737008786664], [22.354722075541595, 38.724964416126994], [22.3749449582187, 38.73469309112598], [22.385115577639866, 38.72821329329825], [22.404615576471276, 38.73420390893513], [22.426506538812234, 38.73311599551028], [22.429544329759555, 38.72133152371124], [22.44778553458187, 38.704319333886865], [22.480771603615146, 38.68544610560222], [22.4937525590371, 38.684901077194795], [22.494236741521952, 38.66255331185037], [22.509546771276856, 38.65390167336122], [22.528058686859133, 38.65485474185175], [22.54389237164008, 38.66779911360943], [22.55361970982202, 38.653603701800144], [22.554623008835318, 38.63543691106833], [22.568169158692765, 38.62441852400567], [22.571058486164517, 38.57076334592709], [22.58212825530613, 38.5593729235434], [22.596436114158017, 38.54930974629704], [22.63591507331206, 38.512772095479356], [22.738894682104746, 38.560434030422996], [22.741747969988285, 38.57004200081742], [22.76156530626728, 38.574132575594476], [22.769092703442233, 38.58696760225437], [22.789296675941895, 38.58285097826471], [22.803522227278066, 38.59427560631664], [22.83107038745181, 38.58436952721085], [22.859281313570722, 38.58959746114726], [22.876834064459345, 38.55011445936491], [22.898721774960013, 38.557591120650926], [22.935398200163732, 38.5570541200447], [22.94831029395773, 38.564857599514504], [22.9691589098395, 38.553443766783204], [22.985307905831505, 38.55141799357744], [23.008031619756814, 38.54081657135501], [23.037317435151085, 38.53682334367429], [23.057442918925176, 38.54610119738565], [23.065801634161495, 38.579395585905914], [23.116424218496793, 38.58032214380784], [23.128337125200158, 38.56912323149106], [23.13160594246662, 38.5530003413543], [23.15025966253467, 38.556326015724466], [23.180845256352736, 38.53687748683741], [23.20311437881131, 38.53879080945451], [23.211986091426283, 38.526099445859636], [23.213566244870833, 38.50707587054062], [23.249615002803214, 38.50078203838516], [23.306864586380875, 38.514182916502854], [23.3393518400096, 38.5267135489311], [23.377964674928055, 38.526079747738564], [23.363477237181606, 38.535356254765304], [23.329515631076372, 38.53658157602885], [23.32627647495677, 38.55110814550016], [23.315494927938776, 38.56345492000888], [23.288578243933387, 38.571684441772085], [23.30655735821283, 38.58873453078608], [23.32287050395487, 38.591821977551135], [23.34000508173765, 38.60434712124618], [23.3357950166878, 38.62387884111859], [23.312932113765108, 38.642310991276396], [23.28534360339632, 38.64921990179869], [23.257315059422783, 38.64324179382086], [23.22937707995142, 38.65512772537565], [23.19619906257985, 38.680740781124086], [23.165982929523384, 38.67573504320438], [23.187807000358088, 38.66012730685248], [23.19032478366833, 38.64956509472943], [23.15062365220464, 38.64701262976946], [23.111459512181636, 38.62464322820886], [23.109820492590337, 38.64701565488076], [23.088006819908916, 38.639124686251535], [23.083030791437167, 38.6623807531093], [23.065738455339496, 38.67900539914584], [23.06046221021893, 38.698139649129324], [23.067211882090948, 38.71579313875084], [23.034631013676933, 38.75635948224561], [23.017941620737666, 38.74851570281275], [22.963388652016068, 38.74599005147487], [22.935758066513444, 38.75506850405799], [22.92528959636706, 38.76843564334124], [22.901147443720777, 38.776474505069416], [22.880987873752662, 38.767353024541165], [22.868152127571275, 38.75448745266175], [22.840729125655695, 38.77178164521855], [22.823886509831734, 38.790194518227175], [22.806757180021165, 38.780883481540535], [22.785776016040796, 38.783163458889234], [22.770898812929335, 38.77856540488908], [22.760523136803535, 38.78414187169368], [22.744008064563452, 38.8063762627795], [22.72342780062599, 38.82413937513343], [22.7143450873034, 38.825346373156336], [22.69896131657332, 38.84272058348654], [22.67130082951306, 38.840003249019524], [22.66219948069841, 38.83330328627751], [22.640103383969254, 38.83122789984498], [22.630805408429538, 38.83765226034921], [22.61017812971524, 38.821864667221156], [22.576823721763017, 38.82421141228101], [22.572699473339245, 38.835190513121226], [22.552607946271493, 38.842981022313246], [22.572655915559377, 38.86698956744095], [22.55829301022965, 38.86581291377685], [22.548619457913553, 38.88416538419833], [22.584915218724706, 38.8939462030546], [22.603948379619677, 38.90903429573853], [22.64511693486518, 38.90463544837442], [22.67078030206896, 38.88102441040632], [22.695071445564643, 38.8774597251526], [22.711223722489756, 38.887515169798036], [22.726274049424916, 38.87462336521367], [22.75541233240885, 38.86970214543417], [22.77332597905426, 38.88042561556332], [22.78517489403352, 38.876647700807965], [22.839447769799516, 38.89387021898418], [22.83800184831542, 38.910931797932385], [22.8561535392627, 38.92679028182561], [22.874669650186892, 38.9225638488479], [22.91679389107149, 38.9188893177985], [22.940995052996264, 38.92991567089001], [22.95458149986614, 38.94642028748572], [22.9713135802053, 38.952723520527684], [22.9905197038422, 38.9441955218145], [22.996837890226583, 38.969219697204274], [23.009618085350667, 38.9751049509551], [23.01939964933301, 39.00497992886787], [22.99978416399794, 39.00264184008779], [22.998439729770446, 38.9947787619577], [22.972570981203692, 38.978239319695994], [22.9309216797823, 38.97013595346374], [22.914477239428727, 38.976121764894955], [22.897110888206083, 38.97467675794871], [22.883801846226323, 38.98060730744445], [22.868786692593417, 39.00382942718891], [22.856142029963788, 38.999414180776576], [22.81450603300483, 39.00229904218467], [22.759160772939367, 38.999281753370056], [22.74395321481617, 39.01926923300516], [22.72889380220548, 39.013314239234994], [22.703004453550914, 39.02029743037896], [22.68559485631653, 39.0340178162016], [22.68856237806677, 39.04584973146751], [22.66531784070741, 39.05482405903405], [22.64660094840091, 39.04924803928626], [22.62854947397086, 39.05166344655221], [22.60306931141956, 39.039131947038776], [22.572288075049684, 39.03630985218955], [22.543664207661777, 39.03805909588054], [22.53254279913943, 39.04468652774549], [22.507463550711638, 39.04856212220222], [22.49812818874558, 39.107836670680015], [22.490845473852836, 39.11592056876792], [22.50489929254825, 39.13052337490395]]]}, "properties": {"name": "Phthiotis", "codes": ["MI"], "id": "phthiotis"}}, {"type": "Feature", "geometry": {"type": "Polygon", "coordinates": [[[23.377964674928055, 38.526079747738564], [23.3393518400096, 38.5267135489311], [23.306864586380875, 38.514182916502854], [23.249615002803214, 38.50078203838516], [23.213566244870833, 38.50707587054062], [23.211986091426283, 38.526099445859636], [23.20311437881131, 38.53879080945451], [23.180845256352736, 38.53687748683741], [23.15025966253467, 38.556326015724466], [23.13160594246662, 38.5530003413543], [23.128337125200158, 38.56912323149106], [23.116424218496793, 38.58032214380784], [23.065801634161495, 38.579395585905914], [23.057442918925176, 38.54610119738565], [23.037317435151085, 38.53682334367429], [23.008031619756814, 38.54081657135501], [22.985307905831505, 38.55141799357744], [22.9691589098395, 38.553443766783204], [22.94831029395773, 38.564857599514504], [22.935398200163732, 38.5570541200447], [22.898721774960013, 38.557591120650926], [22.876834064459345, 38.55011445936491], [22.859281313570722, 38.58959746114726], [22.83107038745181, 38.58436952721085], [22.803522227278066, 38.59427560631664], [22.789296675941895, 38.58285097826471], [22.769092703442233, 38.58696760225437], [22.76156530626728, 38.574132575594476], [22.741747969988285, 38.57004200081742], [22.738894682104746, 38.560434030422996], [22.63591507331206, 38.512772095479356], [22.596436114158017, 38.54930974629704], [22.58212825530613, 38.5593729235434], [22.56745736813049, 38.558161570302914], [22.496523653854773, 38.58064868860341], [22.48793596996405, 38.56297229083123], [22.513447899804166, 38.53926809204413], [22.524174866162408, 38.51447552844916], [22.525551824506, 38.499219220909275], [22.550695929933752, 38.47932707558667], [22.547624769431515, 38.46306547217319], [22.53818713713921, 38.455901140367274], [22.55903709352546, 38.43832711320503], [22.57760258900639, 38.428424237349006], [22.60330328692615, 38.43514447777783], [22.60468652487803, 38.41974974023987], [22.61308527587015, 38.40890398281108], [22.606998431696965, 38.38653010554084], [22.613496495569887, 38.36701135986351], [22.60493845838783, 38.35945730838178], [22.635991495662857, 38.34951330731319], [22.646957140145034, 38.358534934051896], [22.646068439002256, 38.368879127604906], [22.62784346174508, 38.373470451046146], [22.657248918708955, 38.386202040799105], [22.67815575879118, 38.3743549694678], [22.68877801213228, 38.349097183246606], [22.678263607629702, 38.3438784714411], [22.689590089099582, 38.31958364237243], [22.708436686334423, 38.3087712364711], [22.748944471082176, 38.29756694766564], [22.755272429459865, 38.28567546797843], [22.785797440275093, 38.28166964260211], [22.7984870313012, 38.26868788190625], [22.78412771422827, 38.264818017036], [22.764184842540164, 38.24885675210181], [22.780145712602057, 38.23293733172549], [22.79251346733287, 38.23351582708871], [22.8417971408573, 38.224901324985844], [22.860365878393857, 38.23260817003031], [22.893955806075127, 38.21968172017645], [22.90415012190219, 38.18678385675541], [22.927131244856437, 38.19172749304484], [22.939652351614967, 38.18313545796645], [22.9535227617602, 38.189126843633844], [22.960670191400705, 38.2007259468947], [22.94300844372285, 38.20821959925375], [22.93105064247176, 38.19850435326373], [22.917968212158684, 38.204332536216036], [22.92392966436344, 38.21659879719595], [22.94629734403693, 38.217937242133864], [22.955577224486138, 38.2106752588189], [22.97152031663284, 38.214330770995275], [23.006105497518924, 38.21117701315982], [23.025000979631454, 38.21324605932687], [23.03071180382047, 38.20466865191679], [23.05036219114273, 38.196745258430994], [23.0389109642005, 38.17880779750235], [23.072055702755897, 38.17054876049123], [23.108256321110588, 38.206292646701804], [23.14314136388395, 38.18268783410767], [23.126039150984877, 38.16815688201505], [23.150305478804, 38.17162947639209], [23.180824992720236, 38.18127903779995], [23.211960094467383, 38.182896759115664], [23.22188841786592, 38.19016605920855], [23.24045406740424, 38.18487703775665], [23.28450966702916, 38.18359140149154], [23.2930040863941, 38.19377956691416], [23.289198830729106, 38.23645952861423], [23.30930191789573, 38.24482290996986], [23.32127800467895, 38.261021757421425], [23.36133212267847, 38.25973112451368], [23.38470345680628, 38.269107288430924], [23.395734902678477, 38.26593292887033], [23.39110081146684, 38.23594145354366], [23.37021966337773, 38.227833374257294], [23.37454242552466, 38.21300341434371], [23.396455367771868, 38.212361162853625], [23.446119614167202, 38.205235053296754], [23.457722631946083, 38.20840927288458], [23.466657420983957, 38.16113446571976], [23.509344669035556, 38.15241850440145], [23.51577007975489, 38.135513011889934], [23.529174584669143, 38.12770295972721], [23.53893091156748, 38.135909301953944], [23.57316262074815, 38.144651214579184], [23.582242806314817, 38.15801002487714], [23.600336917909697, 38.15957900560679], [23.627618346922496, 38.17191808340989], [23.626195434817024, 38.19003042655144], [23.63981686416247, 38.20373396513549], [23.63449474066665, 38.21134115470151], [23.6320521487692, 38.240184724859155], [23.635138452805254, 38.272721564589496], [23.64863911842061, 38.295117087818], [23.665161278199225, 38.30032014873434], [23.659631345033752, 38.31322745811156], [23.665427946515187, 38.32208460791555], [23.6838823355667, 38.323459307104585], [23.69042654968261, 38.340302440207864], [23.67691462425461, 38.33999562630241], [23.655302530827356, 38.35234400892829], [23.620405254854855, 38.352060769421904], [23.589657256207353, 38.367319201886815], [23.532372635277927, 38.3688694642985], [23.502200737721925, 38.377633284623684], [23.482808405867225, 38.39625117185843], [23.44141390437039, 38.41474137608245], [23.43259676545308, 38.430002217740295], [23.457991101978383, 38.445001107491066], [23.43007434066066, 38.45942124569044], [23.415721560685366, 38.45594961258667], [23.3965822387042, 38.4703428985654], [23.348696836420938, 38.455342543806786], [23.318653525093705, 38.44213416382351], [23.32046161739581, 38.42662566346645], [23.28810909586717, 38.41185378287655], [23.286700415910115, 38.42721796699415], [23.272096716882757, 38.42887729114351], [23.270416146152353, 38.44309094732613], [23.29556113284722, 38.467366397170615], [23.298481442991683, 38.48749660412241], [23.32829747761333, 38.50122537082609], [23.33063918053345, 38.516860953825244], [23.37403365060376, 38.521904303977735], [23.377964674928055, 38.526079747738564]]]}, "properties": {"name": "Böotien", "codes": ["BI"], "id": "b-otien"}}, {"type": "Feature", "geometry": {"type": "MultiPolygon", "coordinates": [[[[24.257833996097602, 38.02344713329216], [24.24366699513148, 38.013337935823294], [24.229268361824285, 37.984624945352216], [24.249832802022134, 37.97555217567438], [24.27744472085215, 37.97786067812016], [24.284949439084247, 37.99710319268234], [24.279784474878, 38.01080606987343], [24.257833996097602, 38.02344713329216]]], [[[24.287624768389158, 38.03761823129759], [24.28002452474187, 38.034788541937644], [24.281271453890785, 38.01426344151325], [24.294134287845036, 38.010843157622006], [24.296216816341083, 38.034730837826025], [24.287624768389158, 38.03761823129759]]], [[[24.177344643107052, 38.18130906825435], [24.153980837329275, 38.179034809894894], [24.157527476460928, 38.16479924029946], [24.172276895896147, 38.17087103981117], [24.177344643107052, 38.18130906825435]]], [[[23.655302530827356, 38.35234400892829], [23.630924027408103, 38.37717065612651], [23.627104786223878, 38.395020778777635], [23.632788914660075, 38.40911576361959], [23.602471240044533, 38.42456283824581], [23.59197984303926, 38.44246092504516], [23.568808620753945, 38.44995713399643], [23.575901576138765, 38.462645011052516], [23.59203725067602, 38.47223708756793], [23.57461348264302, 38.489721586613676], [23.542897983960856, 38.5081758854534], [23.52295383103145, 38.49112673080896], [23.517693534050814, 38.480534077510654], [23.47741438614246, 38.48619209340802], [23.46340611811018, 38.4998540407558], [23.419320335291943, 38.49638143463639], [23.404130822589465, 38.5098501302666], [23.37220801953613, 38.51074676946818], [23.33962064397171, 38.4968874263652], [23.32829747761333, 38.50122537082609], [23.298481442991683, 38.48749660412241], [23.29556113284722, 38.467366397170615], [23.270416146152353, 38.44309094732613], [23.272096716882757, 38.42887729114351], [23.286700415910115, 38.42721796699415], [23.28810909586717, 38.41185378287655], [23.32046161739581, 38.42662566346645], [23.318653525093705, 38.44213416382351], [23.348696836420938, 38.455342543806786], [23.3965822387042, 38.4703428985654], [23.415721560685366, 38.45594961258667], [23.43007434066066, 38.45942124569044], [23.457991101978383, 38.445001107491066], [23.43259676545308, 38.430002217740295], [23.44141390437039, 38.41474137608245], [23.482808405867225, 38.39625117185843], [23.502200737721925, 38.377633284623684], [23.532372635277927, 38.3688694642985], [23.589657256207353, 38.367319201886815], [23.620405254854855, 38.352060769421904], [23.655302530827356, 38.35234400892829]]], [[[24.605174211968816, 38.765096458895385], [24.59769338887181, 38.7503649818983], [24.626539355483203, 38.74896132384054], [24.605174211968816, 38.765096458895385]]], [[[24.5079831301794, 38.83875996809984], [24.500106777959257, 38.83831634388419], [24.479169268171155, 38.80936000249257], [24.488071831431444, 38.8003296407756], [24.50358591792749, 38.8226033765575], [24.5079831301794, 38.83875996809984]]], [[[24.35548601007177, 38.84786646703153], [24.342252497682082, 38.83689391798114], [24.35520545401405, 38.82649199339188], [24.373561094613432, 38.83536516727289], [24.35548601007177, 38.84786646703153]]], [[[24.48762836729415, 38.97877536898809], [24.46286583800435, 38.96620634535136], [24.4494991170084, 38.949398427523846], [24.46730479077707, 38.92918816527108], [24.46915101566468, 38.91642968512545], [24.45487313120497, 38.90942126382011], [24.45378146169533, 38.896124691605095], [24.431210682461355, 38.88168380887034], [24.465435467220935, 38.86840473728901], [24.47793815010042, 38.87478840994592], [24.48877333438852, 38.85399921890415], [24.505011527694524, 38.856237074353764], [24.54267209673767, 38.83516159259352], [24.559995397793212, 38.84378490854842], [24.56764550592622, 38.83874662604106], [24.568262191601526, 38.80770807746786], [24.549200686778303, 38.80509577033943], [24.530540912574427, 38.78920452940215], [24.551172032793186, 38.771987091011404], [24.573906983660788, 38.786791780806915], [24.594936262245664, 38.79009297418987], [24.615614323997413, 38.76546548113239], [24.65075765885073, 38.768888727534645], [24.67209302808247, 38.77517518325151], [24.685684612820296, 38.79294801481579], [24.67891577287632, 38.81134391110234], [24.666283554408356, 38.82430301097315], [24.632699945113302, 38.84554945325431], [24.60202710790289, 38.856209877582785], [24.596112203185882, 38.868666954215634], [24.578656863640884, 38.88174017026072], [24.571740350056988, 38.91134054147566], [24.58255552293767, 38.92447967166249], [24.567457665840422, 38.93469176943405], [24.512485035696738, 38.96024079744087], [24.504966587639206, 38.97146558303529], [24.48762836729415, 38.97877536898809]]], [[[24.00512745584176, 38.67409215725714], [23.987153599697233, 38.676806371750224], [23.95482150634816, 38.66011747418201], [23.8933512658651, 38.67827243971193], [23.859539327318384, 38.67093716123152], [23.850913656944737, 38.67849640053733], [23.827685113619513, 38.683664290132164], [23.81049643185705, 38.694208518417064], [23.789875530301252, 38.699210862456376], [23.774421179344458, 38.697614027589424], [23.754832076338843, 38.706649433715164], [23.75294384670229, 38.720929053880624], [23.739168551872993, 38.728568103485415], [23.717608481282593, 38.75912168047396], [23.695389999527915, 38.76332840243666], [23.682810362234452, 38.75272427655623], [23.64821485342875, 38.75672558625374], [23.639042274336035, 38.752561275935], [23.585022375423332, 38.77518139030982], [23.55342373455854, 38.79872932619892], [23.538924205214865, 38.798916327068035], [23.515736737753976, 38.82227053588625], [23.471007885700278, 38.835017075782744], [23.45509667792813, 38.84997506215971], [23.438929457499658, 38.87286865362918], [23.438875980587884, 38.885853823844485], [23.426815819280744, 38.90392613162156], [23.424443463584346, 38.923189722936144], [23.432909186216257, 38.93805477172918], [23.42973113248709, 38.953628828715274], [23.387297630068275, 38.9602983970586], [23.371790994405373, 38.98450123636392], [23.37988537982109, 38.99763781624495], [23.37691270420095, 39.007245929599065], [23.35637808351374, 39.008774491080636], [23.338096058578735, 39.0154756303441], [23.31822129937664, 39.03839362367341], [23.27996475469649, 39.03847913233991], [23.255143094261047, 39.02332880292891], [23.236433894760864, 39.02360433215373], [23.212623572167452, 39.01395736747825], [23.202430337738882, 39.00399393087204], [23.18014959158989, 39.003578170290595], [23.153642755684654, 39.00900280469372], [23.129249417320715, 39.007642842913924], [23.119162171780484, 38.99722240383769], [23.09113562300379, 38.981373224711895], [23.093795543535812, 38.974590530484555], [23.082560741402883, 38.941756315426105], [23.06896794173783, 38.938693029308745], [23.049609517936602, 38.94369138426644], [23.034442914142012, 38.935781292046066], [23.023448278813536, 38.91955988889018], [22.992586790596963, 38.91204368210466], [22.98687237315032, 38.90673172346197], [22.942226568338103, 38.89754991343945], [22.907845519170458, 38.88498725705681], [22.90383080152773, 38.877812818060164], [22.87476552073621, 38.87756339536017], [22.85697807779936, 38.86861381166366], [22.833666087782422, 38.84790102852335], [22.83029393607646, 38.82765529261252], [22.886105445653815, 38.83929359248184], [22.908452108383273, 38.83562072686078], [22.959555014531947, 38.836014990324344], [22.993116625849325, 38.851979659970915], [22.991151222277452, 38.86529931207321], [22.980156080155837, 38.87348510870588], [22.95096980307394, 38.87418176069778], [22.964500893571223, 38.890621760241224], [22.99011293668989, 38.88124917615583], [23.033165017152772, 38.88174873283973], [23.041676188594117, 38.856290054780445], [23.082293436508998, 38.83857565124337], [23.118889590155565, 38.844651704699665], [23.129861215396122, 38.852249388704756], [23.196445562488726, 38.83475779646074], [23.225668757656987, 38.81312954546937], [23.233623047876204, 38.80055697705439], [23.252068094927928, 38.79437749068689], [23.278416408808003, 38.7772411167084], [23.282426017098267, 38.76738919494918], [23.29925016552367, 38.77062728250886], [23.32343852293498, 38.76248820700007], [23.334627544233307, 38.742727012486135], [23.35064793425753, 38.725226471563516], [23.376424985720234, 38.70891156180398], [23.39040052627092, 38.69586428498004], [23.410548305421614, 38.692912615802086], [23.439863726545486, 38.672933568066966], [23.44760070853763, 38.65084654829066], [23.464203353165413, 38.648058025793866], [23.490295266523248, 38.634882234402184], [23.508281335979706, 38.59023348094055], [23.527135206216137, 38.57800094018134], [23.55768023615523, 38.58280653380524], [23.57154156436776, 38.572548474975385], [23.59479282145783, 38.57367665171107], [23.625825422801135, 38.53528089413948], [23.63428839885528, 38.50465778965311], [23.62681814086904, 38.49766792191029], [23.62711924035454, 38.48110472485596], [23.617001056751945, 38.47005031528637], [23.604733977870712, 38.47475893367675], [23.58921184128993, 38.46159296042459], [23.60517866015704, 38.44970682016911], [23.62174387399117, 38.44695869790672], [23.620924516047, 38.43113976086877], [23.629616931287952, 38.42784207311045], [23.64816454484137, 38.39889803939541], [23.661993586650496, 38.39852416931387], [23.671774822517378, 38.409177344333116], [23.689364250502894, 38.412325472362305], [23.72309010395551, 38.40959819718463], [23.735908436772846, 38.39913756943562], [23.747703125635876, 38.401074138116805], [23.77516584570716, 38.39005400232448], [23.8017306214127, 38.38827245519854], [23.82479781994283, 38.405198120004556], [23.857244050594552, 38.399582447864205], [23.87241576731383, 38.38999289530676], [23.894251018893687, 38.383724072483666], [23.963678757660066, 38.38619944897217], [23.99484111872781, 38.4041573515807], [24.01669470380841, 38.38983582535089], [24.032621164224363, 38.3890033482429], [24.046303208028228, 38.39583002625806], [24.05572666226586, 38.38535369086103], [24.049695849187053, 38.3703419607334], [24.059387876892163, 38.341236723518875], [24.048244566321696, 38.33593357410376], [24.028377874096723, 38.33732796312813], [24.026706434269244, 38.32527885367882], [24.05033003745434, 38.32216183387004], [24.092708389020782, 38.32398352689778], [24.112066702400675, 38.31298056379036], [24.109420787422234, 38.30059104351671], [24.11573680743308, 38.28739984698147], [24.098385362265805, 38.28354935564278], [24.103341186074513, 38.26029302295942], [24.118318514026296, 38.25194235807536], [24.131824394793185, 38.27487364320094], [24.149822299984585, 38.281368021872495], [24.158904961832917, 38.26910819233375], [24.139160499475842, 38.2501260163919], [24.13904395222947, 38.24069009905388], [24.116063626792425, 38.22039189756412], [24.126136008003343, 38.20710606615284], [24.138457741342336, 38.22551376141424], [24.15939692274266, 38.228569470438515], [24.1836865481558, 38.216943900486086], [24.191972585707642, 38.189235141409924], [24.2073515143384, 38.17983593413595], [24.21093547212884, 38.161218580051035], [24.20536721673754, 38.15054851688603], [24.184468706760356, 38.14066030245331], [24.179674409472938, 38.125247107961016], [24.210401622666463, 38.12513301038377], [24.209392851895476, 38.091120983137344], [24.239010529999415, 38.08814436632638], [24.243265767496723, 38.09587753888401], [24.280093512857622, 38.08653950263239], [24.306503905841673, 38.06978206681316], [24.32068717116001, 38.041588443778856], [24.305925492125436, 38.03353431752122], [24.316989761060817, 38.01447000887664], [24.333652793707397, 38.00962009078442], [24.333452826985994, 38.00067995077263], [24.34885131675075, 37.97845471016834], [24.38581591343115, 37.96009726903788], [24.38659014268231, 37.994451672304926], [24.403515183419028, 38.01012215521335], [24.41705311572561, 38.014031534276064], [24.45049284940554, 38.00487739014885], [24.462525029652248, 37.995853953971675], [24.477095504977466, 37.96940625947076], [24.47241625978084, 37.958853087551304], [24.49386452079457, 37.949166332339146], [24.5107226792743, 37.94909436614154], [24.540122473198384, 37.97481183550446], [24.556906232308705, 37.97853697202993], [24.55631930908168, 37.98770574324503], [24.568744519088575, 38.001958573380264], [24.566753649646728, 38.01068350127006], [24.57976309450265, 38.02060617634077], [24.588196982784442, 38.06792587830511], [24.576776007460257, 38.07988816019624], [24.58205435026928, 38.09228151435495], [24.573899274965907, 38.10743573889991], [24.593187039666887, 38.15057310468968], [24.581803463259728, 38.15733534597235], [24.561220673823545, 38.14333090674504], [24.547265659388074, 38.14099040304112], [24.48771009989605, 38.147534511634554], [24.461538384823427, 38.14112417857965], [24.44523576755447, 38.147162431666885], [24.42513584527347, 38.145154994556904], [24.401431602298075, 38.155783099252986], [24.395517807649526, 38.16714996756103], [24.37459088480642, 38.16454184985154], [24.35005501893084, 38.15527150919594], [24.328240857506096, 38.168772236132725], [24.3201326258895, 38.18246665594455], [24.29839563021413, 38.18742672370095], [24.296722676355195, 38.194442712198516], [24.274412898631006, 38.1982191437623], [24.248043569798142, 38.227487342131944], [24.256215072826635, 38.24448533247685], [24.251946513039762, 38.26551158362746], [24.25638029480625, 38.28134579947756], [24.241576902848873, 38.294039621300456], [24.235599303294883, 38.31658269016155], [24.217228592226316, 38.326829133029754], [24.20590962259815, 38.34270222757106], [24.214808937538972, 38.34731859057568], [24.218788228614, 38.36491223472876], [24.212389062546354, 38.37969510257028], [24.19214047455063, 38.39058078154371], [24.184639691572183, 38.40430944860176], [24.204024686363983, 38.42014780265901], [24.18366928647684, 38.42900440092766], [24.19200592893742, 38.45306252175598], [24.186624739724586, 38.48362230149546], [24.202366884200952, 38.501692421265254], [24.229513643395013, 38.523397450402854], [24.196712286667065, 38.547402065479346], [24.15503631760582, 38.56922860775638], [24.13205913364894, 38.58530707704112], [24.122724379148014, 38.59659116821004], [24.121617682238377, 38.62807089957319], [24.14121961151328, 38.645865337031424], [24.15526855486365, 38.650903180042974], [24.127036683362803, 38.665716645571145], [24.106105428456864, 38.666584615359824], [24.077866961930088, 38.679737029820984], [24.06561966712876, 38.67732937880219], [24.047094901174844, 38.68689081068203], [24.031805150180922, 38.67694694191529], [24.009463599241116, 38.680005885007425], [24.00512745584176, 38.67409215725714]]]]}, "properties": {"name": "Euböa", "codes": ["XA"], "id": "eub-a"}}, {"type": "Feature", "geometry": {"type": "Polygon", "coordinates": [[[21.938509818161588, 39.065081710011135], [21.940056446480206, 39.08488051093585], [21.92794794243279, 39.10173204491409], [21.900760440223692, 39.10702364110916], [21.89653873411323, 39.12231643453187], [21.87334317676116, 39.12326641127379], [21.872912368600787, 39.133804030953605], [21.856718813159528, 39.15256169019433], [21.836111253263873, 39.15456995496529], [21.812963434552817, 39.13367877048779], [21.80908089013668, 39.118131099309664], [21.770403073669456, 39.10218047411214], [21.755898791599666, 39.11224323437385], [21.726711445566597, 39.11928514042606], [21.72296621026696, 39.149973130281914], [21.74241447503851, 39.17961563501044], [21.71935170557352, 39.183296024581146], [21.70177662071818, 39.18118992161847], [21.68832533671406, 39.20895220882061], [21.691501286579665, 39.222263683883895], [21.686677111464995, 39.25109103147971], [21.64708536399706, 39.244970515829216], [21.63452662353874, 39.256153112700915], [21.610093039090255, 39.24191966157378], [21.58303544556869, 39.24251129083154], [21.56760078941247, 39.233869451352845], [21.55991514436333, 39.218373358135885], [21.5395225225907, 39.216219344585234], [21.506816927450362, 39.23594829156093], [21.501442791686724, 39.22780212583234], [21.468138728612708, 39.21295100974542], [21.46103759850682, 39.20188988328868], [21.444815394614622, 39.20514319292772], [21.44736861272677, 39.18946075585787], [21.3963778651481, 39.1647413737096], [21.395615408487203, 39.13771185450042], [21.407060478870267, 39.1212859574294], [21.435623643557435, 39.10611289201977], [21.41226194757751, 39.06777060758952], [21.418713419556692, 39.05563204047798], [21.39424549046007, 39.0499250180037], [21.376618230942245, 39.031773820055044], [21.37426877471775, 39.01837783037451], [21.393867584528145, 39.007822857392064], [21.401640671638187, 39.012692248758306], [21.4219380045044, 39.00229471447005], [21.425833582182133, 38.9945421491144], [21.452261684068134, 38.98463457759623], [21.466202918104738, 38.98690726802213], [21.489324438719528, 38.971521831228245], [21.505181064121867, 38.97109353387313], [21.492625980483798, 38.933731865433955], [21.500950243152868, 38.92003229203327], [21.496887428504866, 38.90069527967164], [21.509896240365716, 38.88955397694368], [21.555876481102676, 38.8900977718519], [21.563192701853957, 38.88478247825827], [21.612111415821115, 38.88143693117962], [21.63556073038618, 38.86115982681955], [21.620007432497513, 38.85062614672521], [21.574179444258217, 38.848512363289295], [21.56551336098286, 38.83305310288559], [21.570288010346673, 38.81775014374461], [21.548848649056957, 38.80293195781953], [21.561966708879527, 38.78546619577763], [21.561461142244667, 38.768205884279844], [21.571321527230733, 38.74899908951855], [21.57144006659528, 38.73658183848327], [21.592903351504198, 38.72657220137855], [21.631088997419912, 38.719607613657246], [21.642920966802542, 38.714162452504794], [21.667701019415958, 38.715916194296916], [21.69353075550007, 38.70227161282331], [21.726910454872534, 38.70561613441026], [21.761621458822777, 38.714776637407226], [21.77257280433171, 38.70567022836423], [21.768749238816653, 38.69635341750347], [21.781136870886325, 38.68218928439792], [21.80581626134353, 38.68387315919811], [21.81918440860939, 38.6945151350073], [21.827421256056454, 38.7113486524133], [21.830612606936118, 38.73778826220441], [21.856184205370052, 38.73373198086557], [21.876084670865485, 38.737871680654784], [21.8885522991074, 38.72746529422362], [21.90194101278068, 38.72542152122768], [21.94371616510204, 38.743097494681884], [21.946001954026414, 38.784001776131284], [21.938190302342797, 38.80797189522338], [21.922012286403767, 38.82536284596007], [21.904354287767685, 38.83089047637082], [21.875169930479576, 38.86587423208138], [21.875673652013827, 38.88184624000142], [21.88495533543993, 38.90782343156408], [21.873012557567726, 38.92561579156293], [21.84772038532794, 38.941303307899595], [21.832675090525882, 38.943472690358284], [21.862358545313256, 38.997061877130164], [21.863094890522174, 39.01793128721843], [21.883293439000372, 39.02420310780272], [21.915846346006763, 39.05864310242471], [21.938509818161588, 39.065081710011135]]]}, "properties": {"name": "Evrytania", "codes": ["KH"], "id": "evrytania"}}, {"type": "Feature", "geometry": {"type": "Polygon", "coordinates": [[[22.58212825530613, 38.5593729235434], [22.571058486164517, 38.57076334592709], [22.568169158692765, 38.62441852400567], [22.554623008835318, 38.63543691106833], [22.55361970982202, 38.653603701800144], [22.54389237164008, 38.66779911360943], [22.528058686859133, 38.65485474185175], [22.509546771276856, 38.65390167336122], [22.494236741521952, 38.66255331185037], [22.4937525590371, 38.684901077194795], [22.480771603615146, 38.68544610560222], [22.44778553458187, 38.704319333886865], [22.429544329759555, 38.72133152371124], [22.426506538812234, 38.73311599551028], [22.404615576471276, 38.73420390893513], [22.385115577639866, 38.72821329329825], [22.3749449582187, 38.73469309112598], [22.354722075541595, 38.724964416126994], [22.307225399332044, 38.71737008786664], [22.296341802863633, 38.74255313853446], [22.30852874550382, 38.76459058710452], [22.30327420822604, 38.77575935089276], [22.31520840396994, 38.789004907092796], [22.296811162014613, 38.8075968109227], [22.269044430814308, 38.79958429547935], [22.248911374913778, 38.77878257827847], [22.219293918864903, 38.76605082639217], [22.207288414726854, 38.75710560484432], [22.185581524196216, 38.75876108038082], [22.18654736605236, 38.74418382572137], [22.169859332057044, 38.7221763153207], [22.152863013177836, 38.72405915466424], [22.13236105574368, 38.71331330870947], [22.12046760553855, 38.734645758772594], [22.089257851088828, 38.74194054663134], [22.07155020616363, 38.73806532935454], [22.0589152837778, 38.75635540060322], [22.04349122165451, 38.75765653066952], [22.025580097228353, 38.76818787397161], [21.999425303127808, 38.76860999541686], [22.024932002651457, 38.73567939332485], [22.02528051683841, 38.72417057621701], [22.008189018129197, 38.72038826184258], [21.990858047841478, 38.709467784932784], [21.999197543723195, 38.680654292422986], [21.982423615889758, 38.669889232325914], [21.98716365668258, 38.64632052478061], [22.000303684540675, 38.63788154632593], [21.996534651279877, 38.625724908044795], [21.978432496273822, 38.62054862948899], [21.967345653175823, 38.60247878077505], [21.986941622607127, 38.60143505031266], [22.0149665865297, 38.58759551781233], [21.994697936583712, 38.554666701128575], [21.991003620175093, 38.53242297912155], [22.000070923164728, 38.51440828283588], [21.972004463521454, 38.500507631157134], [21.936660829631894, 38.49140357401339], [21.923049895786107, 38.48080672293359], [21.89447672325601, 38.4739878830564], [21.88405856293441, 38.459717868709376], [21.8857338330394, 38.441614628268056], [21.879793416393156, 38.4345572621449], [21.880878413035692, 38.412622499912054], [21.850985165249025, 38.374137698744796], [21.878609747030563, 38.36838747857639], [21.896377466931686, 38.37143803562068], [21.912093060573834, 38.38254114300239], [21.935866342919034, 38.40642666460326], [21.96978118128083, 38.403441901575725], [21.995807729595665, 38.39787966141081], [22.002100698467725, 38.3899403217158], [22.05132571023532, 38.394905292236984], [22.065450577826226, 38.38149657347326], [22.096419744917284, 38.37055956413776], [22.12518039162357, 38.36711229328246], [22.136839164558527, 38.359025926148206], [22.13796790276356, 38.34700489376635], [22.1546273480216, 38.35032312400596], [22.17334485360147, 38.3296470632672], [22.187695246793883, 38.322192124992014], [22.19411129301705, 38.338322218169935], [22.208872460099116, 38.34358597341447], [22.22993056689682, 38.35980175425516], [22.251059622707174, 38.36280427096783], [22.27729552384072, 38.34130417019417], [22.28693077079985, 38.338444555661454], [22.305426084449703, 38.350662451868814], [22.32366131362873, 38.34424715107376], [22.349204807058005, 38.349863264745146], [22.371187578177782, 38.33237306453156], [22.39445493949406, 38.34707632848933], [22.38446361201048, 38.35553602993289], [22.402635770959645, 38.36371514913243], [22.3981653750168, 38.37264759506864], [22.37417525490848, 38.387871027678585], [22.384732670161323, 38.405571238814474], [22.410435711276453, 38.40933803352943], [22.406199686635343, 38.4292227337989], [22.432857113759496, 38.42632920085755], [22.453767974881384, 38.42821105569008], [22.464564203242354, 38.41224054236371], [22.504668396536292, 38.38154321124803], [22.515948878989036, 38.35877012499277], [22.53752293941008, 38.34486594769304], [22.51957771629909, 38.327077063749165], [22.533234750435746, 38.3189579484009], [22.559949224432362, 38.28070082225458], [22.582738052520725, 38.281753362323535], [22.591074635386256, 38.29430804808374], [22.588842632408202, 38.305581953350895], [22.60158579723446, 38.31312421357812], [22.586113552342326, 38.32661849996531], [22.597903262301813, 38.35447103080084], [22.60493845838783, 38.35945730838178], [22.613496495569887, 38.36701135986351], [22.606998431696965, 38.38653010554084], [22.61308527587015, 38.40890398281108], [22.60468652487803, 38.41974974023987], [22.60330328692615, 38.43514447777783], [22.57760258900639, 38.428424237349006], [22.55903709352546, 38.43832711320503], [22.53818713713921, 38.455901140367274], [22.547624769431515, 38.46306547217319], [22.550695929933752, 38.47932707558667], [22.525551824506, 38.499219220909275], [22.524174866162408, 38.51447552844916], [22.513447899804166, 38.53926809204413], [22.48793596996405, 38.56297229083123], [22.496523653854773, 38.58064868860341], [22.56745736813049, 38.558161570302914], [22.58212825530613, 38.5593729235434]]]}, "properties": {"name": "Phokis", "codes": ["AM"], "id": "phokis"}}, {"type": "Feature", "geometry": {"type": "MultiPolygon", "coordinates": [[[[20.22590694435623, 39.15658877087334], [20.228666515585093, 39.13997909329112], [20.243831163560806, 39.146495215920886], [20.22590694435623, 39.15658877087334]]], [[[20.12936733534389, 39.2444680406486], [20.123629583422932, 39.226029190932096], [20.137349056718975, 39.20742714661023], [20.16219802188358, 39.18188636189874], [20.177686136060185, 39.17667676917354], [20.209366849424946, 39.175020022749294], [20.206036576309018, 39.18570188584655], [20.186186809543482, 39.19975230869795], [20.168979329917523, 39.21790330607074], [20.169216184176236, 39.22472031861784], [20.12936733534389, 39.2444680406486]]], [[[19.84760717929881, 39.82202717438682], [19.822439825838217, 39.80126464553277], [19.789523155796783, 39.79067101134791], [19.77777612195375, 39.7983485184181], [19.761334239907733, 39.79364151705352], [19.74813506627418, 39.799533733080864], [19.719542739463417, 39.79051082663615], [19.698762042089836, 39.79808012319324], [19.678444265303575, 39.79521660348159], [19.654396895180426, 39.777341820261405], [19.64253118695394, 39.755517401095055], [19.65758664345141, 39.7256939575872], [19.68062508884501, 39.716198704200636], [19.673078084902244, 39.680588759536704], [19.698826922186427, 39.66963723260238], [19.709429314832388, 39.67571712903382], [19.723132294043484, 39.66637588512709], [19.740403499718738, 39.635870258332766], [19.742207095584256, 39.62374283992829], [19.777109368159834, 39.61200574845143], [19.77520983309312, 39.60170604329736], [19.811630542248807, 39.590040528419436], [19.830455525335125, 39.5745711681411], [19.85021425171275, 39.54327250724838], [19.84315725051305, 39.528124086630726], [19.85051305162908, 39.519246278078825], [19.852308594314316, 39.49183319925982], [19.865781086306743, 39.47312195956963], [19.869410883558803, 39.457589637078215], [19.899383322453495, 39.44213481524822], [19.91150440037529, 39.430403890626216], [19.934042268825014, 39.43140230322534], [19.982572707394787, 39.414916475999476], [19.998885781536703, 39.399078951996195], [20.02229861730973, 39.39424497765391], [20.057414315989647, 39.38052723151893], [20.08348210411883, 39.36636788211546], [20.11541002440396, 39.36351272607936], [20.122273590141596, 39.37948562030787], [20.09730323395175, 39.40699334446762], [20.096361335206865, 39.42007527469674], [20.07642898576176, 39.44604499162641], [20.058643301446697, 39.44454209784432], [20.03098793868993, 39.43434163419025], [20.0108581932576, 39.43659705032023], [20.00156361245326, 39.45678488283958], [19.969080825206486, 39.46024601690314], [19.938795792665918, 39.47134907969584], [19.923631685887617, 39.50429352535516], [19.923788587161464, 39.52656219393865], [19.912334811816365, 39.548080170950556], [19.909250075585085, 39.5674335802349], [19.914562788523824, 39.579355676933744], [19.910581099729644, 39.59234621675935], [19.92679803739056, 39.595969814895554], [19.925380301513222, 39.62188450571618], [19.903978953433835, 39.62639019508622], [19.88841517832031, 39.63530476094563], [19.867880122433192, 39.6385915422905], [19.84380522702897, 39.65351848284042], [19.85675818825528, 39.66583377615513], [19.84152900032651, 39.676005517328], [19.845355134356822, 39.70696965498405], [19.864680870920925, 39.711497219203295], [19.884087075307463, 39.72315710935869], [19.90410603656199, 39.72370416091134], [19.927349200329648, 39.732088203227775], [19.938567941896416, 39.74156891153734], [19.94617111186033, 39.762404792351354], [19.956630072004426, 39.77575685071409], [19.94477981661908, 39.78770792768731], [19.929855278739876, 39.783690305096066], [19.881864936325915, 39.80069063618892], [19.873971378016833, 39.81571963577804], [19.84760717929881, 39.82202717438682]]], [[[19.384232548260382, 39.86812695826249], [19.37382512541603, 39.858450138802674], [19.376145499858403, 39.84249646792394], [19.386954166874062, 39.83650279828106], [19.410153157277847, 39.839324869739265], [19.42193122297122, 39.86692720015645], [19.396471847683454, 39.860676704340115], [19.384232548260382, 39.86812695826249]]], [[[19.574057873114803, 39.900759457836536], [19.568393123510557, 39.89595911005617], [19.576376566004814, 39.87772294270948], [19.593531358787097, 39.87870139293711], [19.593726933597797, 39.89435080358589], [19.574057873114803, 39.900759457836536]]]]}, "properties": {"name": "Korfu", "codes": ["KY"], "id": "korfu"}}, {"type": "Feature", "geometry": {"type": "Polygon", "coordinates": [[[20.70414950499628, 37.92658641957773], [20.69294432946731, 37.928100618643974], [20.64525231296621, 37.89988390417586], [20.629203565977498, 37.88076693719135], [20.624962119616008, 37.86413147580316], [20.631261654503223, 37.83096898756021], [20.627329449551723, 37.81822539635771], [20.65272313443344, 37.7936073640135], [20.677089325659438, 37.790468858853565], [20.67274727197888, 37.768957934471864], [20.69071579824574, 37.75445471549616], [20.692183063868256, 37.74393687225539], [20.7112482636145, 37.7264158663118], [20.758171631179636, 37.70810292180655], [20.759157973414283, 37.698246477748484], [20.78640055002169, 37.673765564521155], [20.80202071571908, 37.67043346942607], [20.805312290935586, 37.654133936115706], [20.835421040379156, 37.644666004117745], [20.85888125728702, 37.65642082795463], [20.859241657114378, 37.664133913654425], [20.835675243263854, 37.68373058304159], [20.841264124402397, 37.69791789146621], [20.86318739492571, 37.714307001174696], [20.874455553400523, 37.728220474184724], [20.901289483029743, 37.735939254414355], [20.91982716843849, 37.73643455516207], [20.946495499247753, 37.720721740836574], [20.96068697729379, 37.71965617258286], [20.976370764720055, 37.707634860618235], [20.98859820145531, 37.708344502454565], [20.99048549856996, 37.72853939541302], [20.94977234818204, 37.744872444111614], [20.934993018234422, 37.76113015224718], [20.899670282133396, 37.77566635064153], [20.90461924258883, 37.80462817684505], [20.872203658742226, 37.81633084760899], [20.820619393044865, 37.838752041520394], [20.79018353358478, 37.84694423306167], [20.777355742528332, 37.84022379822535], [20.76275391610332, 37.84486825618466], [20.742095065272615, 37.85893834347971], [20.71493752164003, 37.88995009430907], [20.705863691174997, 37.90791312453992], [20.70414950499628, 37.92658641957773]]]}, "properties": {"name": "Zakynthos", "codes": ["ZA"], "id": "zakynthos"}}, {"type": "Feature", "geometry": {"type": "MultiPolygon", "coordinates": [[[[20.81879495113823, 38.50266887595615], [20.79780243013721, 38.48212350957908], [20.819222612833023, 38.476203222097276], [20.82453187432921, 38.489518501712865], [20.81879495113823, 38.50266887595615]]], [[[20.649364763096095, 38.50314642189139], [20.653022651695004, 38.47738742495064], [20.64641927485512, 38.46790147970462], [20.623667754660293, 38.47976916809918], [20.615077463716577, 38.46551269783592], [20.641841590882606, 38.42888898813906], [20.64117950727479, 38.42172613695328], [20.654404192506636, 38.394249952000024], [20.662960783970433, 38.388278095766154], [20.666199262870787, 38.36273143871075], [20.685724869692073, 38.34922282604182], [20.686971683693148, 38.331510702721644], [20.698228281922475, 38.31234229348955], [20.723544425635648, 38.300917869590144], [20.76568694896089, 38.32161109024583], [20.743798525070034, 38.32928409172543], [20.738355626447355, 38.34006955193081], [20.748530649086067, 38.35475770417465], [20.73540921274321, 38.38663560054084], [20.718037665846982, 38.38102401138322], [20.70652820624095, 38.387511572825815], [20.698670281604812, 38.37315548435584], [20.67461051610037, 38.36612362347137], [20.675675496709104, 38.38291917718649], [20.700459286997557, 38.41647517039671], [20.706200232503996, 38.43522193919488], [20.697559365026112, 38.453257225783794], [20.679832003827055, 38.454278157995546], [20.67178044617916, 38.48316548026797], [20.67850378185029, 38.489518445396655], [20.649364763096095, 38.50314642189139]]], [[[20.712395721561858, 38.56770709281456], [20.705091984343035, 38.56620428157638], [20.699465910830927, 38.54618159002584], [20.713117923414345, 38.53895372842398], [20.72162518513647, 38.561894366844015], [20.712395721561858, 38.56770709281456]]], [[[21.083419869872333, 38.43605582062254], [21.080051244764135, 38.424259504265464], [21.08658124986761, 38.406403085810865], [21.103551793222525, 38.394949394536624], [21.104220752601744, 38.41661595032065], [21.083419869872333, 38.43605582062254]]], [[[20.56374410878576, 38.475042926124104], [20.536990433842092, 38.46981305742481], [20.54214504656598, 38.44304838679834], [20.53483109569085, 38.43140040352873], [20.544679085276854, 38.423430795501964], [20.539297851718032, 38.41178607279531], [20.549181458805577, 38.38695319351529], [20.536644744603837, 38.386628095214355], [20.547995589526607, 38.361982720120594], [20.53383793684282, 38.34122339804398], [20.477179350104635, 38.309580179745964], [20.443165418225473, 38.33278485798257], [20.438900475193766, 38.35770730852144], [20.421515215937116, 38.35188953233554], [20.400816463939087, 38.331941662797114], [20.38639110716391, 38.29749159257158], [20.386255050469394, 38.27248958779791], [20.376714802558848, 38.26143919710504], [20.362799059259657, 38.261827895866595], [20.353992800919343, 38.25056429249575], [20.358537410138023, 38.225401546920224], [20.34962661568365, 38.20415333142135], [20.33779004476169, 38.189641371419995], [20.34036698861325, 38.178389499875856], [20.3680919218589, 38.169585500690346], [20.378300061500063, 38.15306461933534], [20.413217511042365, 38.16029021209898], [20.439076880917316, 38.16174470886531], [20.43938051386266, 38.22517326210873], [20.42969880569844, 38.24162537760377], [20.431840225472296, 38.25544634437264], [20.42194762265009, 38.26475664998622], [20.42628031340483, 38.2767978513673], [20.450319610038157, 38.278816676051385], [20.460575458249743, 38.24374184007536], [20.470787663491123, 38.230753258678966], [20.480150293903304, 38.20449569574939], [20.497614278724626, 38.18678528411026], [20.488026290435577, 38.18377798174433], [20.47904632756024, 38.16084325054604], [20.49597324779239, 38.13429726289917], [20.486980553479547, 38.12156946340775], [20.518343086010503, 38.10162204877319], [20.533278528951204, 38.10420823193362], [20.555311246296856, 38.09183025552873], [20.60852655351074, 38.118226404771114], [20.630622686041626, 38.11443948156905], [20.65574194652588, 38.09765344654615], [20.689359695730477, 38.08125489655047], [20.696742989221633, 38.07217446364508], [20.717177104814173, 38.06564835184916], [20.746954350700847, 38.06228779286953], [20.767493755389854, 38.068990328392864], [20.78203901741662, 38.06173193134152], [20.796294399706383, 38.06512183005422], [20.800503690829363, 38.0843634409977], [20.815297412784172, 38.11353252112309], [20.769731297624336, 38.155882983221375], [20.76569999329429, 38.16995237937074], [20.712510296010908, 38.22388851037219], [20.69069261560539, 38.266139327767185], [20.681006799638403, 38.27783829087087], [20.648356217410765, 38.252954697219906], [20.631724602232413, 38.25356807257189], [20.615912846672718, 38.27568862534472], [20.61229750641751, 38.289628789875685], [20.59776788111211, 38.301576793489936], [20.620422991852205, 38.31223206653561], [20.628683169074492, 38.325271428586376], [20.617406154522364, 38.37801645279448], [20.607865983002814, 38.40276641706439], [20.599842069236114, 38.41055130416769], [20.578051011455788, 38.46797616694491], [20.56374410878576, 38.475042926124104]]]]}, "properties": {"name": "Kefalonia und Ithaka", "codes": ["KE"], "id": "kefalonia-und-ithaka"}}, {"type": "Feature", "geometry": {"type": "MultiPolygon", "coordinates": [[[[20.93692339917138, 38.60470476403958], [20.931478337176863, 38.60307549658728], [20.904399032634892, 38.57053287484729], [20.923269409314997, 38.575643477706016], [20.93692339917138, 38.60470476403958]]], [[[20.953466312783004, 38.65346150777596], [20.926657160337037, 38.64666054195639], [20.903312359845625, 38.646729044134275], [20.884623665709213, 38.61929574546473], [20.876266303598065, 38.612865585821645], [20.869826304656726, 38.57897292669122], [20.877845264316477, 38.5790251389231], [20.900059660159116, 38.61113856069244], [20.927494979091946, 38.615033966021066], [20.934426095641168, 38.62618890335243], [20.951957444126002, 38.63277347548776], [20.961042844975605, 38.64404610916549], [20.953466312783004, 38.65346150777596]]], [[[20.78286766687666, 38.6777898382007], [20.76454275318174, 38.662951092088996], [20.74152556604322, 38.668509439588114], [20.737100892595166, 38.6338109305715], [20.751377034449927, 38.621758636672844], [20.75899690832589, 38.64006858183061], [20.786913170828562, 38.64351496739141], [20.807007541826138, 38.65951566787538], [20.78286766687666, 38.6777898382007]]], [[[20.71636014525683, 38.84293836783814], [20.709695663145954, 38.83617453964785], [20.681322514201142, 38.837470021322616], [20.674526957114672, 38.83277241399779], [20.646035581478298, 38.83209213681669], [20.631831846933697, 38.814999810107985], [20.622441651248554, 38.79323481644486], [20.607874882975764, 38.79047027345668], [20.588137225577757, 38.754763103849996], [20.582212435224736, 38.727358020887195], [20.567927665901788, 38.69571664577918], [20.556429759924672, 38.68091107345917], [20.559897288091253, 38.6523850740394], [20.558180759559118, 38.62785008843324], [20.550538279834235, 38.59424913406643], [20.55152067278222, 38.57766682303651], [20.569409597023228, 38.586354650578144], [20.59145330242806, 38.628861258170616], [20.60567998954056, 38.629491512533484], [20.613986478833574, 38.600923613862086], [20.641927786843194, 38.597630747099394], [20.662051687448624, 38.603459033872035], [20.684528931222893, 38.60457613471109], [20.692738467721814, 38.618294494532364], [20.724343010475263, 38.63179648819591], [20.72290500254868, 38.64603479640732], [20.71245782953137, 38.66485752722307], [20.72461332913221, 38.680729647854214], [20.721408833669567, 38.695125497097656], [20.71030457440547, 38.706884721847494], [20.72896915590827, 38.7231557739649], [20.73218025975047, 38.74011860544639], [20.721819354936617, 38.75091766187032], [20.7198066229021, 38.79786720253643], [20.726739795919993, 38.80649371222875], [20.71103759028258, 38.83332068353843], [20.71636014525683, 38.84293836783814]]]]}, "properties": {"name": "Lefkada", "codes": ["EY"], "id": "lefkada"}}, {"type": "Feature", "geometry": {"type": "Polygon", "coordinates": [[[22.373714053689383, 38.14193872368855], [22.35480559850559, 38.14919074347417], [22.334678343260144, 38.176735152961264], [22.318935790271745, 38.17166252434872], [22.297439523551542, 38.174461787693886], [22.26959041782873, 38.170909577595346], [22.23847350759859, 38.1818915282281], [22.213412936294777, 38.18177702971692], [22.20729542800064, 38.19334467103268], [22.18911179901035, 38.204248802082496], [22.174770675005643, 38.200770648403044], [22.15524164398373, 38.2133967346385], [22.149663759821205, 38.2273126430292], [22.12665324133322, 38.25468447642278], [22.110031153745567, 38.2657540926756], [22.087844623940473, 38.25513070676181], [22.076106114972987, 38.25538034583986], [22.067678278464886, 38.27119173176724], [22.043547161224016, 38.27528832065959], [22.025944822340634, 38.28802354267908], [22.02184005654995, 38.30705799186482], [22.010198659189918, 38.31365540567049], [21.991472614428307, 38.31103831346306], [21.960419689251395, 38.325947200811854], [21.928188833201297, 38.32781504014683], [21.917260309408718, 38.323962955988364], [21.889066029001278, 38.32422464220413], [21.863264134294067, 38.33757993335942], [21.84484778123849, 38.33562085310597], [21.824025232698254, 38.31605212670567], [21.814119678794082, 38.318976607788706], [21.77858735458255, 38.30703625603497], [21.767148488680718, 38.29244677180013], [21.738961534216074, 38.27164144764072], [21.73495420962895, 38.25115467750205], [21.725654905142434, 38.2437570970991], [21.718020213776224, 38.21572938574107], [21.708196420608243, 38.20456274109078], [21.6768719438064, 38.18204154487496], [21.66972979541133, 38.16671674543739], [21.64080824849975, 38.155884762335845], [21.627328824301305, 38.15482014781282], [21.605570498637377, 38.14289867449589], [21.545588119175, 38.15787014984786], [21.53309602836586, 38.15457170668016], [21.510267611016285, 38.16477628644536], [21.452581405421554, 38.199291960544315], [21.436810850571938, 38.198407895491336], [21.421856301020245, 38.189970918146805], [21.406640111989216, 38.192455866845336], [21.386720681832543, 38.21570205922879], [21.370057818481293, 38.21041910561409], [21.374464930254096, 38.19731773178412], [21.364291231483275, 38.18036652956616], [21.36822386362985, 38.14689129701026], [21.366094182662092, 38.12172262926352], [21.351082201917073, 38.10214325640887], [21.36241261758901, 38.08925680905141], [21.361309355068162, 38.07609887274903], [21.380400840294566, 38.06230797938933], [21.401038250767268, 38.05676256191214], [21.405818842746175, 38.04719637718027], [21.438231483392293, 38.025098800629785], [21.4467039284979, 38.0052003042535], [21.459294076563484, 37.990019527511194], [21.44053485999218, 37.97865925550478], [21.460985359433206, 37.95559222788675], [21.496067397522097, 37.94013706651927], [21.49713728353285, 37.91937602521651], [21.513942630516343, 37.91965550193951], [21.555765751491492, 37.91392415916162], [21.574721122513854, 37.9191367917778], [21.581004645277396, 37.90804360628127], [21.627751972972533, 37.89110056378804], [21.637883391288153, 37.893272131083336], [21.660128196566646, 37.851729602550456], [21.681267675574396, 37.83635297632372], [21.69191792465652, 37.84676972216216], [21.694574601420346, 37.86774317526311], [21.715691487641, 37.87927707626471], [21.727934677432472, 37.89264980304277], [21.767797338652176, 37.91668860955576], [21.81177818291208, 37.95192854248439], [21.83033401733474, 37.93098642717593], [21.83055365102378, 37.913961582944026], [21.851785411721885, 37.9083913629242], [21.881629078135678, 37.8810244267824], [21.88974154186371, 37.86589463523818], [21.891125286642502, 37.8461436980049], [21.902537746664805, 37.83279787342462], [21.92793474645494, 37.82430168979367], [21.94863555737412, 37.822333758517914], [21.969169480303865, 37.81312865812821], [21.987784760362196, 37.79873404736611], [22.0098781379037, 37.79241362183904], [22.04019887968816, 37.788636252568324], [22.05200736383946, 37.78136944113637], [22.077071442637305, 37.80879170742952], [22.103748342616196, 37.82281080878697], [22.12493948098701, 37.82483898770443], [22.137434452646477, 37.8082356719977], [22.174056242969236, 37.79552657338176], [22.20017414755864, 37.827388222123545], [22.235456369382426, 37.83879884810861], [22.264305238222317, 37.83915577843272], [22.247310997562234, 37.863774743066045], [22.222369080283663, 37.88741708498617], [22.2452344084971, 37.90719817359364], [22.247288580667554, 37.91969365426131], [22.240155348365334, 37.945882871818725], [22.242274880104468, 37.95402328453934], [22.266661671672274, 37.95325659847493], [22.28992020850845, 37.96216679929056], [22.30384860707248, 37.973784366696954], [22.300373868216237, 37.98707045634239], [22.32485972670573, 37.985641647970695], [22.340891986985586, 38.00655647022392], [22.362486172932652, 38.023156717585465], [22.359229429414253, 38.039937303558354], [22.371600235472336, 38.049807944476136], [22.377402561572374, 38.1095551880792], [22.373714053689383, 38.14193872368855]]]}, "properties": {"name": "Achaia", "codes": ["AA", "AX"], "id": "achaia"}}, {"type": "Feature", "geometry": {"type": "Polygon", "coordinates": [[[21.372894436213887, 39.174614205118175], [21.353303899816044, 39.17086217339056], [21.322992724160617, 39.15742480279607], [21.323636420797982, 39.14533710356064], [21.29196659858589, 39.12758866250927], [21.268309136969748, 39.1176880655034], [21.233124113253417, 39.13183967955611], [21.20172103988604, 39.123921859387046], [21.192341135324874, 39.13583634006075], [21.17843804394927, 39.126435047257495], [21.11835955216477, 39.12022706672389], [21.094647181317228, 39.100362607299466], [21.10855118465787, 39.08730750801685], [21.087843402671943, 39.08098174326984], [21.10861818160222, 39.0461484383312], [21.137394087939413, 39.01517896697874], [21.155585106080533, 38.98795769988131], [21.146862881789335, 38.964276178565356], [21.140483335072307, 38.962110916750156], [21.146452013048144, 38.9140678080616], [21.16465847261761, 38.90666480256314], [21.175775101945508, 38.875879948659104], [21.159494771781794, 38.871070325342124], [21.151778240470158, 38.89128787271596], [21.138690313325068, 38.89156225302911], [21.119831633166054, 38.90454874451259], [21.097594080912913, 38.91349310770588], [21.086769651789673, 38.90106118860925], [21.09150202988482, 38.87810722401282], [21.068482554424325, 38.87521587085387], [21.04860714365827, 38.882219295602226], [21.03431677280167, 38.893505457289166], [21.020075764609842, 38.89671910846715], [21.03118946499258, 38.915047222105926], [21.020133482205875, 38.92663896648794], [20.994100454857065, 38.92179090018363], [20.98843229245771, 38.93901360403264], [20.978827842895285, 38.94526951161396], [20.942821390223603, 38.93254781088846], [20.92279433138569, 38.93960640753538], [20.90742884736723, 38.92112864961478], [20.886201017647878, 38.92075304919467], [20.8667932078324, 38.94135836387436], [20.850213513198412, 38.93896588681831], [20.838699887744816, 38.92029500729595], [20.794571753572868, 38.919856277807966], [20.78007958965007, 38.93340207609848], [20.77252227172303, 38.951254941642304], [20.76110745701302, 38.945515401826206], [20.76015972100287, 38.932363909815166], [20.747202532216757, 38.92521092591871], [20.753726432421754, 38.90561034770494], [20.7635678103981, 38.89325406484804], [20.7970631004526, 38.86566672974617], [20.7556039039749, 38.86058455945824], [20.74128317896035, 38.853834549393774], [20.74176975028119, 38.83588536248898], [20.727017374358873, 38.81370823268283], [20.72904144721225, 38.79479321900583], [20.747782563872704, 38.790596409200205], [20.760788239251717, 38.77753532336546], [20.765073269314083, 38.757060609689674], [20.781039339752173, 38.75528572088619], [20.793089586955762, 38.76594113205475], [20.814149323803754, 38.76640052114117], [20.835090352555685, 38.78984299101912], [20.86306780713796, 38.796751024620804], [20.875377040896158, 38.79199120556217], [20.87873592071278, 38.76453231906949], [20.89214564201712, 38.73690865914342], [20.89473145510788, 38.70648253129451], [20.922386323312107, 38.67001649451889], [20.944351417626486, 38.66609741593001], [20.960716152307207, 38.67284848333784], [20.988520886139675, 38.66896468327296], [20.987882366486186, 38.64842555116528], [21.019888023539902, 38.61146150841299], [21.021363948378767, 38.57425503538481], [21.011843401532776, 38.546002472078186], [21.02672988435006, 38.50315517089919], [21.05124595492925, 38.511244271540264], [21.084051451062564, 38.53567100450264], [21.09693913716462, 38.53077505293839], [21.079780692770907, 38.489445312050535], [21.09307268257032, 38.4611981486719], [21.111449690709073, 38.44977847736889], [21.122095032762196, 38.40656038726809], [21.129480403045147, 38.39567780946551], [21.12547270059904, 38.38298405168135], [21.102983927812197, 38.367221808865494], [21.107985976292294, 38.356416707213874], [21.094837764795027, 38.34546006878475], [21.127352220396386, 38.338459311426284], [21.138326664978976, 38.31504124438945], [21.16050418730981, 38.299290918572076], [21.179687964538953, 38.299024242477934], [21.20040024646693, 38.30547625752569], [21.219727195421388, 38.32398307151946], [21.262190727817316, 38.3367586911002], [21.267723264755993, 38.36230483574822], [21.289248522162495, 38.36009280861589], [21.290655039132197, 38.37236085802174], [21.32128095817193, 38.38048030001373], [21.33503786679962, 38.38915532603524], [21.342715863284287, 38.418441040642726], [21.343777975449868, 38.43817894689616], [21.3338657090633, 38.45593750869484], [21.308785497272254, 38.468617238694875], [21.300535702630377, 38.48675331217523], [21.317273939414324, 38.4993644880219], [21.341818782565973, 38.47837283697391], [21.363694400946915, 38.446521761625476], [21.364014694369263, 38.40664167851223], [21.373693451989634, 38.39323588904698], [21.40367839314895, 38.385678044055354], [21.41361482342491, 38.39155619056289], [21.43309036439596, 38.36783726776471], [21.46282030355684, 38.363042593167705], [21.486829186545258, 38.327843116794874], [21.49178859805353, 38.3013778149606], [21.520673201306323, 38.29991079201189], [21.531706549043456, 38.31385745825128], [21.546592238327893, 38.32134223427192], [21.57919570373614, 38.32943567479211], [21.588373229456135, 38.34377129602467], [21.619354160321677, 38.34299000705858], [21.638948033223404, 38.35700126112928], [21.673227168433872, 38.3466128245112], [21.700460978453282, 38.350511256055064], [21.730035425627083, 38.336030915230616], [21.76106605562015, 38.330482380963375], [21.770728467826896, 38.33530706007329], [21.777814225593712, 38.359716535293614], [21.786836947602986, 38.373385334615385], [21.801946703771662, 38.37459781937244], [21.82460469108481, 38.3895009056114], [21.839268183508924, 38.39027682120663], [21.850985165249025, 38.374137698744796], [21.880878413035692, 38.412622499912054], [21.879793416393156, 38.4345572621449], [21.8857338330394, 38.441614628268056], [21.88405856293441, 38.459717868709376], [21.89447672325601, 38.4739878830564], [21.923049895786107, 38.48080672293359], [21.936660829631894, 38.49140357401339], [21.972004463521454, 38.500507631157134], [22.000070923164728, 38.51440828283588], [21.991003620175093, 38.53242297912155], [21.994697936583712, 38.554666701128575], [22.0149665865297, 38.58759551781233], [21.986941622607127, 38.60143505031266], [21.967345653175823, 38.60247878077505], [21.978432496273822, 38.62054862948899], [21.996534651279877, 38.625724908044795], [22.000303684540675, 38.63788154632593], [21.98716365668258, 38.64632052478061], [21.982423615889758, 38.669889232325914], [21.999197543723195, 38.680654292422986], [21.990858047841478, 38.709467784932784], [22.008189018129197, 38.72038826184258], [22.02528051683841, 38.72417057621701], [22.024932002651457, 38.73567939332485], [21.999425303127808, 38.76860999541686], [21.971173815509484, 38.76946592429051], [21.946001954026414, 38.784001776131284], [21.94371616510204, 38.743097494681884], [21.90194101278068, 38.72542152122768], [21.8885522991074, 38.72746529422362], [21.876084670865485, 38.737871680654784], [21.856184205370052, 38.73373198086557], [21.830612606936118, 38.73778826220441], [21.827421256056454, 38.7113486524133], [21.81918440860939, 38.6945151350073], [21.80581626134353, 38.68387315919811], [21.781136870886325, 38.68218928439792], [21.768749238816653, 38.69635341750347], [21.77257280433171, 38.70567022836423], [21.761621458822777, 38.714776637407226], [21.726910454872534, 38.70561613441026], [21.69353075550007, 38.70227161282331], [21.667701019415958, 38.715916194296916], [21.642920966802542, 38.714162452504794], [21.631088997419912, 38.719607613657246], [21.592903351504198, 38.72657220137855], [21.57144006659528, 38.73658183848327], [21.571321527230733, 38.74899908951855], [21.561461142244667, 38.768205884279844], [21.561966708879527, 38.78546619577763], [21.548848649056957, 38.80293195781953], [21.570288010346673, 38.81775014374461], [21.56551336098286, 38.83305310288559], [21.574179444258217, 38.848512363289295], [21.620007432497513, 38.85062614672521], [21.63556073038618, 38.86115982681955], [21.612111415821115, 38.88143693117962], [21.563192701853957, 38.88478247825827], [21.555876481102676, 38.8900977718519], [21.509896240365716, 38.88955397694368], [21.496887428504866, 38.90069527967164], [21.500950243152868, 38.92003229203327], [21.492625980483798, 38.933731865433955], [21.505181064121867, 38.97109353387313], [21.489324438719528, 38.971521831228245], [21.466202918104738, 38.98690726802213], [21.452261684068134, 38.98463457759623], [21.425833582182133, 38.9945421491144], [21.4219380045044, 39.00229471447005], [21.401640671638187, 39.012692248758306], [21.393867584528145, 39.007822857392064], [21.37426877471775, 39.01837783037451], [21.376618230942245, 39.031773820055044], [21.39424549046007, 39.0499250180037], [21.418713419556692, 39.05563204047798], [21.41226194757751, 39.06777060758952], [21.435623643557435, 39.10611289201977], [21.407060478870267, 39.1212859574294], [21.395615408487203, 39.13771185450042], [21.3963778651481, 39.1647413737096], [21.372894436213887, 39.174614205118175]]]}, "properties": {"name": "Ätolien-Akarnanien", "codes": ["AI", "ME"], "id": "tolien-akarnanien"}}, {"type": "Feature", "geometry": {"type": "Polygon", "coordinates": [[[21.351082201917073, 38.10214325640887], [21.3421948759674, 38.10055033902927], [21.334079604373756, 38.0750202202617], [21.305136200398078, 38.027974371177905], [21.28288144758724, 38.00695426263888], [21.255463077574912, 37.97354650939999], [21.235652321689567, 37.96422514578935], [21.204068618552185, 37.938790015476336], [21.166405339345452, 37.9273554258172], [21.152121140952843, 37.93116406309014], [21.1401936049513, 37.94346181171076], [21.125792350681984, 37.93740720893154], [21.123451744069765, 37.91857278327186], [21.11338982605146, 37.89647656517149], [21.106257479648637, 37.8687481615033], [21.109937560251012, 37.84293423137053], [21.140663193414618, 37.83227778796088], [21.16686918931777, 37.828190138154994], [21.21660046406057, 37.81420312674478], [21.256252984818257, 37.797338201640834], [21.275484661191076, 37.785530387082375], [21.303588445281587, 37.75775760111576], [21.3084141321492, 37.726069090007606], [21.32016008733774, 37.70476502790893], [21.30801597416532, 37.6761132054148], [21.318424811715527, 37.65393149158639], [21.335220662106575, 37.66300785675986], [21.36528566232213, 37.660737097456575], [21.40009434021946, 37.64804748632296], [21.445248121974316, 37.614206578568336], [21.53342012730703, 37.56725117969205], [21.569146503261855, 37.53726359621569], [21.609491325003507, 37.494075184619895], [21.653231110528967, 37.432159099858644], [21.680242108574316, 37.37743657229417], [21.703680946570355, 37.3942440343357], [21.749429832686715, 37.39354508154205], [21.786234722843815, 37.39813337671738], [21.810551112104527, 37.39142157237553], [21.820150185787313, 37.39709605366872], [21.848143686863185, 37.39128293522782], [21.876524413220597, 37.40134436304611], [21.9009553702005, 37.404919089109335], [21.885982727637384, 37.437826518503826], [21.90021770190682, 37.44793937156843], [21.912271267369388, 37.47052080897215], [21.94806877392725, 37.483834582522874], [21.965592264972067, 37.48344845731657], [21.99727148914876, 37.50445209397136], [21.963914832612215, 37.52426556720756], [21.95788150230183, 37.53374848672146], [21.90128628610103, 37.56686262312401], [21.890968333674515, 37.59058713811877], [21.877228521205765, 37.60452243488087], [21.834325415543347, 37.60274259809337], [21.80635092688308, 37.58663694565782], [21.797130710974518, 37.58592696825924], [21.791880903856573, 37.61101488820703], [21.79337141377087, 37.63313166292438], [21.812510950866084, 37.68731319830985], [21.80904660011807, 37.71270260530704], [21.796059302875847, 37.73980174743809], [21.795662181561855, 37.79550079935029], [21.811919120975222, 37.82043185505215], [21.839942031076035, 37.8375462493314], [21.8524803483097, 37.850693909818645], [21.88974154186371, 37.86589463523818], [21.881629078135678, 37.8810244267824], [21.851785411721885, 37.9083913629242], [21.83055365102378, 37.913961582944026], [21.83033401733474, 37.93098642717593], [21.81177818291208, 37.95192854248439], [21.767797338652176, 37.91668860955576], [21.727934677432472, 37.89264980304277], [21.715691487641, 37.87927707626471], [21.694574601420346, 37.86774317526311], [21.69191792465652, 37.84676972216216], [21.681267675574396, 37.83635297632372], [21.660128196566646, 37.851729602550456], [21.637883391288153, 37.893272131083336], [21.627751972972533, 37.89110056378804], [21.581004645277396, 37.90804360628127], [21.574721122513854, 37.9191367917778], [21.555765751491492, 37.91392415916162], [21.513942630516343, 37.91965550193951], [21.49713728353285, 37.91937602521651], [21.496067397522097, 37.94013706651927], [21.460985359433206, 37.95559222788675], [21.44053485999218, 37.97865925550478], [21.459294076563484, 37.990019527511194], [21.4467039284979, 38.0052003042535], [21.438231483392293, 38.025098800629785], [21.405818842746175, 38.04719637718027], [21.401038250767268, 38.05676256191214], [21.380400840294566, 38.06230797938933], [21.361309355068162, 38.07609887274903], [21.36241261758901, 38.08925680905141], [21.351082201917073, 38.10214325640887]]]}, "properties": {"name": "Ilia", "codes": ["HA"], "id": "ilia"}}, {"type": "Feature", "geometry": {"type": "Polygon", "coordinates": [[[22.264305238222317, 37.83915577843272], [22.235456369382426, 37.83879884810861], [22.20017414755864, 37.827388222123545], [22.174056242969236, 37.79552657338176], [22.137434452646477, 37.8082356719977], [22.12493948098701, 37.82483898770443], [22.103748342616196, 37.82281080878697], [22.077071442637305, 37.80879170742952], [22.05200736383946, 37.78136944113637], [22.04019887968816, 37.788636252568324], [22.0098781379037, 37.79241362183904], [21.987784760362196, 37.79873404736611], [21.969169480303865, 37.81312865812821], [21.94863555737412, 37.822333758517914], [21.92793474645494, 37.82430168979367], [21.902537746664805, 37.83279787342462], [21.891125286642502, 37.8461436980049], [21.88974154186371, 37.86589463523818], [21.8524803483097, 37.850693909818645], [21.839942031076035, 37.8375462493314], [21.811919120975222, 37.82043185505215], [21.795662181561855, 37.79550079935029], [21.796059302875847, 37.73980174743809], [21.80904660011807, 37.71270260530704], [21.812510950866084, 37.68731319830985], [21.79337141377087, 37.63313166292438], [21.791880903856573, 37.61101488820703], [21.797130710974518, 37.58592696825924], [21.80635092688308, 37.58663694565782], [21.834325415543347, 37.60274259809337], [21.877228521205765, 37.60452243488087], [21.890968333674515, 37.59058713811877], [21.90128628610103, 37.56686262312401], [21.95788150230183, 37.53374848672146], [21.963914832612215, 37.52426556720756], [21.99727148914876, 37.50445209397136], [21.965592264972067, 37.48344845731657], [21.94991223192414, 37.47551749420586], [21.96081254590102, 37.45511461321141], [21.974793501482065, 37.45558600863267], [21.993469951525526, 37.41642727692267], [21.973754002534136, 37.382266696419464], [21.95585118370006, 37.373950911168414], [21.9743706117816, 37.350967681934875], [22.002109121905246, 37.34146074704408], [22.017575580914194, 37.32748816172043], [22.025454457439114, 37.30757351190269], [22.018958457773472, 37.28394725457469], [22.027192794432175, 37.27151805348992], [22.04287847452122, 37.26201388003885], [22.062950867278882, 37.25986851366835], [22.07321160689465, 37.248704788604385], [22.077120005193258, 37.22977226789899], [22.105254120333782, 37.22882743783715], [22.11461675740509, 37.20916351354821], [22.137103555516124, 37.19356259772618], [22.13699373875288, 37.17931159915421], [22.174294375104935, 37.16665869460483], [22.185549582380116, 37.137420032672175], [22.19837143365513, 37.137232919142306], [22.219736321415343, 37.16627565300807], [22.251399639238105, 37.16916263642841], [22.248579383329872, 37.189848164221324], [22.23702559454215, 37.203512199040226], [22.23736697128862, 37.22127018415408], [22.229059226323105, 37.233334745528545], [22.221601084920028, 37.27137368227911], [22.2317925798034, 37.275728237591714], [22.255482468455163, 37.26981632362638], [22.280458871749538, 37.282999137749904], [22.296189759941864, 37.270512682137436], [22.297548554097474, 37.248758453409145], [22.320039312745834, 37.244357874888976], [22.340131556796564, 37.233522784024046], [22.336711142338388, 37.21941791474159], [22.361899517376443, 37.21238617805737], [22.382449190958326, 37.2183534460804], [22.385327615652564, 37.23575720980073], [22.4038325819561, 37.21382995172663], [22.41818597453946, 37.213431903418204], [22.42441997381736, 37.22615453660058], [22.419894701093725, 37.24037273696767], [22.431080486487595, 37.25148251046035], [22.430472587393005, 37.26504994870957], [22.409017786741135, 37.292165833612366], [22.401993973849937, 37.32487429940154], [22.420139683651286, 37.33566982421373], [22.435770569685094, 37.322100239817914], [22.445170166973522, 37.329704133335625], [22.46427239518621, 37.31804362481225], [22.484196446346942, 37.3128811493582], [22.492099297146602, 37.31893315680902], [22.516041869039743, 37.3214136955531], [22.54430096247683, 37.302624537627594], [22.553241163903664, 37.284189734030086], [22.603993739867683, 37.29669384739125], [22.61106955400821, 37.285798100475674], [22.608520957327222, 37.26694656071397], [22.608979473530493, 37.22983761084339], [22.63069204223812, 37.20483266926749], [22.63885143165379, 37.17702375137707], [22.634949766928038, 37.17036677083288], [22.650653640346547, 37.14425979528107], [22.679680735076666, 37.12056250820256], [22.687702132276307, 37.10551699595505], [22.706302445580185, 37.09377532918534], [22.684082893282724, 37.06762558924989], [22.705840553276193, 37.038932625774954], [22.715706914446642, 37.03319163046786], [22.73181038668503, 37.04022695563459], [22.736319122338084, 37.051310262733715], [22.75957067361445, 37.05689443350934], [22.778319854448604, 37.03913673431148], [22.793974404885763, 37.03336460837024], [22.80126082342943, 37.01744370938679], [22.857366130115174, 36.99887097180599], [22.877428784124863, 37.02203582868429], [22.90199528714148, 37.02870387530205], [22.918106324531898, 37.01638137354315], [22.954395061302332, 37.02304569069847], [22.962964059177644, 37.03599873373185], [22.98224261021242, 37.048294478066474], [22.977899616760578, 37.057688133366554], [22.984535056537062, 37.072816361689334], [22.970524742124894, 37.08450375524374], [22.9586419282716, 37.115137168460485], [22.937365269173505, 37.11823840908615], [22.914265453552424, 37.10905139109522], [22.897120943255764, 37.11965558147923], [22.891811634398085, 37.14442987682799], [22.90677380018948, 37.17990251402365], [22.902872930114032, 37.19888526332821], [22.893239180227475, 37.218715739622205], [22.873989492445123, 37.24133862282682], [22.85933369073956, 37.249067165318806], [22.8541102816939, 37.2613382035046], [22.861708167587818, 37.27082159874494], [22.840834217770507, 37.27718986453966], [22.83480379945665, 37.293616263788905], [22.8169199608073, 37.324066389310744], [22.80898516493301, 37.329683231654386], [22.79225110555578, 37.36173623708001], [22.773595140772866, 37.387565569880586], [22.757043398952685, 37.38864558123331], [22.7576018591087, 37.40682210334013], [22.7650467719771, 37.42539519399961], [22.7503433160446, 37.43900376310234], [22.746027184265653, 37.46469053707353], [22.72696680927347, 37.490210040427264], [22.738532091956568, 37.510135785590265], [22.735941587086128, 37.52304178343242], [22.71032474575296, 37.507970348129106], [22.694989126014317, 37.48395309538618], [22.69340448061841, 37.46118941912137], [22.676496029540385, 37.46797520453794], [22.649612493952986, 37.46526103411823], [22.641233025022874, 37.452045109727464], [22.597431388045116, 37.45186759919416], [22.57762673500609, 37.487859797025735], [22.542331432250045, 37.48719859979529], [22.5239311431509, 37.49666997687195], [22.516401744337333, 37.52281999562309], [22.537420746154375, 37.56407030690459], [22.523003718609797, 37.58003782171259], [22.507790407477867, 37.587636377866005], [22.501319923532, 37.599599548516444], [22.512568824109575, 37.61714495401116], [22.492874083498855, 37.6155614750722], [22.480470331980264, 37.63645603749113], [22.473697153031797, 37.66430786953811], [22.474643987768797, 37.67850259568803], [22.453994142950837, 37.69530834691988], [22.444695344969976, 37.69467219344247], [22.41166435510009, 37.67672413684209], [22.39878617568096, 37.709942961696946], [22.399896655366497, 37.73268544841595], [22.40908596843028, 37.74169197787996], [22.402600708276577, 37.758823288091065], [22.406756230356507, 37.76983257721112], [22.391522073794857, 37.803738082585426], [22.364014350778596, 37.803475454442456], [22.356918142362748, 37.7980733970109], [22.334405130996686, 37.79724801192441], [22.31928455740967, 37.81448383402161], [22.289518414006608, 37.83797716061886], [22.264305238222317, 37.83915577843272]]]}, "properties": {"name": "Arkadien", "codes": ["TR"], "id": "arkadien"}}, {"type": "Feature", "geometry": {"type": "Polygon", "coordinates": [[[23.119936180354077, 37.72967956538021], [23.10275227940523, 37.72178377794305], [23.088049324941224, 37.721527798804765], [23.069790836424062, 37.72987444828507], [23.046136274332877, 37.70254427033301], [23.025368966377297, 37.712022194835576], [23.005043624579507, 37.70732250182978], [22.98634419913926, 37.71645005966755], [22.95543372552798, 37.7092297045697], [22.946542771791478, 37.7403656829826], [22.916443828588104, 37.75549350650852], [22.89150285030532, 37.751684970049524], [22.870089455034098, 37.73859233197852], [22.829872229046718, 37.73346498787012], [22.80780453938054, 37.73745980275767], [22.788949775229575, 37.73372112438556], [22.758071725047728, 37.7445501758184], [22.7490951493452, 37.751146752228394], [22.74438597059344, 37.777617348449546], [22.72568330062188, 37.76969767523395], [22.72082723833175, 37.78081602845966], [22.703472444796088, 37.77297626761623], [22.68884032144784, 37.77324481310643], [22.677595326877245, 37.763520233072974], [22.65686256730056, 37.76823908180247], [22.64453990757608, 37.77857662249387], [22.61482546661947, 37.778610472636075], [22.57491519626353, 37.79253885197012], [22.55890648469171, 37.79154451085577], [22.54187018958033, 37.781144254357066], [22.531126888814008, 37.79302869035168], [22.535357160182674, 37.80743572690483], [22.550098131789817, 37.827757779679196], [22.550517928033, 37.84203580820999], [22.519558205517956, 37.83590064608936], [22.500229832742715, 37.85699714935561], [22.461223935476006, 37.8368914129003], [22.42730239962503, 37.80460824368276], [22.40638750913195, 37.800180004959046], [22.391522073794857, 37.803738082585426], [22.406756230356507, 37.76983257721112], [22.402600708276577, 37.758823288091065], [22.40908596843028, 37.74169197787996], [22.399896655366497, 37.73268544841595], [22.39878617568096, 37.709942961696946], [22.41166435510009, 37.67672413684209], [22.444695344969976, 37.69467219344247], [22.453994142950837, 37.69530834691988], [22.474643987768797, 37.67850259568803], [22.473697153031797, 37.66430786953811], [22.480470331980264, 37.63645603749113], [22.492874083498855, 37.6155614750722], [22.512568824109575, 37.61714495401116], [22.501319923532, 37.599599548516444], [22.507790407477867, 37.587636377866005], [22.523003718609797, 37.58003782171259], [22.537420746154375, 37.56407030690459], [22.516401744337333, 37.52281999562309], [22.5239311431509, 37.49666997687195], [22.542331432250045, 37.48719859979529], [22.57762673500609, 37.487859797025735], [22.597431388045116, 37.45186759919416], [22.641233025022874, 37.452045109727464], [22.649612493952986, 37.46526103411823], [22.676496029540385, 37.46797520453794], [22.69340448061841, 37.46118941912137], [22.694989126014317, 37.48395309538618], [22.71032474575296, 37.507970348129106], [22.735941587086128, 37.52304178343242], [22.723701601743965, 37.54147690197853], [22.71801044285752, 37.564596575018555], [22.74710286525018, 37.584638277793054], [22.763721195721924, 37.58913972940892], [22.786085397162463, 37.58714566685416], [22.80152046697421, 37.573243140772206], [22.79909982181512, 37.56276345074251], [22.840193509013424, 37.51962311274274], [22.85618417376825, 37.51301921583706], [22.86476263233543, 37.52543194826524], [22.898763602912535, 37.532919348530086], [22.916498803069402, 37.52772958920831], [22.931129385056394, 37.534244238949434], [22.9384979508551, 37.51993468247511], [22.975068495388015, 37.517463611235115], [22.98680128363555, 37.50342306956975], [22.99253404379042, 37.482948885286454], [23.004033652997187, 37.470238481373954], [23.016306143989095, 37.47070182088968], [23.042616305846042, 37.48050811135079], [23.063626174685584, 37.449373080327526], [23.073701043829217, 37.45364369987792], [23.103639245705352, 37.4536672553228], [23.123856236921565, 37.44713090433807], [23.131636603233833, 37.43839120725995], [23.134364329623462, 37.40912644990925], [23.110298278689616, 37.421701855647655], [23.110506737789862, 37.398250359868705], [23.085046295876754, 37.3870596365997], [23.065513610470358, 37.39286480297083], [23.073588474985606, 37.373035564633646], [23.065483896148898, 37.35255618787863], [23.10899289988979, 37.351071170551364], [23.124335866652004, 37.34192879364857], [23.11537266318488, 37.32810737016162], [23.136936671427396, 37.31107763997296], [23.143537323776687, 37.298317191411485], [23.180822469764752, 37.29477735173856], [23.20012620758095, 37.295873847052405], [23.191061385181595, 37.315200670947284], [23.179538754949778, 37.32093515095489], [23.19320224355825, 37.341048407382566], [23.245504197755373, 37.3461437154015], [23.267464776816077, 37.34287456797971], [23.265889659860754, 37.35612389691455], [23.248462296608857, 37.35328332696043], [23.23297271338778, 37.36263920207334], [23.224017246616217, 37.377696605327316], [23.25903025159223, 37.393992400803185], [23.2681588835462, 37.406361804824684], [23.29616217764984, 37.39361533253379], [23.31100916030043, 37.40295073308346], [23.344233034222395, 37.414586944306365], [23.388329700790422, 37.41123588540167], [23.411630915798757, 37.40404407370905], [23.42442650436702, 37.411705556006034], [23.424076164221376, 37.41867477079572], [23.447610318306246, 37.44091048242066], [23.45400105378919, 37.46282789182824], [23.423352846687376, 37.469078014907076], [23.41038644273828, 37.45816828598505], [23.38510912961194, 37.45888210287951], [23.363900825507717, 37.46414993771684], [23.343869442280525, 37.46191135024399], [23.310553686943464, 37.47162910404822], [23.31226821840458, 37.487573800263455], [23.30351449789993, 37.49717375170507], [23.287114754595216, 37.49304410126566], [23.271871571838812, 37.50155610017719], [23.251006693636015, 37.50183632025382], [23.225783093530488, 37.513305081116656], [23.220367297530913, 37.521719932637026], [23.17987974761292, 37.523329606594054], [23.165094177847255, 37.54541041153182], [23.174651161864627, 37.56515709139056], [23.18577310149483, 37.56754501275967], [23.18541381016615, 37.58788168766476], [23.2001054170265, 37.59679228280323], [23.155995735733942, 37.624350247819585], [23.169462730702563, 37.63993945929847], [23.168579099267458, 37.65251560231055], [23.150981388301407, 37.67485095764107], [23.173001442148152, 37.7028488649569], [23.137809611314875, 37.72545385133722], [23.119936180354077, 37.72967956538021]]]}, "properties": {"name": "Argolis", "codes": ["AP"], "id": "argolis"}}, {"type": "Feature", "geometry": {"type": "MultiPolygon", "coordinates": [[[[23.117228963602045, 38.06103366612225], [23.076500799405107, 38.05952405100166], [23.055156061447363, 38.05276629907845], [23.042529276505746, 38.06214523855084], [23.002294055607056, 38.0614771408564], [22.96845865995426, 38.079354052684394], [22.93802114692203, 38.07500034713176], [22.920450594777137, 38.06750420388552], [22.90925000520798, 38.0549997778181], [22.88642629379508, 38.05189280264762], [22.849476247031628, 38.028654591080695], [22.90771988084772, 38.01783645526967], [22.9547170432372, 37.98645858459029], [22.971669679571093, 37.98119149959532], [22.974346754120425, 37.97112984483537], [22.960550641760474, 37.951983251432615], [23.008899407257072, 37.91694482288527], [23.01341464030434, 37.92230923657323], [23.057118190538343, 37.91211366108631], [23.094039194357837, 37.91493622829725], [23.139445939833884, 37.921847279574884], [23.1657415223181, 37.94873229769121], [23.17956779678812, 37.95157734674222], [23.171496997737254, 37.96879111613266], [23.148027053446754, 37.973107115141495], [23.114247855086155, 37.98471167592848], [23.106128707477712, 37.99938900055551], [23.11515353124203, 38.014522840995994], [23.13112525709371, 38.020526644794835], [23.114523465067254, 38.03356507967056], [23.117228963602045, 38.06103366612225]]], [[[23.119936180354077, 37.72967956538021], [23.128067520535875, 37.73595445445456], [23.11701817926411, 37.755817920799416], [23.149676272203056, 37.75923063855378], [23.17958091754904, 37.77855913498064], [23.174712306448622, 37.79074669896053], [23.179269043610805, 37.80377518125323], [23.133662064509416, 37.838715992622596], [23.116205830981663, 37.84682401409292], [23.097209052250452, 37.848293204995095], [23.063776604327405, 37.839235664124935], [23.04664514958081, 37.847480117809205], [23.015825872863015, 37.8431708352599], [23.004302601808025, 37.84916658926639], [22.9918799542505, 37.881254312892956], [23.01586801616021, 37.89956379171406], [23.00940290517182, 37.91595767044985], [22.95966462048645, 37.95097502539849], [22.937986278424148, 37.93963280167715], [22.925851207001575, 37.943425081222756], [22.895980788753022, 37.931846865514046], [22.874041030338052, 37.93313505156763], [22.845631640005013, 37.943873044644285], [22.83381932182721, 37.95298532981311], [22.798437881082354, 37.965796445230495], [22.785395186729243, 37.9780996094811], [22.774488759255274, 37.999462948688766], [22.7402003706617, 38.019729793092196], [22.724298811986074, 38.0366996676273], [22.71384468890936, 38.03880276980918], [22.66063664248401, 38.06169432487991], [22.64009941236492, 38.07765329343592], [22.60920572431473, 38.084050788768835], [22.56983453058146, 38.1024313733091], [22.547450091131818, 38.10473418649569], [22.490735146008202, 38.13618281468634], [22.452357019608296, 38.13076290046787], [22.432167113565836, 38.136533064457176], [22.415894221449086, 38.13052010579086], [22.373714053689383, 38.14193872368855], [22.377402561572374, 38.1095551880792], [22.371600235472336, 38.049807944476136], [22.359229429414253, 38.039937303558354], [22.362486172932652, 38.023156717585465], [22.340891986985586, 38.00655647022392], [22.32485972670573, 37.985641647970695], [22.300373868216237, 37.98707045634239], [22.30384860707248, 37.973784366696954], [22.28992020850845, 37.96216679929056], [22.266661671672274, 37.95325659847493], [22.242274880104468, 37.95402328453934], [22.240155348365334, 37.945882871818725], [22.247288580667554, 37.91969365426131], [22.2452344084971, 37.90719817359364], [22.222369080283663, 37.88741708498617], [22.247310997562234, 37.863774743066045], [22.264305238222317, 37.83915577843272], [22.289518414006608, 37.83797716061886], [22.31928455740967, 37.81448383402161], [22.334405130996686, 37.79724801192441], [22.356918142362748, 37.7980733970109], [22.364014350778596, 37.803475454442456], [22.391522073794857, 37.803738082585426], [22.40638750913195, 37.800180004959046], [22.42730239962503, 37.80460824368276], [22.461223935476006, 37.8368914129003], [22.500229832742715, 37.85699714935561], [22.519558205517956, 37.83590064608936], [22.550517928033, 37.84203580820999], [22.550098131789817, 37.827757779679196], [22.535357160182674, 37.80743572690483], [22.531126888814008, 37.79302869035168], [22.54187018958033, 37.781144254357066], [22.55890648469171, 37.79154451085577], [22.57491519626353, 37.79253885197012], [22.61482546661947, 37.778610472636075], [22.64453990757608, 37.77857662249387], [22.65686256730056, 37.76823908180247], [22.677595326877245, 37.763520233072974], [22.68884032144784, 37.77324481310643], [22.703472444796088, 37.77297626761623], [22.72082723833175, 37.78081602845966], [22.72568330062188, 37.76969767523395], [22.74438597059344, 37.777617348449546], [22.7490951493452, 37.751146752228394], [22.758071725047728, 37.7445501758184], [22.788949775229575, 37.73372112438556], [22.80780453938054, 37.73745980275767], [22.829872229046718, 37.73346498787012], [22.870089455034098, 37.73859233197852], [22.89150285030532, 37.751684970049524], [22.916443828588104, 37.75549350650852], [22.946542771791478, 37.7403656829826], [22.95543372552798, 37.7092297045697], [22.98634419913926, 37.71645005966755], [23.005043624579507, 37.70732250182978], [23.025368966377297, 37.712022194835576], [23.046136274332877, 37.70254427033301], [23.069790836424062, 37.72987444828507], [23.088049324941224, 37.721527798804765], [23.10275227940523, 37.72178377794305], [23.119936180354077, 37.72967956538021]]]]}, "properties": {"name": "Korinthia", "codes": ["KR"], "id": "korinthia"}}, {"type": "Feature", "geometry": {"type": "MultiPolygon", "coordinates": [[[[22.979977274741213, 36.51118626519779], [22.949972142178826, 36.50123511930203], [22.94168048071235, 36.48900101086383], [22.92702047893794, 36.48127067658621], [22.930528148828827, 36.463038319842234], [22.948543972719357, 36.4740521609386], [22.981034911426413, 36.47734494789149], [22.984825199181255, 36.49464952791017], [22.979977274741213, 36.51118626519779]]], [[[22.98224261021242, 37.048294478066474], [22.962964059177644, 37.03599873373185], [22.954395061302332, 37.02304569069847], [22.918106324531898, 37.01638137354315], [22.90199528714148, 37.02870387530205], [22.877428784124863, 37.02203582868429], [22.857366130115174, 36.99887097180599], [22.80126082342943, 37.01744370938679], [22.793974404885763, 37.03336460837024], [22.778319854448604, 37.03913673431148], [22.75957067361445, 37.05689443350934], [22.736319122338084, 37.051310262733715], [22.73181038668503, 37.04022695563459], [22.715706914446642, 37.03319163046786], [22.705840553276193, 37.038932625774954], [22.684082893282724, 37.06762558924989], [22.706302445580185, 37.09377532918534], [22.687702132276307, 37.10551699595505], [22.679680735076666, 37.12056250820256], [22.650653640346547, 37.14425979528107], [22.634949766928038, 37.17036677083288], [22.63885143165379, 37.17702375137707], [22.63069204223812, 37.20483266926749], [22.608979473530493, 37.22983761084339], [22.608520957327222, 37.26694656071397], [22.61106955400821, 37.285798100475674], [22.603993739867683, 37.29669384739125], [22.553241163903664, 37.284189734030086], [22.54430096247683, 37.302624537627594], [22.516041869039743, 37.3214136955531], [22.492099297146602, 37.31893315680902], [22.484196446346942, 37.3128811493582], [22.46427239518621, 37.31804362481225], [22.445170166973522, 37.329704133335625], [22.435770569685094, 37.322100239817914], [22.420139683651286, 37.33566982421373], [22.401993973849937, 37.32487429940154], [22.409017786741135, 37.292165833612366], [22.430472587393005, 37.26504994870957], [22.431080486487595, 37.25148251046035], [22.419894701093725, 37.24037273696767], [22.42441997381736, 37.22615453660058], [22.41818597453946, 37.213431903418204], [22.4038325819561, 37.21382995172663], [22.385327615652564, 37.23575720980073], [22.382449190958326, 37.2183534460804], [22.361899517376443, 37.21238617805737], [22.336711142338388, 37.21941791474159], [22.340131556796564, 37.233522784024046], [22.320039312745834, 37.244357874888976], [22.297548554097474, 37.248758453409145], [22.296189759941864, 37.270512682137436], [22.280458871749538, 37.282999137749904], [22.255482468455163, 37.26981632362638], [22.2317925798034, 37.275728237591714], [22.221601084920028, 37.27137368227911], [22.229059226323105, 37.233334745528545], [22.23736697128862, 37.22127018415408], [22.23702559454215, 37.203512199040226], [22.248579383329872, 37.189848164221324], [22.251399639238105, 37.16916263642841], [22.266070893570173, 37.149198406728914], [22.278816377526095, 37.12251976552263], [22.27926901050055, 37.11296376578544], [22.2983204909253, 37.11072188169978], [22.301257520272845, 37.08914316960418], [22.29196899204446, 37.0692496376943], [22.27443525714296, 37.05945602537737], [22.27430886995399, 37.04356286643281], [22.315592318699174, 37.04291915567157], [22.326761347324165, 37.01314741252199], [22.336608662078227, 37.01089277643521], [22.350314077886708, 36.99194252027481], [22.354071966725435, 36.97042312261969], [22.344651306509128, 36.93687889183194], [22.362840801368353, 36.91559409831767], [22.36363190071754, 36.89735161443519], [22.355882043650816, 36.89012859478774], [22.362470331372045, 36.87402804289537], [22.402251591958592, 36.82183748942723], [22.394707322213417, 36.81636520506688], [22.397457001109373, 36.79121613280683], [22.382066152061814, 36.784332051217184], [22.365678095478376, 36.746810307933586], [22.331425258017514, 36.73783859754715], [22.34043797678336, 36.70989815475497], [22.35501109473038, 36.693857638253746], [22.38831905160203, 36.694178040876835], [22.36169260500292, 36.667458180669314], [22.36918956669587, 36.65011027124001], [22.363068080350786, 36.63891219301555], [22.366767737966423, 36.62123265574148], [22.36480070783011, 36.60058183291791], [22.383687279743242, 36.597098725816316], [22.371806942568575, 36.57737669880737], [22.386769647220355, 36.56018313776119], [22.385582178678746, 36.538091703666026], [22.36662191701667, 36.533822238273125], [22.34716352766962, 36.51421904414175], [22.370351551665035, 36.47651673489723], [22.393947958522425, 36.46575830659], [22.40138875040923, 36.47889269414616], [22.420996913969123, 36.46320771425023], [22.458768660834437, 36.451568351544125], [22.466756312953777, 36.43226348218048], [22.46989716885918, 36.40432332974677], [22.480214984929138, 36.397541084186585], [22.496073234901726, 36.40313245288298], [22.49649442944797, 36.4247451787043], [22.482267833624203, 36.433642582942774], [22.500204171882945, 36.440350589761046], [22.502341112910845, 36.495364596947816], [22.48666171610488, 36.5046677157649], [22.472220921213975, 36.53125575368231], [22.482021831883497, 36.55464646507188], [22.47246927042923, 36.589859750645594], [22.476133014779844, 36.61311788455723], [22.494874515602994, 36.6194946961026], [22.511657531087042, 36.603056500811], [22.528883844354834, 36.61664737393343], [22.49993760072052, 36.65533530757701], [22.511135420076393, 36.669141087160355], [22.533503110241647, 36.66226150320065], [22.54042543099866, 36.64762657015966], [22.55120691084432, 36.65043538897551], [22.546627701499176, 36.67265336061226], [22.524037087274746, 36.677152917820074], [22.520513277233604, 36.69105385142758], [22.524759400426984, 36.71035140584178], [22.535620583787782, 36.72040991549745], [22.575997635919176, 36.73529523684183], [22.56315326578121, 36.77006992426795], [22.58215347594377, 36.78882155261202], [22.613929856427134, 36.796839956532374], [22.620812699334994, 36.80590688546559], [22.643688385349293, 36.807035340927584], [22.681400520848882, 36.8037096701031], [22.736384273428836, 36.80583901810447], [22.76361403421836, 36.803817633551475], [22.784527659373463, 36.79799376714298], [22.794071389076304, 36.78014376186498], [22.79452871226455, 36.76086708463634], [22.80285372244534, 36.742868645678804], [22.811760346728942, 36.73691838025112], [22.820426134908608, 36.71491063809399], [22.82012956015274, 36.702819541901796], [22.803921580646648, 36.68159139390552], [22.806738825002217, 36.671487564116454], [22.827073644345568, 36.66685789736287], [22.831664595385607, 36.68854645972847], [22.846186185928424, 36.68547896402298], [22.853336812348054, 36.67213467376466], [22.87995220314619, 36.65367406851685], [22.884123708691437, 36.639677747697824], [22.87578524652514, 36.62501397003414], [22.884699959865422, 36.60992638726434], [22.89728075009548, 36.608411848026], [22.927096966544642, 36.59198909987656], [22.9444474714936, 36.57312325823677], [22.93662069637619, 36.56099216695983], [22.95208482400725, 36.55297085417116], [22.96778921083172, 36.52027641709783], [22.990309030685225, 36.5210010435833], [23.009176242882052, 36.5276769077115], [23.033353624288637, 36.5271901909379], [23.06498109201145, 36.50495947726452], [23.06802204365513, 36.47792079770971], [23.0840045892981, 36.44431991409893], [23.09990364697147, 36.44179948368572], [23.128940373916535, 36.42778930284155], [23.150906265491546, 36.44123558386474], [23.196800167811467, 36.43466573255631], [23.201579945092636, 36.44931107967522], [23.195137511843907, 36.45846307526789], [23.177965413215958, 36.46544080131415], [23.161774120539302, 36.484025102254776], [23.14161951771875, 36.487136192212034], [23.12958518642154, 36.496072887587324], [23.141913082554414, 36.51245202012403], [23.1381240541065, 36.527939215421874], [23.147474991203424, 36.5339832420465], [23.12857368854915, 36.55812343087956], [23.099676952998554, 36.56428215195138], [23.06633575124385, 36.58612973345379], [23.054166520529616, 36.60954399025349], [23.031933507206148, 36.62767410312656], [23.026099726425382, 36.65673457313723], [23.041291679950834, 36.68729988072844], [23.03733027128216, 36.70319652268549], [23.02409079661143, 36.71286941967059], [23.03557830145253, 36.734092904957485], [23.06903222192333, 36.73441338187789], [23.086462247309917, 36.72902257771406], [23.08338905227396, 36.75767392353445], [23.109334880768497, 36.770887819656465], [23.091062193568266, 36.792131779028196], [23.083970054074328, 36.80723954054407], [23.08645381713148, 36.82106862917692], [23.05454395659775, 36.838442155616995], [23.044196545543212, 36.851367013204566], [23.05018757892761, 36.865594460355304], [23.036840902436396, 36.883984238711534], [23.03333954633029, 36.90605860295488], [23.01080318579727, 36.940361167202084], [23.0129714040138, 36.95343162054773], [22.99019566739462, 36.974360059659745], [23.00654104285198, 36.98740606837203], [22.999001166112574, 37.002955004317144], [23.00375581272253, 37.020455116276665], [22.98224261021242, 37.048294478066474]]]]}, "properties": {"name": "Lakonien", "codes": ["AK"], "id": "lakonien"}}, {"type": "Feature", "geometry": {"type": "MultiPolygon", "coordinates": [[[[21.77219579151526, 36.746376074546355], [21.757928728492793, 36.75627444245655], [21.750550298473087, 36.71317109302208], [21.774027492529445, 36.71184608242193], [21.781804158951324, 36.73570417103138], [21.77219579151526, 36.746376074546355]]], [[[21.704049505184685, 36.7955512025157], [21.694005022766486, 36.78360432608141], [21.697061966147093, 36.75790539087812], [21.691238190796103, 36.74065937900132], [21.70251593214526, 36.7397241092111], [21.704675472274754, 36.75838604150286], [21.71947331738687, 36.76542123428701], [21.704049505184685, 36.7955512025157]]], [[[21.965592264972067, 37.48344845731657], [21.94806877392725, 37.483834582522874], [21.912271267369388, 37.47052080897215], [21.90021770190682, 37.44793937156843], [21.885982727637384, 37.437826518503826], [21.9009553702005, 37.404919089109335], [21.876524413220597, 37.40134436304611], [21.848143686863185, 37.39128293522782], [21.820150185787313, 37.39709605366872], [21.810551112104527, 37.39142157237553], [21.786234722843815, 37.39813337671738], [21.749429832686715, 37.39354508154205], [21.703680946570355, 37.3942440343357], [21.680242108574316, 37.37743657229417], [21.68986090175351, 37.35639745163931], [21.69827024220526, 37.31185323185432], [21.67021404090798, 37.258520929156504], [21.648665427281756, 37.25099332104281], [21.630366344535478, 37.23155006539391], [21.613850607715953, 37.22557682102225], [21.58860464202969, 37.20670799846205], [21.57742580630619, 37.19268257140498], [21.565695543343814, 37.1632974986347], [21.57463261952859, 37.120097226558265], [21.579884938494864, 37.07250391782054], [21.57671438116283, 37.06180491404201], [21.603965291466004, 37.038566717999736], [21.609841449533448, 37.025049881398715], [21.638257754995493, 37.00676550604962], [21.658752359993418, 36.972798792485904], [21.653514596001052, 36.959059682737085], [21.658449184261077, 36.950216881011244], [21.68707848104718, 36.955383533893446], [21.710296879518836, 36.9422699598995], [21.708616444025033, 36.92539322569564], [21.69010888825881, 36.91357075887178], [21.67952749107942, 36.88822869194002], [21.689544537637182, 36.84034214026599], [21.70318416053482, 36.818372479654165], [21.72019302292552, 36.81340951862969], [21.727858752339184, 36.799802964423264], [21.76719568110709, 36.79845732360402], [21.80599415181655, 36.80498391589544], [21.824928492181446, 36.80199710035102], [21.82958849664702, 36.77706254431276], [21.86223923030953, 36.75059709629118], [21.874646311389885, 36.723771378181], [21.890198778856213, 36.73164617326757], [21.91865434992303, 36.753859886551716], [21.93423674945842, 36.76050377610882], [21.931436885178314, 36.77244249539938], [21.94457834346823, 36.786388242588664], [21.96060429372269, 36.79371241050641], [21.938597909308704, 36.80804219242012], [21.931568518705063, 36.84086257962053], [21.921606318674975, 36.86534816888431], [21.925741923438995, 36.902950165836536], [21.934911065330347, 36.93191508863033], [21.927471483633546, 36.960987007729614], [21.930148469847232, 36.9811592867908], [21.96144058557002, 37.00033042017987], [22.001116698433435, 37.015579223619554], [22.035847237073956, 37.024982909979634], [22.08115052836166, 37.02816684799935], [22.123366360513934, 37.02461508346261], [22.152311438742657, 37.01593919172862], [22.15479800151377, 36.99524779754719], [22.14059761481678, 36.965958906895665], [22.146449699335765, 36.94497770869537], [22.143104980653728, 36.93010781031139], [22.131711627862455, 36.92766679905136], [22.12608922528656, 36.91506794554389], [22.162592668364336, 36.89235711741574], [22.177052811971723, 36.88909176034609], [22.192942530661895, 36.902818403008816], [22.207555102513982, 36.902814476273534], [22.224848170915134, 36.89461065746016], [22.256099497218308, 36.859263302447346], [22.259493368990018, 36.84468424563007], [22.276718529687685, 36.83357825764407], [22.296255743397175, 36.814138291457496], [22.30322872634979, 36.78568301875536], [22.331425258017514, 36.73783859754715], [22.365678095478376, 36.746810307933586], [22.382066152061814, 36.784332051217184], [22.397457001109373, 36.79121613280683], [22.394707322213417, 36.81636520506688], [22.402251591958592, 36.82183748942723], [22.362470331372045, 36.87402804289537], [22.355882043650816, 36.89012859478774], [22.36363190071754, 36.89735161443519], [22.362840801368353, 36.91559409831767], [22.344651306509128, 36.93687889183194], [22.354071966725435, 36.97042312261969], [22.350314077886708, 36.99194252027481], [22.336608662078227, 37.01089277643521], [22.326761347324165, 37.01314741252199], [22.315592318699174, 37.04291915567157], [22.27430886995399, 37.04356286643281], [22.27443525714296, 37.05945602537737], [22.29196899204446, 37.0692496376943], [22.301257520272845, 37.08914316960418], [22.2983204909253, 37.11072188169978], [22.27926901050055, 37.11296376578544], [22.278816377526095, 37.12251976552263], [22.266070893570173, 37.149198406728914], [22.251399639238105, 37.16916263642841], [22.219736321415343, 37.16627565300807], [22.19837143365513, 37.137232919142306], [22.185549582380116, 37.137420032672175], [22.174294375104935, 37.16665869460483], [22.13699373875288, 37.17931159915421], [22.137103555516124, 37.19356259772618], [22.11461675740509, 37.20916351354821], [22.105254120333782, 37.22882743783715], [22.077120005193258, 37.22977226789899], [22.07321160689465, 37.248704788604385], [22.062950867278882, 37.25986851366835], [22.04287847452122, 37.26201388003885], [22.027192794432175, 37.27151805348992], [22.018958457773472, 37.28394725457469], [22.025454457439114, 37.30757351190269], [22.017575580914194, 37.32748816172043], [22.002109121905246, 37.34146074704408], [21.9743706117816, 37.350967681934875], [21.95585118370006, 37.373950911168414], [21.973754002534136, 37.382266696419464], [21.993469951525526, 37.41642727692267], [21.974793501482065, 37.45558600863267], [21.96081254590102, 37.45511461321141], [21.94991223192414, 37.47551749420586], [21.965592264972067, 37.48344845731657]]]]}, "properties": {"name": "Messenien", "codes": ["KM"], "id": "messenien"}}, {"type": "Feature", "geometry": {"type": "MultiPolygon", "coordinates": [[[[23.823102866337226, 37.973921814305285], [23.800845930581193, 37.98613583851152], [23.78308994988343, 38.002602124912315], [23.76253458512931, 38.00511067982503], [23.77116452565313, 38.03114080361457], [23.752912164469294, 38.02718530840929], [23.744315052192032, 38.03296031912233], [23.750928029509556, 38.05051213853258], [23.745098066781956, 38.05823963201546], [23.73547121169096, 38.05030019839351], [23.729457800555576, 38.029243432971064], [23.717759397591045, 38.0103744965486], [23.696989738083776, 37.9977472406531], [23.686924987885785, 37.97817332441487], [23.730183828506934, 37.945229534132295], [23.741573323882, 37.947051047814526], [23.74478344821675, 37.91926398392888], [23.784281566546685, 37.921636010434], [23.80679179205591, 37.917837532437446], [23.801055248161713, 37.935521510648215], [23.817990885677524, 37.951197749705116], [23.823102866337226, 37.973921814305285]]], [[[23.823102866337226, 37.973921814305285], [23.828498791556157, 37.99006711525515], [23.84034083576967, 38.0050290935254], [23.85581448787901, 38.0398933793527], [23.88381216308345, 38.0402239511455], [23.897502365072494, 38.04622328184041], [23.945951623529464, 38.03396753601255], [23.96387437627988, 38.04162954686157], [23.91744861667673, 38.06932928531831], [23.895500913090874, 38.07111544896125], [23.88268436592592, 38.080771363352675], [23.84693740745376, 38.09912518126726], [23.857425396324725, 38.11208149897806], [23.831758476705602, 38.12041403138858], [23.806187151304513, 38.10467575965087], [23.786420284123516, 38.10003967618154], [23.745098066781956, 38.05823963201546], [23.750928029509556, 38.05051213853258], [23.744315052192032, 38.03296031912233], [23.752912164469294, 38.02718530840929], [23.77116452565313, 38.03114080361457], [23.76253458512931, 38.00511067982503], [23.78308994988343, 38.002602124912315], [23.800845930581193, 37.98613583851152], [23.823102866337226, 37.973921814305285]]], [[[23.80679179205591, 37.917837532437446], [23.784281566546685, 37.921636010434], [23.74478344821675, 37.91926398392888], [23.741573323882, 37.947051047814526], [23.730183828506934, 37.945229534132295], [23.686924987885785, 37.97817332441487], [23.685492817945033, 37.97638319557793], [23.68892179492198, 37.96694056017255], [23.67487857710066, 37.95660245661217], [23.67218060676346, 37.94303507012188], [23.687577462930612, 37.94063989717594], [23.68823603818045, 37.92693298621817], [23.71363163834813, 37.90935917162162], [23.721472518788126, 37.890180332631516], [23.743602199658532, 37.85380895573365], [23.773134695301348, 37.853904485587826], [23.78941652684298, 37.86560065729794], [23.791219717219523, 37.880987201888814], [23.810457818529546, 37.893334042396745], [23.800769699428034, 37.9096388150815], [23.80679179205591, 37.917837532437446]]], [[[23.63449474066665, 38.21134115470151], [23.63981686416247, 38.20373396513549], [23.626195434817024, 38.19003042655144], [23.627618346922496, 38.17191808340989], [23.600336917909697, 38.15957900560679], [23.582242806314817, 38.15801002487714], [23.57316262074815, 38.144651214579184], [23.53893091156748, 38.135909301953944], [23.529174584669143, 38.12770295972721], [23.51577007975489, 38.135513011889934], [23.509344669035556, 38.15241850440145], [23.466657420983957, 38.16113446571976], [23.457722631946083, 38.20840927288458], [23.446119614167202, 38.205235053296754], [23.396455367771868, 38.212361162853625], [23.37454242552466, 38.21300341434371], [23.37021966337773, 38.227833374257294], [23.39110081146684, 38.23594145354366], [23.395734902678477, 38.26593292887033], [23.38470345680628, 38.269107288430924], [23.36133212267847, 38.25973112451368], [23.32127800467895, 38.261021757421425], [23.30930191789573, 38.24482290996986], [23.289198830729106, 38.23645952861423], [23.2930040863941, 38.19377956691416], [23.28450966702916, 38.18359140149154], [23.24045406740424, 38.18487703775665], [23.22188841786592, 38.19016605920855], [23.211960094467383, 38.182896759115664], [23.180824992720236, 38.18127903779995], [23.150305478804, 38.17162947639209], [23.126039150984877, 38.16815688201505], [23.150760272089183, 38.163161464228075], [23.162823623787702, 38.16793450778673], [23.182399758330575, 38.166324026060074], [23.221692969259387, 38.15695674260326], [23.209878116469092, 38.14588270753336], [23.184502231740534, 38.140932691213436], [23.17793736202766, 38.12851287299681], [23.21733828816339, 38.1158490917975], [23.216181556769204, 38.1012321437682], [23.194506989543385, 38.08970278641919], [23.18316060463563, 38.089507304664544], [23.172347291365913, 38.075996879467766], [23.117228963602045, 38.06103366612225], [23.114523465067254, 38.03356507967056], [23.13112525709371, 38.020526644794835], [23.11515353124203, 38.014522840995994], [23.106128707477712, 37.99938900055551], [23.114247855086155, 37.98471167592848], [23.148027053446754, 37.973107115141495], [23.171496997737254, 37.96879111613266], [23.17956779678812, 37.95157734674222], [23.197155988747483, 37.95418321413465], [23.22114410102566, 37.969179378625626], [23.243475543727453, 37.97595846062958], [23.274539015457027, 37.978091870478316], [23.292102304518238, 37.972268504793334], [23.315316990269682, 37.970810657447196], [23.321287942372813, 37.976433157334284], [23.35699977346334, 37.97789557005556], [23.371420163519993, 37.97204311476977], [23.387588183173577, 37.97523780035954], [23.391189711910517, 37.984449511370144], [23.415963426987535, 37.98919368094624], [23.417624641683034, 37.999188044715254], [23.44657602862697, 38.020372580911435], [23.49469061667092, 38.02709637570203], [23.497574423916245, 38.03610342960317], [23.52237035411499, 38.044913057575435], [23.54117130710729, 38.0345241640639], [23.57021065597087, 38.046575768102635], [23.596970906332192, 38.02762662475118], [23.59695241001315, 38.01518225385626], [23.62635451833419, 38.02122517272304], [23.653320431876093, 38.03166918487297], [23.658565551056725, 38.04903764090942], [23.687402810413726, 38.06581285605425], [23.720047533790925, 38.06295666847175], [23.723445682812102, 38.07757020421542], [23.712031119476073, 38.10679367155225], [23.729771996048484, 38.117549460779756], [23.719528863935242, 38.131850375619486], [23.69242092082257, 38.15031956655676], [23.69834778837224, 38.16422406282945], [23.68729822195119, 38.17675965411712], [23.684471777077356, 38.19480448263524], [23.667296656836555, 38.203909012501406], [23.63449474066665, 38.21134115470151]]]]}, "properties": {"name": "Athen", "codes": ["ZZ", "IB", "YA"], "id": "athen"}}, {"type": "Feature", "geometry": {"type": "Polygon", "coordinates": [[[23.720047533790925, 38.06295666847175], [23.687402810413726, 38.06581285605425], [23.658565551056725, 38.04903764090942], [23.653320431876093, 38.03166918487297], [23.62635451833419, 38.02122517272304], [23.59695241001315, 38.01518225385626], [23.587040158625943, 37.998336690520276], [23.570561650501368, 37.994322162193036], [23.59234113803791, 37.98935713260994], [23.617727394132203, 37.99651562368217], [23.644371771723723, 37.99394346903408], [23.671524782763782, 37.97613689194384], [23.685492817945033, 37.97638319557793], [23.686924987885785, 37.97817332441487], [23.696989738083776, 37.9977472406531], [23.717759397591045, 38.0103744965486], [23.729457800555576, 38.029243432971064], [23.73547121169096, 38.05030019839351], [23.720047533790925, 38.06295666847175]]]}, "properties": {"name": "West-Attika", "codes": ["YP", "YT"], "id": "west-attika"}}, {"type": "Feature", "geometry": {"type": "MultiPolygon", "coordinates": [[[[23.903217281790628, 37.49161225204863], [23.921675546390166, 37.46757750108725], [23.928847743561516, 37.48275202913998], [23.903217281790628, 37.49161225204863]]], [[[23.743602199658532, 37.85380895573365], [23.769259481976334, 37.833871016791136], [23.766720468740655, 37.81734499363584], [23.797051250841598, 37.799928018839395], [23.80234401865816, 37.81810749915316], [23.81485077729692, 37.820417153153386], [23.830649017246344, 37.80943255572206], [23.868254278804553, 37.80044943530917], [23.90152584355422, 37.773388322311185], [23.904855183871124, 37.72917212501431], [23.935384735574306, 37.70870560975861], [23.941973601150377, 37.680235943411105], [23.93764300148717, 37.67286081131161], [23.982207308492832, 37.65977952672292], [24.028725922035928, 37.65134084216586], [24.041938464677273, 37.66775926182001], [24.06449248485088, 37.67675343217248], [24.0667726186413, 37.697753235020805], [24.05808874529986, 37.71302637589103], [24.053780822323723, 37.733506592935136], [24.07348075174248, 37.75618230124198], [24.085406002931318, 37.79226311846502], [24.063692754202982, 37.81430501188877], [24.04590408223095, 37.82259635687608], [24.05765109205899, 37.85677788576761], [24.01745804001606, 37.875177349177946], [24.009046407564924, 37.887607275166815], [24.042520961306266, 37.89506272608732], [24.044133215913178, 37.90585070307734], [24.031675485840115, 37.922393545941354], [24.003858964694782, 37.92516472777176], [24.016551379810945, 37.939295947504355], [24.00646701931761, 37.96511897438083], [24.013003146383685, 37.98555066177481], [24.03093058173738, 37.99362284596949], [24.00123700036192, 38.03199454550166], [23.997942987452863, 38.06510748750765], [23.982951079883254, 38.08955782026948], [23.98071743622908, 38.1056271263649], [23.989634416098244, 38.11688509238138], [24.016711649252713, 38.134657327749906], [24.034673119406815, 38.14133176687569], [24.052451406526846, 38.14163160378381], [24.063516586274602, 38.17208876817024], [24.057188319166933, 38.182213147717285], [24.071049981003608, 38.199915255756885], [24.048155072394014, 38.20755148601632], [24.009590246585525, 38.24041156431331], [23.97595222714848, 38.26385992684439], [23.956997533931997, 38.28348358743687], [23.905129447753556, 38.29862999906098], [23.891648414374203, 38.295328799954554], [23.868458905717546, 38.308093663378486], [23.833660817790456, 38.31198788716604], [23.806489591216263, 38.32797917954562], [23.78288673617904, 38.323494782179274], [23.76781299376914, 38.3392374816194], [23.74108337177696, 38.334972767333944], [23.727576387605485, 38.34099844293343], [23.716801538244948, 38.335727757024515], [23.69042654968261, 38.340302440207864], [23.6838823355667, 38.323459307104585], [23.665427946515187, 38.32208460791555], [23.659631345033752, 38.31322745811156], [23.665161278199225, 38.30032014873434], [23.64863911842061, 38.295117087818], [23.635138452805254, 38.272721564589496], [23.6320521487692, 38.240184724859155], [23.63449474066665, 38.21134115470151], [23.667296656836555, 38.203909012501406], [23.684471777077356, 38.19480448263524], [23.68729822195119, 38.17675965411712], [23.69834778837224, 38.16422406282945], [23.69242092082257, 38.15031956655676], [23.719528863935242, 38.131850375619486], [23.729771996048484, 38.117549460779756], [23.712031119476073, 38.10679367155225], [23.723445682812102, 38.07757020421542], [23.720047533790925, 38.06295666847175], [23.73547121169096, 38.05030019839351], [23.745098066781956, 38.05823963201546], [23.786420284123516, 38.10003967618154], [23.806187151304513, 38.10467575965087], [23.831758476705602, 38.12041403138858], [23.857425396324725, 38.11208149897806], [23.84693740745376, 38.09912518126726], [23.88268436592592, 38.080771363352675], [23.895500913090874, 38.07111544896125], [23.91744861667673, 38.06932928531831], [23.96387437627988, 38.04162954686157], [23.945951623529464, 38.03396753601255], [23.897502365072494, 38.04622328184041], [23.88381216308345, 38.0402239511455], [23.85581448787901, 38.0398933793527], [23.84034083576967, 38.0050290935254], [23.828498791556157, 37.99006711525515], [23.823102866337226, 37.973921814305285], [23.817990885677524, 37.951197749705116], [23.801055248161713, 37.935521510648215], [23.80679179205591, 37.917837532437446], [23.800769699428034, 37.9096388150815], [23.810457818529546, 37.893334042396745], [23.791219717219523, 37.880987201888814], [23.78941652684298, 37.86560065729794], [23.773134695301348, 37.853904485587826], [23.743602199658532, 37.85380895573365]]]]}, "properties": {"name": "Ost-Attika", "codes": ["BK", "ZY"], "id": "ost-attika"}}, {"type": "Feature", "geometry": {"type": "MultiPolygon", "coordinates": [[[[23.685492817945033, 37.97638319557793], [23.671524782763782, 37.97613689194384], [23.644371771723723, 37.99394346903408], [23.617727394132203, 37.99651562368217], [23.59234113803791, 37.98935713260994], [23.570561650501368, 37.994322162193036], [23.551774887460937, 37.98001073025904], [23.557584363865427, 37.96237658264811], [23.60334005968388, 37.96122386869231], [23.606656835755206, 37.95024831469174], [23.632070371192004, 37.92630212401622], [23.64314255600109, 37.92756197614039], [23.66428021669859, 37.943631111965736], [23.67218060676346, 37.94303507012188], [23.67487857710066, 37.95660245661217], [23.68892179492198, 37.96694056017255], [23.685492817945033, 37.97638319557793]]], [[[23.27578922986847, 35.90147513713019], [23.274134103316975, 35.88894213809336], [23.29030096065569, 35.85481443915939], [23.33073102922755, 35.827250232250606], [23.32804573990394, 35.8538233093659], [23.312867243122, 35.885852124152194], [23.286639969031647, 35.89309223097721], [23.27578922986847, 35.90147513713019]]], [[[22.95488359215497, 36.38021851269166], [22.92068760683495, 36.37618228048429], [22.92357914209606, 36.36877110134466], [22.907632919515393, 36.35453611195845], [22.904290540302494, 36.34126263393655], [22.89032996815963, 36.320165150304106], [22.916228828213253, 36.30322027711016], [22.921470256348748, 36.29162933791162], [22.915160860244793, 36.26242675010431], [22.92545008029829, 36.24817669555778], [22.90169365767854, 36.234185950503836], [22.911928541436062, 36.21429303963118], [22.915157117343863, 36.18986434769296], [22.935644406218927, 36.17454219338684], [22.938007125512755, 36.16103138321782], [22.973675369276723, 36.1522280215133], [22.985243560910334, 36.14200413932638], [23.00503672353165, 36.13662580927042], [23.022920722799675, 36.141965850749024], [23.04711447651005, 36.13056707948252], [23.05156674125183, 36.15113931522747], [23.046435100077527, 36.15712078182046], [23.04443718042543, 36.1876575992835], [23.05430417444689, 36.218694258501735], [23.069911013156887, 36.22633526741511], [23.087784583244634, 36.219945839659566], [23.10367719667207, 36.235427891087035], [23.10062674493633, 36.249540846280595], [23.09045842420897, 36.251636627232536], [23.059073213841476, 36.27797051947012], [23.013093461888257, 36.30683576827977], [23.003719589800696, 36.30736202516748], [22.979055729174572, 36.33029544259436], [22.979384139909417, 36.34245944623552], [22.968067594690606, 36.35348670554468], [22.95488359215497, 36.38021851269166]]], [[[23.11588664769601, 37.28153774951561], [23.104431720512064, 37.267029759210075], [23.113619407730496, 37.2484225053111], [23.12772133537845, 37.23659303897416], [23.153766508126598, 37.23612401161248], [23.162350912185094, 37.24176456302547], [23.16865612621249, 37.262225138674694], [23.143763356819072, 37.27547815734509], [23.11588664769601, 37.28153774951561]]], [[[23.34593754466872, 37.35095100952241], [23.33832635194729, 37.33769459352184], [23.32421834675681, 37.34782737420458], [23.28141259683314, 37.335442696762044], [23.300119043515068, 37.32167372022004], [23.32981424358301, 37.321845629033085], [23.35578191505637, 37.33193200431791], [23.36175002575505, 37.34032007346413], [23.34593754466872, 37.35095100952241]]], [[[23.54869187941751, 37.37088124230572], [23.507164058651902, 37.36674043989827], [23.462664311580248, 37.35278268501229], [23.436514508629646, 37.336373175609474], [23.380950551375268, 37.31474192450218], [23.375158692391864, 37.30344426680698], [23.395891084189238, 37.29305082970891], [23.419435214676447, 37.30375086548127], [23.43182561709516, 37.303648747708905], [23.446115032668775, 37.31659720908703], [23.504245839170416, 37.319505072919405], [23.50245777918043, 37.34249175640802], [23.524553221763064, 37.345989822225896], [23.545506972242986, 37.35438287907317], [23.57328013540085, 37.35904729327412], [23.54869187941751, 37.37088124230572]]], [[[23.482080370392904, 37.56053349105244], [23.47090871006226, 37.54816258297107], [23.47516869690403, 37.53475153379736], [23.433750337081076, 37.52524028487962], [23.43639453738608, 37.51477025457087], [23.454574916669365, 37.50813153101553], [23.46885031353373, 37.50898075711163], [23.491213853684773, 37.501255457521395], [23.511008291774388, 37.508189334227716], [23.5220602510581, 37.517933117683114], [23.49947016185812, 37.53504631245402], [23.48494210535303, 37.540536144378926], [23.482080370392904, 37.56053349105244]]], [[[23.42442650436702, 37.411705556006034], [23.46111748196474, 37.4154208446434], [23.48022576880684, 37.422410852052074], [23.496340673690153, 37.42243553629187], [23.51152696154495, 37.42938568919322], [23.520672417727027, 37.450406865751866], [23.497220708173078, 37.47265412719419], [23.4782593683073, 37.47551035133822], [23.478429856781634, 37.48383061834759], [23.443797318078296, 37.49904974076874], [23.404396117373647, 37.50999833947433], [23.417734355283947, 37.5309039876088], [23.384669312112095, 37.544941510004264], [23.38722930693091, 37.574852267110096], [23.404840917395184, 37.59555594122471], [23.41358655824741, 37.61856570269183], [23.402862975668093, 37.63454659557246], [23.385568459427095, 37.64023531498884], [23.342354370697258, 37.63600947741239], [23.32363024939075, 37.63146910312231], [23.309060264118152, 37.61297057604284], [23.32696094914665, 37.606701623856374], [23.352143103712773, 37.57883811930735], [23.357790142000162, 37.5611126350364], [23.367981043866507, 37.55261391454588], [23.339159443858986, 37.53465465801148], [23.31855049826468, 37.53222109130926], [23.302855651642716, 37.547515343868746], [23.285558687088145, 37.54889916345522], [23.269578322440868, 37.556904398281034], [23.26347442812833, 37.57293725139202], [23.2001054170265, 37.59679228280323], [23.18541381016615, 37.58788168766476], [23.18577310149483, 37.56754501275967], [23.174651161864627, 37.56515709139056], [23.165094177847255, 37.54541041153182], [23.17987974761292, 37.523329606594054], [23.220367297530913, 37.521719932637026], [23.225783093530488, 37.513305081116656], [23.251006693636015, 37.50183632025382], [23.271871571838812, 37.50155610017719], [23.287114754595216, 37.49304410126566], [23.30351449789993, 37.49717375170507], [23.31226821840458, 37.487573800263455], [23.310553686943464, 37.47162910404822], [23.343869442280525, 37.46191135024399], [23.363900825507717, 37.46414993771684], [23.38510912961194, 37.45888210287951], [23.41038644273828, 37.45816828598505], [23.423352846687376, 37.469078014907076], [23.45400105378919, 37.46282789182824], [23.447610318306246, 37.44091048242066], [23.424076164221376, 37.41867477079572], [23.42442650436702, 37.411705556006034]]], [[[23.346898326265574, 37.71321480692204], [23.3272290428137, 37.69473540811978], [23.323840335720178, 37.6756892036477], [23.340149199857372, 37.672365567617554], [23.347170524569975, 37.681814422681164], [23.373275884664547, 37.693790364530194], [23.366153568564734, 37.710633971749544], [23.346898326265574, 37.71321480692204]]], [[[23.486121342993357, 37.77465246992041], [23.457393530418187, 37.77197298647995], [23.44018705337551, 37.765475175526475], [23.41803735156157, 37.76328585352568], [23.43597982653343, 37.726680604951], [23.457638034721146, 37.71995925589199], [23.467559850067833, 37.70075228022842], [23.462535545510008, 37.68534390872812], [23.47807474203341, 37.67349817948616], [23.501452726202984, 37.67922358819742], [23.52009133237676, 37.7008155332976], [23.52852935859047, 37.72095807247312], [23.542009397236683, 37.72885269638314], [23.53519994791262, 37.741318324913095], [23.554624899280117, 37.74501661692847], [23.5643147632599, 37.76999225240625], [23.53102167913915, 37.77358688837503], [23.486121342993357, 37.77465246992041]]], [[[23.48544970987971, 38.0035330421924], [23.474569037346345, 37.995670868904185], [23.477793976471524, 37.985771176383395], [23.450203838437282, 37.97346918007578], [23.434128980138958, 37.95754845081947], [23.45352379151801, 37.95119596484657], [23.474386853821287, 37.96098881849964], [23.495109441396473, 37.959060699245086], [23.468774958192235, 37.924146128751325], [23.43427985081377, 37.928825273493544], [23.417020847412946, 37.92603718551608], [23.402809985554647, 37.911500291940065], [23.404101546052843, 37.892805101555844], [23.43966868397191, 37.881857825034515], [23.448579601908637, 37.873283528013744], [23.484736085410894, 37.8902023783624], [23.48993340986925, 37.90122979597551], [23.504103796653943, 37.90224571571883], [23.513391613028762, 37.913947190825155], [23.53294472394303, 37.92161527418282], [23.54427602780863, 37.95676485802974], [23.524612746474272, 37.962969001565966], [23.53800231267217, 37.98337330049181], [23.520393645915448, 37.99625420672723], [23.48544970987971, 38.0035330421924]]]]}, "properties": {"name": "Piräus", "codes": ["ZN", "BE"], "id": "pir-us"}}, {"type": "Feature", "geometry": {"type": "MultiPolygon", "coordinates": [[[[26.34423165399684, 39.382718281878184], [26.31974525346486, 39.37602887821129], [26.29579936773564, 39.37431474407821], [26.25229960926186, 39.378075231979956], [26.224696495194053, 39.38351657955739], [26.20609111057552, 39.37537510393727], [26.183550049041877, 39.37912491828801], [26.17427038557726, 39.36720808076654], [26.172660607784763, 39.34166928219835], [26.17868742875863, 39.331438925050755], [26.166364344420273, 39.323245124883584], [26.150697121836416, 39.322688862244114], [26.112882439835257, 39.30568679952017], [26.03187443589845, 39.2870466917204], [26.005077738513897, 39.288943935458235], [26.00245693674348, 39.28058294833311], [25.97794799313072, 39.2787765729268], [25.97040633448452, 39.28612132314942], [25.950748626881616, 39.275298270550344], [25.93750204455712, 39.281303814624835], [25.904268933744543, 39.28405963482654], [25.881220970833258, 39.27940687690361], [25.864115636399827, 39.25756267646398], [25.85408229305683, 39.23347705720201], [25.856785867141195, 39.219873938221866], [25.843273714770238, 39.17545731416733], [25.866078337568226, 39.16834120937521], [25.875195519633024, 39.15033685885518], [25.893163896905108, 39.14161286458734], [25.92745155304107, 39.135761838434696], [25.94449575868321, 39.12598208454273], [25.954034013451402, 39.10560399604091], [25.992737780603097, 39.10888604025666], [26.038666504700473, 39.097513967803984], [26.062042770229993, 39.08905684667786], [26.083836973111634, 39.08956122425364], [26.087489874272666, 39.10414598408335], [26.114295107119453, 39.11673608920666], [26.123635780391282, 39.138631321752406], [26.136560947529574, 39.139971737217344], [26.142091849338218, 39.154087620897236], [26.153701707774527, 39.15675669196875], [26.155961107168217, 39.18266294334413], [26.164667709756714, 39.193331119654495], [26.18506499738099, 39.1973018906516], [26.19891230405529, 39.20580764345064], [26.219392762718133, 39.20254505530854], [26.251795297518775, 39.20557189591102], [26.28310028536159, 39.19550232769366], [26.294758265893833, 39.184425709837086], [26.291274038873862, 39.1688627222323], [26.280191152594426, 39.15457476245161], [26.25046797149032, 39.14995420273938], [26.223518628232732, 39.13135311951443], [26.207869453721617, 39.13316434665263], [26.188380395513914, 39.126135019277804], [26.17075456531163, 39.109454238684535], [26.168468187238247, 39.10048699724951], [26.14581644084624, 39.0951579875968], [26.132104138000777, 39.08656194999019], [26.117093030798657, 39.09590853295342], [26.10584718161477, 39.094427418752716], [26.090605827335686, 39.07095162217568], [26.103987932808515, 39.07213442555642], [26.120304089269716, 39.06127015385643], [26.14669272165615, 39.02464842727669], [26.16571978594597, 39.014295574865564], [26.20133638004291, 39.0194040141223], [26.23645422400993, 39.01540212856247], [26.28200290348238, 39.00287900346456], [26.326802313174127, 38.976964646709924], [26.37657654276636, 38.973375291381174], [26.39779498365556, 38.9636250044815], [26.417188203317508, 38.96179220227798], [26.48214462507684, 38.975122655709484], [26.50495071396498, 38.97787849305642], [26.520839790847308, 38.97269803587719], [26.544541803574738, 38.990463531565105], [26.529558772288443, 39.02303432910848], [26.5179836593344, 39.028726600353814], [26.490999444746205, 39.06063217510502], [26.465685150723175, 39.06851314309803], [26.449588207350857, 39.08349296530019], [26.441681880347403, 39.10271390434321], [26.455130538186975, 39.113422827764566], [26.487550490035513, 39.119131840108935], [26.50252111871438, 39.10995504725788], [26.514662025616158, 39.09233262492169], [26.529093014630856, 39.08221814102727], [26.5307569108139, 39.067343595114835], [26.512959359834824, 39.05755707136615], [26.511755757485545, 39.04976283876217], [26.53418712048797, 39.02856470569774], [26.536788526753334, 39.01579583423556], [26.562224361788648, 39.01879834274976], [26.58883945215707, 39.00905688722614], [26.607447650674487, 39.008948549292995], [26.61580015236961, 39.02894231311037], [26.61195760617842, 39.045821791494056], [26.59770675210011, 39.06597871259718], [26.561039413687087, 39.09265595941477], [26.54735091740109, 39.1253984845472], [26.54850861062586, 39.13753567749274], [26.52990661669412, 39.14119350778652], [26.535924317483865, 39.17045986103706], [26.50827913913536, 39.174382956752176], [26.494596816731278, 39.18683035548404], [26.485927590168615, 39.204610856505354], [26.461567116612443, 39.2275705198166], [26.433430853426753, 39.24173002300796], [26.40583832928166, 39.26254746219272], [26.381654367656992, 39.2694144110608], [26.379963039630038, 39.282944961986914], [26.422861877958404, 39.33595291035737], [26.401575938164424, 39.34378182077045], [26.371218584825893, 39.34010715819527], [26.350166421316906, 39.35579603817216], [26.366165694466133, 39.37328291968323], [26.34423165399684, 39.382718281878184]]], [[[25.003058288918677, 39.56279468991793], [24.99230477717431, 39.54428998768004], [24.97769977317552, 39.53529542465528], [24.970816813243772, 39.50854764406212], [24.974002607935127, 39.48225602833586], [24.989141415673487, 39.46542312616862], [24.99990314881654, 39.483207525913954], [25.025021228979814, 39.49551308049373], [25.05740233425261, 39.530525097343386], [25.028593288336946, 39.55034470495659], [25.003058288918677, 39.56279468991793]]], [[[25.43653273464085, 40.02134486013164], [25.423217791181923, 40.02580657180312], [25.403536893223794, 40.00637045891635], [25.394180134420353, 40.00660053103922], [25.373748534332123, 40.02093504212386], [25.371009665566447, 40.001075005680214], [25.339333282547802, 39.97829146766725], [25.33204864409356, 39.96197838458591], [25.319233402439107, 39.96768373096213], [25.307227106961363, 39.948845978496124], [25.26663139261536, 39.962765739340185], [25.264333781459644, 39.98759368655819], [25.242505407605535, 39.993974159042814], [25.227396910464595, 40.00483829836282], [25.21494246751938, 39.997762031155375], [25.19448334625865, 40.00010092598742], [25.155401562045384, 39.98913626187323], [25.14087098686587, 40.00720897622488], [25.093448957176236, 39.99074636933075], [25.065238222284002, 39.991000078938484], [25.050867427397375, 39.97679715363306], [25.044723292308003, 39.95744616772329], [25.052509139457477, 39.944392977065924], [25.04781088352266, 39.93522775530372], [25.07203914049674, 39.92206851114274], [25.061086817592873, 39.87107565639893], [25.065979450450445, 39.856624322766656], [25.058391268676417, 39.84351261780169], [25.08038013316747, 39.838012209837835], [25.12695830594361, 39.84918254661613], [25.130513639590752, 39.83393061287522], [25.15017979400284, 39.84598143467994], [25.156293412080355, 39.82859506931785], [25.14632923389254, 39.82327012104522], [25.157844046336933, 39.79957738253896], [25.199462415651713, 39.801632297208265], [25.229206104174114, 39.79896047786891], [25.206723016173317, 39.822855881627405], [25.20596981689183, 39.83582859665697], [25.18032404399606, 39.848832002154715], [25.202747590594214, 39.87217979841313], [25.203003090376374, 39.891610793097655], [25.23365324894852, 39.91075836786811], [25.25620371130929, 39.91231815176287], [25.280561120509418, 39.89552829911429], [25.26434173733468, 39.87736287833083], [25.261206030219014, 39.86058519165955], [25.241115268255548, 39.85352216655093], [25.26495458506085, 39.840696266325885], [25.27182095141649, 39.831233187478034], [25.296187056774674, 39.822476458812375], [25.290474781703324, 39.80767427260429], [25.30492075611228, 39.792881061483115], [25.34334884219817, 39.783180646724965], [25.35532497403114, 39.803412105682426], [25.372558902113262, 39.80796656802094], [25.36566364825975, 39.82297678558625], [25.348228416990658, 39.8346318673412], [25.343237454156352, 39.88060227372293], [25.360184560309047, 39.884603157128545], [25.35578915755315, 39.90309698570237], [25.37485590069433, 39.91482798285762], [25.38772668859277, 39.942504635710534], [25.417354358322935, 39.970093098586595], [25.43763529227073, 39.976329999731085], [25.445243586778705, 39.985406809607895], [25.434120213898286, 40.01459080235492], [25.43653273464085, 40.02134486013164]]]]}, "properties": {"name": "Lesbos", "codes": ["MY"], "id": "lesbos"}}, {"type": "Feature", "geometry": {"type": "MultiPolygon", "coordinates": [[[[26.438401158833855, 37.602224317122314], [26.403148564900064, 37.58287931524602], [26.437932740734784, 37.576119015609784], [26.449374210849655, 37.56358150294919], [26.45744569823266, 37.58265295164884], [26.450926403770183, 37.597927648020075], [26.438401158833855, 37.602224317122314]]], [[[26.516636650101084, 37.654990673048374], [26.49991293988892, 37.645776583330836], [26.49587360133456, 37.634120542201586], [26.515781758561612, 37.62260470328862], [26.502149042548265, 37.58396613098096], [26.488006267004877, 37.58811306802959], [26.47181855380318, 37.57420644301784], [26.486116671428213, 37.56052420972254], [26.488935041250247, 37.540063119523595], [26.500087548055948, 37.528202767676305], [26.512435521971735, 37.53045473656412], [26.514330600600157, 37.54743674684373], [26.498691067365613, 37.565971779583876], [26.495743190255016, 37.57685674352222], [26.522826348057336, 37.58747268396483], [26.541461510416482, 37.612421151537376], [26.534786937824286, 37.63970642123298], [26.516636650101084, 37.654990673048374]]], [[[26.363748467132623, 37.69073125736362], [26.336362501040213, 37.68241904814994], [26.297822741847188, 37.68059932395549], [26.263137165218414, 37.66328324877452], [26.218839269893962, 37.634729176662646], [26.19938068738042, 37.626730792151534], [26.177689625917065, 37.63400023823053], [26.1588245417734, 37.632139182103025], [26.14914867340177, 37.63847094735296], [26.124560336172557, 37.63670856558893], [26.107221982259603, 37.63116192341909], [26.08323461792701, 37.63693209696936], [26.05860354287765, 37.623648439627985], [26.004921028383997, 37.571131647980565], [25.97801930882064, 37.5354739287005], [25.978654742525297, 37.51045445439974], [26.019179099668293, 37.516635694715156], [26.06477151420032, 37.51705482030177], [26.084443280284844, 37.528722210110494], [26.109141334296098, 37.55447234402429], [26.127770085910118, 37.55982450185503], [26.152347076982576, 37.558459633191205], [26.197452418263094, 37.56308957733994], [26.223287932846695, 37.57156337272789], [26.268588416165972, 37.60092629758868], [26.292865874223875, 37.61012638079413], [26.33449735655421, 37.64848280349294], [26.344134415307913, 37.670306584624754], [26.36062320986939, 37.674960873458105], [26.363748467132623, 37.69073125736362]]], [[[26.743886393470206, 37.81185997950341], [26.731634636876745, 37.81142407467761], [26.68846355471205, 37.79564907946902], [26.673939158709814, 37.796466418003604], [26.65534060768593, 37.78763330741594], [26.642963638319706, 37.77244927072452], [26.611831858786484, 37.769260162514634], [26.59778493832405, 37.76278565704194], [26.566460628564073, 37.73132129988528], [26.58503467926541, 37.70297221364432], [26.577954400786687, 37.69158422727157], [26.591050004990272, 37.67977198508188], [26.620266674842476, 37.684487596050936], [26.641799735356102, 37.702398120836065], [26.69159256086837, 37.70955219761173], [26.72118150574292, 37.7097015480929], [26.75190982033972, 37.69640896771488], [26.79357988104958, 37.642725278072334], [26.816998991498895, 37.63716711222471], [26.859077396404334, 37.636298342959634], [26.88340396283864, 37.645347097472545], [26.887643704189887, 37.67048160300638], [26.9104267999738, 37.68266186521215], [26.93557280263095, 37.68985908735856], [26.95950624521938, 37.69070203575759], [26.976661255076703, 37.704479033031284], [26.993943650397796, 37.70791548577642], [27.012468659962014, 37.70307331779975], [27.030875723228654, 37.70499789526457], [27.070261526018793, 37.71702452384614], [27.067591555196806, 37.72608607623318], [27.0416784634429, 37.728668243288105], [27.037172503062862, 37.74558827797288], [27.02711809816063, 37.74980257111691], [27.029883041613626, 37.773824325511335], [26.976697698064907, 37.77994736011951], [26.96326001300075, 37.77164559141043], [26.958036059165313, 37.757522825772035], [26.92836232387293, 37.77191500213863], [26.91622470817728, 37.771666615338454], [26.89193520367146, 37.78060923182903], [26.88193712290217, 37.77894419313165], [26.84797784144161, 37.80616190443482], [26.831685685088793, 37.805329530717344], [26.788043061717808, 37.81021872729561], [26.743886393470206, 37.81185997950341]]]]}, "properties": {"name": "Samos", "codes": ["MO"], "id": "samos"}}, {"type": "Feature", "geometry": {"type": "MultiPolygon", "coordinates": [[[[25.518056155416932, 38.55354023199976], [25.51059870433639, 38.55355560916499], [25.495535439371906, 38.534446789962146], [25.516420821177476, 38.53270927777457], [25.526090334670616, 38.546947636941724], [25.518056155416932, 38.55354023199976]]], [[[26.18698960373586, 38.54336692353153], [26.20551445522262, 38.51696084171899], [26.23079368233083, 38.51476980985985], [26.237233022192047, 38.50679876359329], [26.27057700010758, 38.5152032624753], [26.240870713475626, 38.52717399432378], [26.238080492395564, 38.53337252844726], [26.212362175446113, 38.536132152179825], [26.18698960373586, 38.54336692353153]]], [[[25.570734180292824, 38.60734490423855], [25.5530196588507, 38.59698423110011], [25.53032167621591, 38.59685976032179], [25.566485465816235, 38.561165426836176], [25.56505361131366, 38.542405152217505], [25.60996717199978, 38.53465015941219], [25.610973825441, 38.55801137742618], [25.621486042727195, 38.58956746264678], [25.587643051518054, 38.60720679133109], [25.570734180292824, 38.60734490423855]]], [[[26.008354663470094, 38.60418324068797], [25.993655310197077, 38.59844255303991], [25.97169619956542, 38.59736397172455], [25.93511118038807, 38.58746824612831], [25.899763418247183, 38.58946221926053], [25.875709745726784, 38.585696294244116], [25.851553704997634, 38.576898931182065], [25.830865901229053, 38.54083821488854], [25.8448365730777, 38.52797646348725], [25.852435441700454, 38.50604987379731], [25.862827632685434, 38.49245860091458], [25.886975598420598, 38.479114141284015], [25.92380286803593, 38.46945891685935], [25.943728848431178, 38.45866818368888], [25.956180523028117, 38.443088187717876], [25.95424498425317, 38.41836731994314], [25.975661540368897, 38.39901296526536], [25.993320584761328, 38.37141957928432], [25.99547217080627, 38.342025016311354], [25.97590310599093, 38.331876590405614], [25.967567988554933, 38.31983374576877], [25.97330160575008, 38.3105100061319], [25.96370530042639, 38.29838891029497], [25.93061040120327, 38.300443270123054], [25.912899733954543, 38.2941102483868], [25.88776504932433, 38.27473778245792], [25.875938368825263, 38.27299910119102], [25.864543396803438, 38.25085071315188], [25.879331391438267, 38.24578469461811], [25.89558462290399, 38.21895782848489], [25.91364999252423, 38.22204387835751], [25.916289762562133, 38.20779894835043], [25.9297592413386, 38.192700539859494], [25.938066696243148, 38.19724955694316], [25.972306778911783, 38.16599569965611], [25.994041528419352, 38.163943438904084], [25.996888435807413, 38.155469484751684], [26.02078996335945, 38.15608782702021], [26.022639943034328, 38.17894456202723], [26.037321862055848, 38.19849730117041], [26.0659747600357, 38.206953512669514], [26.099634801825342, 38.21074453081519], [26.115995734684795, 38.232771052474085], [26.105239549397112, 38.2422909803776], [26.103391483305543, 38.27295260668819], [26.140616055710655, 38.299600308686834], [26.15332270086004, 38.30344059014277], [26.160629553173926, 38.32686059849052], [26.143433728480762, 38.33827764352417], [26.14393666849072, 38.36197598635613], [26.138559181011413, 38.36790424024312], [26.133720686128036, 38.40383744684741], [26.134645406335387, 38.42193226351746], [26.141212273976347, 38.430300545308555], [26.152149138640652, 38.46626007948251], [26.143143917612246, 38.47734618228597], [26.129406002258897, 38.47618213586634], [26.127575073191856, 38.490172978819], [26.143321693231165, 38.4894893124368], [26.154062757781997, 38.50176292061204], [26.150990471448736, 38.52307546536831], [26.162124972466803, 38.53476429612675], [26.159626895665713, 38.553264060447276], [26.1410757395195, 38.562831770843474], [26.125312619194563, 38.54969334157055], [26.101555940601138, 38.55858334641888], [26.086035359097234, 38.55650926679114], [26.065395786280884, 38.58582659138913], [26.045921242270726, 38.58880887959609], [26.008354663470094, 38.60418324068797]]]]}, "properties": {"name": "Chios", "codes": ["XI"], "id": "chios"}}, {"type": "Feature", "geometry": {"type": "MultiPolygon", "coordinates": [[[[24.886213010302054, 37.51362859927127], [24.882810594022484, 37.49962932869997], [24.900397683473848, 37.493646931090545], [24.889694217744015, 37.46162238476509], [24.897645875313827, 37.45474812156767], [24.877490217816483, 37.42375806310174], [24.857598376172177, 37.41208736645227], [24.855242162006828, 37.395357338378034], [24.884773468898842, 37.39277852057675], [24.87865063805468, 37.36876707238946], [24.904980020524913, 37.3733817658827], [24.91518369303925, 37.38124414930755], [24.94899229769493, 37.386511954985515], [24.96937402489234, 37.40375159505776], [24.96663838718595, 37.415184987927134], [24.936638139696168, 37.4367161773453], [24.951192737417998, 37.45702426492288], [24.946010433613694, 37.48576435864574], [24.93093517732856, 37.50126083774679], [24.891323609438004, 37.508191163403104], [24.886213010302054, 37.51362859927127]]], [[[24.734691098831004, 37.63400460409569], [24.717063327894667, 37.62884931894856], [24.684301501550593, 37.60655573797126], [24.70929892166684, 37.59439343050632], [24.737797841236972, 37.59916702057881], [24.741583132388413, 37.62636333388276], [24.734691098831004, 37.63400460409569]]], [[[24.790466507647363, 37.99846021885241], [24.755529042452157, 37.994850453446524], [24.729982725209766, 37.98459311391406], [24.725414467802413, 37.9762215324222], [24.699431038083116, 37.96991676899512], [24.684294169899744, 37.951069988527195], [24.69668721877766, 37.90148992555428], [24.70866983190543, 37.87312703368358], [24.743936482338757, 37.88086783128412], [24.76423574868584, 37.87607816908549], [24.790188237132693, 37.84787686805493], [24.797668902249928, 37.82323927073339], [24.814778940950305, 37.82118776336107], [24.8262910771247, 37.81290244770295], [24.824970832749283, 37.79775196885689], [24.846019973577402, 37.79295202669148], [24.85111321672956, 37.77835044036015], [24.871181100915887, 37.76619854010391], [24.889023750745338, 37.765299186388106], [24.91017070465219, 37.71882914528415], [24.947231369835855, 37.68882134911293], [24.982849672629193, 37.733261204412784], [24.98388742951343, 37.7439328588065], [24.99550359480762, 37.75702118697138], [24.995302708453696, 37.773056786253356], [24.961027934469495, 37.769781213082496], [24.951842535447323, 37.775759209241954], [24.98046814079737, 37.81275654306299], [24.95650048087417, 37.8353955006515], [24.93483897370728, 37.8424732427772], [24.946442902164765, 37.85715250285678], [24.958383925372374, 37.8837786950219], [24.95267269461554, 37.90138181395949], [24.930545241096866, 37.90383904512674], [24.906887817556022, 37.90120271897499], [24.874122980771986, 37.90210853373425], [24.870430567804124, 37.909048670969085], [24.83932273210841, 37.91334838097137], [24.826076945683553, 37.93664088701962], [24.83205055639694, 37.9544890180465], [24.824033443624845, 37.96535165523167], [24.79948406578762, 37.96790040328913], [24.785128541473362, 37.983039259892934], [24.790466507647363, 37.99846021885241]]], [[[25.770083362811004, 36.399483600591736], [25.750103271711026, 36.3899347666563], [25.7338767199137, 36.375911166252564], [25.728147005823708, 36.36053498092823], [25.77020337062752, 36.343387314833286], [25.790158883775135, 36.34444209035754], [25.826403352161776, 36.35334921236116], [25.823258295611687, 36.372732273895174], [25.802033205356494, 36.38068926393567], [25.770083362811004, 36.399483600591736]]], [[[25.391614069089826, 36.4131300442629], [25.389466346418285, 36.39554972030787], [25.405211423096603, 36.396293986433335], [25.41085223098727, 36.40871254421013], [25.391614069089826, 36.4131300442629]]], [[[25.348539260568906, 36.44994378840366], [25.33799626627651, 36.457418270355575], [25.324781934390433, 36.43135145062388], [25.333457791054915, 36.41942778007091], [25.351777606282198, 36.40991876934658], [25.347048832133396, 36.432066828402505], [25.348539260568906, 36.44994378840366]]], [[[25.404766634094113, 36.477483310994074], [25.38655463033443, 36.481608585074845], [25.368639258789702, 36.47022287706938], [25.369695188371487, 36.46033994537511], [25.39933857694944, 36.45700325759448], [25.41194419150927, 36.4599287021363], [25.423713101354398, 36.44393254948384], [25.4140872311133, 36.42986727132001], [25.42505930353011, 36.42541888512709], [25.426315904940207, 36.40649156275888], [25.434206890953043, 36.39153219294008], [25.416058749947926, 36.363443172283894], [25.401617179013307, 36.36082798330038], [25.37857293376879, 36.367036726111685], [25.35358806639294, 36.357676804585026], [25.38237703745227, 36.35012648229194], [25.417397719266724, 36.34708391973853], [25.443058082899597, 36.33187573330377], [25.476427794577294, 36.35714139454252], [25.486794306068035, 36.380856040169526], [25.48693519814224, 36.405923359840585], [25.461795415436615, 36.42628181139556], [25.452764461876427, 36.44042746201459], [25.428244970677454, 36.46096970265329], [25.42270730782691, 36.472475098727784], [25.404766634094113, 36.477483310994074]]], [[[24.857984345212138, 36.66738878669452], [24.842750632531004, 36.66021374175343], [24.844932637731812, 36.64781217349456], [24.86103032191054, 36.63166886428888], [24.89273289703997, 36.62456637669392], [24.910505574466868, 36.59956046351106], [24.935398059903704, 36.593472106390095], [24.95735061580659, 36.600428378002974], [24.938843298043988, 36.627078616515014], [24.92682677187541, 36.63671917082071], [24.91730834696465, 36.63174465711539], [24.892101208907246, 36.64883848841142], [24.857984345212138, 36.66738878669452]]], [[[25.166591418783153, 36.71718398149178], [25.139404665868895, 36.715392067985235], [25.126513721204432, 36.704652494857534], [25.093509131144447, 36.69206967685631], [25.08469321903124, 36.666432195415794], [25.069057138180273, 36.654250820432004], [25.059483619479604, 36.63657782594893], [25.076411797231078, 36.634857552923265], [25.120832066004155, 36.658074738961936], [25.130823482280505, 36.65985529024479], [25.15704801887472, 36.68655634135142], [25.179478555824925, 36.7012639500754], [25.178061137252083, 36.716304801719296], [25.166591418783153, 36.71718398149178]]], [[[25.307278138325078, 36.79275641834226], [25.2722365345072, 36.785186005251404], [25.259116906007826, 36.76873964902477], [25.25973042097519, 36.72390576590176], [25.29067766151701, 36.70592444226548], [25.30560253682026, 36.68997785853055], [25.33864084853151, 36.66450649985076], [25.35427001071431, 36.646310429328466], [25.387594953353105, 36.657023292873035], [25.389282681336045, 36.674788504225084], [25.381497068234403, 36.692123094531404], [25.39074252266041, 36.70901601140502], [25.402991146030995, 36.71294662359016], [25.386152985989426, 36.73109089468228], [25.37191354266771, 36.73272519290965], [25.348474898306723, 36.750092783154734], [25.331990804613948, 36.75229761293831], [25.32858212215546, 36.77532157363482], [25.307278138325078, 36.79275641834226]]], [[[24.437004514460185, 37.48243403218172], [24.42451277288876, 37.47909947663742], [24.397240645026734, 37.46005840506462], [24.373496264038007, 37.43681750875758], [24.364630256237703, 37.41928652692088], [24.389291006434515, 37.41015814134012], [24.397826503845163, 37.39276930781049], [24.389363036726092, 37.38463102790513], [24.399007433338955, 37.36392131686993], [24.378072172357523, 37.34978434571641], [24.362262712083556, 37.31211992111159], [24.37355580408756, 37.29946539301225], [24.402064226467232, 37.3134786797542], [24.43151291756294, 37.33487294313939], [24.433032856434867, 37.3469548968095], [24.449837902182207, 37.36033173211538], [24.452705848778592, 37.3880019975205], [24.486169345208392, 37.39988442822529], [24.471333136142686, 37.424542826588755], [24.444835253944873, 37.43020693295263], [24.42998475094249, 37.445521997536616], [24.437004514460185, 37.48243403218172]]], [[[24.34984319976598, 37.68388650543491], [24.333569621114535, 37.682870084726446], [24.31626610399183, 37.65852769049634], [24.30483482726956, 37.661910748111225], [24.281303836894185, 37.63358610654615], [24.267981952390347, 37.6081542205392], [24.26771371523764, 37.58170935623922], [24.280079334511505, 37.57472226170246], [24.272558290392286, 37.529050338352135], [24.294086346628887, 37.52460008177868], [24.308125706557966, 37.53314518731177], [24.329182211322497, 37.555523021376494], [24.354067755186623, 37.57158515629393], [24.39432992224734, 37.61647960309541], [24.411139829355488, 37.6524215911063], [24.390543565410457, 37.67526822984192], [24.364452233967587, 37.684049572016754], [24.34984319976598, 37.68388650543491]]], [[[24.143923696679337, 37.75581088500214], [24.13082556804886, 37.74487507192904], [24.11749040755642, 37.7051495923028], [24.104647566189797, 37.6795908852157], [24.10192619259181, 37.65162479152292], [24.128664603311645, 37.68207283968951], [24.124115925621933, 37.68768400867506], [24.135855365339857, 37.712295435530656], [24.151046492969996, 37.72035285675553], [24.153861960625527, 37.7395654929793], [24.143923696679337, 37.75581088500214]]], [[[24.428024938490186, 36.77342472204624], [24.40928736991403, 36.76415144957683], [24.41445515426006, 36.74120015984035], [24.42789234482664, 36.725088363998566], [24.455358872862224, 36.724688974504424], [24.469996456160725, 36.70693614762089], [24.448925718955042, 36.6901147665139], [24.434110116364963, 36.68933132513577], [24.42150343196387, 36.7027816027099], [24.401024023864522, 36.70126574141649], [24.391042580001848, 36.71862533796096], [24.392425135630056, 36.7340991119758], [24.369970344585283, 36.731863253617455], [24.351496554954252, 36.750453544216604], [24.337272943328966, 36.73955081615998], [24.33680292080003, 36.70598114281514], [24.32688014494266, 36.68969199246575], [24.332481188167392, 36.68158116995021], [24.320445120490493, 36.66975964263606], [24.31798531719546, 36.65820917909969], [24.33195147225485, 36.651247653344946], [24.355533947715365, 36.65465934497221], [24.38283473521325, 36.65357408349674], [24.394909650272155, 36.65862805790885], [24.423203026001005, 36.660000314161096], [24.443886541329626, 36.6700306496757], [24.4747224084608, 36.661149335290894], [24.497891002089837, 36.67064649353743], [24.509214499206845, 36.66935457644484], [24.535044046633423, 36.67769720205524], [24.547614550280056, 36.702475687665114], [24.53112927327056, 36.74107921953821], [24.542441243641928, 36.75407241396797], [24.525245326521045, 36.76563422211234], [24.510267692911487, 36.76816941027317], [24.506211346566467, 36.75631443809917], [24.49054145874863, 36.754198516761676], [24.468383637836567, 36.74210894866155], [24.441577878846847, 36.75003618803338], [24.425241128818023, 36.76076006958493], [24.428024938490186, 36.77342472204624]]], [[[24.62278831822677, 36.788790852849374], [24.606368846216533, 36.78132147014281], [24.615629976215224, 36.75479803297415], [24.64418475048248, 36.74282872006106], [24.665932495761, 36.752399712222804], [24.661522448035328, 36.77566389735327], [24.62278831822677, 36.788790852849374]]], [[[24.238345429762155, 36.8057597395667], [24.221148262864563, 36.80101518211819], [24.229939831996212, 36.781427619428506], [24.24205429409982, 36.7681068863739], [24.255698891379126, 36.79322936194757], [24.25243942565879, 36.803413891688756], [24.238345429762155, 36.8057597395667]]], [[[24.560182174084648, 36.84650679305052], [24.52056785223555, 36.82253690499588], [24.52047031800004, 36.80067699098752], [24.532143537820186, 36.79254826353232], [24.54166246142075, 36.77197001843182], [24.57286870318705, 36.77675484232239], [24.591169600252076, 36.79708333491951], [24.599283002338723, 36.831802779692374], [24.572677982232534, 36.83092426966192], [24.560182174084648, 36.84650679305052]]], [[[24.641195263622446, 37.041032120614574], [24.65535670209909, 37.02394499320859], [24.651648448431533, 37.01336471309343], [24.66910075874322, 36.997303436817745], [24.656623163491243, 36.98191368776166], [24.665232210246504, 36.96538768979613], [24.678766068742167, 36.95535933722915], [24.68014079345146, 36.932085564278104], [24.70308255219567, 36.90105988050668], [24.729166707652496, 36.91955330375713], [24.745036489676753, 36.938511035615704], [24.765619348436186, 36.94871948697901], [24.73736749776735, 36.98963356552275], [24.718298315197444, 37.00168528204539], [24.708628438702924, 37.019979097944955], [24.684765974803298, 37.02366175580875], [24.659508590971875, 37.037271991677116], [24.641195263622446, 37.041032120614574]]], [[[24.49352983917263, 37.20978821121281], [24.47737444583253, 37.207655003186254], [24.445401447363142, 37.192212332995055], [24.433943511927932, 37.16084989887343], [24.42040692742352, 37.15964573202082], [24.42464875814657, 37.14204411399267], [24.413596891751364, 37.12181042258545], [24.44795229691874, 37.13152902009558], [24.459129195851197, 37.12202143634808], [24.49255238834543, 37.12444730187004], [24.503002255846287, 37.110999436532744], [24.517472579153715, 37.122321992777515], [24.513802647132664, 37.14383655528086], [24.534678874309204, 37.18542511407831], [24.530032646578427, 37.19585715321255], [24.49352983917263, 37.20978821121281]]], [[[25.27730755382607, 37.40907292070246], [25.265025634868373, 37.39488301757588], [25.279170274955895, 37.39111654490758], [25.27730755382607, 37.40907292070246]]], [[[25.22070804996814, 37.43997327818517], [25.22079771347862, 37.427444021665856], [25.211002154222516, 37.41535892012638], [25.215472701750475, 37.399666070887505], [25.23467910940833, 37.39237364914443], [25.2160703910562, 37.3717999324601], [25.254572780330864, 37.37859032134959], [25.2567207922656, 37.39757639825543], [25.23949979319688, 37.391980709694884], [25.235485817675254, 37.4042266282127], [25.23965827870837, 37.42144323190232], [25.22070804996814, 37.43997327818517]]], [[[25.332256698080364, 37.49743935682414], [25.312926171744493, 37.492423223315534], [25.30891032967264, 37.48418481724239], [25.328875506784556, 37.46433154571055], [25.327607264936148, 37.44016375739556], [25.304215487803795, 37.42414652839593], [25.335573806390883, 37.41032177591013], [25.369520189174946, 37.409293457035965], [25.382430829368694, 37.420715956357284], [25.3992312102513, 37.41437138186013], [25.409227944412407, 37.434459823840314], [25.423498016715662, 37.442688914236946], [25.458997260349907, 37.44564484591645], [25.461569311321128, 37.47528357971944], [25.430299308443384, 37.471286010493515], [25.431243434951938, 37.48002612709878], [25.4080470396549, 37.48745213542678], [25.40393337405951, 37.49601831510772], [25.380846287659192, 37.49286554230532], [25.383880979331064, 37.46851304717692], [25.368077790374265, 37.468796232773826], [25.351794066409635, 37.500042429415004], [25.332256698080364, 37.49743935682414]]], [[[25.47345518161404, 36.871270930389414], [25.457799044009928, 36.85927740578463], [25.431161377857336, 36.845810015910075], [25.419922406557657, 36.83581323767161], [25.420556994741336, 36.82404256296101], [25.455607255772776, 36.819661527032245], [25.479482086338482, 36.83047184317952], [25.48118509111252, 36.844755513841136], [25.47195943138586, 36.85372164900389], [25.47345518161404, 36.871270930389414]]], [[[25.526624420389954, 36.89123205653775], [25.50599452899288, 36.88423933523479], [25.50193407729271, 36.86974261254827], [25.523995751707112, 36.85693268600658], [25.53864887501713, 36.85709541840295], [25.526624420389954, 36.89123205653775]]], [[[25.649571858084485, 36.90666916502415], [25.628708701963582, 36.8942299755165], [25.607282544982827, 36.89030344546377], [25.608254393727822, 36.87849153533817], [25.635036345851496, 36.88333583829051], [25.678939969482233, 36.87385427406348], [25.683810400757697, 36.886945029814555], [25.669016725375656, 36.89891636366063], [25.649571858084485, 36.90666916502415]]], [[[26.00800789307017, 36.93724738484534], [25.9808302011823, 36.93027720976563], [25.959051412774567, 36.9182636366955], [25.959858862874203, 36.908119655002814], [25.977582666648694, 36.90210259078673], [25.946746353004418, 36.88408109684082], [25.91050208068077, 36.86714790817184], [25.884101063711867, 36.86448695541377], [25.85655465826054, 36.85225690097616], [25.84081298011648, 36.83934234902131], [25.853354611955382, 36.81757858400652], [25.82934292236696, 36.80812592457315], [25.78414770386146, 36.81490580073313], [25.76559923553417, 36.79588487042659], [25.746881824573386, 36.78310973894184], [25.774818233493573, 36.76865308084772], [25.80324889707206, 36.767621553835745], [25.818530157191013, 36.78196363067996], [25.870786104163788, 36.79036472893434], [25.883805042218828, 36.80448135184232], [25.90601733740587, 36.8182871744121], [25.91271736391609, 36.83428620432628], [25.927520796500296, 36.84083399460918], [25.933227840403585, 36.851926647258196], [25.95487120812752, 36.86059472235626], [25.9764239745386, 36.879913730690134], [26.02773180342109, 36.89693981636048], [26.049666034599664, 36.89981700391866], [26.065670369129673, 36.89206804572516], [26.088456170251753, 36.896293205789796], [26.064832691087908, 36.90871140316283], [26.04438149410275, 36.91376093854527], [26.019269895203983, 36.93327997152175], [26.00800789307017, 36.93724738484534]]], [[[25.612912273419692, 36.952519505401], [25.600448522421413, 36.95199412831025], [25.58846388100875, 36.94029329982811], [25.594250111542642, 36.930751569460064], [25.609225581191396, 36.92948599459031], [25.62405804794398, 36.93599010978374], [25.612912273419692, 36.952519505401]]], [[[25.831984569191142, 37.13383849471256], [25.815438248129205, 37.131317131730356], [25.7884366491593, 37.10180448806717], [25.811131979136473, 37.09042801163216], [25.83480913821904, 37.09419189984679], [25.83673541253727, 37.11106137608335], [25.819036648627144, 37.1237541663223], [25.831984569191142, 37.13383849471256]]], [[[25.535522141056656, 37.203171132269944], [25.493125333846844, 37.18776872850884], [25.46327846679662, 37.15090709645502], [25.438548853034188, 37.137419379668394], [25.41108043373147, 37.133990990077656], [25.40680640441071, 37.12561422178064], [25.379693529614062, 37.109176813704956], [25.36655553752588, 37.08733933084279], [25.33997625310858, 37.08698128399499], [25.353637174803232, 37.06326462406368], [25.378071633784412, 37.03952988227486], [25.369760667511336, 37.02707014837958], [25.391048046305905, 36.99395876773327], [25.385005459940597, 36.98219447680821], [25.426994456599722, 36.96228172289912], [25.4234503881347, 36.93228162814132], [25.44162041336937, 36.91806417258162], [25.45988869426556, 36.923745010734066], [25.471695628499727, 36.936443768016275], [25.482372941025677, 36.93117318872332], [25.49880312136887, 36.95047243940263], [25.521043664831016, 36.957733978075986], [25.542963530091832, 36.9538727580879], [25.55690885387295, 36.969554509292536], [25.5581605515276, 36.98318452193628], [25.575087300718018, 37.01818564798267], [25.582108954158826, 37.056345026985824], [25.59338969112712, 37.08669509672668], [25.589939296527213, 37.09780072598458], [25.598741517146532, 37.109354542523135], [25.588776627566634, 37.145649656887485], [25.548059994943053, 37.18404414897412], [25.545493536796535, 37.197336088254], [25.535522141056656, 37.203171132269944]]], [[[24.98938880139224, 36.97566771682242], [24.975905386161624, 36.961356797297725], [24.992014742806205, 36.94859457514028], [25.026724519869468, 36.96106796568643], [25.014280016952224, 36.97093262716985], [25.00046480757147, 36.967714644782355], [24.98938880139224, 36.97566771682242]]], [[[25.082488045234, 37.04885068036678], [25.07408307021783, 37.04134639749588], [25.053200792469717, 37.03754044483664], [25.04902338331665, 37.02607568553918], [25.028800901278533, 37.01713061447908], [25.020003826085276, 37.007381318168754], [25.023544450663234, 36.988529616491725], [25.01735199910883, 36.98165106902414], [25.04252888290824, 36.97097638816612], [25.04948167447734, 36.957799729079326], [25.07397726340079, 36.98385649583148], [25.07539840450526, 37.016158639709786], [25.082488045234, 37.04885068036678]]], [[[25.227126003698995, 37.15247904147071], [25.199011176165413, 37.13525784304078], [25.166510599506058, 37.126861413021636], [25.136829926778464, 37.10196540883691], [25.14930386547036, 37.08666600409892], [25.142058693466762, 37.07938977570319], [25.107490239609312, 37.06378119123634], [25.108416755794746, 37.043338154509556], [25.097691298194796, 37.03249502919346], [25.106194846335434, 37.006438009894474], [25.123296985705686, 36.9934145279283], [25.180925024491206, 36.97466516345007], [25.21797478770823, 36.991651513983896], [25.235202690426778, 37.00946504672035], [25.252108995335167, 37.017120848314995], [25.254321447798198, 37.03221354936881], [25.270212300856905, 37.04835030574728], [25.255674078018426, 37.07908855115551], [25.268999518316342, 37.09338658216073], [25.271086472236945, 37.113194202120404], [25.282523854657754, 37.12267951306982], [25.285133723301872, 37.13814557650356], [25.275598538166964, 37.14904682548117], [25.26178496434765, 37.13205087427631], [25.225683334052995, 37.119468071400334], [25.211991726542493, 37.12602655798919], [25.22392605436771, 37.136945631797744], [25.227126003698995, 37.15247904147071]]], [[[25.024972005900977, 37.67806772889312], [24.973164927187174, 37.6701154763142], [24.9927393877132, 37.641552257316825], [25.016131361936313, 37.62515663702772], [25.042429110752906, 37.615211158414176], [25.06213781404788, 37.59271905470138], [25.084272428676076, 37.587668753327364], [25.109567800302308, 37.57215652438102], [25.106632906479376, 37.55604162902588], [25.120400663997945, 37.54916096932983], [25.13532138150474, 37.552930120496825], [25.17293155712799, 37.53240023751626], [25.19514786702605, 37.52555287296851], [25.229168321098168, 37.53455019752371], [25.227874908814574, 37.546866431879835], [25.234887294235875, 37.56404417342684], [25.25195955609515, 37.58113317753984], [25.25373546349845, 37.60855867473921], [25.238332521640395, 37.61934753699669], [25.220889429841492, 37.620863224654], [25.206293469858874, 37.63338808391626], [25.178938722837636, 37.64057751979783], [25.15501329290191, 37.64118372134355], [25.142065144180947, 37.63686639630145], [25.120974972779898, 37.652012161732024], [25.09213605039633, 37.64971399393859], [25.08853451725881, 37.64483520797983], [25.059147829386358, 37.64775253013714], [25.055026246362008, 37.67405330533322], [25.024972005900977, 37.67806772889312]]]]}, "properties": {"name": "Kykladen", "codes": ["EM"], "id": "kykladen"}}, {"type": "Feature", "geometry": {"type": "MultiPolygon", "coordinates": [[[[26.673687328079794, 36.361190750237036], [26.655345214487895, 36.35329055682956], [26.66647613329923, 36.343588461161445], [26.66800884163992, 36.33047714021927], [26.68398942020185, 36.325928328331095], [26.69713060276665, 36.34294515804497], [26.673687328079794, 36.361190750237036]]], [[[26.381589955551426, 36.64427562202765], [26.370634070898017, 36.63704075657701], [26.374882260564007, 36.62317567686411], [26.394385922942863, 36.60653526856756], [26.402648616581143, 36.58390924316211], [26.382191543664234, 36.59205297228224], [26.364961008717, 36.5870787372091], [26.35680061676588, 36.57059379505949], [26.34147633333677, 36.57012079798833], [26.338043755866988, 36.58106670165009], [26.292880912358775, 36.59876246639814], [26.28614863530112, 36.59197894792667], [26.26833438582429, 36.597835383982364], [26.261820958140035, 36.583493416617834], [26.28592364511196, 36.53037968388079], [26.2993501315905, 36.515213996874095], [26.32935235181067, 36.507015696834614], [26.340921337072484, 36.514233808961365], [26.36489318558334, 36.51258907020043], [26.355291926376545, 36.52870488223263], [26.34406461044191, 36.53310815547151], [26.366076624953077, 36.56724647389531], [26.37679957547133, 36.57509050032625], [26.398867307252747, 36.57628857357869], [26.41497908105352, 36.571573915324116], [26.428328876209747, 36.58450615833768], [26.445664467882953, 36.59051446409502], [26.45332075854167, 36.57844236383639], [26.47361476991298, 36.58116814338397], [26.456521866293606, 36.603629705076216], [26.44534008995835, 36.60878066894805], [26.401515104073027, 36.641342853599305], [26.381589955551426, 36.64427562202765]]], [[[27.13277203750749, 36.95775774063362], [27.108386031666953, 36.95466872606366], [27.133269610284614, 36.92209822639823], [27.15493612238725, 36.922938900853815], [27.151071320439787, 36.9355574153748], [27.17260557815947, 36.950833283686315], [27.15313731841697, 36.95870497331609], [27.13277203750749, 36.95775774063362]]], [[[26.30490804237319, 36.99068776408943], [26.289443585845106, 36.983119331625105], [26.276454027802156, 36.98555925838046], [26.27013468998287, 36.974054263875814], [26.28731921255758, 36.969200054077156], [26.31089329918881, 36.98267650969019], [26.30490804237319, 36.99068776408943]]], [[[26.45975020469916, 37.01449783460459], [26.45123707379314, 37.00885226096029], [26.425140048219138, 37.00842436109413], [26.43278119833477, 36.99431712322705], [26.444880368432678, 36.99815990785176], [26.497462286213583, 36.99672216823772], [26.49261845796835, 37.0053674336697], [26.45975020469916, 37.01449783460459]]], [[[26.90922450285542, 37.017219646494745], [26.898537988044236, 37.004883718394325], [26.91812602604903, 36.99816765983205], [26.92184069012242, 37.010457498815], [26.90922450285542, 37.017219646494745]]], [[[26.894459447377788, 37.07574787870869], [26.880221551983396, 37.07336437181318], [26.928145377852577, 37.046067004879475], [26.946062650356097, 37.040549881827246], [26.958470212191838, 37.02301183924093], [26.94395595177281, 37.020552627743356], [26.939345599163918, 37.00307736943865], [26.92423377409087, 36.9809321061422], [26.933939506819673, 36.96956369963141], [26.91409093617653, 36.948245799141986], [26.95128174847222, 36.927412036551026], [26.987263312270564, 36.92791757660771], [26.98301787785963, 36.947091775035496], [26.990996435154482, 36.951729858805855], [27.016424471206538, 36.94633736657589], [27.034396677472376, 36.95096130161391], [27.04612621244943, 37.00043684553092], [27.034380397982204, 37.01480392922228], [27.005762782754438, 37.01096425303843], [26.981356648168134, 37.029494188357845], [26.992714051780297, 37.04107545727406], [26.956155838154604, 37.06340283692109], [26.93213301868012, 37.064999777375455], [26.894459447377788, 37.07574787870869]]], [[[26.8109359184962, 37.201157835055476], [26.802073015897555, 37.203152166556464], [26.77788269728521, 37.194260526705946], [26.767508437944272, 37.17656209640013], [26.773934974019088, 37.16558920103287], [26.796206334074576, 37.16288469738409], [26.829683410726005, 37.151744690460035], [26.8128276929971, 37.12589656233795], [26.821867493380868, 37.11571517297647], [26.84799303086167, 37.12987733008012], [26.852032975289163, 37.115902965978165], [26.83372137417448, 37.108124158944605], [26.854209740894724, 37.09591785589793], [26.88689405549328, 37.10159604394229], [26.891890952390504, 37.111791875668025], [26.882267566525357, 37.12786787151462], [26.862247171779252, 37.14073457668678], [26.86390286701959, 37.1562747308161], [26.835769594205445, 37.16245754357699], [26.858148660532063, 37.17825660796067], [26.840442751846133, 37.19125318033705], [26.823263966635672, 37.18993396460328], [26.8109359184962, 37.201157835055476]]], [[[26.721653596925975, 37.3286627464304], [26.71015685122849, 37.317924141538654], [26.722166200466024, 37.300499989175385], [26.744994972892567, 37.29195241162493], [26.75430071977785, 37.298079928297184], [26.763428470367597, 37.279042742888635], [26.78480541989375, 37.27903703392508], [26.792183951323665, 37.300120230792984], [26.786160088540154, 37.308606548912394], [26.76105785209544, 37.304572587612185], [26.741321115767672, 37.31261010842976], [26.73734494558722, 37.32520068486016], [26.721653596925975, 37.3286627464304]]], [[[26.567846435245492, 37.37874618303207], [26.55049435823673, 37.365929132553326], [26.53190811135285, 37.36982514824768], [26.53855499675523, 37.33688975419201], [26.529096618074636, 37.3149961251666], [26.53141429074566, 37.296806253844046], [26.545155749675054, 37.28366089339874], [26.543048741986297, 37.27488386934963], [26.57180230821447, 37.27087399137448], [26.5729064708527, 37.281609747564055], [26.56021838763065, 37.288823900372485], [26.558893381212947, 37.31195811527699], [26.552188943814656, 37.32321418158777], [26.55615183145717, 37.340610878801975], [26.57768571969517, 37.346757770072244], [26.598541979748383, 37.34230014983502], [26.59332419328145, 37.363149930451954], [26.5750838297025, 37.36720732023624], [26.567846435245492, 37.37874618303207]]], [[[26.718506557918282, 37.4058974864271], [26.71670562214562, 37.3899712374035], [26.72709720041817, 37.38767735391747], [26.734441308160548, 37.37208066254715], [26.75485235289417, 37.378410014859696], [26.718506557918282, 37.4058974864271]]], [[[26.97949914004969, 37.4742560839102], [26.94225172177059, 37.476532788379544], [26.93704614117434, 37.469282751886766], [26.945601145410986, 37.44781371171061], [26.964661892777674, 37.4519591375213], [26.974773331317465, 37.44692026546285], [26.992533254977243, 37.46004131240558], [26.97949914004969, 37.4742560839102]]], [[[27.00168568384691, 35.435261891790816], [26.934069416594745, 35.4173673109106], [26.903999821433292, 35.422709295815075], [26.888450091481307, 35.40145128864682], [26.871561273606726, 35.39331888604632], [26.86734423181596, 35.38341459768275], [26.845666839038756, 35.36390925573943], [26.853912520654127, 35.351573942480584], [26.88190146728626, 35.34204044349255], [26.90652648852785, 35.36262200648611], [26.931944558596424, 35.36831660065751], [26.956908931546156, 35.39204256804614], [26.970762343416883, 35.39238739633844], [26.991194959078697, 35.40041787687211], [27.001587251682587, 35.41240815359413], [27.00168568384691, 35.435261891790816]]], [[[27.212963583615277, 35.83062356094419], [27.18805555124499, 35.8034411518043], [27.17353299450824, 35.80810635187928], [27.165938306199006, 35.7977539272132], [27.160866300376043, 35.76039810375571], [27.16663222105079, 35.73660811614241], [27.153598243956452, 35.719116126564124], [27.138904051492695, 35.708578103965515], [27.137196716466125, 35.69532992921231], [27.123777140158037, 35.68426995867759], [27.117152372031406, 35.66396632132582], [27.121265911062615, 35.64523162953426], [27.08433080401644, 35.62174278280907], [27.087760086302847, 35.614553214166015], [27.065410342793186, 35.604949496202735], [27.073596576641012, 35.5734410147621], [27.09184492326633, 35.55950845456608], [27.102039129501854, 35.56026588087673], [27.113259592274797, 35.54540360652208], [27.105657398518332, 35.51091149791392], [27.120119922558015, 35.48638505117897], [27.110862020032055, 35.46867172147191], [27.090537653645548, 35.45527015463825], [27.095227896840104, 35.438134450695024], [27.105816920744804, 35.43125620846747], [27.13337447795578, 35.4263258538173], [27.144140789502426, 35.411337684462325], [27.156524951401494, 35.41153707934574], [27.156608006988392, 35.44092387671827], [27.173972028657072, 35.46146661342975], [27.19316496791488, 35.46289754110295], [27.201290085046693, 35.480994667435326], [27.217606545393238, 35.48226358904065], [27.23080115790657, 35.474385708386095], [27.242069669000756, 35.49364817585191], [27.23758215606624, 35.50443893310786], [27.222906446006856, 35.51157321699348], [27.201101503281997, 35.514299217198904], [27.200030505685472, 35.53155866442102], [27.2183844581014, 35.54225366554795], [27.204461419123312, 35.55936006838949], [27.203798629795237, 35.57336428572392], [27.188041102508567, 35.57745934677227], [27.17644188587257, 35.599385713103295], [27.15138398420281, 35.609533933612624], [27.162918552910895, 35.623785875350045], [27.16129131258913, 35.65545180226649], [27.18159978438309, 35.671219090931444], [27.191971705079467, 35.68552556615466], [27.189932179069388, 35.698358528434184], [27.20343982400281, 35.718762718082736], [27.217147597609863, 35.726849737516986], [27.21573261727381, 35.750921968702045], [27.20894822446577, 35.766360222560174], [27.213149335472668, 35.78282053333213], [27.23112443437729, 35.798838789953884], [27.231123087171706, 35.82919003663805], [27.212963583615277, 35.83062356094419]]], [[[27.22848415236963, 35.90500347396016], [27.21500401759419, 35.894966099645515], [27.214309469147615, 35.87606932857756], [27.19863667161353, 35.86281737433857], [27.201063170582888, 35.841665339368326], [27.217286595646712, 35.8363473600522], [27.24021204472312, 35.846770036775474], [27.231037605178816, 35.875277673833025], [27.24043187842003, 35.90192382325213], [27.22848415236963, 35.90500347396016]]], [[[27.170293129559955, 36.6200100296535], [27.154854461472354, 36.612634676386996], [27.138104201442548, 36.613978476962316], [27.127464429431402, 36.60789663340954], [27.127720737933775, 36.57606270175562], [27.14303648112358, 36.56578335945367], [27.17220292819284, 36.55775629264448], [27.19384598132384, 36.55836740954881], [27.214007499422497, 36.58512814867083], [27.187952218088572, 36.62012413809154], [27.170293129559955, 36.6200100296535]]], [[[27.134616694276655, 36.6821215826646], [27.12232720034099, 36.66807217337188], [27.10390839133028, 36.664607221188604], [27.1146878071094, 36.651007205754496], [27.125167898453338, 36.66764616694786], [27.143703542649714, 36.668275248853085], [27.134616694276655, 36.6821215826646]]], [[[27.287999871253373, 36.89818848507576], [27.279941911301744, 36.916711516172704], [27.230689732521242, 36.89355394123613], [27.165929726436055, 36.88850470822868], [27.141193896553787, 36.87836690124911], [27.104445701271626, 36.857220791111516], [27.075603112494974, 36.85018579900283], [27.02919826666746, 36.812351433733056], [26.999109030273715, 36.77488025213857], [26.990814487685327, 36.76959239089477], [26.958831170555438, 36.77449292254389], [26.931855837493494, 36.76778100341516], [26.91810996163071, 36.75106060687687], [26.92389706214992, 36.741816905327504], [26.917296211186887, 36.72129775530277], [26.924764239741247, 36.704226881363084], [26.942624377641867, 36.68599785143343], [26.968984081572554, 36.67182590549821], [26.966954191074954, 36.70559712529494], [26.984048994071674, 36.71641563416841], [26.970925390739943, 36.74059715341597], [26.980759635003228, 36.750452691389036], [27.016606830346994, 36.764155723628384], [27.059654322637076, 36.76749801825692], [27.101875704564083, 36.75627541458755], [27.113339255477626, 36.75789508385982], [27.138963147843935, 36.77688299064593], [27.167258302970644, 36.805696723237745], [27.233551261989454, 36.826969159297434], [27.275419765909316, 36.833192600819345], [27.29057747550257, 36.83953145310107], [27.32468778949271, 36.84562755281031], [27.35518020783131, 36.859069226994194], [27.351481369460053, 36.87447308063611], [27.33888649282718, 36.89151497013274], [27.327116284877352, 36.88518686992853], [27.308839625373217, 36.88668885210259], [27.287999871253373, 36.89818848507576]]], [[[29.591400863794416, 36.16748508246108], [29.571530862748432, 36.154090960689544], [29.560311023806484, 36.12449991242545], [29.57213662019844, 36.12460591449206], [29.601146030888255, 36.14223516340352], [29.59144089920378, 36.15324110957651], [29.591400863794416, 36.16748508246108]]], [[[27.598931455948563, 36.24790912433916], [27.54566985361944, 36.23868919173706], [27.533394356962603, 36.240593566441056], [27.516111411151467, 36.22570457285472], [27.52942886168794, 36.21331921561372], [27.55657327831842, 36.21915522238883], [27.58245892402302, 36.215390742372726], [27.605723029528754, 36.21772760760721], [27.620320378303397, 36.22394480329062], [27.61749576456698, 36.24448328051671], [27.598931455948563, 36.24790912433916]]], [[[27.713559152328568, 36.286224705634226], [27.693655145987027, 36.281264907816784], [27.70614335814079, 36.25665965770628], [27.722920291035305, 36.270688745074956], [27.713559152328568, 36.286224705634226]]], [[[27.3503384520868, 36.48436254794591], [27.341311443168454, 36.478849110737315], [27.334128932404823, 36.4593528518185], [27.3098643960473, 36.462173467154116], [27.298738564814986, 36.47092491403577], [27.29485743978635, 36.422707225107], [27.319422653844928, 36.414375979467835], [27.342290302180132, 36.43301136873909], [27.35435884045087, 36.432194977647924], [27.35875253657549, 36.40753526101501], [27.371867707590013, 36.40277709260838], [27.38868454594107, 36.38655905187309], [27.40625319226696, 36.38087772069454], [27.435711591064763, 36.39217929992853], [27.449360200980628, 36.40594989185267], [27.44203400198744, 36.415856755324995], [27.427311368958417, 36.40123317970586], [27.412419679367257, 36.41269798383216], [27.396605416030024, 36.40994157805026], [27.38522095583963, 36.417158307568236], [27.39422153573031, 36.4278143297536], [27.385087675891857, 36.44716734650354], [27.366249216494253, 36.4722275347521], [27.3503384520868, 36.48436254794591]]], [[[28.22447612670167, 36.45418609071193], [28.219207302596274, 36.458435378869034], [28.199511293697597, 36.43053057690154], [28.178228962079086, 36.41998231737464], [28.159286957206717, 36.42442820597823], [28.117912153016086, 36.42005433156125], [28.052624551723955, 36.398608111839266], [28.012662094498324, 36.377302608422646], [27.982353880895857, 36.36730057077679], [27.96023181165023, 36.35300113382203], [27.914980357495967, 36.34289986391377], [27.878206163418838, 36.32209118880111], [27.85850946521889, 36.294962896817644], [27.82680057189216, 36.27233369930384], [27.811956725874634, 36.27420488460259], [27.789524834206862, 36.243069992752076], [27.789069818524517, 36.22060551849357], [27.772012614181065, 36.193611642679244], [27.75450693868978, 36.187729819008034], [27.73640628682682, 36.172421678064026], [27.70000545277198, 36.16331838071864], [27.68441642496595, 36.15604212322053], [27.702208306540914, 36.14659085877978], [27.71567490378726, 36.13241514808783], [27.706366422784317, 36.12028823971871], [27.75628326901276, 36.099792808825015], [27.760681497993794, 36.084851574375705], [27.76061679903713, 36.04760703490387], [27.755096836687745, 36.01329053074024], [27.728072894878167, 35.95138913165591], [27.726551298318164, 35.936614950132274], [27.733391606327114, 35.91714770458916], [27.75951056824232, 35.90379878384454], [27.763785327656123, 35.89391593261682], [27.79835821061148, 35.89051046560475], [27.82962877697342, 35.91602269116925], [27.840325161361278, 35.9164644123887], [27.862823873937355, 35.93185084042117], [27.876952747487632, 35.95040485703349], [27.89205491581, 35.96254665986959], [27.92431018583581, 36.0134155394445], [27.9459130878516, 36.04017487947484], [28.014600407043435, 36.073954250203364], [28.041698627414984, 36.07690691492926], [28.060739236081606, 36.06068603947471], [28.08566732553715, 36.05982864212528], [28.07504639548664, 36.072658886190936], [28.091269565547314, 36.0834923343101], [28.085589654792376, 36.1065145000703], [28.06893354254976, 36.1059471210738], [28.07685922367296, 36.14449585105492], [28.099253856771874, 36.17654858431152], [28.12693638503638, 36.18677553231545], [28.138336914885087, 36.19961473020744], [28.14725765836503, 36.226925247181796], [28.158830407413483, 36.23276569669004], [28.16721269002483, 36.24904887178787], [28.167828687875673, 36.2677466473518], [28.186601263685283, 36.30074462606018], [28.20793265418461, 36.32097442700966], [28.204867977765886, 36.33936897010858], [28.211966349410663, 36.35593669101481], [28.226492359412457, 36.37252012395736], [28.247187028572444, 36.38751279599909], [28.228121849564495, 36.40368413471421], [28.238239619067915, 36.441194312494204], [28.22447612670167, 36.45418609071193]]], [[[27.837083973448678, 36.64207630613547], [27.818466517357592, 36.640080733626014], [27.79916569548614, 36.61959010731522], [27.773307945354304, 36.60350243256589], [27.770307025371654, 36.59301158449664], [27.78487377608373, 36.58454001000125], [27.798778192786735, 36.58454754750154], [27.807841508191053, 36.56733862546449], [27.820996482788274, 36.5727370851043], [27.85011023022846, 36.557582683350994], [27.83444390618372, 36.54953855431314], [27.837148212198343, 36.537568346921375], [27.853482401634555, 36.53699587381692], [27.877191246880024, 36.553037200934085], [27.87267713784676, 36.56670668584863], [27.879980127456843, 36.60134273719249], [27.8780820216581, 36.617638799852756], [27.859702929327625, 36.62659679190528], [27.824619861576682, 36.62181074543198], [27.82163670040053, 36.63412299643047], [27.837083973448678, 36.64207630613547]]], [[[27.860698600539443, 36.667546464900546], [27.828794229465615, 36.65418137153477], [27.832434640993487, 36.64759560397527], [27.858006485075393, 36.64720140016847], [27.860698600539443, 36.667546464900546]]]]}, "properties": {"name": "Dodekanes", "codes": ["KX", "RO"], "id": "dodekanes"}}, {"type": "Feature", "geometry": {"type": "MultiPolygon", "coordinates": [[[[25.490706397596174, 35.2983357352185], [25.44355712871536, 35.29198345551991], [25.42891891084215, 35.29435720629473], [25.419114631577166, 35.30630169581134], [25.392737170372424, 35.31838335533275], [25.385641144067737, 35.33304383946466], [25.374929893215395, 35.33991916435227], [25.319077802007115, 35.335366330621575], [25.28137230203001, 35.33543830209113], [25.237069053034382, 35.331141497904895], [25.193935698414805, 35.333340121875885], [25.18540176092368, 35.345442786459635], [25.15496397063046, 35.346621060423615], [25.09657125073455, 35.338500209262975], [25.074877724842324, 35.338649970432215], [25.04793791658071, 35.34384553523605], [25.04005391954085, 35.35746527296269], [25.037814414911004, 35.382099218095384], [25.043189010075743, 35.40052740239429], [25.026692698898767, 35.399199077111376], [25.019359626671022, 35.41905202835135], [25.000653415406674, 35.421219115044], [24.987385288388122, 35.416477531340604], [24.9733276863695, 35.42397603908902], [24.959814899273702, 35.40466291851804], [24.9272879251469, 35.40857798235147], [24.929883605427236, 35.38336259431551], [24.922045294931387, 35.372441716345435], [24.891099655642606, 35.381200261041954], [24.884064068171327, 35.374017964666116], [24.887957811011493, 35.35408092084249], [24.90388444088596, 35.33005491808396], [24.88815916774924, 35.32223401435216], [24.896478294510754, 35.30845171388005], [24.923858602813624, 35.29483604851067], [24.910766079635696, 35.268673922713056], [24.92390160376045, 35.2488329006397], [24.90213875760568, 35.21887252511322], [24.90353244818003, 35.19500425518528], [24.87728490762453, 35.17382999402342], [24.859240028288117, 35.18512337423198], [24.834730360377232, 35.179915267159224], [24.82378066819395, 35.18695603530705], [24.824924792031286, 35.19877005010365], [24.81512872800557, 35.219181856413044], [24.796634737608183, 35.223968986556955], [24.801412088561104, 35.18360811280485], [24.791544074173352, 35.16958279268135], [24.792312002069576, 35.15355816169896], [24.78534875270762, 35.119940004742084], [24.774330594387415, 35.121452506885454], [24.723254565434953, 35.111172802043065], [24.722525033880036, 35.09254867250576], [24.742094069865985, 35.078769687443426], [24.755779530389006, 35.044231000675396], [24.76054024191032, 35.010666644783925], [24.748114708659152, 35.00526144203427], [24.75054430491499, 34.96858263075737], [24.74451257847581, 34.9254903323117], [24.773198229339307, 34.9231650830587], [24.800634189258645, 34.92584587166006], [24.8098371074956, 34.936298949625034], [24.84037417482946, 34.941141179490366], [24.87862357523514, 34.935649644355934], [24.890282375524603, 34.93053320634757], [24.9160396600647, 34.92867357595099], [24.951913615280134, 34.933465423099584], [24.982109618508268, 34.93437926897372], [25.02870638507007, 34.932055002866136], [25.039791158873346, 34.94086041871432], [25.05650328380116, 34.941509720001434], [25.10309004238098, 34.9348468933098], [25.132492833422447, 34.952258489977616], [25.163111674307896, 34.95620706074162], [25.173773602443994, 34.951605090236924], [25.22247214238961, 34.95236903224193], [25.26542333849037, 34.96623866816738], [25.28017921184425, 34.98400014523908], [25.297595391071795, 34.98588006410047], [25.329154141075996, 34.98180578380747], [25.371560384118503, 34.99781636729226], [25.395370613170606, 34.99539906579211], [25.41703245977114, 34.986023448517706], [25.452708464918953, 34.99096656203904], [25.50268541392145, 34.9816844494324], [25.521792812725625, 34.99056196346479], [25.550574714048423, 34.990761248464715], [25.54682492562, 35.01892200871084], [25.529475692878975, 35.027490804141316], [25.526856581159556, 35.03687275366984], [25.50685158645198, 35.03804996624033], [25.497496804789474, 35.049643728642856], [25.519052051423607, 35.0653368200292], [25.503473978140008, 35.07800905698296], [25.463942577446176, 35.09224272844482], [25.44837861955546, 35.109916949088785], [25.419463153707895, 35.116356451250944], [25.424208320538526, 35.12675991625256], [25.408991454464324, 35.13700845081245], [25.412779884667014, 35.156696326949906], [25.398784420777673, 35.16752270417128], [25.418675162996514, 35.18679643383607], [25.41266977650129, 35.2049429790504], [25.423970666925197, 35.21060819418579], [25.450939314135937, 35.20117377501805], [25.469553330970736, 35.21182107078759], [25.47878401764437, 35.22513177709787], [25.511985173978616, 35.22759434642874], [25.493876544816004, 35.24841632711523], [25.495957813391307, 35.26138994579315], [25.50589006495425, 35.27157117563314], [25.4924659118659, 35.2877886531695], [25.490706397596174, 35.2983357352185]]], [[[25.217366050715295, 35.46602242929908], [25.18949667994073, 35.44749274604167], [25.212011497806934, 35.432734863105836], [25.23811078214772, 35.43273152278468], [25.244804455272803, 35.44708838648056], [25.217366050715295, 35.46602242929908]]]]}, "properties": {"name": "Heraklion", "codes": ["HZ", "HK"], "id": "heraklion"}}, {"type": "Feature", "geometry": {"type": "MultiPolygon", "coordinates": [[[[25.731374787603578, 34.880516255744375], [25.703620953002556, 34.875525734456204], [25.688904213979256, 34.88038346892845], [25.683219454053532, 34.86880431482235], [25.707997268080206, 34.86538419800027], [25.73060341078416, 34.87425198955201], [25.731374787603578, 34.880516255744375]]], [[[26.13719357662253, 34.94491890228457], [26.123208014097752, 34.932182119556764], [26.15000904778212, 34.93257610196207], [26.13719357662253, 34.94491890228457]]], [[[25.742573420703398, 35.29515790964646], [25.742087356439395, 35.27872949304893], [25.73513046288906, 35.25726411835225], [25.75129363714002, 35.262413541788696], [25.755919571388592, 35.28750897856442], [25.742573420703398, 35.29515790964646]]], [[[25.550574714048423, 34.990761248464715], [25.59561234823055, 35.00692521495632], [25.663590676559, 35.00445264143072], [25.688484593233063, 35.014224867278465], [25.70851843176012, 35.0122945219265], [25.73731830765909, 35.00325733040219], [25.74481397057969, 35.009713421121795], [25.77387381726321, 34.99978933370455], [25.81478059656161, 34.999770578134225], [25.822141530430006, 35.00576400992512], [25.856948842899264, 35.01837235864638], [25.9323151763501, 35.03455957538811], [25.950583946085487, 35.030985521660064], [25.977664464301437, 35.03915688230517], [25.98769422142817, 35.03677512608772], [26.00731808764856, 35.018808687558064], [26.027598963032993, 35.013711290375745], [26.068298431272098, 35.02207575955427], [26.08597419735124, 35.01857268181851], [26.111849703442736, 34.995857244045695], [26.134335253343203, 34.999917402655115], [26.14943412732616, 35.01125348747277], [26.19627225431029, 35.02199909672266], [26.20892938283533, 35.02174562100301], [26.21755218323458, 35.03533287786432], [26.23101602311106, 35.03669965694042], [26.256864240210014, 35.07608547586584], [26.272009175734624, 35.08771121839628], [26.264416054650972, 35.09526353862642], [26.280862954443318, 35.11131703573327], [26.28556086171109, 35.136091299475545], [26.27879448256033, 35.1419611962165], [26.282178372861992, 35.16922571626924], [26.303016601984236, 35.171485992007064], [26.31817327383546, 35.1813923233821], [26.304911478091796, 35.18892037667852], [26.279131264787793, 35.19542131298372], [26.26824402036643, 35.21412402726199], [26.277241659456266, 35.22188797358478], [26.264213140515274, 35.26748531604758], [26.287729211612223, 35.275768890982484], [26.292926196253212, 35.2919507743437], [26.307670686743027, 35.29440614983945], [26.31011253289664, 35.317323970559244], [26.28266698656922, 35.30539633091098], [26.269871791774587, 35.28080202846666], [26.2468057870269, 35.281737641191334], [26.222670484444386, 35.26393787845332], [26.224753177330587, 35.2501881566909], [26.192717855288095, 35.22582002399189], [26.171473781685318, 35.20324214818], [26.135809399354148, 35.196259045144636], [26.10741762757237, 35.20725017415812], [26.117163334135252, 35.22504702056739], [26.08013739214031, 35.21910814526646], [26.026049081273115, 35.2298072091476], [26.01023274076827, 35.215655669176925], [26.005665994751816, 35.20417390136393], [25.975043539250425, 35.1950039983797], [25.962744536876567, 35.20048700805348], [25.95322590108269, 35.18390846596523], [25.919965596059285, 35.17916641804919], [25.89085181322507, 35.17969666772793], [25.880672403394847, 35.161391422498234], [25.86131338064893, 35.152801130001535], [25.84394594477336, 35.150695652808245], [25.826140119628107, 35.12042034939289], [25.81296302809977, 35.10955593524702], [25.788446045516594, 35.114049412353815], [25.75922823332856, 35.130326812310145], [25.72671858990509, 35.130776420946404], [25.72921863815418, 35.149971491388726], [25.721926035800752, 35.153077633768255], [25.70990211211648, 35.17755457048262], [25.71991326379765, 35.202765110900025], [25.714190858156705, 35.22036723136854], [25.73695936131036, 35.23350867101393], [25.731802022081748, 35.25813223378724], [25.721610718390462, 35.26326335091289], [25.7303379374727, 35.29032995179005], [25.728718695824288, 35.304931329264775], [25.749314547616763, 35.31186557423245], [25.766997829502525, 35.32582587034648], [25.754500171094456, 35.336348705266694], [25.729130465476356, 35.34067214255186], [25.68831159298063, 35.33668735552882], [25.659935537733944, 35.34844010505742], [25.646063710780094, 35.34159763255969], [25.58991673686038, 35.33320731554056], [25.566299192386754, 35.319901799433694], [25.555962844162817, 35.32358750889314], [25.528918487795437, 35.310210417237364], [25.51323278417654, 35.30864062972397], [25.490706397596174, 35.2983357352185], [25.4924659118659, 35.2877886531695], [25.50589006495425, 35.27157117563314], [25.495957813391307, 35.26138994579315], [25.493876544816004, 35.24841632711523], [25.511985173978616, 35.22759434642874], [25.47878401764437, 35.22513177709787], [25.469553330970736, 35.21182107078759], [25.450939314135937, 35.20117377501805], [25.423970666925197, 35.21060819418579], [25.41266977650129, 35.2049429790504], [25.418675162996514, 35.18679643383607], [25.398784420777673, 35.16752270417128], [25.412779884667014, 35.156696326949906], [25.408991454464324, 35.13700845081245], [25.424208320538526, 35.12675991625256], [25.419463153707895, 35.116356451250944], [25.44837861955546, 35.109916949088785], [25.463942577446176, 35.09224272844482], [25.503473978140008, 35.07800905698296], [25.519052051423607, 35.0653368200292], [25.497496804789474, 35.049643728642856], [25.50685158645198, 35.03804996624033], [25.526856581159556, 35.03687275366984], [25.529475692878975, 35.027490804141316], [25.54682492562, 35.01892200871084], [25.550574714048423, 34.990761248464715]]], [[[26.185676580433185, 35.35567013719266], [26.175874059035436, 35.3536655179292], [26.166858319809542, 35.33486051502787], [26.187072102619062, 35.340500175455745], [26.185676580433185, 35.35567013719266]]]]}, "properties": {"name": "Lasithi", "codes": ["AN"], "id": "lasithi"}}, {"type": "Feature", "geometry": {"type": "Polygon", "coordinates": [[[24.9272879251469, 35.40857798235147], [24.909735576098388, 35.411659517324935], [24.885641984935347, 35.42274847688569], [24.874290799267772, 35.4108934152045], [24.834111960765416, 35.40643489593956], [24.82461714763898, 35.41276655237765], [24.787679352697324, 35.406692511242206], [24.78282004958187, 35.420239863148275], [24.767908630976024, 35.41676505366444], [24.736264183421383, 35.42495977802993], [24.69896193127882, 35.4261732578788], [24.684471287725305, 35.42104468089446], [24.64926142545213, 35.41967922878604], [24.60693918619327, 35.39067639271699], [24.551111566174786, 35.37558850321749], [24.502671274091135, 35.36830680016636], [24.453949517760194, 35.365127360291794], [24.42387561996674, 35.36785144749858], [24.40707119753849, 35.36074086591032], [24.37578629647655, 35.36253734610386], [24.352783768384754, 35.351651234700064], [24.317419115839332, 35.353778064191665], [24.32363653680034, 35.32390373539377], [24.330945599964366, 35.311408901108145], [24.33175684053912, 35.29127966206731], [24.31042548975899, 35.276953273113214], [24.291882745088696, 35.271255171994724], [24.27087216729229, 35.248881170613515], [24.286479387620037, 35.23889746434419], [24.305938147194226, 35.23965108935088], [24.29443689146549, 35.21554731452378], [24.293700210486673, 35.203421035335964], [24.283997800921988, 35.19122158383022], [24.28753321841664, 35.1760109000142], [24.304275042964846, 35.18544698094062], [24.327008930556005, 35.189607734173926], [24.352081346126766, 35.182296728112725], [24.380189013892174, 35.19498895184884], [24.39615827290732, 35.18966278919455], [24.409250797388943, 35.17191875041042], [24.455717904392177, 35.1501208854851], [24.47709060861721, 35.15388891621913], [24.520368612447662, 35.14370183774199], [24.551952492321906, 35.11659201090953], [24.565703413482076, 35.101264916623855], [24.575856294156964, 35.10511476589185], [24.588678395080187, 35.09729396905417], [24.608172791396996, 35.10054535393201], [24.639954984799576, 35.09502337029396], [24.69204078208426, 35.097992441319995], [24.722525033880036, 35.09254867250576], [24.723254565434953, 35.111172802043065], [24.774330594387415, 35.121452506885454], [24.78534875270762, 35.119940004742084], [24.792312002069576, 35.15355816169896], [24.791544074173352, 35.16958279268135], [24.801412088561104, 35.18360811280485], [24.796634737608183, 35.223968986556955], [24.81512872800557, 35.219181856413044], [24.824924792031286, 35.19877005010365], [24.82378066819395, 35.18695603530705], [24.834730360377232, 35.179915267159224], [24.859240028288117, 35.18512337423198], [24.87728490762453, 35.17382999402342], [24.90353244818003, 35.19500425518528], [24.90213875760568, 35.21887252511322], [24.92390160376045, 35.2488329006397], [24.910766079635696, 35.268673922713056], [24.923858602813624, 35.29483604851067], [24.896478294510754, 35.30845171388005], [24.88815916774924, 35.32223401435216], [24.90388444088596, 35.33005491808396], [24.887957811011493, 35.35408092084249], [24.884064068171327, 35.374017964666116], [24.891099655642606, 35.381200261041954], [24.922045294931387, 35.372441716345435], [24.929883605427236, 35.38336259431551], [24.9272879251469, 35.40857798235147]]]}, "properties": {"name": "Rethymnon", "codes": ["RE"], "id": "rethymnon"}}, {"type": "Feature", "geometry": {"type": "MultiPolygon", "coordinates": [[[[24.066473773524695, 34.872574474988966], [24.06409051751009, 34.861105348380846], [24.03986035201645, 34.854794345336], [24.05078726944591, 34.83950536529482], [24.07241478424518, 34.82573345642149], [24.12253184426178, 34.802535884029574], [24.132557360369123, 34.80835982978095], [24.112052382977648, 34.83357583222216], [24.125656916970485, 34.85412276884235], [24.10699880963175, 34.86670215957788], [24.066473773524695, 34.872574474988966]]], [[[24.317419115839332, 35.353778064191665], [24.295937773598943, 35.35453588016242], [24.264088501301867, 35.361796090486635], [24.25753545330675, 35.378283985031224], [24.26427468803471, 35.40740270549282], [24.25829507652563, 35.45528551593949], [24.240905702248625, 35.47453604359825], [24.20257636448702, 35.45031545490579], [24.174897498074635, 35.452567821786346], [24.14934259175266, 35.47272744267819], [24.118870614172998, 35.47100304149527], [24.109151657888834, 35.47855018296866], [24.08168600497123, 35.48818368822291], [24.066383612374885, 35.48904966082314], [24.061544795572136, 35.49941238484945], [24.081307675476115, 35.5089944109362], [24.106775754358274, 35.50819912774088], [24.139722014985978, 35.49677743653198], [24.16644967021497, 35.494750846021006], [24.18381407619725, 35.50611367594738], [24.18583079273206, 35.519942101073866], [24.201613737846763, 35.53824751516516], [24.190478170289804, 35.56605469375052], [24.17753601485949, 35.584053427708945], [24.164832071184655, 35.590644514816155], [24.121430805477033, 35.60181341773061], [24.079735052030838, 35.591343971459196], [24.075005429324133, 35.578507458168694], [24.08613679284256, 35.55332576831309], [24.05227175107618, 35.55186648304178], [24.04761067400236, 35.522916077178074], [24.031561933368547, 35.51654658098519], [24.008965870641898, 35.51786680619317], [23.992957354982213, 35.51167249833999], [23.94538162775104, 35.51459075083844], [23.93230704632145, 35.521995799695766], [23.895319078517414, 35.52061687851655], [23.841489871839258, 35.52792473633231], [23.83115133899721, 35.535989587187686], [23.81510986879404, 35.53503735360827], [23.7781643020496, 35.54776057549664], [23.777524931027603, 35.59983890096242], [23.772198611097707, 35.635480063477566], [23.762999634184595, 35.655974680599165], [23.77365307856096, 35.66839272407112], [23.7611933934891, 35.68008093800897], [23.736142912498078, 35.69369744352658], [23.725089275386143, 35.67554081706661], [23.70841482913374, 35.65911883469715], [23.705288900733294, 35.64089809140974], [23.71632299503198, 35.61870808176075], [23.708013225029585, 35.6063717467142], [23.719384881918316, 35.57985420927243], [23.729091293656104, 35.54634390160004], [23.720831453058587, 35.51120544792545], [23.700857810814185, 35.503349186733224], [23.673321080907478, 35.499761292646305], [23.643807676211257, 35.502508994255784], [23.637880097978552, 35.51475392006875], [23.611688613978643, 35.52157013731069], [23.612124248642548, 35.56553616166695], [23.60171092635826, 35.59243443085952], [23.61000081989981, 35.60292964136933], [23.59971594869512, 35.61115497395], [23.59259027075356, 35.58819326081823], [23.58237472150415, 35.57007125924955], [23.58602318540534, 35.56320426004987], [23.574354771906112, 35.54948559907094], [23.567432658780575, 35.5254138891655], [23.579848582049316, 35.497740836032285], [23.57469118254471, 35.48213306431165], [23.556508948121802, 35.47105833331591], [23.553647577677054, 35.46328447018979], [23.566368538990584, 35.448408283146634], [23.56804231441936, 35.42637752397646], [23.56080995952958, 35.41565763403984], [23.545735487959067, 35.411920810294696], [23.551022131738748, 35.39722754493133], [23.53197181101228, 35.37903160444322], [23.52980149339805, 35.363144663443336], [23.53753798197053, 35.34997811978143], [23.535808725884234, 35.33616258393027], [23.547947701557728, 35.322367747348736], [23.52169164300421, 35.310995691216306], [23.517569680560285, 35.30102471339273], [23.547818243801068, 35.26832909455126], [23.56094269379438, 35.269089767111204], [23.578964705027083, 35.2613181007867], [23.574283581195353, 35.242636622756116], [23.588195079451552, 35.23172911785909], [23.630440760662225, 35.23141460930223], [23.663680042241136, 35.23887841988574], [23.678754691661254, 35.22913590006289], [23.7043955343059, 35.23994050441434], [23.73000827264655, 35.24081187719156], [23.761293182137596, 35.23715358286015], [23.76645627385038, 35.22912946883846], [23.784210605203018, 35.23173227778859], [23.804849071396312, 35.246456069648175], [23.844963793920293, 35.24567551742704], [23.867420927813143, 35.23603592353081], [23.884389590223382, 35.23873138483682], [23.922640471557294, 35.22151221897892], [23.952345807508074, 35.22973309715357], [23.978478312671747, 35.2315169267603], [23.999914795955135, 35.22352069242853], [24.013034760750582, 35.20553088322889], [24.02674581506617, 35.19689023377988], [24.05206915502924, 35.19427604495026], [24.061944416253205, 35.20017761075423], [24.08770679854104, 35.20339883613975], [24.098771348369965, 35.19858419608576], [24.13405612007866, 35.20259895998376], [24.13862026086802, 35.19525389307403], [24.200680744433043, 35.200856750154635], [24.23052703822243, 35.18125452458198], [24.248368670979445, 35.18369896235024], [24.28753321841664, 35.1760109000142], [24.283997800921988, 35.19122158383022], [24.293700210486673, 35.203421035335964], [24.29443689146549, 35.21554731452378], [24.305938147194226, 35.23965108935088], [24.286479387620037, 35.23889746434419], [24.27087216729229, 35.248881170613515], [24.291882745088696, 35.271255171994724], [24.31042548975899, 35.276953273113214], [24.33175684053912, 35.29127966206731], [24.330945599964366, 35.311408901108145], [24.32363653680034, 35.32390373539377], [24.317419115839332, 35.353778064191665]]]]}, "properties": {"name": "Chania", "codes": ["XN"], "id": "chania"}}]}