{"type":"FeatureCollection", "features": [
{"type":"Feature","geometry":{"type":"MultiPolygon","coordinates":[[[[-8.630895,52.68491],[-8.64144,52.688337],[-8.653917,52.689985],[-8.671581,52.686766],[-8.687174,52.680019],[-8.688717,52.67605],[-8.701038,52.675879],[-8.708985,52.670841],[-8.704779,52.664226],[-8.705404,52.659728],[-8.700411,52.654674],[-8.68934,52.653587],[-8.679643,52.657452],[-8.663331,52.651149],[-8.660818,52.647533],[-8.651855,52.642974],[-8.646371,52.643485],[-8.635038,52.640707],[-8.629744,52.645522],[-8.619527,52.642178],[-8.614509,52.645271],[-8.598863,52.641167],[-8.590166,52.648641],[-8.589163,52.67002],[-8.60435,52.679123],[-8.608278,52.6796],[-8.613994,52.686705],[-8.625061,52.688814],[-8.6272,52.684097],[-8.630895,52.68491]]],[[[-8.188884,52.670407],[-8.199044,52.669213],[-8.215541,52.670902],[-8.228481,52.66519],[-8.236969,52.668924],[-8.254343,52.670091],[-8.253072,52.682418],[-8.281036,52.691668],[-8.284999,52.694566],[-8.296576,52.696315],[-8.306512,52.692382],[-8.332335,52.688651],[-8.36057,52.679415],[-8.370054,52.683764],[-8.384737,52.681354],[-8.386819,52.686948],[-8.400912,52.690227],[-8.415755,52.68767],[-8.41725,52.684337],[-8.427741,52.677902],[-8.440503,52.686012],[-8.44957,52.68657],[-8.457257,52.696701],[-8.46608,52.69771],[-8.465033,52.703762],[-8.468944,52.709923],[-8.470168,52.718139],[-8.469597,52.739053],[-8.475212,52.746908],[-8.476028,52.753497],[-8.480079,52.757399],[-8.488083,52.752903],[-8.491706,52.753959],[-8.502815,52.751331],[-8.508994,52.746165],[-8.507101,52.735243],[-8.503622,52.730897],[-8.508004,52.725729],[-8.502203,52.718929],[-8.509926,52.711912],[-8.512712,52.70516],[-8.52032,52.702813],[-8.532846,52.703847],[-8.542515,52.695785],[-8.541257,52.694208],[-8.544057,52.682481],[-8.551232,52.678561],[-8.557857,52.67905],[-8.567675,52.675957],[-8.576446,52.678033],[-8.585207,52.675989],[-8.589163,52.67002],[-8.590166,52.648641],[-8.598863,52.641167],[-8.614509,52.645271],[-8.619527,52.642178],[-8.629744,52.645522],[-8.635038,52.640707],[-8.646371,52.643485],[-8.651855,52.642974],[-8.660818,52.647533],[-8.663331,52.651149],[-8.679643,52.657452],[-8.68934,52.653587],[-8.700411,52.654674],[-8.705404,52.659728],[-8.704779,52.664226],[-8.708985,52.670841],[-8.714861,52.672692],[-8.744292,52.676023],[-8.762165,52.675032],[-8.772615,52.670343],[-8.78939,52.668784],[-8.802689,52.671779],[-8.80598,52.675261],[-8.817069,52.679126],[-8.832206,52.680455],[-8.846705,52.678646],[-8.864976,52.678285],[-8.887755,52.675012],[-8.910601,52.6725],[-8.951758,52.669684],[-8.973014,52.665927],[-9.01755,52.649774],[-9.022847,52.649356],[-9.050843,52.652115],[-9.064592,52.651403],[-9.075296,52.648909],[-9.104676,52.637743],[-9.123287,52.633522],[-9.14922,52.61487],[-9.164801,52.611433],[-9.193178,52.610794],[-9.228829,52.607974],[-9.253866,52.595699],[-9.284916,52.582632],[-9.29468,52.579723],[-9.328417,52.5804],[-9.338189,52.583154],[-9.344824,52.589543],[-9.360111,52.58281],[-9.367459,52.573615],[-9.353697,52.567402],[-9.354591,52.562056],[-9.337732,52.561821],[-9.342552,52.555832],[-9.343552,52.550061],[-9.350343,52.544957],[-9.348342,52.541483],[-9.338691,52.539851],[-9.325768,52.527728],[-9.313531,52.525064],[-9.30532,52.521615],[-9.297233,52.495918],[-9.314915,52.494373],[-9.318369,52.490725],[-9.3159,52.48028],[-9.322366,52.471615],[-9.337894,52.472166],[-9.340013,52.46261],[-9.333303,52.457137],[-9.331373,52.450063],[-9.325665,52.442675],[-9.318919,52.442447],[-9.314185,52.434999],[-9.304175,52.434786],[-9.307637,52.428155],[-9.321632,52.426072],[-9.327377,52.423663],[-9.341403,52.407673],[-9.335027,52.402334],[-9.327862,52.402067],[-9.314817,52.397206],[-9.312396,52.393633],[-9.303207,52.388745],[-9.305585,52.381652],[-9.3114,52.376325],[-9.32197,52.374024],[-9.325994,52.371238],[-9.342171,52.368038],[-9.34759,52.362998],[-9.339393,52.353986],[-9.330702,52.355004],[-9.325469,52.350843],[-9.314727,52.348171],[-9.313959,52.344937],[-9.297758,52.333901],[-9.276286,52.331284],[-9.261025,52.325085],[-9.252594,52.326465],[-9.237182,52.317831],[-9.23052,52.303865],[-9.217493,52.298223],[-9.209428,52.306728],[-9.190102,52.308572],[-9.174679,52.311916],[-9.175244,52.319211],[-9.161204,52.320312],[-9.158519,52.326369],[-9.150612,52.331362],[-9.140116,52.333124],[-9.13693,52.34379],[-9.119609,52.337779],[-9.112545,52.333427],[-9.07504,52.331082],[-9.06749,52.327794],[-9.045817,52.3208],[-9.033572,52.322435],[-9.02127,52.317001],[-9.01654,52.311963],[-9.010005,52.310422],[-8.995044,52.29963],[-8.993462,52.294965],[-8.986739,52.292201],[-8.976849,52.29418],[-8.97911,52.299131],[-8.985006,52.303696],[-8.986406,52.310725],[-8.965137,52.316797],[-8.962363,52.31895],[-8.943947,52.321961],[-8.918386,52.324893],[-8.910546,52.324624],[-8.893947,52.331191],[-8.882727,52.331971],[-8.888214,52.336492],[-8.881366,52.339638],[-8.881629,52.346681],[-8.877081,52.35027],[-8.868087,52.348991],[-8.865691,52.353723],[-8.853708,52.357536],[-8.849391,52.363795],[-8.851644,52.367978],[-8.845958,52.371455],[-8.828923,52.370649],[-8.823074,52.383066],[-8.799563,52.387284],[-8.799859,52.380204],[-8.79317,52.371629],[-8.78817,52.37277],[-8.787499,52.377711],[-8.77902,52.386875],[-8.763648,52.382635],[-8.760711,52.378559],[-8.749844,52.379606],[-8.741648,52.37331],[-8.734794,52.370967],[-8.724187,52.371019],[-8.710069,52.376814],[-8.708422,52.377335],[-8.693847,52.377883],[-8.673875,52.383505],[-8.674269,52.375856],[-8.671034,52.372831],[-8.673726,52.367987],[-8.668437,52.359812],[-8.663277,52.359175],[-8.661853,52.351638],[-8.651726,52.347123],[-8.644107,52.348288],[-8.633311,52.344434],[-8.624378,52.3444],[-8.624003,52.337435],[-8.614119,52.336018],[-8.605446,52.33279],[-8.610076,52.329701],[-8.606488,52.324139],[-8.591507,52.314549],[-8.58541,52.307077],[-8.57968,52.310115],[-8.569665,52.309943],[-8.564623,52.306273],[-8.558234,52.307365],[-8.547293,52.292498],[-8.534447,52.286144],[-8.504606,52.280506],[-8.494897,52.283315],[-8.477429,52.285968],[-8.451949,52.287296],[-8.445433,52.29127],[-8.416456,52.293799],[-8.386418,52.294627],[-8.381339,52.304231],[-8.363581,52.308885],[-8.362588,52.319937],[-8.352313,52.322382],[-8.348296,52.325732],[-8.344715,52.326239],[-8.34103,52.329276],[-8.333393,52.327206],[-8.333557,52.320171],[-8.323709,52.31943],[-8.312372,52.32192],[-8.311403,52.316935],[-8.299522,52.302942],[-8.297046,52.294801],[-8.285229,52.287162],[-8.273599,52.291283],[-8.265585,52.291349],[-8.250991,52.296153],[-8.234888,52.295555],[-8.228516,52.296425],[-8.220276,52.294089],[-8.209384,52.29465],[-8.195607,52.287153],[-8.183208,52.287675],[-8.176619,52.290899],[-8.168977,52.291634],[-8.159801,52.299166],[-8.165583,52.306537],[-8.163238,52.313992],[-8.168282,52.321026],[-8.179072,52.323297],[-8.182999,52.330047],[-8.18133,52.335017],[-8.166747,52.344968],[-8.16811,52.349867],[-8.164941,52.364549],[-8.167976,52.367854],[-8.192709,52.363861],[-8.203194,52.369757],[-8.215798,52.367684],[-8.217333,52.378334],[-8.228499,52.386058],[-8.226352,52.404131],[-8.231942,52.410783],[-8.260028,52.408177],[-8.268321,52.403149],[-8.282323,52.401041],[-8.281269,52.407992],[-8.283988,52.414367],[-8.295021,52.420127],[-8.309592,52.419968],[-8.313281,52.435141],[-8.32163,52.439195],[-8.33013,52.440417],[-8.350659,52.433688],[-8.361181,52.440225],[-8.36601,52.445519],[-8.377188,52.441756],[-8.38265,52.434083],[-8.386383,52.432814],[-8.3938,52.440444],[-8.403161,52.459487],[-8.405049,52.466979],[-8.389392,52.47246],[-8.391096,52.479908],[-8.395898,52.483335],[-8.391222,52.490685],[-8.372749,52.494301],[-8.366284,52.497833],[-8.367122,52.502251],[-8.360299,52.505291],[-8.359921,52.510803],[-8.345335,52.513249],[-8.335347,52.512781],[-8.338819,52.499645],[-8.331486,52.493833],[-8.337918,52.486835],[-8.329934,52.480334],[-8.324041,52.481159],[-8.319457,52.489111],[-8.319769,52.499466],[-8.326173,52.505298],[-8.317759,52.505993],[-8.311259,52.510705],[-8.303942,52.508788],[-8.289532,52.514736],[-8.285765,52.521552],[-8.271769,52.517073],[-8.26808,52.51993],[-8.256172,52.517012],[-8.256442,52.511117],[-8.240411,52.512263],[-8.23079,52.516964],[-8.226088,52.525905],[-8.228414,52.532835],[-8.232619,52.535737],[-8.231353,52.545035],[-8.225798,52.555056],[-8.230946,52.556701],[-8.233868,52.562351],[-8.225692,52.568261],[-8.225647,52.574524],[-8.236421,52.580499],[-8.235166,52.583373],[-8.22549,52.590524],[-8.214265,52.595057],[-8.210189,52.607185],[-8.219325,52.610445],[-8.218959,52.618106],[-8.213041,52.622951],[-8.211832,52.62864],[-8.215348,52.632824],[-8.204522,52.640056],[-8.195138,52.644647],[-8.194547,52.649904],[-8.197629,52.655245],[-8.187862,52.668148],[-8.188884,52.670407]]]]},"properties":{"name":"Limerick","code":"L"}},
{"type":"Feature","geometry":{"type":"MultiPolygon","coordinates":[[[[-7.730445,52.957657],[-7.747355,52.962545],[-7.759105,52.960783],[-7.75965,52.966227],[-7.770343,52.970658],[-7.791239,52.970769],[-7.793116,52.978125],[-7.802037,52.981857],[-7.812529,52.978445],[-7.815418,52.974818],[-7.824359,52.974363],[-7.8241,52.968346],[-7.83359,52.965636],[-7.845113,52.955327],[-7.864562,52.95632],[-7.86268,52.951839],[-7.863004,52.942913],[-7.849963,52.939892],[-7.844047,52.933698],[-7.860903,52.926263],[-7.871363,52.923766],[-7.860692,52.916158],[-7.863738,52.913718],[-7.873946,52.913692],[-7.879064,52.91006],[-7.893045,52.907268],[-7.884511,52.898915],[-7.893745,52.89686],[-7.895794,52.893019],[-7.908636,52.893696],[-7.917451,52.896158],[-7.912349,52.884265],[-7.925197,52.87709],[-7.932458,52.876262],[-7.93563,52.885384],[-7.939424,52.888321],[-7.956432,52.894139],[-7.961303,52.890979],[-7.945894,52.880733],[-7.944375,52.870576],[-7.954602,52.861363],[-7.964017,52.857115],[-7.960214,52.853809],[-7.969065,52.848288],[-7.978695,52.84945],[-7.988619,52.855137],[-7.988367,52.858596],[-7.995955,52.862677],[-7.993723,52.873496],[-7.987317,52.8792],[-7.999838,52.88142],[-8.025636,52.890493],[-8.039628,52.889151],[-8.042957,52.902906],[-8.037915,52.911792],[-8.047476,52.919148],[-8.055109,52.928106],[-8.044172,52.939773],[-8.027906,52.933088],[-8.017866,52.931241],[-8.012962,52.928467],[-7.993033,52.931039],[-7.985993,52.937417],[-7.98592,52.94626],[-7.97957,52.946553],[-7.975148,52.950493],[-7.987972,52.965552],[-7.987466,52.972575],[-8.0082,52.984196],[-8.002751,52.993313],[-7.992778,52.998819],[-7.978867,52.997659],[-7.960868,52.992763],[-7.94995,52.995428],[-7.952772,53.002191],[-7.96013,53.006423],[-7.96337,53.016208],[-7.959882,53.02141],[-7.963658,53.02508],[-7.962164,53.031005],[-7.955466,53.032459],[-7.963532,53.041886],[-7.956153,53.045454],[-7.943244,53.043679],[-7.936238,53.045358],[-7.933995,53.060872],[-7.927035,53.065811],[-7.929254,53.07386],[-7.928198,53.078737],[-7.920677,53.085168],[-7.921265,53.090097],[-7.927411,53.094468],[-7.920809,53.104668],[-7.929991,53.109437],[-7.936208,53.109819],[-7.937977,53.115432],[-7.955509,53.125471],[-7.974285,53.12912],[-7.977418,53.134174],[-7.992646,53.139058],[-8.001698,53.138269],[-8.008885,53.143913],[-8.014957,53.144298],[-8.020074,53.148119],[-8.033207,53.150341],[-8.039217,53.149634],[-8.055315,53.154053],[-8.061817,53.159661],[-8.070943,53.161381],[-8.077172,53.167337],[-8.081452,53.166895],[-8.084343,53.16301],[-8.107874,53.159894],[-8.124988,53.159492],[-8.148088,53.145116],[-8.146491,53.142509],[-8.15616,53.135555],[-8.161175,53.134572],[-8.165367,53.125907],[-8.172024,53.121592],[-8.168678,53.114489],[-8.174531,53.111264],[-8.18446,53.099904],[-8.197025,53.090081],[-8.198723,53.083985],[-8.213552,53.0784],[-8.218741,53.067614],[-8.249338,53.063274],[-8.267759,53.056364],[-8.268703,53.036633],[-8.278474,53.018681],[-8.301826,53.007453],[-8.316738,52.985144],[-8.30983,52.976931],[-8.284499,52.972564],[-8.282424,52.970462],[-8.290097,52.960748],[-8.307979,52.948979],[-8.313906,52.935523],[-8.338498,52.915202],[-8.367515,52.916545],[-8.407521,52.912583],[-8.41846,52.875404],[-8.424715,52.867776],[-8.455224,52.846957],[-8.451775,52.823976],[-8.448807,52.820117],[-8.448844,52.811974],[-8.436992,52.806811],[-8.437078,52.797867],[-8.442654,52.786689],[-8.459945,52.778022],[-8.464886,52.773986],[-8.470322,52.766308],[-8.480079,52.757399],[-8.476028,52.753497],[-8.475212,52.746908],[-8.469597,52.739053],[-8.470168,52.718139],[-8.468944,52.709923],[-8.465033,52.703762],[-8.46608,52.69771],[-8.457257,52.696701],[-8.44957,52.68657],[-8.440503,52.686012],[-8.427741,52.677902],[-8.41725,52.684337],[-8.415755,52.68767],[-8.400912,52.690227],[-8.386819,52.686948],[-8.384737,52.681354],[-8.370054,52.683764],[-8.36057,52.679415],[-8.332335,52.688651],[-8.306512,52.692382],[-8.296576,52.696315],[-8.284999,52.694566],[-8.281036,52.691668],[-8.253072,52.682418],[-8.254343,52.670091],[-8.236969,52.668924],[-8.228481,52.66519],[-8.215541,52.670902],[-8.199044,52.669213],[-8.188884,52.670407],[-8.180671,52.676077],[-8.161655,52.677173],[-8.145595,52.673745],[-8.137927,52.677126],[-8.128991,52.676718],[-8.10608,52.683539],[-8.098714,52.688658],[-8.091711,52.68497],[-8.085251,52.676126],[-8.075426,52.672915],[-8.065655,52.671605],[-8.061822,52.66683],[-8.04377,52.664359],[-8.032945,52.657726],[-8.030989,52.653652],[-8.019578,52.651021],[-8.011204,52.65246],[-8.003795,52.64925],[-8.00542,52.646195],[-8.000503,52.641035],[-7.988711,52.643431],[-7.98246,52.649618],[-7.975284,52.646883],[-7.963003,52.646038],[-7.950452,52.642317],[-7.944987,52.637051],[-7.947912,52.632646],[-7.933635,52.63306],[-7.928116,52.641182],[-7.923158,52.642143],[-7.916775,52.635768],[-7.907409,52.633737],[-7.911844,52.628547],[-7.900657,52.62645],[-7.90326,52.618549],[-7.914469,52.618382],[-7.916796,52.610943],[-7.913341,52.606811],[-7.922233,52.599588],[-7.930622,52.597342],[-7.929942,52.588395],[-7.92714,52.583872],[-7.920763,52.583821],[-7.91844,52.590759],[-7.906544,52.591567],[-7.902936,52.599688],[-7.905517,52.604851],[-7.902835,52.611469],[-7.895,52.614873],[-7.887446,52.625583],[-7.880926,52.632359],[-7.875498,52.632752],[-7.867207,52.638462],[-7.85989,52.635212],[-7.867869,52.628468],[-7.861835,52.623417],[-7.862183,52.617185],[-7.849242,52.617664],[-7.843243,52.622645],[-7.835727,52.618687],[-7.831446,52.619667],[-7.804789,52.607203],[-7.803364,52.5992],[-7.799588,52.596605],[-7.801934,52.59152],[-7.800075,52.587113],[-7.791134,52.586175],[-7.78604,52.59309],[-7.775288,52.598814],[-7.772494,52.595501],[-7.763121,52.594521],[-7.753526,52.596501],[-7.735523,52.602712],[-7.722461,52.601653],[-7.716815,52.605553],[-7.715954,52.612599],[-7.707576,52.613251],[-7.693955,52.619869],[-7.698491,52.622669],[-7.683813,52.627506],[-7.669269,52.630784],[-7.668662,52.640861],[-7.660917,52.649594],[-7.656381,52.65177],[-7.649976,52.659199],[-7.652153,52.663733],[-7.63455,52.665585],[-7.636601,52.670476],[-7.630538,52.677038],[-7.631844,52.680435],[-7.628397,52.688792],[-7.63257,52.696123],[-7.630147,52.699595],[-7.645871,52.706881],[-7.644413,52.713627],[-7.653839,52.721137],[-7.646902,52.729523],[-7.647825,52.732131],[-7.646182,52.735073],[-7.654125,52.746732],[-7.66838,52.754142],[-7.667367,52.760945],[-7.671262,52.777478],[-7.674081,52.781293],[-7.678982,52.794402],[-7.680461,52.805521],[-7.689623,52.808088],[-7.68857,52.815824],[-7.694762,52.824764],[-7.697215,52.831803],[-7.716425,52.837475],[-7.719342,52.841542],[-7.732172,52.851975],[-7.73465,52.858362],[-7.7174,52.86519],[-7.7207,52.877451],[-7.725702,52.887314],[-7.724253,52.888861],[-7.708732,52.891474],[-7.705817,52.902275],[-7.684298,52.914902],[-7.675959,52.91541],[-7.665233,52.921702],[-7.660285,52.933669],[-7.67882,52.934825],[-7.685401,52.933131],[-7.702183,52.934068],[-7.711248,52.942181],[-7.725776,52.945917],[-7.73017,52.952773],[-7.730445,52.957657]]],[[[-7.372162,52.343008],[-7.372141,52.345633],[-7.383344,52.355104],[-7.388762,52.356534],[-7.397067,52.36405],[-7.394026,52.372344],[-7.389842,52.3772],[-7.388352,52.383502],[-7.394533,52.394792],[-7.389942,52.405007],[-7.385479,52.410403],[-7.382424,52.41996],[-7.384698,52.42466],[-7.390806,52.428503],[-7.399938,52.42795],[-7.403519,52.434454],[-7.419809,52.443466],[-7.422946,52.452072],[-7.429363,52.453179],[-7.44105,52.459618],[-7.441106,52.465965],[-7.460993,52.465879],[-7.467869,52.472309],[-7.459346,52.477101],[-7.459524,52.482314],[-7.444371,52.49078],[-7.432614,52.495878],[-7.429533,52.503145],[-7.425208,52.504464],[-7.420065,52.510909],[-7.43244,52.51856],[-7.443424,52.510388],[-7.45323,52.51066],[-7.450275,52.516397],[-7.457273,52.523877],[-7.45823,52.537103],[-7.451839,52.553042],[-7.457419,52.566745],[-7.45136,52.581872],[-7.461106,52.584582],[-7.475634,52.59072],[-7.48109,52.60394],[-7.4763,52.607381],[-7.475272,52.616025],[-7.478199,52.619737],[-7.488297,52.625138],[-7.493124,52.630042],[-7.510711,52.64243],[-7.511617,52.645901],[-7.52118,52.654694],[-7.519808,52.66178],[-7.535568,52.679076],[-7.533592,52.683245],[-7.537407,52.690466],[-7.547028,52.694795],[-7.54663,52.697991],[-7.553478,52.702684],[-7.569707,52.708471],[-7.577418,52.712652],[-7.581187,52.711291],[-7.594214,52.717615],[-7.60871,52.720981],[-7.626173,52.733689],[-7.647825,52.732131],[-7.646902,52.729523],[-7.653839,52.721137],[-7.644413,52.713627],[-7.645871,52.706881],[-7.630147,52.699595],[-7.63257,52.696123],[-7.628397,52.688792],[-7.631844,52.680435],[-7.630538,52.677038],[-7.636601,52.670476],[-7.63455,52.665585],[-7.652153,52.663733],[-7.649976,52.659199],[-7.656381,52.65177],[-7.660917,52.649594],[-7.668662,52.640861],[-7.669269,52.630784],[-7.683813,52.627506],[-7.698491,52.622669],[-7.693955,52.619869],[-7.707576,52.613251],[-7.715954,52.612599],[-7.716815,52.605553],[-7.722461,52.601653],[-7.735523,52.602712],[-7.753526,52.596501],[-7.763121,52.594521],[-7.772494,52.595501],[-7.775288,52.598814],[-7.78604,52.59309],[-7.791134,52.586175],[-7.800075,52.587113],[-7.801934,52.59152],[-7.799588,52.596605],[-7.803364,52.5992],[-7.804789,52.607203],[-7.831446,52.619667],[-7.835727,52.618687],[-7.843243,52.622645],[-7.849242,52.617664],[-7.862183,52.617185],[-7.861835,52.623417],[-7.867869,52.628468],[-7.85989,52.635212],[-7.867207,52.638462],[-7.875498,52.632752],[-7.880926,52.632359],[-7.887446,52.625583],[-7.895,52.614873],[-7.902835,52.611469],[-7.905517,52.604851],[-7.902936,52.599688],[-7.906544,52.591567],[-7.91844,52.590759],[-7.920763,52.583821],[-7.92714,52.583872],[-7.929942,52.588395],[-7.930622,52.597342],[-7.922233,52.599588],[-7.913341,52.606811],[-7.916796,52.610943],[-7.914469,52.618382],[-7.90326,52.618549],[-7.900657,52.62645],[-7.911844,52.628547],[-7.907409,52.633737],[-7.916775,52.635768],[-7.923158,52.642143],[-7.928116,52.641182],[-7.933635,52.63306],[-7.947912,52.632646],[-7.944987,52.637051],[-7.950452,52.642317],[-7.963003,52.646038],[-7.975284,52.646883],[-7.98246,52.649618],[-7.988711,52.643431],[-8.000503,52.641035],[-8.00542,52.646195],[-8.003795,52.64925],[-8.011204,52.65246],[-8.019578,52.651021],[-8.030989,52.653652],[-8.032945,52.657726],[-8.04377,52.664359],[-8.061822,52.66683],[-8.065655,52.671605],[-8.075426,52.672915],[-8.085251,52.676126],[-8.091711,52.68497],[-8.098714,52.688658],[-8.10608,52.683539],[-8.128991,52.676718],[-8.137927,52.677126],[-8.145595,52.673745],[-8.161655,52.677173],[-8.180671,52.676077],[-8.188884,52.670407],[-8.187862,52.668148],[-8.197629,52.655245],[-8.194547,52.649904],[-8.195138,52.644647],[-8.204522,52.640056],[-8.215348,52.632824],[-8.211832,52.62864],[-8.213041,52.622951],[-8.218959,52.618106],[-8.219325,52.610445],[-8.210189,52.607185],[-8.214265,52.595057],[-8.22549,52.590524],[-8.235166,52.583373],[-8.236421,52.580499],[-8.225647,52.574524],[-8.225692,52.568261],[-8.233868,52.562351],[-8.230946,52.556701],[-8.225798,52.555056],[-8.231353,52.545035],[-8.232619,52.535737],[-8.228414,52.532835],[-8.226088,52.525905],[-8.23079,52.516964],[-8.240411,52.512263],[-8.256442,52.511117],[-8.256172,52.517012],[-8.26808,52.51993],[-8.271769,52.517073],[-8.285765,52.521552],[-8.289532,52.514736],[-8.303942,52.508788],[-8.311259,52.510705],[-8.317759,52.505993],[-8.326173,52.505298],[-8.319769,52.499466],[-8.319457,52.489111],[-8.324041,52.481159],[-8.329934,52.480334],[-8.337918,52.486835],[-8.331486,52.493833],[-8.338819,52.499645],[-8.335347,52.512781],[-8.345335,52.513249],[-8.359921,52.510803],[-8.360299,52.505291],[-8.367122,52.502251],[-8.366284,52.497833],[-8.372749,52.494301],[-8.391222,52.490685],[-8.395898,52.483335],[-8.391096,52.479908],[-8.389392,52.47246],[-8.405049,52.466979],[-8.403161,52.459487],[-8.3938,52.440444],[-8.386383,52.432814],[-8.38265,52.434083],[-8.377188,52.441756],[-8.36601,52.445519],[-8.361181,52.440225],[-8.350659,52.433688],[-8.33013,52.440417],[-8.32163,52.439195],[-8.313281,52.435141],[-8.309592,52.419968],[-8.295021,52.420127],[-8.283988,52.414367],[-8.281269,52.407992],[-8.282323,52.401041],[-8.268321,52.403149],[-8.260028,52.408177],[-8.231942,52.410783],[-8.226352,52.404131],[-8.228499,52.386058],[-8.217333,52.378334],[-8.215798,52.367684],[-8.203194,52.369757],[-8.192709,52.363861],[-8.167976,52.367854],[-8.164941,52.364549],[-8.16811,52.349867],[-8.166747,52.344968],[-8.18133,52.335017],[-8.182999,52.330047],[-8.179072,52.323297],[-8.168282,52.321026],[-8.163238,52.313992],[-8.165583,52.306537],[-8.159801,52.299166],[-8.168977,52.291634],[-8.176619,52.290899],[-8.183208,52.287675],[-8.176582,52.27668],[-8.165142,52.277616],[-8.163935,52.274082],[-8.169314,52.266461],[-8.162642,52.265602],[-8.165585,52.259964],[-8.161494,52.253043],[-8.160955,52.241928],[-8.151517,52.238643],[-8.138792,52.237481],[-8.11367,52.231374],[-8.103399,52.231182],[-8.107015,52.214911],[-8.10472,52.206483],[-8.080272,52.20581],[-8.06136,52.208933],[-8.049855,52.20754],[-8.042894,52.208303],[-8.033042,52.207024],[-8.022502,52.20841],[-8.00552,52.202016],[-7.994812,52.205445],[-7.990156,52.209993],[-7.994726,52.216975],[-7.996908,52.225209],[-7.993066,52.228197],[-7.991782,52.230945],[-7.991741,52.237917],[-7.988847,52.242743],[-7.979978,52.237782],[-7.973349,52.237928],[-7.972264,52.242374],[-7.952346,52.242175],[-7.942501,52.246298],[-7.940902,52.242855],[-7.930647,52.235828],[-7.921926,52.233914],[-7.915871,52.227904],[-7.906023,52.228303],[-7.892043,52.224919],[-7.876118,52.227461],[-7.86626,52.224134],[-7.857204,52.223983],[-7.850675,52.22731],[-7.820359,52.221251],[-7.812157,52.212931],[-7.808006,52.212356],[-7.797958,52.220673],[-7.785656,52.221383],[-7.774098,52.217785],[-7.767506,52.218666],[-7.759215,52.215352],[-7.745993,52.216488],[-7.749577,52.222684],[-7.748735,52.227701],[-7.752747,52.233989],[-7.750027,52.240998],[-7.745859,52.243954],[-7.747794,52.251462],[-7.761839,52.26595],[-7.762844,52.271333],[-7.773417,52.270825],[-7.784804,52.277375],[-7.783101,52.279924],[-7.787637,52.287613],[-7.792996,52.29069],[-7.796534,52.300942],[-7.793237,52.30555],[-7.793467,52.311049],[-7.790429,52.31916],[-7.791058,52.324907],[-7.786656,52.333489],[-7.789794,52.340876],[-7.774799,52.342979],[-7.746361,52.341693],[-7.738281,52.344064],[-7.737047,52.34742],[-7.7168,52.349766],[-7.715821,52.345466],[-7.692126,52.349097],[-7.679076,52.352821],[-7.6736,52.356296],[-7.662857,52.359029],[-7.646514,52.35717],[-7.624881,52.359686],[-7.621273,52.362383],[-7.608471,52.362113],[-7.597052,52.363892],[-7.572559,52.358505],[-7.562387,52.360611],[-7.549162,52.361391],[-7.515632,52.358887],[-7.508763,52.355483],[-7.473562,52.350342],[-7.462238,52.350224],[-7.458004,52.350744],[-7.437871,52.347504],[-7.437076,52.339731],[-7.431534,52.338192],[-7.420026,52.338836],[-7.415952,52.34125],[-7.39392,52.33497],[-7.374007,52.333553],[-7.375116,52.340216],[-7.372162,52.343008]]]]},"properties":{"name":"Tipperary","code":"T"}},
{"type":"Feature","geometry":{"type":"MultiPolygon","coordinates":[[[[-7.040356,52.255997],[-7.06835,52.25685],[-7.087312,52.251627],[-7.096853,52.257515],[-7.100614,52.266348],[-7.115812,52.267005],[-7.132888,52.268962],[-7.150757,52.279161],[-7.158453,52.279475],[-7.170716,52.27345],[-7.187116,52.260615],[-7.183396,52.259466],[-7.17209,52.247285],[-7.165604,52.244383],[-7.165069,52.239807],[-7.156178,52.232021],[-7.153293,52.22663],[-7.140317,52.218332],[-7.129663,52.218191],[-7.116588,52.210178],[-7.110582,52.211145],[-7.114073,52.21846],[-7.105896,52.22258],[-7.093549,52.224928],[-7.088687,52.229912],[-7.0802,52.226549],[-7.079585,52.219596],[-7.073837,52.218597],[-7.065092,52.220929],[-7.061082,52.228835],[-7.055725,52.228731],[-7.048057,52.233117],[-7.034802,52.235217],[-7.038002,52.248881],[-7.033973,52.253557],[-7.040356,52.255997]]],[[[-7.610019,52.064291],[-7.631172,52.060687],[-7.640434,52.061157],[-7.635867,52.066274],[-7.632121,52.084645],[-7.622664,52.082181],[-7.621025,52.086128],[-7.611123,52.08743],[-7.59656,52.092232],[-7.592831,52.098065],[-7.583932,52.09878],[-7.57998,52.094183],[-7.570299,52.088331],[-7.56863,52.081604],[-7.552195,52.078186],[-7.544116,52.095413],[-7.538609,52.098943],[-7.519142,52.105997],[-7.508903,52.10601],[-7.498853,52.102584],[-7.486536,52.106788],[-7.482402,52.110561],[-7.469215,52.113712],[-7.466894,52.119028],[-7.448086,52.122629],[-7.443066,52.127219],[-7.435056,52.127083],[-7.425823,52.13049],[-7.401064,52.131483],[-7.39806,52.129244],[-7.388294,52.129238],[-7.372512,52.135854],[-7.370348,52.138464],[-7.36105,52.138944],[-7.351924,52.137285],[-7.338382,52.138075],[-7.332944,52.136302],[-7.322259,52.13723],[-7.308773,52.135973],[-7.300145,52.140099],[-7.291965,52.141094],[-7.218389,52.131468],[-7.207329,52.136152],[-7.18903,52.13424],[-7.184121,52.133888],[-7.169337,52.139251],[-7.162933,52.146233],[-7.163389,52.149003],[-7.151896,52.15891],[-7.132927,52.158339],[-7.103455,52.150319],[-7.090275,52.149536],[-7.090791,52.153384],[-7.098266,52.154718],[-7.113459,52.154194],[-7.11685,52.157677],[-7.132836,52.158926],[-7.134721,52.162034],[-7.131047,52.16815],[-7.13555,52.172349],[-7.127115,52.168834],[-7.107407,52.170169],[-7.098733,52.168953],[-7.094118,52.165693],[-7.083035,52.161712],[-7.079698,52.155529],[-7.0933,52.146827],[-7.091561,52.143951],[-7.096717,52.139678],[-7.107525,52.134191],[-7.103531,52.129104],[-7.087942,52.131089],[-7.082108,52.135008],[-7.06735,52.135599],[-7.051622,52.138331],[-7.034275,52.134422],[-7.018994,52.135074],[-7.015713,52.138385],[-7.008922,52.138431],[-6.996816,52.142047],[-6.990228,52.146532],[-6.994482,52.15494],[-6.987409,52.154948],[-6.983448,52.159643],[-6.974634,52.163912],[-6.974574,52.16911],[-6.953789,52.180175],[-6.96979,52.177511],[-6.977772,52.186088],[-6.983363,52.189317],[-6.980479,52.197915],[-6.970873,52.208234],[-6.976594,52.213532],[-6.968678,52.226608],[-6.971481,52.234662],[-6.965715,52.240506],[-6.980163,52.245929],[-6.987691,52.25003],[-6.992134,52.257011],[-6.984263,52.265144],[-6.983619,52.269277],[-6.988674,52.274677],[-7.000173,52.275697],[-7.026207,52.269146],[-7.040356,52.255997],[-7.033973,52.253557],[-7.038002,52.248881],[-7.034802,52.235217],[-7.048057,52.233117],[-7.055725,52.228731],[-7.061082,52.228835],[-7.065092,52.220929],[-7.073837,52.218597],[-7.079585,52.219596],[-7.0802,52.226549],[-7.088687,52.229912],[-7.093549,52.224928],[-7.105896,52.22258],[-7.114073,52.21846],[-7.110582,52.211145],[-7.116588,52.210178],[-7.129663,52.218191],[-7.140317,52.218332],[-7.153293,52.22663],[-7.156178,52.232021],[-7.165069,52.239807],[-7.165604,52.244383],[-7.17209,52.247285],[-7.183396,52.259466],[-7.187116,52.260615],[-7.198592,52.249901],[-7.212457,52.243103],[-7.21932,52.243156],[-7.231581,52.249759],[-7.236974,52.259559],[-7.24293,52.2627],[-7.258906,52.264516],[-7.265002,52.267401],[-7.276295,52.283059],[-7.283206,52.288939],[-7.283924,52.296186],[-7.301166,52.304141],[-7.299857,52.309755],[-7.302563,52.315575],[-7.320432,52.326256],[-7.323931,52.330859],[-7.355953,52.33607],[-7.359588,52.342497],[-7.372162,52.343008],[-7.375116,52.340216],[-7.374007,52.333553],[-7.39392,52.33497],[-7.415952,52.34125],[-7.420026,52.338836],[-7.431534,52.338192],[-7.437076,52.339731],[-7.437871,52.347504],[-7.458004,52.350744],[-7.462238,52.350224],[-7.473562,52.350342],[-7.508763,52.355483],[-7.515632,52.358887],[-7.549162,52.361391],[-7.562387,52.360611],[-7.572559,52.358505],[-7.597052,52.363892],[-7.608471,52.362113],[-7.621273,52.362383],[-7.624881,52.359686],[-7.646514,52.35717],[-7.662857,52.359029],[-7.6736,52.356296],[-7.679076,52.352821],[-7.692126,52.349097],[-7.715821,52.345466],[-7.7168,52.349766],[-7.737047,52.34742],[-7.738281,52.344064],[-7.746361,52.341693],[-7.774799,52.342979],[-7.789794,52.340876],[-7.786656,52.333489],[-7.791058,52.324907],[-7.790429,52.31916],[-7.793467,52.311049],[-7.793237,52.30555],[-7.796534,52.300942],[-7.792996,52.29069],[-7.787637,52.287613],[-7.783101,52.279924],[-7.784804,52.277375],[-7.773417,52.270825],[-7.762844,52.271333],[-7.761839,52.26595],[-7.747794,52.251462],[-7.745859,52.243954],[-7.750027,52.240998],[-7.752747,52.233989],[-7.748735,52.227701],[-7.749577,52.222684],[-7.745993,52.216488],[-7.759215,52.215352],[-7.767506,52.218666],[-7.774098,52.217785],[-7.785656,52.221383],[-7.797958,52.220673],[-7.808006,52.212356],[-7.812157,52.212931],[-7.820359,52.221251],[-7.850675,52.22731],[-7.857204,52.223983],[-7.86626,52.224134],[-7.876118,52.227461],[-7.892043,52.224919],[-7.906023,52.228303],[-7.915871,52.227904],[-7.921926,52.233914],[-7.930647,52.235828],[-7.940902,52.242855],[-7.942501,52.246298],[-7.952346,52.242175],[-7.972264,52.242374],[-7.973349,52.237928],[-7.979978,52.237782],[-7.988847,52.242743],[-7.991741,52.237917],[-7.991782,52.230945],[-7.993066,52.228197],[-7.996908,52.225209],[-7.994726,52.216975],[-7.990156,52.209993],[-7.994812,52.205445],[-8.00552,52.202016],[-8.022502,52.20841],[-8.033042,52.207024],[-8.042894,52.208303],[-8.049855,52.20754],[-8.06136,52.208933],[-8.080272,52.20581],[-8.10472,52.206483],[-8.116275,52.204938],[-8.123424,52.200236],[-8.119861,52.195415],[-8.128694,52.17451],[-8.134997,52.167142],[-8.140846,52.164547],[-8.154319,52.164916],[-8.157643,52.158754],[-8.15388,52.145964],[-8.161072,52.14456],[-8.16261,52.14111],[-8.142623,52.140889],[-8.131754,52.143028],[-8.111025,52.145165],[-8.109656,52.140954],[-8.09569,52.142191],[-8.094837,52.138517],[-8.072465,52.143652],[-8.066203,52.140352],[-8.060663,52.132538],[-8.062276,52.126177],[-8.071268,52.125592],[-8.078484,52.137079],[-8.083449,52.130058],[-8.080535,52.125392],[-8.07129,52.1255],[-8.070738,52.117148],[-8.045856,52.115027],[-8.044382,52.109918],[-8.037688,52.10348],[-8.028181,52.103282],[-8.028831,52.097547],[-8.024091,52.08923],[-8.016414,52.082176],[-8.013785,52.074211],[-8.021346,52.065409],[-8.018031,52.062255],[-8.022586,52.058135],[-8.013878,52.05128],[-8.002852,52.048825],[-7.999847,52.044115],[-7.989529,52.039576],[-7.986734,52.034541],[-7.980576,52.035547],[-7.973325,52.032456],[-7.962524,52.036714],[-7.957102,52.0362],[-7.961693,52.026269],[-7.958264,52.019101],[-7.937897,52.013805],[-7.927989,52.008043],[-7.930293,52.003084],[-7.925546,51.991498],[-7.925626,51.986303],[-7.921025,51.980793],[-7.909876,51.974085],[-7.894685,51.976099],[-7.878178,51.974567],[-7.859782,51.976313],[-7.855212,51.980137],[-7.847387,51.972463],[-7.844552,51.96662],[-7.842156,51.954218],[-7.831958,51.953174],[-7.833231,51.94399],[-7.829616,51.9409],[-7.811602,51.939126],[-7.801448,51.942119],[-7.795459,51.941763],[-7.793855,51.948336],[-7.776696,51.951694],[-7.765436,51.949556],[-7.757129,51.941291],[-7.746229,51.938727],[-7.719107,51.941245],[-7.709461,51.943201],[-7.707256,51.947437],[-7.72215,51.951789],[-7.717667,51.959638],[-7.710034,51.960659],[-7.71071,51.964882],[-7.701853,51.97222],[-7.694373,51.974881],[-7.685006,51.975668],[-7.667087,51.974859],[-7.648734,51.97866],[-7.641693,51.976922],[-7.63476,51.980651],[-7.61744,51.980766],[-7.609036,51.985932],[-7.586527,51.991386],[-7.582488,51.996492],[-7.583341,52.001668],[-7.577672,52.00841],[-7.585811,52.018976],[-7.57827,52.024228],[-7.577675,52.031625],[-7.567972,52.040371],[-7.562723,52.040678],[-7.546707,52.046349],[-7.536673,52.052198],[-7.537666,52.054451],[-7.551847,52.054084],[-7.566286,52.05055],[-7.586617,52.050975],[-7.595347,52.057445],[-7.601329,52.059169],[-7.605174,52.064595],[-7.610019,52.064291]]]]},"properties":{"name":"Waterford","code":"W"}},
{"type":"Feature","geometry":{"type":"MultiPolygon","coordinates":[[[[-8.955022,53.272054],[-8.958521,53.279631],[-8.963715,53.279764],[-8.961993,53.291162],[-8.954858,53.294366],[-8.960931,53.300528],[-8.97539,53.293308],[-8.983706,53.292314],[-8.98838,53.299668],[-8.99933,53.30296],[-9.022711,53.30643],[-9.021556,53.313404],[-9.03269,53.314565],[-9.049077,53.310163],[-9.051643,53.314235],[-9.064866,53.318991],[-9.06935,53.316057],[-9.071157,53.31049],[-9.077107,53.30811],[-9.078851,53.301661],[-9.088298,53.303716],[-9.094819,53.296964],[-9.099316,53.29888],[-9.112468,53.282307],[-9.119911,53.281552],[-9.130768,53.283909],[-9.13854,53.279731],[-9.142163,53.274894],[-9.136142,53.268284],[-9.134751,53.258618],[-9.128022,53.251192],[-9.12997,53.256292],[-9.110528,53.258523],[-9.09908,53.25457],[-9.091701,53.257209],[-9.079059,53.25796],[-9.070932,53.263136],[-9.056534,53.26285],[-9.038761,53.269693],[-9.031339,53.267953],[-9.019655,53.271071],[-9.017455,53.266411],[-9.001857,53.268952],[-8.99625,53.268013],[-8.993454,53.262013],[-8.984782,53.263174],[-8.973208,53.270073],[-8.963534,53.269241],[-8.955022,53.272054]]],[[[-10.288797,53.618459],[-10.294584,53.613539],[-10.291983,53.6107],[-10.302221,53.602394],[-10.297195,53.599841],[-10.287163,53.607079],[-10.27219,53.604221],[-10.263324,53.605424],[-10.268234,53.613073],[-10.288797,53.618459]]],[[[-10.196526,53.636364],[-10.208319,53.634517],[-10.206594,53.62662],[-10.221713,53.631345],[-10.232499,53.626253],[-10.233478,53.620369],[-10.243096,53.622383],[-10.246769,53.631154],[-10.255934,53.627303],[-10.260128,53.623386],[-10.258053,53.619651],[-10.232377,53.612099],[-10.20542,53.613624],[-10.206945,53.607729],[-10.193822,53.606119],[-10.185004,53.609275],[-10.178693,53.617355],[-10.188964,53.621693],[-10.188063,53.625577],[-10.178978,53.626948],[-10.178173,53.630911],[-10.195636,53.634023],[-10.196526,53.636364]]],[[[-10.22298,53.526622],[-10.225495,53.523047],[-10.215175,53.522445],[-10.212896,53.526329],[-10.22298,53.526622]]],[[[-10.111272,53.499303],[-10.107592,53.496013],[-10.087436,53.496335],[-10.069402,53.490708],[-10.059917,53.490368],[-10.048896,53.485032],[-10.037303,53.473953],[-10.019644,53.473893],[-10.019929,53.467214],[-10.050973,53.474791],[-10.056843,53.481333],[-10.068948,53.483493],[-10.07821,53.48831],[-10.089382,53.486598],[-10.090473,53.483193],[-10.100196,53.479873],[-10.084079,53.475313],[-10.079989,53.472253],[-10.091828,53.468055],[-10.082461,53.46578],[-10.075673,53.467608],[-10.059255,53.462455],[-10.050804,53.464423],[-10.036032,53.461914],[-10.036786,53.459018],[-10.058024,53.457158],[-10.06182,53.451786],[-10.061641,53.446614],[-10.074819,53.438762],[-10.083739,53.438626],[-10.10053,53.450613],[-10.110731,53.452079],[-10.120837,53.451454],[-10.127701,53.455165],[-10.140295,53.446733],[-10.139585,53.442469],[-10.149589,53.442293],[-10.155128,53.434638],[-10.165406,53.432028],[-10.162863,53.428782],[-10.169533,53.424399],[-10.173724,53.418698],[-10.182814,53.413802],[-10.180977,53.411244],[-10.157063,53.415925],[-10.151735,53.420542],[-10.14057,53.416226],[-10.137186,53.409847],[-10.126478,53.403771],[-10.110479,53.414552],[-10.105528,53.409927],[-10.090634,53.414638],[-10.083005,53.410767],[-10.077981,53.41308],[-10.079297,53.417292],[-10.074413,53.421696],[-10.066726,53.419544],[-10.064233,53.416172],[-10.043807,53.412641],[-10.03501,53.408055],[-10.036694,53.400644],[-10.036123,53.391101],[-10.025424,53.385424],[-10.016382,53.386156],[-10.011049,53.380452],[-10.004956,53.383326],[-9.989462,53.379461],[-9.973993,53.383759],[-9.965947,53.382692],[-9.960539,53.376625],[-9.951683,53.381255],[-9.942025,53.378013],[-9.934857,53.379015],[-9.917392,53.387297],[-9.915959,53.39318],[-9.918867,53.396417],[-9.919955,53.406106],[-9.916208,53.408583],[-9.916379,53.413963],[-9.910112,53.418184],[-9.900141,53.421262],[-9.894113,53.417839],[-9.883537,53.415651],[-9.87274,53.421697],[-9.863079,53.422743],[-9.860983,53.429154],[-9.864818,53.432873],[-9.852085,53.434069],[-9.845268,53.429756],[-9.829533,53.426109],[-9.834657,53.420931],[-9.841841,53.425206],[-9.852755,53.425827],[-9.848024,53.420483],[-9.864129,53.417593],[-9.870948,53.41818],[-9.885644,53.412516],[-9.887648,53.407805],[-9.879918,53.404298],[-9.882079,53.393328],[-9.861531,53.389321],[-9.858794,53.394018],[-9.863152,53.400989],[-9.858494,53.403423],[-9.85178,53.400267],[-9.855733,53.395907],[-9.851311,53.393858],[-9.84415,53.396605],[-9.848148,53.401352],[-9.834368,53.408169],[-9.82873,53.416259],[-9.821225,53.418444],[-9.800297,53.417973],[-9.805201,53.413588],[-9.821025,53.411175],[-9.821797,53.406915],[-9.815755,53.401125],[-9.804258,53.40381],[-9.800741,53.406748],[-9.793366,53.4049],[-9.800307,53.398211],[-9.799701,53.395275],[-9.790767,53.394517],[-9.797323,53.387371],[-9.80612,53.386508],[-9.815096,53.381072],[-9.820326,53.375856],[-9.828237,53.379688],[-9.84029,53.374392],[-9.854411,53.374201],[-9.86878,53.369359],[-9.882116,53.369578],[-9.889526,53.368175],[-9.89225,53.3637],[-9.886485,53.359648],[-9.895247,53.354902],[-9.886455,53.351931],[-9.876274,53.356342],[-9.877123,53.350208],[-9.885965,53.348083],[-9.881518,53.341893],[-9.891968,53.341988],[-9.898453,53.3383],[-9.898788,53.328792],[-9.90594,53.323861],[-9.890658,53.318954],[-9.88187,53.311841],[-9.865083,53.31436],[-9.862602,53.32347],[-9.855856,53.320125],[-9.839871,53.322279],[-9.833803,53.311529],[-9.822865,53.308817],[-9.817371,53.310474],[-9.818449,53.320221],[-9.812112,53.319581],[-9.815045,53.314391],[-9.81353,53.308346],[-9.789817,53.303422],[-9.780133,53.295743],[-9.771189,53.293881],[-9.774244,53.300504],[-9.764285,53.304786],[-9.749444,53.308097],[-9.739823,53.305984],[-9.730974,53.311004],[-9.732425,53.325565],[-9.721278,53.327532],[-9.713744,53.331842],[-9.713337,53.341664],[-9.704101,53.346863],[-9.69818,53.352298],[-9.696671,53.360181],[-9.687216,53.364085],[-9.664343,53.370679],[-9.664702,53.377711],[-9.65737,53.380285],[-9.657069,53.386276],[-9.648385,53.387717],[-9.635328,53.384754],[-9.625343,53.37728],[-9.63311,53.375304],[-9.635448,53.367717],[-9.633477,53.359494],[-9.645401,53.353266],[-9.642792,53.349955],[-9.625954,53.348843],[-9.62789,53.343756],[-9.642469,53.340143],[-9.651025,53.343937],[-9.664407,53.339499],[-9.655986,53.335885],[-9.648287,53.335825],[-9.641871,53.331117],[-9.632792,53.332928],[-9.624831,53.33018],[-9.620675,53.33422],[-9.611837,53.332667],[-9.60583,53.335576],[-9.594874,53.336627],[-9.594303,53.340228],[-9.602058,53.34672],[-9.61242,53.345756],[-9.613286,53.349151],[-9.603131,53.35141],[-9.602304,53.363188],[-9.598516,53.367227],[-9.60689,53.369417],[-9.613444,53.379038],[-9.606694,53.38308],[-9.602104,53.37842],[-9.596428,53.38086],[-9.580759,53.380689],[-9.576668,53.385057],[-9.580465,53.38819],[-9.574851,53.392572],[-9.567652,53.395548],[-9.562413,53.401047],[-9.556324,53.402662],[-9.547619,53.399383],[-9.55299,53.391738],[-9.569908,53.393567],[-9.575698,53.391096],[-9.575271,53.388228],[-9.577397,53.38331],[-9.569721,53.379728],[-9.5625,53.384488],[-9.555249,53.383403],[-9.556961,53.376899],[-9.574051,53.378107],[-9.583879,53.372919],[-9.593443,53.373399],[-9.593717,53.367792],[-9.598812,53.362194],[-9.595989,53.358614],[-9.580052,53.349515],[-9.571769,53.351381],[-9.559404,53.344092],[-9.552219,53.341527],[-9.560006,53.336849],[-9.564574,53.328462],[-9.553685,53.317074],[-9.555917,53.31062],[-9.558191,53.3203],[-9.564963,53.322514],[-9.565844,53.32887],[-9.562211,53.335576],[-9.568272,53.344971],[-9.57612,53.342141],[-9.568059,53.335986],[-9.572344,53.332199],[-9.578774,53.331967],[-9.582515,53.32819],[-9.575539,53.32585],[-9.575973,53.321616],[-9.583375,53.321716],[-9.586727,53.328021],[-9.59635,53.329372],[-9.622556,53.325588],[-9.625197,53.318512],[-9.61957,53.313433],[-9.61019,53.310972],[-9.61454,53.307374],[-9.610382,53.297456],[-9.59975,53.291224],[-9.601612,53.285733],[-9.597976,53.279792],[-9.607398,53.276506],[-9.607074,53.271715],[-9.620283,53.267002],[-9.630294,53.252505],[-9.626598,53.238834],[-9.614312,53.232329],[-9.606156,53.238422],[-9.599856,53.24047],[-9.589925,53.2361],[-9.577734,53.246836],[-9.578562,53.2545],[-9.574237,53.259495],[-9.576035,53.264799],[-9.581196,53.267485],[-9.580891,53.272245],[-9.574695,53.277485],[-9.56387,53.28191],[-9.558265,53.280252],[-9.550128,53.283113],[-9.563999,53.286161],[-9.556519,53.288902],[-9.545527,53.285775],[-9.539639,53.279991],[-9.544383,53.276134],[-9.551553,53.275747],[-9.554742,53.268434],[-9.566304,53.262452],[-9.558836,53.250545],[-9.554356,53.251063],[-9.545361,53.246558],[-9.552501,53.243808],[-9.554941,53.238726],[-9.548157,53.23731],[-9.546508,53.233686],[-9.531566,53.229526],[-9.529831,53.223853],[-9.509751,53.221928],[-9.504999,53.224057],[-9.490212,53.225871],[-9.484035,53.22909],[-9.465994,53.226179],[-9.456445,53.232386],[-9.441327,53.234328],[-9.433013,53.232997],[-9.41807,53.235097],[-9.404014,53.23378],[-9.375012,53.23729],[-9.36054,53.242467],[-9.339515,53.238443],[-9.329801,53.240117],[-9.313456,53.239391],[-9.308843,53.242859],[-9.296647,53.244002],[-9.292147,53.242158],[-9.27514,53.243646],[-9.272821,53.242568],[-9.243591,53.246481],[-9.23005,53.247501],[-9.224052,53.249757],[-9.217671,53.245709],[-9.204679,53.247312],[-9.178585,53.245227],[-9.167904,53.246796],[-9.162898,53.245736],[-9.146227,53.250366],[-9.138762,53.24864],[-9.128022,53.251192],[-9.134751,53.258618],[-9.136142,53.268284],[-9.142163,53.274894],[-9.13854,53.279731],[-9.130768,53.283909],[-9.119911,53.281552],[-9.112468,53.282307],[-9.099316,53.29888],[-9.094819,53.296964],[-9.088298,53.303716],[-9.078851,53.301661],[-9.077107,53.30811],[-9.071157,53.31049],[-9.06935,53.316057],[-9.064866,53.318991],[-9.051643,53.314235],[-9.049077,53.310163],[-9.03269,53.314565],[-9.021556,53.313404],[-9.022711,53.30643],[-8.99933,53.30296],[-8.98838,53.299668],[-8.983706,53.292314],[-8.97539,53.293308],[-8.960931,53.300528],[-8.954858,53.294366],[-8.961993,53.291162],[-8.963715,53.279764],[-8.958521,53.279631],[-8.955022,53.272054],[-8.946944,53.273427],[-8.933918,53.268487],[-8.94016,53.264758],[-8.943267,53.258097],[-8.960434,53.257192],[-8.966642,53.25496],[-8.977095,53.256293],[-8.985661,53.24786],[-8.98499,53.245834],[-8.970712,53.243607],[-8.971133,53.23833],[-8.978914,53.240209],[-8.984008,53.237148],[-8.981609,53.233636],[-8.986475,53.228877],[-8.995247,53.228132],[-8.989481,53.219196],[-8.976235,53.218044],[-8.970759,53.211624],[-8.962719,53.20923],[-8.949196,53.209014],[-8.942061,53.212084],[-8.929701,53.211656],[-8.910837,53.220632],[-8.901979,53.217786],[-8.911725,53.2143],[-8.912245,53.209202],[-8.922764,53.208919],[-8.928419,53.206387],[-8.927897,53.201977],[-8.933399,53.200162],[-8.933756,53.19473],[-8.945625,53.187841],[-8.951832,53.181144],[-8.953332,53.172656],[-8.941083,53.165578],[-8.941568,53.158088],[-8.935713,53.153354],[-8.93593,53.146741],[-8.925063,53.143149],[-8.92819,53.140555],[-8.937644,53.139954],[-8.951149,53.152834],[-8.958065,53.153957],[-8.958864,53.156056],[-8.975234,53.158316],[-8.983756,53.161393],[-8.984379,53.165114],[-8.974565,53.166031],[-8.969273,53.170077],[-8.966782,53.175523],[-8.984971,53.173539],[-8.988167,53.169859],[-9.002325,53.168746],[-9.021146,53.170949],[-9.038303,53.16892],[-9.054265,53.165102],[-9.05427,53.164757],[-9.045639,53.165426],[-9.04287,53.160084],[-9.021694,53.1581],[-9.01612,53.154767],[-9.009531,53.155796],[-9.005323,53.152469],[-8.999301,53.156914],[-8.990686,53.147282],[-8.996402,53.143909],[-8.997965,53.148956],[-9.007412,53.148827],[-9.008224,53.145177],[-9.009349,53.140831],[-9.01661,53.139382],[-9.025867,53.140216],[-9.024703,53.135855],[-9.027955,53.130172],[-9.025922,53.123203],[-9.020214,53.116651],[-9.019324,53.110599],[-9.011063,53.102839],[-8.998512,53.099874],[-8.993319,53.09471],[-8.974526,53.092215],[-8.970302,53.086452],[-8.956302,53.08712],[-8.932947,53.077862],[-8.922476,53.070343],[-8.920143,53.066211],[-8.905293,53.066171],[-8.89893,53.061863],[-8.891612,53.060678],[-8.89029,53.056014],[-8.901168,53.047569],[-8.898995,53.040653],[-8.900047,53.033572],[-8.892621,53.030714],[-8.883451,53.016396],[-8.898759,53.008224],[-8.894628,52.998946],[-8.886604,52.996053],[-8.890042,52.990814],[-8.884862,52.985403],[-8.882599,52.976482],[-8.872818,52.980038],[-8.860294,52.978948],[-8.860517,52.970412],[-8.850608,52.972026],[-8.846465,52.977617],[-8.846333,52.984897],[-8.833021,52.988765],[-8.83227,52.981326],[-8.819612,52.978929],[-8.809075,52.97535],[-8.804959,52.979432],[-8.783838,52.973095],[-8.779379,52.975271],[-8.77878,52.987697],[-8.758963,52.993926],[-8.751424,52.999301],[-8.741288,53.002513],[-8.73696,53.005953],[-8.738683,53.010967],[-8.731877,53.014274],[-8.719689,53.025421],[-8.714257,53.024063],[-8.694114,53.02658],[-8.692105,53.029441],[-8.682242,53.031618],[-8.679424,53.036324],[-8.66687,53.03917],[-8.640256,53.039841],[-8.634534,53.041768],[-8.628348,53.038578],[-8.626742,53.034093],[-8.61528,53.037427],[-8.591776,53.040148],[-8.554491,53.042196],[-8.560234,53.036384],[-8.560264,53.031485],[-8.551395,53.022341],[-8.536778,53.024451],[-8.528197,53.023717],[-8.523947,53.011665],[-8.516897,53.012141],[-8.508535,53.006275],[-8.510057,52.998623],[-8.504573,52.990364],[-8.502505,52.98314],[-8.485239,52.988813],[-8.461154,52.982165],[-8.450077,52.972266],[-8.44385,52.973861],[-8.424065,52.983388],[-8.418536,52.993331],[-8.408653,52.994815],[-8.403264,52.986754],[-8.395901,52.984153],[-8.377061,52.981605],[-8.366481,52.975959],[-8.366485,52.972042],[-8.35881,52.971271],[-8.351561,52.975687],[-8.345507,52.985048],[-8.338859,52.987549],[-8.316738,52.985144],[-8.301826,53.007453],[-8.278474,53.018681],[-8.268703,53.036633],[-8.267759,53.056364],[-8.249338,53.063274],[-8.218741,53.067614],[-8.213552,53.0784],[-8.198723,53.083985],[-8.197025,53.090081],[-8.18446,53.099904],[-8.174531,53.111264],[-8.168678,53.114489],[-8.172024,53.121592],[-8.165367,53.125907],[-8.161175,53.134572],[-8.15616,53.135555],[-8.146491,53.142509],[-8.148088,53.145116],[-8.124988,53.159492],[-8.107874,53.159894],[-8.084343,53.16301],[-8.081452,53.166895],[-8.083872,53.170044],[-8.074285,53.17598],[-8.06168,53.187965],[-8.05025,53.19349],[-8.023307,53.195805],[-8.003103,53.19279],[-7.991945,53.193835],[-7.983343,53.20276],[-7.974363,53.209314],[-7.97034,53.215072],[-7.967334,53.226464],[-7.971846,53.23312],[-7.977301,53.236292],[-7.992356,53.242884],[-8.000926,53.24564],[-8.009115,53.251359],[-8.028104,53.253835],[-8.028495,53.26061],[-8.034945,53.263945],[-8.042807,53.271523],[-8.055682,53.274079],[-8.075677,53.272375],[-8.097108,53.275754],[-8.099162,53.278015],[-8.126829,53.280609],[-8.13369,53.281933],[-8.139658,53.278967],[-8.14803,53.279867],[-8.153542,53.287346],[-8.174067,53.287543],[-8.180153,53.291357],[-8.18261,53.297911],[-8.188224,53.30203],[-8.189437,53.306345],[-8.194982,53.308455],[-8.190329,53.313308],[-8.192223,53.31899],[-8.186851,53.322284],[-8.189082,53.327487],[-8.187613,53.336187],[-8.19351,53.33554],[-8.199946,53.347777],[-8.215827,53.346552],[-8.232502,53.349652],[-8.227593,53.35535],[-8.237218,53.364253],[-8.241082,53.365537],[-8.24487,53.371822],[-8.242964,53.375852],[-8.234493,53.381599],[-8.224589,53.395386],[-8.238242,53.406253],[-8.238426,53.411563],[-8.244279,53.413178],[-8.25424,53.412374],[-8.258499,53.415821],[-8.256738,53.420507],[-8.259177,53.427252],[-8.262828,53.429347],[-8.260974,53.435342],[-8.240439,53.43902],[-8.238328,53.445559],[-8.262679,53.455829],[-8.262708,53.461178],[-8.277151,53.466872],[-8.287318,53.473216],[-8.275332,53.481315],[-8.281227,53.490033],[-8.274843,53.494235],[-8.28097,53.49885],[-8.282424,53.503209],[-8.292993,53.509621],[-8.290631,53.518326],[-8.276626,53.520862],[-8.278373,53.525374],[-8.294292,53.531172],[-8.286322,53.538746],[-8.296748,53.542424],[-8.292241,53.546149],[-8.298487,53.548515],[-8.295941,53.554664],[-8.307516,53.559242],[-8.304,53.564242],[-8.296827,53.565904],[-8.288284,53.56188],[-8.282882,53.564402],[-8.288191,53.568423],[-8.301061,53.572453],[-8.307882,53.577964],[-8.314596,53.579122],[-8.333197,53.576822],[-8.342115,53.578642],[-8.342284,53.58302],[-8.337467,53.588086],[-8.352288,53.593573],[-8.354013,53.598786],[-8.360277,53.598191],[-8.367501,53.601065],[-8.378116,53.598716],[-8.383556,53.607473],[-8.380424,53.61143],[-8.381171,53.618196],[-8.386556,53.61918],[-8.399601,53.629573],[-8.393464,53.640192],[-8.383221,53.639841],[-8.377273,53.642727],[-8.366996,53.640263],[-8.362705,53.643182],[-8.363806,53.651731],[-8.368519,53.653296],[-8.376811,53.653235],[-8.381827,53.656852],[-8.398051,53.663191],[-8.415626,53.666671],[-8.429577,53.671543],[-8.436751,53.677567],[-8.438334,53.684389],[-8.447192,53.6877],[-8.444002,53.691479],[-8.457965,53.696789],[-8.448881,53.697871],[-8.446156,53.705115],[-8.461512,53.713033],[-8.46985,53.715496],[-8.48823,53.71577],[-8.51977,53.712272],[-8.533871,53.716306],[-8.550655,53.718709],[-8.559403,53.715891],[-8.573706,53.718911],[-8.581368,53.713962],[-8.581072,53.708644],[-8.604315,53.710495],[-8.61349,53.70509],[-8.619794,53.706046],[-8.63475,53.704192],[-8.633632,53.700727],[-8.645257,53.693982],[-8.640988,53.685792],[-8.650804,53.683045],[-8.65553,53.676927],[-8.673163,53.675184],[-8.693756,53.671465],[-8.713212,53.6659],[-8.723445,53.665056],[-8.729078,53.671215],[-8.739963,53.662611],[-8.748668,53.66216],[-8.755843,53.665882],[-8.761401,53.663893],[-8.77785,53.665177],[-8.785757,53.658719],[-8.800911,53.657299],[-8.823287,53.664989],[-8.841152,53.654765],[-8.848612,53.652535],[-8.867903,53.656582],[-8.88275,53.652494],[-8.891831,53.652151],[-8.898715,53.647408],[-8.90135,53.642161],[-8.912014,53.643939],[-8.92587,53.6536],[-8.942917,53.661882],[-8.954785,53.655733],[-8.963078,53.653988],[-8.9714,53.655358],[-8.978784,53.644346],[-8.974969,53.64237],[-8.973211,53.632063],[-8.974937,53.62542],[-8.988229,53.618656],[-8.980774,53.60961],[-8.980262,53.604997],[-8.998389,53.602076],[-9.007021,53.59877],[-9.015403,53.598207],[-9.00904,53.591122],[-9.006827,53.584078],[-9.031409,53.579612],[-9.041456,53.580762],[-9.044111,53.576345],[-9.041417,53.56168],[-9.030266,53.557317],[-9.02531,53.55154],[-9.036948,53.542898],[-9.034107,53.539019],[-9.037678,53.5357],[-9.055086,53.535256],[-9.058246,53.527587],[-9.075175,53.522109],[-9.081961,53.521178],[-9.093628,53.514945],[-9.095618,53.510176],[-9.094957,53.502143],[-9.099359,53.493814],[-9.105867,53.492419],[-9.115131,53.494524],[-9.124822,53.481994],[-9.129526,53.482405],[-9.135328,53.477373],[-9.155812,53.482829],[-9.169376,53.479751],[-9.182015,53.471926],[-9.189795,53.475302],[-9.201188,53.475295],[-9.20495,53.472504],[-9.212495,53.478497],[-9.236582,53.480245],[-9.235549,53.49945],[-9.279146,53.515357],[-9.278717,53.525376],[-9.285516,53.531454],[-9.288678,53.545869],[-9.29606,53.544448],[-9.306797,53.545533],[-9.303563,53.549393],[-9.303474,53.555329],[-9.310787,53.555375],[-9.314562,53.5508],[-9.32026,53.550156],[-9.32633,53.540428],[-9.334473,53.539643],[-9.342217,53.541583],[-9.353171,53.54685],[-9.353421,53.551869],[-9.345668,53.563366],[-9.356656,53.567883],[-9.360905,53.573606],[-9.408755,53.568372],[-9.414407,53.565533],[-9.429578,53.563945],[-9.437535,53.56546],[-9.48131,53.562281],[-9.490336,53.568124],[-9.505849,53.571937],[-9.512409,53.576987],[-9.524315,53.580862],[-9.543584,53.581253],[-9.554064,53.594646],[-9.557361,53.601236],[-9.555539,53.608043],[-9.56478,53.612601],[-9.576368,53.600952],[-9.585324,53.599058],[-9.61062,53.606564],[-9.629127,53.605719],[-9.643296,53.600874],[-9.652287,53.602354],[-9.659947,53.610265],[-9.669545,53.612772],[-9.688207,53.60642],[-9.694198,53.596065],[-9.70532,53.595037],[-9.716643,53.598169],[-9.733362,53.60023],[-9.748086,53.59912],[-9.788671,53.594199],[-9.794802,53.59905],[-9.803826,53.600669],[-9.810171,53.606336],[-9.830062,53.61075],[-9.842928,53.617843],[-9.8512,53.618111],[-9.87111,53.624722],[-9.874675,53.622776],[-9.86189,53.616625],[-9.855428,53.616247],[-9.851729,53.610785],[-9.868433,53.615457],[-9.878826,53.613435],[-9.898483,53.614466],[-9.906098,53.607471],[-9.910451,53.600867],[-9.930324,53.597476],[-9.947444,53.600794],[-9.95613,53.599465],[-9.9687,53.600656],[-9.975948,53.603506],[-9.975754,53.607135],[-9.987995,53.607096],[-9.99686,53.611048],[-10.006901,53.611639],[-10.015042,53.606673],[-10.028783,53.607117],[-10.034537,53.610626],[-10.042038,53.609463],[-10.050052,53.602719],[-10.043493,53.601073],[-10.044647,53.594304],[-10.036844,53.587083],[-10.025435,53.582387],[-10.020415,53.577593],[-9.998147,53.573207],[-9.97601,53.571154],[-9.978493,53.567024],[-9.97204,53.561323],[-9.998697,53.561955],[-9.999197,53.556187],[-9.990675,53.555412],[-9.979453,53.559769],[-9.966634,53.5583],[-9.955477,53.553133],[-9.958515,53.551261],[-9.972733,53.550526],[-9.975156,53.554784],[-9.991004,53.548238],[-9.999061,53.548328],[-10.011112,53.551316],[-10.00972,53.554209],[-10.017056,53.559136],[-10.010747,53.561509],[-10.014261,53.567538],[-10.027961,53.569885],[-10.03667,53.569635],[-10.045566,53.572448],[-10.049504,53.570095],[-10.062084,53.570319],[-10.073952,53.574619],[-10.081475,53.575309],[-10.095478,53.572697],[-10.099408,53.577073],[-10.114561,53.577014],[-10.129391,53.5743],[-10.093272,53.557172],[-10.095049,53.554319],[-10.106705,53.555256],[-10.126966,53.561256],[-10.135648,53.557796],[-10.144689,53.564703],[-10.16209,53.558555],[-10.16496,53.561685],[-10.176538,53.559938],[-10.190234,53.556039],[-10.188739,53.549493],[-10.201131,53.544529],[-10.189008,53.543841],[-10.184549,53.541326],[-10.167726,53.542853],[-10.144692,53.541553],[-10.145141,53.531932],[-10.134772,53.525547],[-10.135559,53.522891],[-10.122321,53.521326],[-10.101832,53.520274],[-10.085734,53.515792],[-10.075911,53.515205],[-10.062971,53.5106],[-10.047351,53.511409],[-10.045188,53.505499],[-10.061786,53.502773],[-10.074887,53.506058],[-10.077871,53.510644],[-10.085382,53.511609],[-10.094503,53.51651],[-10.115946,53.520178],[-10.131124,53.514491],[-10.136207,53.508595],[-10.11703,53.507472],[-10.111272,53.499303]]],[[[-10.163423,53.538725],[-10.176506,53.533874],[-10.170111,53.523089],[-10.158148,53.52413],[-10.148909,53.527232],[-10.153803,53.537045],[-10.163423,53.538725]]],[[[-10.161298,53.613989],[-10.174872,53.613774],[-10.173695,53.610384],[-10.164994,53.610367],[-10.161298,53.613989]]],[[[-10.147574,53.50366],[-10.158959,53.502182],[-10.158714,53.497966],[-10.146884,53.498323],[-10.147574,53.50366]]],[[[-10.150276,53.514944],[-10.157171,53.514387],[-10.159565,53.507015],[-10.153077,53.507182],[-10.144476,53.511446],[-10.150276,53.514944]]],[[[-9.967604,53.323486],[-9.967411,53.329392],[-9.978296,53.328709],[-9.974319,53.324064],[-9.967604,53.323486]]],[[[-9.923411,53.37598],[-9.929494,53.375469],[-9.931349,53.36614],[-9.923624,53.36742],[-9.923411,53.37598]]],[[[-9.902429,53.416416],[-9.906105,53.411852],[-9.90836,53.398555],[-9.903143,53.388094],[-9.906322,53.382208],[-9.902043,53.375798],[-9.895976,53.375385],[-9.88863,53.381194],[-9.902807,53.391174],[-9.887185,53.392894],[-9.889698,53.399302],[-9.897703,53.403398],[-9.898956,53.413689],[-9.902429,53.416416]]],[[[-9.884683,53.303214],[-9.894091,53.300116],[-9.892222,53.296967],[-9.882293,53.299004],[-9.884683,53.303214]]],[[[-9.855579,53.314101],[-9.866975,53.30688],[-9.864372,53.29988],[-9.850472,53.299832],[-9.850343,53.290409],[-9.840736,53.287956],[-9.839976,53.293015],[-9.848193,53.310694],[-9.855579,53.314101]]],[[[-9.840039,53.313901],[-9.842767,53.308107],[-9.835557,53.306637],[-9.83117,53.310356],[-9.840039,53.313901]]],[[[-9.807344,53.151841],[-9.823675,53.145911],[-9.829932,53.138477],[-9.795507,53.133113],[-9.791161,53.130441],[-9.779152,53.129477],[-9.757,53.121237],[-9.74692,53.121241],[-9.742158,53.116886],[-9.716428,53.112968],[-9.710179,53.107892],[-9.703594,53.106653],[-9.696312,53.108424],[-9.684616,53.104669],[-9.679145,53.100163],[-9.664418,53.095115],[-9.663029,53.092118],[-9.654195,53.089192],[-9.639841,53.088877],[-9.636473,53.096245],[-9.629451,53.105852],[-9.640598,53.104527],[-9.647422,53.099928],[-9.653562,53.101867],[-9.649542,53.107748],[-9.655037,53.109483],[-9.662745,53.105039],[-9.673705,53.117911],[-9.667351,53.119823],[-9.660801,53.125693],[-9.654532,53.126084],[-9.653755,53.130672],[-9.660156,53.132801],[-9.669573,53.131029],[-9.675525,53.13411],[-9.685024,53.13302],[-9.687845,53.138436],[-9.699178,53.138548],[-9.703279,53.141613],[-9.710257,53.141516],[-9.71176,53.137791],[-9.728287,53.13842],[-9.735626,53.137535],[-9.751596,53.131394],[-9.755508,53.142911],[-9.759839,53.147883],[-9.779952,53.148906],[-9.781874,53.151619],[-9.807344,53.151841]]],[[[-9.731168,53.249793],[-9.742943,53.240246],[-9.746346,53.232449],[-9.755186,53.234063],[-9.75719,53.227209],[-9.74534,53.230569],[-9.736547,53.228454],[-9.732646,53.23221],[-9.721222,53.227874],[-9.71838,53.229056],[-9.72415,53.237638],[-9.718631,53.245586],[-9.731168,53.249793]]],[[[-9.751598,53.258862],[-9.751831,53.264017],[-9.760834,53.263737],[-9.757472,53.258559],[-9.751598,53.258862]]],[[[-9.748972,53.244396],[-9.758209,53.243447],[-9.759161,53.239624],[-9.75044,53.238635],[-9.748972,53.244396]]],[[[-9.748238,53.262645],[-9.75029,53.258954],[-9.747834,53.250002],[-9.737501,53.250523],[-9.741252,53.259691],[-9.748238,53.262645]]],[[[-9.659167,53.284217],[-9.675371,53.279316],[-9.682942,53.275201],[-9.681453,53.270771],[-9.694604,53.270156],[-9.707506,53.265656],[-9.713863,53.266823],[-9.724011,53.263405],[-9.717112,53.253724],[-9.709538,53.254086],[-9.702988,53.250348],[-9.717278,53.244895],[-9.711413,53.234519],[-9.698589,53.226297],[-9.693259,53.228828],[-9.683354,53.227498],[-9.676173,53.224371],[-9.666399,53.223778],[-9.649821,53.228691],[-9.649445,53.233256],[-9.643317,53.239103],[-9.642859,53.25509],[-9.644129,53.263577],[-9.651899,53.266094],[-9.656816,53.271488],[-9.65015,53.272884],[-9.648636,53.277725],[-9.659167,53.284217]]],[[[-9.716562,53.284531],[-9.722244,53.282418],[-9.72151,53.276858],[-9.713264,53.272747],[-9.703618,53.27945],[-9.714205,53.281626],[-9.716562,53.284531]]],[[[-9.679834,53.308599],[-9.685726,53.309776],[-9.708469,53.301906],[-9.711918,53.29731],[-9.705861,53.293954],[-9.691396,53.29122],[-9.691627,53.287906],[-9.706686,53.285869],[-9.694233,53.282754],[-9.686673,53.286393],[-9.676148,53.28823],[-9.673312,53.286177],[-9.660918,53.289397],[-9.650615,53.288369],[-9.648944,53.291653],[-9.636792,53.295502],[-9.631454,53.299025],[-9.644825,53.304191],[-9.658926,53.301899],[-9.662799,53.305418],[-9.679834,53.308599]]],[[[-9.682488,53.323732],[-9.683696,53.315568],[-9.661003,53.317601],[-9.662324,53.321528],[-9.669315,53.322455],[-9.680848,53.320261],[-9.682488,53.323732]]],[[[-9.650582,53.352744],[-9.657455,53.356432],[-9.663948,53.34982],[-9.650582,53.352744]]],[[[-9.635165,53.320343],[-9.648361,53.317076],[-9.651133,53.311405],[-9.642018,53.312019],[-9.625593,53.308592],[-9.629705,53.317556],[-9.635165,53.320343]]],[[[-9.579012,53.102316],[-9.581359,53.098529],[-9.59137,53.100306],[-9.600471,53.095065],[-9.59783,53.092896],[-9.611322,53.085467],[-9.617174,53.079174],[-9.615341,53.075303],[-9.620464,53.068028],[-9.617115,53.065372],[-9.607242,53.064977],[-9.579664,53.07126],[-9.576022,53.073086],[-9.575075,53.079599],[-9.562302,53.087556],[-9.565471,53.098401],[-9.570348,53.101218],[-9.579012,53.102316]]],[[[-9.618041,53.284837],[-9.62435,53.284236],[-9.62491,53.279856],[-9.616335,53.278507],[-9.618041,53.284837]]],[[[-9.590823,53.338451],[-9.584614,53.345485],[-9.595905,53.346965],[-9.590823,53.338451]]],[[[-9.523314,53.067918],[-9.529362,53.068909],[-9.542354,53.065414],[-9.55616,53.049695],[-9.541806,53.049193],[-9.538173,53.046514],[-9.525793,53.045425],[-9.516754,53.049423],[-9.501739,53.05947],[-9.503749,53.062821],[-9.523314,53.067918]]],[[[-9.034331,53.215644],[-9.027322,53.215923],[-9.020801,53.221336],[-9.025473,53.224847],[-9.039279,53.22071],[-9.034331,53.215644]]],[[[-9.008234,53.223876],[-9.01639,53.222899],[-9.016533,53.217986],[-9.007392,53.220308],[-9.008234,53.223876]]]]},"properties":{"name":"Galway","code":"G"}},
{"type":"Feature","geometry":{"type":"Polygon","coordinates":[[[-8.177439,54.464753],[-8.196936,54.467681],[-8.213791,54.47218],[-8.220978,54.472927],[-8.230433,54.470805],[-8.233786,54.462496],[-8.237028,54.461017],[-8.254646,54.462074],[-8.259946,54.459061],[-8.27064,54.459786],[-8.281851,54.464552],[-8.287809,54.462616],[-8.299755,54.463975],[-8.305783,54.471118],[-8.312939,54.474343],[-8.321755,54.473463],[-8.331301,54.473339],[-8.333942,54.470797],[-8.344698,54.471839],[-8.357641,54.467458],[-8.372366,54.467709],[-8.381139,54.464267],[-8.378727,54.451573],[-8.40185,54.445875],[-8.409425,54.440054],[-8.408313,54.430713],[-8.419562,54.426765],[-8.427649,54.421093],[-8.419836,54.414939],[-8.41361,54.414373],[-8.394755,54.418461],[-8.392817,54.420374],[-8.398115,54.427144],[-8.390767,54.428252],[-8.379284,54.426508],[-8.374273,54.423363],[-8.364126,54.421935],[-8.353483,54.424154],[-8.344409,54.421308],[-8.349838,54.415143],[-8.346287,54.412215],[-8.349827,54.403708],[-8.359101,54.396392],[-8.360318,54.38725],[-8.366641,54.374579],[-8.365052,54.371999],[-8.386936,54.361502],[-8.399445,54.359995],[-8.391776,54.3501],[-8.392679,54.343165],[-8.391005,54.334403],[-8.386136,54.328843],[-8.389081,54.320425],[-8.375911,54.313867],[-8.362603,54.314288],[-8.355168,54.312168],[-8.354338,54.307588],[-8.348707,54.305002],[-8.346288,54.29881],[-8.343605,54.28017],[-8.346729,54.274403],[-8.341564,54.251523],[-8.334389,54.24848],[-8.337825,54.227224],[-8.34076,54.223523],[-8.33445,54.216334],[-8.340178,54.202844],[-8.347671,54.200214],[-8.333615,54.196867],[-8.332301,54.191705],[-8.316755,54.188833],[-8.318102,54.18405],[-8.330586,54.175035],[-8.321,54.174087],[-8.31368,54.167124],[-8.303456,54.167094],[-8.28134,54.152621],[-8.260829,54.153185],[-8.260298,54.156977],[-8.251203,54.15927],[-8.238367,54.155005],[-8.227445,54.154753],[-8.217303,54.145224],[-8.215961,54.140417],[-8.203053,54.134036],[-8.195768,54.133496],[-8.183669,54.122994],[-8.181578,54.121798],[-8.180586,54.117818],[-8.172342,54.111707],[-8.16351,54.108982],[-8.153885,54.115753],[-8.14831,54.124308],[-8.14067,54.123833],[-8.134738,54.119815],[-8.124155,54.11847],[-8.111044,54.114289],[-8.105524,54.108928],[-8.07235,54.104503],[-8.053147,54.104686],[-8.056971,54.07828],[-8.047567,54.071588],[-8.054519,54.066968],[-8.060354,54.058221],[-8.070458,54.051257],[-8.078501,54.05115],[-8.091507,54.033793],[-8.091178,54.026132],[-8.087958,54.022376],[-8.084621,54.010137],[-8.079905,54.009185],[-8.076587,53.998527],[-8.079594,53.993285],[-8.07011,53.988939],[-8.072146,53.980823],[-8.080288,53.975449],[-8.088526,53.976635],[-8.094562,53.969336],[-8.095121,53.964949],[-8.102782,53.962992],[-8.115278,53.954024],[-8.100803,53.948966],[-8.100945,53.943481],[-8.091021,53.941855],[-8.084399,53.942715],[-8.081576,53.938867],[-8.085592,53.934011],[-8.092894,53.931693],[-8.085217,53.923051],[-8.073086,53.923729],[-8.073982,53.918603],[-8.068404,53.917398],[-8.064139,53.911054],[-8.059554,53.909757],[-8.049018,53.912538],[-8.029784,53.922367],[-8.026391,53.927346],[-8.031581,53.9331],[-8.0249,53.935904],[-8.013338,53.934012],[-8.012861,53.926788],[-8.005158,53.919739],[-7.993895,53.921442],[-7.989354,53.91573],[-7.993727,53.904145],[-7.98854,53.896595],[-7.977299,53.888064],[-7.981583,53.884448],[-7.977537,53.875591],[-7.98121,53.869847],[-7.976554,53.865687],[-7.961616,53.866967],[-7.953459,53.858111],[-7.94679,53.855068],[-7.940374,53.847542],[-7.928581,53.85047],[-7.918746,53.837515],[-7.918767,53.821485],[-7.91175,53.821351],[-7.896949,53.824016],[-7.888594,53.823758],[-7.875545,53.815326],[-7.870515,53.813932],[-7.876441,53.808446],[-7.868407,53.805967],[-7.861116,53.812447],[-7.863914,53.825667],[-7.854736,53.831546],[-7.846392,53.818491],[-7.837105,53.810831],[-7.828346,53.811561],[-7.810916,53.820378],[-7.803111,53.815161],[-7.788281,53.816363],[-7.787659,53.823123],[-7.780247,53.828912],[-7.782147,53.837252],[-7.771941,53.846026],[-7.776822,53.867579],[-7.766984,53.867106],[-7.759196,53.86454],[-7.754517,53.869138],[-7.75816,53.873635],[-7.750576,53.875527],[-7.751166,53.879247],[-7.737751,53.876182],[-7.728175,53.881442],[-7.726252,53.888183],[-7.713366,53.890912],[-7.712269,53.899143],[-7.701379,53.901144],[-7.698834,53.904687],[-7.690615,53.905871],[-7.692594,53.916251],[-7.691103,53.918463],[-7.676629,53.917379],[-7.667369,53.921412],[-7.668213,53.928239],[-7.660729,53.929318],[-7.657674,53.937388],[-7.646728,53.941553],[-7.644132,53.937924],[-7.634527,53.939413],[-7.619758,53.935386],[-7.610287,53.938364],[-7.61343,53.940384],[-7.60353,53.950698],[-7.587256,53.957566],[-7.586079,53.96232],[-7.593843,53.9664],[-7.592628,53.970253],[-7.585507,53.972647],[-7.585055,53.980889],[-7.599833,53.985805],[-7.600075,53.990141],[-7.59336,53.997087],[-7.595383,54.005645],[-7.601196,54.012735],[-7.594575,54.015065],[-7.601033,54.023291],[-7.61408,54.025296],[-7.612606,54.018884],[-7.620664,54.018698],[-7.63568,54.023055],[-7.640434,54.022506],[-7.646389,54.03319],[-7.637556,54.03912],[-7.637953,54.04291],[-7.654914,54.042771],[-7.65416,54.048791],[-7.657654,54.056384],[-7.67079,54.056232],[-7.676132,54.059645],[-7.684933,54.060219],[-7.687472,54.068092],[-7.698566,54.072308],[-7.702252,54.078759],[-7.708725,54.084147],[-7.721143,54.084843],[-7.729782,54.082433],[-7.736592,54.082926],[-7.735905,54.088964],[-7.738695,54.094495],[-7.750511,54.095081],[-7.751255,54.1005],[-7.75646,54.106329],[-7.765483,54.109244],[-7.770556,54.107112],[-7.788415,54.108378],[-7.7964,54.116804],[-7.814124,54.107829],[-7.811621,54.101672],[-7.822281,54.09646],[-7.847214,54.106872],[-7.858886,54.11329],[-7.850828,54.11758],[-7.861279,54.122532],[-7.875866,54.124449],[-7.882814,54.129303],[-7.881634,54.131847],[-7.891897,54.136748],[-7.888379,54.141794],[-7.901076,54.147944],[-7.90513,54.153882],[-7.912312,54.154581],[-7.916598,54.161221],[-7.923402,54.162029],[-7.926409,54.166813],[-7.94388,54.170815],[-7.952979,54.178899],[-7.968888,54.177071],[-7.989599,54.180226],[-7.999898,54.185553],[-8.005303,54.192279],[-8.01388,54.188075],[-8.035363,54.187648],[-8.042267,54.183112],[-8.047997,54.187111],[-8.046354,54.193856],[-8.050881,54.19633],[-8.045418,54.203242],[-8.036716,54.205488],[-8.033359,54.208807],[-8.039052,54.222259],[-8.043852,54.222137],[-8.049107,54.230952],[-8.058232,54.236214],[-8.054888,54.240828],[-8.041175,54.254004],[-8.031141,54.251441],[-8.00992,54.24835],[-8.003772,54.249339],[-7.991478,54.257546],[-7.985498,54.265795],[-7.974032,54.273974],[-7.97247,54.284413],[-7.957535,54.294295],[-7.946577,54.304289],[-7.961716,54.312502],[-7.963365,54.320509],[-7.972144,54.330873],[-7.982586,54.336204],[-7.986436,54.344195],[-7.999471,54.347175],[-8.001275,54.350582],[-7.99753,54.355701],[-8.007569,54.361277],[-8.018277,54.356717],[-8.02579,54.359948],[-8.0313,54.3567],[-8.039485,54.36263],[-8.047182,54.362745],[-8.049768,54.366096],[-8.057396,54.365755],[-8.058255,54.371067],[-8.073667,54.384789],[-8.078648,54.392159],[-8.083407,54.39462],[-8.097341,54.406489],[-8.153852,54.437099],[-8.161877,54.442033],[-8.150221,54.444564],[-8.142848,54.45045],[-8.149205,54.453966],[-8.167416,54.459272],[-8.170033,54.464544],[-8.177439,54.464753]]]},"properties":{"name":"Leitrim","code":"LM"}},
{"type":"Feature","geometry":{"type":"MultiPolygon","coordinates":[[[[-9.965158,54.023466],[-9.971,54.029043],[-9.97799,54.027875],[-9.977496,54.023016],[-9.986459,54.016493],[-9.988077,54.012273],[-9.996861,54.013],[-10.001932,54.016152],[-10.027147,54.011593],[-10.041101,54.02272],[-10.047667,54.025532],[-10.065985,54.024862],[-10.073643,54.022832],[-10.08517,54.016906],[-10.090334,54.010761],[-10.098309,54.009491],[-10.099614,54.001308],[-10.112294,54.000755],[-10.11685,54.002785],[-10.126647,54.001942],[-10.133411,53.999109],[-10.144119,54.001951],[-10.145132,54.008624],[-10.155822,54.009751],[-10.17137,54.00737],[-10.185121,54.013754],[-10.191296,54.006493],[-10.185181,54.002254],[-10.189767,53.993804],[-10.211855,53.980823],[-10.219443,53.982548],[-10.23319,53.981037],[-10.23581,53.97612],[-10.222407,53.974357],[-10.212441,53.965635],[-10.204578,53.965201],[-10.198358,53.962007],[-10.187921,53.969861],[-10.183474,53.96851],[-10.154081,53.966236],[-10.145608,53.969566],[-10.140853,53.96853],[-10.129672,53.973903],[-10.12387,53.972891],[-10.116293,53.960744],[-10.109356,53.966226],[-10.099491,53.964085],[-10.089915,53.96824],[-10.086035,53.971951],[-10.078725,53.973434],[-10.068968,53.97239],[-10.050675,53.964086],[-10.044881,53.956855],[-10.052274,53.953655],[-10.048359,53.949743],[-10.049838,53.944396],[-10.055333,53.93927],[-10.052935,53.927508],[-10.053231,53.916749],[-10.038176,53.914205],[-10.026693,53.921609],[-10.017607,53.920322],[-10.016089,53.91194],[-10.004051,53.907756],[-9.99789,53.907162],[-9.993147,53.901413],[-10.001767,53.897032],[-9.993818,53.893834],[-9.992111,53.889459],[-9.977674,53.883639],[-9.962531,53.874399],[-9.952183,53.875591],[-9.944042,53.882922],[-9.943435,53.887866],[-9.938539,53.892184],[-9.93664,53.898674],[-9.941665,53.908839],[-9.94557,53.910453],[-9.957837,53.910072],[-9.946232,53.916538],[-9.939944,53.913638],[-9.933598,53.918221],[-9.940955,53.922184],[-9.932035,53.924266],[-9.925012,53.928182],[-9.928888,53.931321],[-9.937794,53.930586],[-9.93953,53.935608],[-9.925119,53.940002],[-9.923973,53.942517],[-9.927459,53.953808],[-9.914934,53.962055],[-9.927535,53.962077],[-9.938635,53.964032],[-9.939644,53.960575],[-9.94929,53.95836],[-9.956538,53.953162],[-9.959458,53.958212],[-9.953046,53.9615],[-9.95163,53.965554],[-9.955357,53.977841],[-9.94993,53.982201],[-9.958694,53.988694],[-9.946255,53.991623],[-9.941367,53.99046],[-9.930218,53.998023],[-9.939994,54.002354],[-9.937613,54.006439],[-9.954056,54.017117],[-9.960577,54.018416],[-9.965158,54.023466]]],[[[-10.206032,54.120951],[-10.211181,54.12429],[-10.22546,54.115292],[-10.233812,54.111802],[-10.224909,54.108453],[-10.216941,54.114739],[-10.205214,54.114983],[-10.206032,54.120951]]],[[[-10.201882,54.147406],[-10.200623,54.141803],[-10.208797,54.138791],[-10.210762,54.13323],[-10.207985,54.125612],[-10.202715,54.124622],[-10.198197,54.130358],[-10.190491,54.131271],[-10.183792,54.135647],[-10.201882,54.147406]]],[[[-10.167939,54.0781],[-10.179686,54.073774],[-10.175755,54.070718],[-10.164874,54.071756],[-10.161666,54.076098],[-10.167939,54.0781]]],[[[-10.092643,53.715002],[-10.105062,53.709687],[-10.119984,53.712596],[-10.126006,53.711405],[-10.123882,53.705229],[-10.135199,53.702151],[-10.137529,53.691665],[-10.1302,53.690314],[-10.108604,53.694639],[-10.091468,53.697079],[-10.088578,53.699562],[-10.092426,53.704232],[-10.081266,53.710263],[-10.092643,53.715002]]],[[[-9.132258,54.162363],[-9.141112,54.162067],[-9.139515,54.169102],[-9.146214,54.176342],[-9.144031,54.182722],[-9.146871,54.185742],[-9.156058,54.18693],[-9.164725,54.190318],[-9.15705,54.195837],[-9.161098,54.202018],[-9.173059,54.201387],[-9.175055,54.205362],[-9.182628,54.208475],[-9.194959,54.209062],[-9.218687,54.212268],[-9.213119,54.220715],[-9.198004,54.229242],[-9.193205,54.23678],[-9.192851,54.243029],[-9.197742,54.246985],[-9.215995,54.245356],[-9.221317,54.238301],[-9.233442,54.233772],[-9.234071,54.239957],[-9.219599,54.24596],[-9.214089,54.253291],[-9.21488,54.263894],[-9.206554,54.275802],[-9.210072,54.282849],[-9.215472,54.288056],[-9.221273,54.286315],[-9.22757,54.278868],[-9.241342,54.276603],[-9.244825,54.270287],[-9.253547,54.27133],[-9.25657,54.275766],[-9.255265,54.281712],[-9.248481,54.295587],[-9.251388,54.301273],[-9.264071,54.309842],[-9.280745,54.311893],[-9.291113,54.311973],[-9.304291,54.316074],[-9.323008,54.317469],[-9.336038,54.321602],[-9.340335,54.326631],[-9.348989,54.326648],[-9.345763,54.319391],[-9.351376,54.317391],[-9.372387,54.306407],[-9.376623,54.296041],[-9.386978,54.295736],[-9.390599,54.307691],[-9.400315,54.310224],[-9.406605,54.308748],[-9.424879,54.311402],[-9.434656,54.309729],[-9.446339,54.310586],[-9.452749,54.30687],[-9.464178,54.309943],[-9.479491,54.317121],[-9.490451,54.315733],[-9.498721,54.318238],[-9.509709,54.310206],[-9.529951,54.309995],[-9.533486,54.317921],[-9.546304,54.316551],[-9.549825,54.311992],[-9.561858,54.313267],[-9.563342,54.318309],[-9.569155,54.321789],[-9.579831,54.319764],[-9.599164,54.323965],[-9.612472,54.321331],[-9.617929,54.325974],[-9.631434,54.323344],[-9.637109,54.320438],[-9.643022,54.323706],[-9.647973,54.317953],[-9.656162,54.316677],[-9.660187,54.313078],[-9.669812,54.318562],[-9.678896,54.316496],[-9.688035,54.316748],[-9.714134,54.324182],[-9.724793,54.327923],[-9.730143,54.326512],[-9.741608,54.32728],[-9.747516,54.331951],[-9.748277,54.336326],[-9.757744,54.338501],[-9.770158,54.334905],[-9.786312,54.341745],[-9.792552,54.338381],[-9.801758,54.342352],[-9.810995,54.341673],[-9.819019,54.338295],[-9.820222,54.335198],[-9.84014,54.325338],[-9.859084,54.323045],[-9.860399,54.31784],[-9.853804,54.307984],[-9.857013,54.303548],[-9.833162,54.299759],[-9.818515,54.291444],[-9.796465,54.29811],[-9.789701,54.296217],[-9.77922,54.290105],[-9.786098,54.28617],[-9.796181,54.294125],[-9.803615,54.293507],[-9.808173,54.286705],[-9.802666,54.282509],[-9.804136,54.277906],[-9.785705,54.2704],[-9.771591,54.268399],[-9.757141,54.261276],[-9.750545,54.255431],[-9.764915,54.255991],[-9.778662,54.264317],[-9.794603,54.266138],[-9.803719,54.26973],[-9.804593,54.274161],[-9.811709,54.283046],[-9.816501,54.284283],[-9.832337,54.280272],[-9.841311,54.280938],[-9.845115,54.27753],[-9.856428,54.274398],[-9.868588,54.272902],[-9.866418,54.268469],[-9.872764,54.263716],[-9.871061,54.258281],[-9.879757,54.256597],[-9.873521,54.251762],[-9.880656,54.245684],[-9.866957,54.235036],[-9.86057,54.227548],[-9.852673,54.227349],[-9.84921,54.223124],[-9.867406,54.22563],[-9.867222,54.229577],[-9.881955,54.233669],[-9.892201,54.230401],[-9.877329,54.226733],[-9.874501,54.222094],[-9.876105,54.217701],[-9.886607,54.216829],[-9.89783,54.213373],[-9.913021,54.212415],[-9.931325,54.213253],[-9.947322,54.212605],[-9.974827,54.219524],[-9.9605,54.224788],[-9.952563,54.220104],[-9.946588,54.227376],[-9.93634,54.224965],[-9.932064,54.226892],[-9.915306,54.227315],[-9.923288,54.233743],[-9.919098,54.236495],[-9.908138,54.238888],[-9.89797,54.244815],[-9.89715,54.250777],[-9.891376,54.254664],[-9.898687,54.263481],[-9.910615,54.261671],[-9.918731,54.262775],[-9.919243,54.270147],[-9.927049,54.266199],[-9.926697,54.257366],[-9.931308,54.249145],[-9.935784,54.25253],[-9.933272,54.258324],[-9.935563,54.262371],[-9.929406,54.266504],[-9.93483,54.268672],[-9.962778,54.272288],[-9.962489,54.279371],[-9.970308,54.280727],[-9.974505,54.289223],[-9.985452,54.289527],[-9.99086,54.294738],[-9.989411,54.299837],[-9.99706,54.305798],[-10.004826,54.300215],[-10.009273,54.291649],[-10.019954,54.293258],[-10.035252,54.281983],[-10.04739,54.285383],[-10.051317,54.283435],[-10.049193,54.278417],[-10.069628,54.276651],[-10.070297,54.271526],[-10.076109,54.269304],[-10.075895,54.264827],[-10.080517,54.261069],[-10.084799,54.25143],[-10.096409,54.249622],[-10.09258,54.24597],[-10.081747,54.2473],[-10.074533,54.246128],[-10.07004,54.238248],[-10.079061,54.239037],[-10.087705,54.242786],[-10.107476,54.243641],[-10.102903,54.239079],[-10.081742,54.231969],[-10.071042,54.229709],[-10.065611,54.231723],[-10.055883,54.227935],[-10.05507,54.218558],[-10.063843,54.208847],[-10.069902,54.210889],[-10.083034,54.209356],[-10.085471,54.204919],[-10.096368,54.198987],[-10.086318,54.184412],[-10.087891,54.177365],[-10.093244,54.170907],[-10.093058,54.167194],[-10.098926,54.157875],[-10.108545,54.148028],[-10.118268,54.145747],[-10.117709,54.142161],[-10.123654,54.134277],[-10.125459,54.125656],[-10.121743,54.113196],[-10.132839,54.107787],[-10.124528,54.098609],[-10.119452,54.095984],[-10.112223,54.096531],[-10.094249,54.08752],[-10.078967,54.086971],[-10.070096,54.090495],[-10.064061,54.097062],[-10.068778,54.101181],[-10.074297,54.111598],[-10.092715,54.112937],[-10.091533,54.121006],[-10.087413,54.126584],[-10.075423,54.128414],[-10.074745,54.122121],[-10.065452,54.124085],[-10.069743,54.12881],[-10.070694,54.135666],[-10.075339,54.136612],[-10.069302,54.143618],[-10.055616,54.144467],[-10.062876,54.150632],[-10.089443,54.153923],[-10.093691,54.156711],[-10.087807,54.161906],[-10.076083,54.162063],[-10.062347,54.170652],[-10.054866,54.171158],[-10.044359,54.169154],[-10.046726,54.160691],[-10.038258,54.162171],[-10.041909,54.166343],[-10.035753,54.176764],[-10.040645,54.180297],[-10.041265,54.185876],[-10.05084,54.189836],[-10.037316,54.193207],[-10.024643,54.190342],[-10.015729,54.185868],[-10.008651,54.193854],[-10.003153,54.194877],[-10.008561,54.205241],[-10.024484,54.211123],[-10.020308,54.214735],[-10.008074,54.212974],[-10.003155,54.217208],[-10.013545,54.225203],[-10.002474,54.224655],[-9.992284,54.227628],[-9.991297,54.218591],[-9.985716,54.212649],[-9.972166,54.207589],[-9.955753,54.196775],[-9.945616,54.198872],[-9.932591,54.194044],[-9.937898,54.186528],[-9.934492,54.18277],[-9.942655,54.176168],[-9.954154,54.172699],[-9.967072,54.177835],[-9.970601,54.182505],[-9.985244,54.182246],[-9.981637,54.177533],[-9.971913,54.17854],[-9.961559,54.1756],[-9.953604,54.171224],[-9.944422,54.163541],[-9.943306,54.157037],[-9.93234,54.157221],[-9.923592,54.1537],[-9.924534,54.148592],[-9.932014,54.14647],[-9.942228,54.151304],[-9.958296,54.151761],[-9.954645,54.147517],[-9.959447,54.142877],[-9.949909,54.140481],[-9.942939,54.134979],[-9.938123,54.128177],[-9.930911,54.126183],[-9.925475,54.135105],[-9.917796,54.1338],[-9.912023,54.129343],[-9.910797,54.125074],[-9.898918,54.118842],[-9.912372,54.116857],[-9.918093,54.119847],[-9.928496,54.120505],[-9.937138,54.112723],[-9.946069,54.111156],[-9.954784,54.10705],[-9.964201,54.108905],[-9.975259,54.105023],[-9.981068,54.106379],[-9.991682,54.102756],[-9.975999,54.095847],[-9.975106,54.092008],[-9.968219,54.086002],[-9.963152,54.073171],[-9.969656,54.066864],[-9.968026,54.061596],[-9.953606,54.063198],[-9.95026,54.066375],[-9.9418,54.065647],[-9.930374,54.060981],[-9.924183,54.066031],[-9.910647,54.067134],[-9.893187,54.072204],[-9.895094,54.07798],[-9.891558,54.083258],[-9.900297,54.090645],[-9.900524,54.096722],[-9.888995,54.097102],[-9.885865,54.093412],[-9.878593,54.093456],[-9.874566,54.097356],[-9.871636,54.105007],[-9.863324,54.112127],[-9.855183,54.112408],[-9.839475,54.10981],[-9.84017,54.107619],[-9.859497,54.106805],[-9.852625,54.103391],[-9.844315,54.095271],[-9.83733,54.092539],[-9.847519,54.086525],[-9.860188,54.087367],[-9.870839,54.082364],[-9.866781,54.079009],[-9.867884,54.07313],[-9.856136,54.063867],[-9.866088,54.061851],[-9.861921,54.056305],[-9.873366,54.055812],[-9.883955,54.067062],[-9.89115,54.062707],[-9.889516,54.056046],[-9.892425,54.05053],[-9.906324,54.043101],[-9.907483,54.037198],[-9.90009,54.033071],[-9.894584,54.016872],[-9.882054,54.019474],[-9.873123,54.018897],[-9.881621,54.01138],[-9.872849,54.005851],[-9.863008,54.004567],[-9.855834,54.001499],[-9.847886,54.006006],[-9.832093,53.99127],[-9.844424,53.994912],[-9.849304,53.993238],[-9.847752,53.983636],[-9.849938,53.978679],[-9.846809,53.973655],[-9.851502,53.966963],[-9.8402,53.962231],[-9.831698,53.96826],[-9.822166,53.966919],[-9.811223,53.963059],[-9.806796,53.965038],[-9.805651,53.970237],[-9.800063,53.971033],[-9.800673,53.961704],[-9.792919,53.955897],[-9.797265,53.950408],[-9.791652,53.946179],[-9.794539,53.941814],[-9.791839,53.937785],[-9.794752,53.925031],[-9.794016,53.91374],[-9.805181,53.913535],[-9.808793,53.923824],[-9.815753,53.931102],[-9.800036,53.928353],[-9.800732,53.938535],[-9.797671,53.946149],[-9.80229,53.950717],[-9.810223,53.94955],[-9.817219,53.945609],[-9.827835,53.948818],[-9.838939,53.958728],[-9.855185,53.957284],[-9.870721,53.958313],[-9.876268,53.955685],[-9.885173,53.957902],[-9.886172,53.953003],[-9.897391,53.954834],[-9.904915,53.951455],[-9.906148,53.943478],[-9.917735,53.939675],[-9.91955,53.932505],[-9.900431,53.934],[-9.915027,53.921442],[-9.915311,53.917708],[-9.9298,53.912839],[-9.930851,53.90521],[-9.927235,53.896398],[-9.922949,53.891801],[-9.924677,53.886435],[-9.932274,53.881827],[-9.938272,53.871501],[-9.91644,53.868871],[-9.905436,53.862107],[-9.896915,53.865825],[-9.889822,53.866396],[-9.87807,53.864644],[-9.855369,53.868322],[-9.844928,53.871554],[-9.833083,53.872876],[-9.820173,53.87617],[-9.802345,53.885354],[-9.793098,53.896046],[-9.784985,53.897434],[-9.782591,53.904995],[-9.776259,53.904885],[-9.770594,53.90047],[-9.756964,53.898019],[-9.744517,53.89129],[-9.740508,53.902011],[-9.732977,53.89892],[-9.72373,53.899025],[-9.719004,53.895631],[-9.712706,53.899869],[-9.705313,53.900735],[-9.69795,53.897896],[-9.689219,53.899948],[-9.683168,53.897606],[-9.665788,53.894694],[-9.654427,53.897867],[-9.650678,53.893574],[-9.658887,53.890594],[-9.650056,53.886769],[-9.638889,53.895728],[-9.630537,53.889246],[-9.620035,53.894228],[-9.615166,53.893867],[-9.613492,53.888143],[-9.593615,53.89647],[-9.586337,53.89331],[-9.569165,53.893016],[-9.567696,53.889636],[-9.577895,53.88749],[-9.567598,53.881554],[-9.576742,53.879629],[-9.574855,53.873492],[-9.586218,53.869757],[-9.585831,53.866901],[-9.574008,53.866722],[-9.575804,53.861681],[-9.566744,53.855065],[-9.567575,53.851174],[-9.588873,53.856195],[-9.597092,53.852303],[-9.57483,53.846952],[-9.590036,53.845828],[-9.599149,53.848251],[-9.617405,53.844916],[-9.613059,53.836515],[-9.621012,53.833148],[-9.618952,53.828369],[-9.61136,53.823396],[-9.618377,53.821494],[-9.622924,53.815237],[-9.617132,53.811464],[-9.593145,53.811701],[-9.59492,53.807849],[-9.575249,53.804014],[-9.566686,53.808558],[-9.549849,53.8057],[-9.553715,53.796666],[-9.566938,53.793071],[-9.569901,53.788592],[-9.582081,53.786632],[-9.587695,53.780957],[-9.602016,53.781718],[-9.590495,53.790556],[-9.595886,53.793444],[-9.599971,53.787031],[-9.609376,53.786452],[-9.607182,53.779737],[-9.620913,53.786174],[-9.639417,53.787586],[-9.640488,53.782243],[-9.657676,53.781637],[-9.661642,53.78716],[-9.668152,53.788686],[-9.678877,53.784473],[-9.696429,53.782066],[-9.699442,53.779635],[-9.718973,53.77593],[-9.730473,53.775712],[-9.740487,53.773753],[-9.76318,53.774418],[-9.770612,53.777258],[-9.770107,53.782029],[-9.781825,53.782469],[-9.803064,53.778544],[-9.810692,53.774062],[-9.826575,53.769428],[-9.834292,53.770604],[-9.865444,53.768211],[-9.882132,53.763615],[-9.901556,53.764311],[-9.906184,53.760336],[-9.90632,53.754595],[-9.899433,53.750742],[-9.89836,53.743171],[-9.89407,53.737642],[-9.895742,53.730624],[-9.900372,53.722023],[-9.912068,53.711577],[-9.911297,53.703993],[-9.919002,53.688735],[-9.910016,53.682639],[-9.906553,53.676887],[-9.91509,53.664645],[-9.911659,53.653127],[-9.892753,53.649249],[-9.880959,53.648603],[-9.886732,53.644449],[-9.879056,53.641745],[-9.879813,53.633785],[-9.858803,53.628067],[-9.854632,53.6257],[-9.838484,53.623349],[-9.825716,53.617647],[-9.814014,53.615609],[-9.799928,53.608662],[-9.784385,53.602746],[-9.772419,53.601388],[-9.760488,53.603497],[-9.741937,53.602188],[-9.715725,53.604913],[-9.697923,53.60459],[-9.684343,53.608612],[-9.677998,53.613922],[-9.669545,53.612772],[-9.659947,53.610265],[-9.652287,53.602354],[-9.643296,53.600874],[-9.629127,53.605719],[-9.61062,53.606564],[-9.585324,53.599058],[-9.576368,53.600952],[-9.56478,53.612601],[-9.555539,53.608043],[-9.557361,53.601236],[-9.554064,53.594646],[-9.543584,53.581253],[-9.524315,53.580862],[-9.512409,53.576987],[-9.505849,53.571937],[-9.490336,53.568124],[-9.48131,53.562281],[-9.437535,53.56546],[-9.429578,53.563945],[-9.414407,53.565533],[-9.408755,53.568372],[-9.360905,53.573606],[-9.356656,53.567883],[-9.345668,53.563366],[-9.353421,53.551869],[-9.353171,53.54685],[-9.342217,53.541583],[-9.334473,53.539643],[-9.32633,53.540428],[-9.32026,53.550156],[-9.314562,53.5508],[-9.310787,53.555375],[-9.303474,53.555329],[-9.303563,53.549393],[-9.306797,53.545533],[-9.29606,53.544448],[-9.288678,53.545869],[-9.285516,53.531454],[-9.278717,53.525376],[-9.279146,53.515357],[-9.235549,53.49945],[-9.236582,53.480245],[-9.212495,53.478497],[-9.20495,53.472504],[-9.201188,53.475295],[-9.189795,53.475302],[-9.182015,53.471926],[-9.169376,53.479751],[-9.155812,53.482829],[-9.135328,53.477373],[-9.129526,53.482405],[-9.124822,53.481994],[-9.115131,53.494524],[-9.105867,53.492419],[-9.099359,53.493814],[-9.094957,53.502143],[-9.095618,53.510176],[-9.093628,53.514945],[-9.081961,53.521178],[-9.075175,53.522109],[-9.058246,53.527587],[-9.055086,53.535256],[-9.037678,53.5357],[-9.034107,53.539019],[-9.036948,53.542898],[-9.02531,53.55154],[-9.030266,53.557317],[-9.041417,53.56168],[-9.044111,53.576345],[-9.041456,53.580762],[-9.031409,53.579612],[-9.006827,53.584078],[-9.00904,53.591122],[-9.015403,53.598207],[-9.007021,53.59877],[-8.998389,53.602076],[-8.980262,53.604997],[-8.980774,53.60961],[-8.988229,53.618656],[-8.974937,53.62542],[-8.973211,53.632063],[-8.974969,53.64237],[-8.978784,53.644346],[-8.9714,53.655358],[-8.963078,53.653988],[-8.954785,53.655733],[-8.942917,53.661882],[-8.92587,53.6536],[-8.912014,53.643939],[-8.90135,53.642161],[-8.898715,53.647408],[-8.891831,53.652151],[-8.88275,53.652494],[-8.867903,53.656582],[-8.848612,53.652535],[-8.841152,53.654765],[-8.823287,53.664989],[-8.813694,53.669426],[-8.806909,53.674818],[-8.797889,53.68964],[-8.792317,53.695694],[-8.783821,53.691974],[-8.781722,53.691292],[-8.773306,53.689876],[-8.759316,53.690866],[-8.759672,53.696543],[-8.756091,53.700759],[-8.729076,53.706525],[-8.727959,53.709121],[-8.712884,53.712116],[-8.714893,53.722789],[-8.702187,53.724498],[-8.693334,53.723973],[-8.700557,53.733743],[-8.680128,53.753201],[-8.682036,53.757473],[-8.680625,53.764054],[-8.684253,53.766622],[-8.669215,53.772594],[-8.667689,53.776035],[-8.68011,53.779946],[-8.688956,53.789311],[-8.686305,53.792974],[-8.693887,53.798179],[-8.705135,53.797252],[-8.708328,53.801959],[-8.717129,53.802552],[-8.733171,53.806305],[-8.739432,53.809939],[-8.728124,53.815112],[-8.71555,53.817222],[-8.722857,53.824075],[-8.711323,53.831895],[-8.716683,53.834719],[-8.716411,53.840481],[-8.723707,53.847145],[-8.712884,53.846614],[-8.705694,53.850407],[-8.695226,53.852315],[-8.694256,53.86241],[-8.699496,53.863183],[-8.703768,53.874386],[-8.682532,53.873449],[-8.677666,53.877126],[-8.647911,53.86543],[-8.635441,53.868675],[-8.637216,53.877105],[-8.630596,53.877976],[-8.62647,53.886208],[-8.636625,53.889533],[-8.633241,53.899187],[-8.639446,53.901798],[-8.656833,53.90425],[-8.666867,53.908899],[-8.667946,53.911953],[-8.685485,53.91876],[-8.680561,53.923186],[-8.686948,53.924899],[-8.678735,53.943914],[-8.681518,53.947561],[-8.676245,53.950354],[-8.685029,53.954598],[-8.685812,53.958551],[-8.691612,53.961978],[-8.666671,53.974938],[-8.66368,53.970826],[-8.641046,53.962926],[-8.625135,53.959884],[-8.607688,53.955094],[-8.59875,53.950089],[-8.597072,53.955114],[-8.585083,53.953817],[-8.589831,53.965118],[-8.594195,53.966761],[-8.593004,53.976397],[-8.589961,53.979395],[-8.593003,53.992442],[-8.5895,53.998942],[-8.589816,54.005796],[-8.583081,54.012975],[-8.598405,54.016662],[-8.610046,54.021039],[-8.617542,54.0212],[-8.647441,54.033498],[-8.648961,54.038906],[-8.661266,54.036344],[-8.664467,54.031625],[-8.682433,54.029676],[-8.675346,54.018423],[-8.681757,54.011389],[-8.691325,54.00644],[-8.701068,54.005245],[-8.706434,54.000879],[-8.705876,53.996875],[-8.713775,53.987767],[-8.725079,53.987556],[-8.738487,53.994743],[-8.751344,53.982746],[-8.75563,53.98222],[-8.755672,53.975944],[-8.766597,53.976647],[-8.781016,53.974478],[-8.782522,53.966283],[-8.811012,53.965493],[-8.84522,53.972199],[-8.849029,53.970984],[-8.861226,53.980479],[-8.863793,53.989846],[-8.87836,53.989297],[-8.87854,53.995843],[-8.88885,54.007185],[-8.882999,54.021077],[-8.895263,54.022055],[-8.899038,54.019078],[-8.911475,54.016148],[-8.908668,54.013755],[-8.923834,54.008858],[-8.94212,54.009653],[-8.946698,54.016171],[-8.954868,54.02169],[-8.96496,54.025757],[-8.977487,54.024225],[-8.986634,54.026319],[-8.995544,54.0236],[-8.999246,54.025428],[-9.011255,54.023985],[-9.011244,54.031732],[-9.016052,54.03377],[-9.014237,54.052415],[-9.006102,54.057972],[-8.992089,54.06168],[-8.983201,54.068302],[-8.973686,54.072109],[-8.965474,54.073194],[-8.966467,54.080318],[-8.970213,54.085954],[-8.955256,54.089366],[-8.959996,54.102309],[-8.952422,54.105012],[-8.935386,54.106133],[-8.92357,54.111654],[-8.916954,54.118042],[-8.923931,54.125419],[-8.932395,54.125617],[-8.937872,54.128349],[-8.947088,54.136587],[-8.941354,54.138264],[-8.936833,54.143063],[-8.954142,54.14481],[-8.964602,54.148333],[-8.99272,54.149581],[-9.01371,54.155144],[-9.026415,54.160908],[-9.033554,54.152871],[-9.041082,54.157174],[-9.052525,54.156817],[-9.052792,54.151131],[-9.056684,54.146565],[-9.066018,54.145192],[-9.084401,54.145973],[-9.089859,54.142966],[-9.10465,54.144004],[-9.10308,54.14931],[-9.121309,54.155356],[-9.124003,54.159162],[-9.132258,54.162363]]],[[[-9.977519,53.827696],[-9.983992,53.827321],[-9.99648,53.816422],[-9.996796,53.814209],[-10.012373,53.811002],[-10.023672,53.810978],[-10.049337,53.801987],[-10.043976,53.797118],[-10.047166,53.792033],[-10.031949,53.789841],[-10.020466,53.79171],[-10.01683,53.789461],[-9.999562,53.791171],[-9.985523,53.790899],[-9.952316,53.797385],[-9.953067,53.801009],[-9.943938,53.808075],[-9.948122,53.811975],[-9.959988,53.812261],[-9.965587,53.814034],[-9.970704,53.822397],[-9.977519,53.827696]]],[[[-10.025717,53.718584],[-10.034205,53.721051],[-10.036286,53.716738],[-10.025854,53.712966],[-10.025717,53.718584]]],[[[-9.964933,53.872936],[-9.962533,53.867102],[-9.953508,53.865731],[-9.956157,53.861424],[-9.947592,53.858021],[-9.94298,53.859381],[-9.943759,53.866848],[-9.949927,53.871428],[-9.964933,53.872936]]],[[[-9.886414,54.002959],[-9.896329,54.00028],[-9.905221,54.001302],[-9.915222,53.999898],[-9.924958,53.995073],[-9.917683,53.988818],[-9.917495,53.985751],[-9.903381,53.98867],[-9.89785,53.992471],[-9.889757,53.994539],[-9.890851,54.00039],[-9.886414,54.002959]]],[[[-9.85699,53.990615],[-9.864884,53.990217],[-9.875384,53.98604],[-9.866331,53.976112],[-9.868919,53.970215],[-9.855451,53.9738],[-9.853264,53.983772],[-9.85699,53.990615]]],[[[-9.827485,53.965728],[-9.828951,53.960567],[-9.813174,53.95437],[-9.817841,53.962253],[-9.827485,53.965728]]],[[[-9.653309,53.844894],[-9.671738,53.839422],[-9.664451,53.837268],[-9.653309,53.844894]]],[[[-9.632809,53.838114],[-9.638492,53.831301],[-9.633294,53.827085],[-9.627788,53.830575],[-9.632809,53.838114]]],[[[-9.173052,54.218111],[-9.192961,54.223602],[-9.195836,54.220804],[-9.177407,54.216383],[-9.162221,54.214344],[-9.154891,54.210315],[-9.146961,54.199608],[-9.140753,54.200519],[-9.143403,54.206848],[-9.150422,54.209785],[-9.158454,54.215944],[-9.173052,54.218111]]]]},"properties":{"name":"Mayo","code":"MO"}},
{"type":"Feature","geometry":{"type":"Polygon","coordinates":[[[-7.918767,53.821485],[-7.918746,53.837515],[-7.928581,53.85047],[-7.940374,53.847542],[-7.94679,53.855068],[-7.953459,53.858111],[-7.961616,53.866967],[-7.976554,53.865687],[-7.98121,53.869847],[-7.977537,53.875591],[-7.981583,53.884448],[-7.977299,53.888064],[-7.98854,53.896595],[-7.993727,53.904145],[-7.989354,53.91573],[-7.993895,53.921442],[-8.005158,53.919739],[-8.012861,53.926788],[-8.013338,53.934012],[-8.0249,53.935904],[-8.031581,53.9331],[-8.026391,53.927346],[-8.029784,53.922367],[-8.049018,53.912538],[-8.059554,53.909757],[-8.064139,53.911054],[-8.068404,53.917398],[-8.073982,53.918603],[-8.073086,53.923729],[-8.085217,53.923051],[-8.092894,53.931693],[-8.085592,53.934011],[-8.081576,53.938867],[-8.084399,53.942715],[-8.091021,53.941855],[-8.100945,53.943481],[-8.100803,53.948966],[-8.115278,53.954024],[-8.102782,53.962992],[-8.095121,53.964949],[-8.094562,53.969336],[-8.088526,53.976635],[-8.080288,53.975449],[-8.072146,53.980823],[-8.07011,53.988939],[-8.079594,53.993285],[-8.076587,53.998527],[-8.079905,54.009185],[-8.084621,54.010137],[-8.087958,54.022376],[-8.091178,54.026132],[-8.091507,54.033793],[-8.078501,54.05115],[-8.070458,54.051257],[-8.060354,54.058221],[-8.054519,54.066968],[-8.047567,54.071588],[-8.056971,54.07828],[-8.053147,54.104686],[-8.07235,54.104503],[-8.105524,54.108928],[-8.111044,54.114289],[-8.124155,54.11847],[-8.134738,54.119815],[-8.14067,54.123833],[-8.14831,54.124308],[-8.153885,54.115753],[-8.16351,54.108982],[-8.155869,54.103959],[-8.166536,54.101353],[-8.176982,54.088395],[-8.184765,54.086073],[-8.194475,54.08754],[-8.204451,54.084894],[-8.217748,54.084447],[-8.21597,54.078367],[-8.2198,54.076962],[-8.214885,54.068468],[-8.218528,54.061552],[-8.239173,54.058292],[-8.236829,54.051982],[-8.23931,54.048701],[-8.234674,54.043422],[-8.238372,54.03964],[-8.246194,54.04119],[-8.254967,54.050327],[-8.263222,54.053291],[-8.265473,54.049768],[-8.27331,54.04905],[-8.274838,54.043138],[-8.286624,54.037686],[-8.289191,54.0429],[-8.294511,54.044769],[-8.302192,54.038124],[-8.307331,54.030833],[-8.3046,54.029124],[-8.311858,54.020414],[-8.30597,54.016612],[-8.309084,54.012264],[-8.317623,54.007653],[-8.315197,54.004607],[-8.346629,53.99933],[-8.366206,54.00459],[-8.37505,54.004365],[-8.375804,53.999571],[-8.388959,53.999003],[-8.391759,53.999259],[-8.39788,54.001641],[-8.400874,53.996655],[-8.392804,53.993354],[-8.384656,53.985591],[-8.387034,53.97318],[-8.39281,53.964857],[-8.398679,53.964433],[-8.410263,53.967183],[-8.422437,53.961986],[-8.404443,53.960461],[-8.406132,53.956658],[-8.377454,53.951862],[-8.377283,53.949448],[-8.360862,53.947993],[-8.357053,53.950441],[-8.346836,53.950931],[-8.349615,53.942301],[-8.342636,53.941555],[-8.33806,53.932901],[-8.333664,53.930501],[-8.336265,53.926238],[-8.364737,53.927417],[-8.371106,53.925511],[-8.384435,53.927271],[-8.395232,53.925434],[-8.405032,53.92677],[-8.43128,53.926853],[-8.448195,53.925576],[-8.450898,53.913508],[-8.469078,53.913009],[-8.477339,53.920917],[-8.488199,53.92148],[-8.501877,53.926121],[-8.509568,53.924824],[-8.519323,53.926636],[-8.523178,53.933932],[-8.519882,53.938006],[-8.521866,53.9444],[-8.526807,53.947274],[-8.530306,53.953212],[-8.536776,53.957546],[-8.551214,53.953134],[-8.567933,53.952289],[-8.585083,53.953817],[-8.597072,53.955114],[-8.59875,53.950089],[-8.607688,53.955094],[-8.625135,53.959884],[-8.641046,53.962926],[-8.66368,53.970826],[-8.666671,53.974938],[-8.691612,53.961978],[-8.685812,53.958551],[-8.685029,53.954598],[-8.676245,53.950354],[-8.681518,53.947561],[-8.678735,53.943914],[-8.686948,53.924899],[-8.680561,53.923186],[-8.685485,53.91876],[-8.667946,53.911953],[-8.666867,53.908899],[-8.656833,53.90425],[-8.639446,53.901798],[-8.633241,53.899187],[-8.636625,53.889533],[-8.62647,53.886208],[-8.630596,53.877976],[-8.637216,53.877105],[-8.635441,53.868675],[-8.647911,53.86543],[-8.677666,53.877126],[-8.682532,53.873449],[-8.703768,53.874386],[-8.699496,53.863183],[-8.694256,53.86241],[-8.695226,53.852315],[-8.705694,53.850407],[-8.712884,53.846614],[-8.723707,53.847145],[-8.716411,53.840481],[-8.716683,53.834719],[-8.711323,53.831895],[-8.722857,53.824075],[-8.71555,53.817222],[-8.728124,53.815112],[-8.739432,53.809939],[-8.733171,53.806305],[-8.717129,53.802552],[-8.708328,53.801959],[-8.705135,53.797252],[-8.693887,53.798179],[-8.686305,53.792974],[-8.688956,53.789311],[-8.68011,53.779946],[-8.667689,53.776035],[-8.669215,53.772594],[-8.684253,53.766622],[-8.680625,53.764054],[-8.682036,53.757473],[-8.680128,53.753201],[-8.700557,53.733743],[-8.693334,53.723973],[-8.702187,53.724498],[-8.714893,53.722789],[-8.712884,53.712116],[-8.727959,53.709121],[-8.729076,53.706525],[-8.756091,53.700759],[-8.759672,53.696543],[-8.759316,53.690866],[-8.773306,53.689876],[-8.781722,53.691292],[-8.783821,53.691974],[-8.792317,53.695694],[-8.797889,53.68964],[-8.806909,53.674818],[-8.813694,53.669426],[-8.823287,53.664989],[-8.800911,53.657299],[-8.785757,53.658719],[-8.77785,53.665177],[-8.761401,53.663893],[-8.755843,53.665882],[-8.748668,53.66216],[-8.739963,53.662611],[-8.729078,53.671215],[-8.723445,53.665056],[-8.713212,53.6659],[-8.693756,53.671465],[-8.673163,53.675184],[-8.65553,53.676927],[-8.650804,53.683045],[-8.640988,53.685792],[-8.645257,53.693982],[-8.633632,53.700727],[-8.63475,53.704192],[-8.619794,53.706046],[-8.61349,53.70509],[-8.604315,53.710495],[-8.581072,53.708644],[-8.581368,53.713962],[-8.573706,53.718911],[-8.559403,53.715891],[-8.550655,53.718709],[-8.533871,53.716306],[-8.51977,53.712272],[-8.48823,53.71577],[-8.46985,53.715496],[-8.461512,53.713033],[-8.446156,53.705115],[-8.448881,53.697871],[-8.457965,53.696789],[-8.444002,53.691479],[-8.447192,53.6877],[-8.438334,53.684389],[-8.436751,53.677567],[-8.429577,53.671543],[-8.415626,53.666671],[-8.398051,53.663191],[-8.381827,53.656852],[-8.376811,53.653235],[-8.368519,53.653296],[-8.363806,53.651731],[-8.362705,53.643182],[-8.366996,53.640263],[-8.377273,53.642727],[-8.383221,53.639841],[-8.393464,53.640192],[-8.399601,53.629573],[-8.386556,53.61918],[-8.381171,53.618196],[-8.380424,53.61143],[-8.383556,53.607473],[-8.378116,53.598716],[-8.367501,53.601065],[-8.360277,53.598191],[-8.354013,53.598786],[-8.352288,53.593573],[-8.337467,53.588086],[-8.342284,53.58302],[-8.342115,53.578642],[-8.333197,53.576822],[-8.314596,53.579122],[-8.307882,53.577964],[-8.301061,53.572453],[-8.288191,53.568423],[-8.282882,53.564402],[-8.288284,53.56188],[-8.296827,53.565904],[-8.304,53.564242],[-8.307516,53.559242],[-8.295941,53.554664],[-8.298487,53.548515],[-8.292241,53.546149],[-8.296748,53.542424],[-8.286322,53.538746],[-8.294292,53.531172],[-8.278373,53.525374],[-8.276626,53.520862],[-8.290631,53.518326],[-8.292993,53.509621],[-8.282424,53.503209],[-8.28097,53.49885],[-8.274843,53.494235],[-8.281227,53.490033],[-8.275332,53.481315],[-8.287318,53.473216],[-8.277151,53.466872],[-8.262708,53.461178],[-8.262679,53.455829],[-8.238328,53.445559],[-8.240439,53.43902],[-8.260974,53.435342],[-8.262828,53.429347],[-8.259177,53.427252],[-8.256738,53.420507],[-8.258499,53.415821],[-8.25424,53.412374],[-8.244279,53.413178],[-8.238426,53.411563],[-8.238242,53.406253],[-8.224589,53.395386],[-8.234493,53.381599],[-8.242964,53.375852],[-8.24487,53.371822],[-8.241082,53.365537],[-8.237218,53.364253],[-8.227593,53.35535],[-8.232502,53.349652],[-8.215827,53.346552],[-8.199946,53.347777],[-8.19351,53.33554],[-8.187613,53.336187],[-8.189082,53.327487],[-8.186851,53.322284],[-8.192223,53.31899],[-8.190329,53.313308],[-8.194982,53.308455],[-8.189437,53.306345],[-8.188224,53.30203],[-8.18261,53.297911],[-8.180153,53.291357],[-8.174067,53.287543],[-8.153542,53.287346],[-8.14803,53.279867],[-8.139658,53.278967],[-8.13369,53.281933],[-8.126829,53.280609],[-8.099162,53.278015],[-8.097108,53.275754],[-8.075677,53.272375],[-8.055682,53.274079],[-8.051895,53.277034],[-8.045027,53.289632],[-8.031798,53.29502],[-8.029547,53.300319],[-8.02412,53.304106],[-8.027921,53.313029],[-8.027095,53.32122],[-8.021605,53.323875],[-8.012314,53.324464],[-8.004123,53.321957],[-7.991251,53.32753],[-7.988736,53.333716],[-7.984144,53.337163],[-7.968077,53.335479],[-7.955072,53.33946],[-7.944199,53.340987],[-7.941316,53.344206],[-7.943407,53.350563],[-7.937025,53.358004],[-7.930683,53.362026],[-7.923448,53.363189],[-7.910312,53.371382],[-7.913882,53.379153],[-7.923172,53.388031],[-7.923782,53.394447],[-7.930468,53.399969],[-7.938095,53.402275],[-7.942919,53.40692],[-7.942119,53.412099],[-7.972953,53.422276],[-7.955757,53.431241],[-7.96076,53.443869],[-7.966832,53.44971],[-7.955046,53.48147],[-7.96979,53.52173],[-7.98071,53.551905],[-8.015202,53.581073],[-8.035976,53.607686],[-8.035884,53.631387],[-8.034651,53.643386],[-8.026754,53.653171],[-8.014785,53.662397],[-8.002676,53.663106],[-7.999477,53.669029],[-7.984089,53.680364],[-7.983062,53.691885],[-7.987657,53.697645],[-7.984478,53.701073],[-7.97704,53.701686],[-7.965211,53.711249],[-7.951202,53.711686],[-7.944137,53.728244],[-7.94754,53.735364],[-7.943471,53.738777],[-7.931313,53.733451],[-7.923307,53.733286],[-7.917,53.735875],[-7.917548,53.746979],[-7.908697,53.749197],[-7.898093,53.756415],[-7.888623,53.757949],[-7.881969,53.767251],[-7.883448,53.771501],[-7.875845,53.777396],[-7.881198,53.785633],[-7.894087,53.786286],[-7.908894,53.793687],[-7.910749,53.809786],[-7.918767,53.821485]]]},"properties":{"name":"Roscommon","code":"RN"}},
{"type":"Feature","geometry":{"type":"MultiPolygon","coordinates":[[[[-8.381139,54.464267],[-8.383245,54.465677],[-8.401661,54.46326],[-8.412806,54.457627],[-8.425456,54.455066],[-8.443739,54.455798],[-8.45236,54.461584],[-8.447951,54.470229],[-8.454588,54.473023],[-8.469177,54.469534],[-8.467171,54.460615],[-8.47399,54.458161],[-8.475894,54.452327],[-8.46859,54.446673],[-8.467257,54.44011],[-8.476604,54.433635],[-8.48274,54.431717],[-8.488632,54.42489],[-8.490728,54.417872],[-8.503109,54.414422],[-8.514791,54.412998],[-8.518869,54.409312],[-8.532504,54.401911],[-8.551961,54.395169],[-8.561919,54.398341],[-8.559963,54.404333],[-8.550915,54.403164],[-8.53461,54.40704],[-8.525021,54.414745],[-8.516942,54.416428],[-8.509887,54.423697],[-8.516354,54.424632],[-8.527667,54.413733],[-8.540474,54.407875],[-8.551619,54.405574],[-8.562888,54.405832],[-8.568546,54.409846],[-8.573142,54.401148],[-8.571526,54.391343],[-8.581596,54.390293],[-8.594194,54.384317],[-8.618853,54.379178],[-8.621891,54.37095],[-8.64066,54.371203],[-8.659785,54.365827],[-8.663768,54.362655],[-8.680435,54.356625],[-8.671692,54.355261],[-8.667691,54.346628],[-8.656963,54.343016],[-8.648378,54.335401],[-8.658436,54.327305],[-8.656441,54.324071],[-8.642756,54.32307],[-8.644797,54.332949],[-8.634023,54.335425],[-8.620423,54.334561],[-8.612463,54.338344],[-8.602424,54.338524],[-8.593518,54.342695],[-8.577241,54.344122],[-8.571453,54.341999],[-8.558671,54.342332],[-8.543047,54.337895],[-8.546007,54.32971],[-8.533623,54.332487],[-8.526728,54.330102],[-8.511115,54.327926],[-8.500302,54.32153],[-8.507585,54.315526],[-8.51515,54.314027],[-8.529997,54.315011],[-8.53927,54.318057],[-8.556646,54.321521],[-8.562152,54.329797],[-8.568224,54.322952],[-8.573288,54.322374],[-8.571133,54.311181],[-8.572225,54.304502],[-8.551035,54.306021],[-8.536679,54.302056],[-8.526673,54.3034],[-8.491714,54.291997],[-8.491441,54.285591],[-8.506818,54.283054],[-8.517649,54.276292],[-8.526742,54.27916],[-8.543787,54.280262],[-8.552275,54.279678],[-8.562902,54.27585],[-8.573159,54.27774],[-8.584002,54.27624],[-8.592785,54.283947],[-8.598134,54.281851],[-8.609182,54.283113],[-8.606131,54.276947],[-8.612318,54.267941],[-8.622747,54.261128],[-8.618876,54.259728],[-8.601842,54.260302],[-8.597277,54.253405],[-8.588056,54.252259],[-8.585504,54.246831],[-8.580741,54.24632],[-8.572026,54.2396],[-8.573194,54.235206],[-8.567256,54.230931],[-8.558095,54.229513],[-8.549857,54.230944],[-8.542578,54.228967],[-8.54068,54.221325],[-8.530613,54.222433],[-8.51677,54.220627],[-8.5231,54.216455],[-8.537202,54.215347],[-8.54625,54.218183],[-8.564521,54.215991],[-8.572182,54.21725],[-8.573185,54.211853],[-8.579971,54.20726],[-8.587681,54.209363],[-8.592209,54.223501],[-8.60442,54.222836],[-8.606655,54.230663],[-8.618322,54.236052],[-8.62676,54.23704],[-8.632054,54.24511],[-8.641991,54.247911],[-8.636559,54.251791],[-8.648572,54.261658],[-8.649734,54.26518],[-8.657191,54.270832],[-8.67977,54.273138],[-8.686693,54.272805],[-8.705258,54.267486],[-8.72539,54.262796],[-8.741124,54.26757],[-8.756503,54.269076],[-8.753749,54.274699],[-8.756732,54.278894],[-8.773406,54.27642],[-8.785118,54.271422],[-8.793059,54.261355],[-8.807489,54.257006],[-8.813404,54.25756],[-8.826646,54.252801],[-8.845034,54.257417],[-8.85677,54.263932],[-8.865176,54.262289],[-8.871756,54.268445],[-8.878978,54.267675],[-8.894603,54.272623],[-8.905393,54.28303],[-8.919423,54.286553],[-8.933304,54.291918],[-8.939167,54.291018],[-8.948105,54.294817],[-8.951811,54.291837],[-8.964853,54.294151],[-8.969465,54.291446],[-8.977728,54.291762],[-8.989112,54.294743],[-8.998644,54.29187],[-9.009663,54.292634],[-9.023988,54.296731],[-9.038123,54.293407],[-9.051114,54.294534],[-9.055453,54.293385],[-9.051305,54.286812],[-9.058894,54.280926],[-9.053563,54.273858],[-9.063731,54.266237],[-9.066047,54.259478],[-9.075522,54.249476],[-9.078091,54.244155],[-9.096517,54.225357],[-9.095091,54.2146],[-9.106132,54.210513],[-9.123817,54.209286],[-9.134402,54.206842],[-9.136544,54.204016],[-9.12042,54.202145],[-9.120209,54.199389],[-9.127731,54.195302],[-9.124792,54.190945],[-9.124718,54.1821],[-9.136551,54.177705],[-9.13128,54.169006],[-9.132258,54.162363],[-9.124003,54.159162],[-9.121309,54.155356],[-9.10308,54.14931],[-9.10465,54.144004],[-9.089859,54.142966],[-9.084401,54.145973],[-9.066018,54.145192],[-9.056684,54.146565],[-9.052792,54.151131],[-9.052525,54.156817],[-9.041082,54.157174],[-9.033554,54.152871],[-9.026415,54.160908],[-9.01371,54.155144],[-8.99272,54.149581],[-8.964602,54.148333],[-8.954142,54.14481],[-8.936833,54.143063],[-8.941354,54.138264],[-8.947088,54.136587],[-8.937872,54.128349],[-8.932395,54.125617],[-8.923931,54.125419],[-8.916954,54.118042],[-8.92357,54.111654],[-8.935386,54.106133],[-8.952422,54.105012],[-8.959996,54.102309],[-8.955256,54.089366],[-8.970213,54.085954],[-8.966467,54.080318],[-8.965474,54.073194],[-8.973686,54.072109],[-8.983201,54.068302],[-8.992089,54.06168],[-9.006102,54.057972],[-9.014237,54.052415],[-9.016052,54.03377],[-9.011244,54.031732],[-9.011255,54.023985],[-8.999246,54.025428],[-8.995544,54.0236],[-8.986634,54.026319],[-8.977487,54.024225],[-8.96496,54.025757],[-8.954868,54.02169],[-8.946698,54.016171],[-8.94212,54.009653],[-8.923834,54.008858],[-8.908668,54.013755],[-8.911475,54.016148],[-8.899038,54.019078],[-8.895263,54.022055],[-8.882999,54.021077],[-8.88885,54.007185],[-8.87854,53.995843],[-8.87836,53.989297],[-8.863793,53.989846],[-8.861226,53.980479],[-8.849029,53.970984],[-8.84522,53.972199],[-8.811012,53.965493],[-8.782522,53.966283],[-8.781016,53.974478],[-8.766597,53.976647],[-8.755672,53.975944],[-8.75563,53.98222],[-8.751344,53.982746],[-8.738487,53.994743],[-8.725079,53.987556],[-8.713775,53.987767],[-8.705876,53.996875],[-8.706434,54.000879],[-8.701068,54.005245],[-8.691325,54.00644],[-8.681757,54.011389],[-8.675346,54.018423],[-8.682433,54.029676],[-8.664467,54.031625],[-8.661266,54.036344],[-8.648961,54.038906],[-8.647441,54.033498],[-8.617542,54.0212],[-8.610046,54.021039],[-8.598405,54.016662],[-8.583081,54.012975],[-8.589816,54.005796],[-8.5895,53.998942],[-8.593003,53.992442],[-8.589961,53.979395],[-8.593004,53.976397],[-8.594195,53.966761],[-8.589831,53.965118],[-8.585083,53.953817],[-8.567933,53.952289],[-8.551214,53.953134],[-8.536776,53.957546],[-8.530306,53.953212],[-8.526807,53.947274],[-8.521866,53.9444],[-8.519882,53.938006],[-8.523178,53.933932],[-8.519323,53.926636],[-8.509568,53.924824],[-8.501877,53.926121],[-8.488199,53.92148],[-8.477339,53.920917],[-8.469078,53.913009],[-8.450898,53.913508],[-8.448195,53.925576],[-8.43128,53.926853],[-8.405032,53.92677],[-8.395232,53.925434],[-8.384435,53.927271],[-8.371106,53.925511],[-8.364737,53.927417],[-8.336265,53.926238],[-8.333664,53.930501],[-8.33806,53.932901],[-8.342636,53.941555],[-8.349615,53.942301],[-8.346836,53.950931],[-8.357053,53.950441],[-8.360862,53.947993],[-8.377283,53.949448],[-8.377454,53.951862],[-8.406132,53.956658],[-8.404443,53.960461],[-8.422437,53.961986],[-8.410263,53.967183],[-8.398679,53.964433],[-8.39281,53.964857],[-8.387034,53.97318],[-8.384656,53.985591],[-8.392804,53.993354],[-8.400874,53.996655],[-8.39788,54.001641],[-8.391759,53.999259],[-8.388959,53.999003],[-8.375804,53.999571],[-8.37505,54.004365],[-8.366206,54.00459],[-8.346629,53.99933],[-8.315197,54.004607],[-8.317623,54.007653],[-8.309084,54.012264],[-8.30597,54.016612],[-8.311858,54.020414],[-8.3046,54.029124],[-8.307331,54.030833],[-8.302192,54.038124],[-8.294511,54.044769],[-8.289191,54.0429],[-8.286624,54.037686],[-8.274838,54.043138],[-8.27331,54.04905],[-8.265473,54.049768],[-8.263222,54.053291],[-8.254967,54.050327],[-8.246194,54.04119],[-8.238372,54.03964],[-8.234674,54.043422],[-8.23931,54.048701],[-8.236829,54.051982],[-8.239173,54.058292],[-8.218528,54.061552],[-8.214885,54.068468],[-8.2198,54.076962],[-8.21597,54.078367],[-8.217748,54.084447],[-8.204451,54.084894],[-8.194475,54.08754],[-8.184765,54.086073],[-8.176982,54.088395],[-8.166536,54.101353],[-8.155869,54.103959],[-8.16351,54.108982],[-8.172342,54.111707],[-8.180586,54.117818],[-8.181578,54.121798],[-8.183669,54.122994],[-8.195768,54.133496],[-8.203053,54.134036],[-8.215961,54.140417],[-8.217303,54.145224],[-8.227445,54.154753],[-8.238367,54.155005],[-8.251203,54.15927],[-8.260298,54.156977],[-8.260829,54.153185],[-8.28134,54.152621],[-8.303456,54.167094],[-8.31368,54.167124],[-8.321,54.174087],[-8.330586,54.175035],[-8.318102,54.18405],[-8.316755,54.188833],[-8.332301,54.191705],[-8.333615,54.196867],[-8.347671,54.200214],[-8.340178,54.202844],[-8.33445,54.216334],[-8.34076,54.223523],[-8.337825,54.227224],[-8.334389,54.24848],[-8.341564,54.251523],[-8.346729,54.274403],[-8.343605,54.28017],[-8.346288,54.29881],[-8.348707,54.305002],[-8.354338,54.307588],[-8.355168,54.312168],[-8.362603,54.314288],[-8.375911,54.313867],[-8.389081,54.320425],[-8.386136,54.328843],[-8.391005,54.334403],[-8.392679,54.343165],[-8.391776,54.3501],[-8.399445,54.359995],[-8.386936,54.361502],[-8.365052,54.371999],[-8.366641,54.374579],[-8.360318,54.38725],[-8.359101,54.396392],[-8.349827,54.403708],[-8.346287,54.412215],[-8.349838,54.415143],[-8.344409,54.421308],[-8.353483,54.424154],[-8.364126,54.421935],[-8.374273,54.423363],[-8.379284,54.426508],[-8.390767,54.428252],[-8.398115,54.427144],[-8.392817,54.420374],[-8.394755,54.418461],[-8.41361,54.414373],[-8.419836,54.414939],[-8.427649,54.421093],[-8.419562,54.426765],[-8.408313,54.430713],[-8.409425,54.440054],[-8.40185,54.445875],[-8.378727,54.451573],[-8.381139,54.464267]]],[[[-8.655678,54.436203],[-8.664003,54.435984],[-8.671682,54.432329],[-8.669594,54.42833],[-8.65033,54.431227],[-8.655678,54.436203]]],[[[-8.592372,54.305897],[-8.594745,54.299683],[-8.595345,54.2891],[-8.585285,54.288098],[-8.582204,54.298042],[-8.584171,54.304071],[-8.592372,54.305897]]],[[[-8.496494,54.426217],[-8.502453,54.421496],[-8.49868,54.417962],[-8.491302,54.42161],[-8.496494,54.426217]]]]},"properties":{"name":"Sligo","code":"SO"}},
{"type":"Feature","geometry":{"type":"Polygon","coordinates":[[[-7.319824,54.113527],[-7.324294,54.11784],[-7.323312,54.122355],[-7.334134,54.120481],[-7.33509,54.117226],[-7.346101,54.116522],[-7.346334,54.122486],[-7.35169,54.123983],[-7.363379,54.131434],[-7.369899,54.130908],[-7.379263,54.12455],[-7.394139,54.122716],[-7.392662,54.12681],[-7.382084,54.1347],[-7.372878,54.138166],[-7.374162,54.141283],[-7.383665,54.141312],[-7.393989,54.137292],[-7.399781,54.140748],[-7.419821,54.136664],[-7.424625,54.13998],[-7.414516,54.146602],[-7.408902,54.153134],[-7.426847,54.154721],[-7.431332,54.152075],[-7.442372,54.153927],[-7.453773,54.144751],[-7.468565,54.140811],[-7.466377,54.137074],[-7.471714,54.133286],[-7.471812,54.126717],[-7.480444,54.122122],[-7.492147,54.123169],[-7.509121,54.129872],[-7.521747,54.130779],[-7.528372,54.135738],[-7.537288,54.130864],[-7.547086,54.128752],[-7.549349,54.122805],[-7.558547,54.127848],[-7.565739,54.126563],[-7.569243,54.132907],[-7.574263,54.132948],[-7.573671,54.141031],[-7.587041,54.141435],[-7.592047,54.139888],[-7.606933,54.142791],[-7.612016,54.147579],[-7.625342,54.153256],[-7.625298,54.165436],[-7.629636,54.170171],[-7.645538,54.175934],[-7.656408,54.185786],[-7.664417,54.187982],[-7.671965,54.181507],[-7.676567,54.181998],[-7.679502,54.192547],[-7.688496,54.199171],[-7.688527,54.203686],[-7.702038,54.207788],[-7.710445,54.203158],[-7.731233,54.20481],[-7.744561,54.204347],[-7.748463,54.209456],[-7.772385,54.207172],[-7.80365,54.207024],[-7.811479,54.200881],[-7.83939,54.209696],[-7.861758,54.218725],[-7.855975,54.223868],[-7.860002,54.229627],[-7.858945,54.243124],[-7.862087,54.252551],[-7.860523,54.260425],[-7.872695,54.26617],[-7.873119,54.279043],[-7.861956,54.293514],[-7.874974,54.294503],[-7.879497,54.292803],[-7.888257,54.300518],[-7.901659,54.301427],[-7.905979,54.296612],[-7.915519,54.297049],[-7.918827,54.303149],[-7.946577,54.304289],[-7.957535,54.294295],[-7.97247,54.284413],[-7.974032,54.273974],[-7.985498,54.265795],[-7.991478,54.257546],[-8.003772,54.249339],[-8.00992,54.24835],[-8.031141,54.251441],[-8.041175,54.254004],[-8.054888,54.240828],[-8.058232,54.236214],[-8.049107,54.230952],[-8.043852,54.222137],[-8.039052,54.222259],[-8.033359,54.208807],[-8.036716,54.205488],[-8.045418,54.203242],[-8.050881,54.19633],[-8.046354,54.193856],[-8.047997,54.187111],[-8.042267,54.183112],[-8.035363,54.187648],[-8.01388,54.188075],[-8.005303,54.192279],[-7.999898,54.185553],[-7.989599,54.180226],[-7.968888,54.177071],[-7.952979,54.178899],[-7.94388,54.170815],[-7.926409,54.166813],[-7.923402,54.162029],[-7.916598,54.161221],[-7.912312,54.154581],[-7.90513,54.153882],[-7.901076,54.147944],[-7.888379,54.141794],[-7.891897,54.136748],[-7.881634,54.131847],[-7.882814,54.129303],[-7.875866,54.124449],[-7.861279,54.122532],[-7.850828,54.11758],[-7.858886,54.11329],[-7.847214,54.106872],[-7.822281,54.09646],[-7.811621,54.101672],[-7.814124,54.107829],[-7.7964,54.116804],[-7.788415,54.108378],[-7.770556,54.107112],[-7.765483,54.109244],[-7.75646,54.106329],[-7.751255,54.1005],[-7.750511,54.095081],[-7.738695,54.094495],[-7.735905,54.088964],[-7.736592,54.082926],[-7.729782,54.082433],[-7.721143,54.084843],[-7.708725,54.084147],[-7.702252,54.078759],[-7.698566,54.072308],[-7.687472,54.068092],[-7.684933,54.060219],[-7.676132,54.059645],[-7.67079,54.056232],[-7.657654,54.056384],[-7.65416,54.048791],[-7.654914,54.042771],[-7.637953,54.04291],[-7.637556,54.03912],[-7.646389,54.03319],[-7.640434,54.022506],[-7.63568,54.023055],[-7.620664,54.018698],[-7.612606,54.018884],[-7.61408,54.025296],[-7.601033,54.023291],[-7.594575,54.015065],[-7.601196,54.012735],[-7.595383,54.005645],[-7.59336,53.997087],[-7.600075,53.990141],[-7.599833,53.985805],[-7.585055,53.980889],[-7.585507,53.972647],[-7.592628,53.970253],[-7.593843,53.9664],[-7.586079,53.96232],[-7.587256,53.957566],[-7.60353,53.950698],[-7.61343,53.940384],[-7.610287,53.938364],[-7.606236,53.937408],[-7.603129,53.93122],[-7.595766,53.928319],[-7.593538,53.9212],[-7.583099,53.914255],[-7.58547,53.908684],[-7.580197,53.903139],[-7.574919,53.907492],[-7.557195,53.903943],[-7.556454,53.898138],[-7.549856,53.892919],[-7.555259,53.890667],[-7.558554,53.877707],[-7.572066,53.880065],[-7.571803,53.873841],[-7.576396,53.864974],[-7.585066,53.856911],[-7.583507,53.851121],[-7.578171,53.850004],[-7.570822,53.854517],[-7.554546,53.85318],[-7.543235,53.853491],[-7.541308,53.857626],[-7.527961,53.863665],[-7.517008,53.858755],[-7.494457,53.860348],[-7.487492,53.852276],[-7.476752,53.853625],[-7.473586,53.849403],[-7.47641,53.843163],[-7.471469,53.838497],[-7.470214,53.829476],[-7.46583,53.823379],[-7.467027,53.818169],[-7.472833,53.815899],[-7.47149,53.811706],[-7.462149,53.801298],[-7.456343,53.802328],[-7.418669,53.79271],[-7.41126,53.789824],[-7.412534,53.785752],[-7.409969,53.779049],[-7.397834,53.778815],[-7.381061,53.785425],[-7.378302,53.784427],[-7.343664,53.799052],[-7.307954,53.812769],[-7.279819,53.792565],[-7.278314,53.781764],[-7.273,53.779178],[-7.262504,53.779028],[-7.253874,53.773885],[-7.24758,53.77793],[-7.240719,53.778134],[-7.230718,53.772192],[-7.218402,53.774582],[-7.21276,53.785493],[-7.205919,53.787596],[-7.193887,53.794746],[-7.184945,53.788798],[-7.174114,53.792461],[-7.171349,53.795789],[-7.159489,53.795008],[-7.152085,53.801177],[-7.141322,53.799298],[-7.135809,53.793971],[-7.1278,53.790523],[-7.123354,53.793763],[-7.115497,53.793186],[-7.107596,53.789491],[-7.104978,53.776566],[-7.091128,53.774152],[-7.080867,53.775722],[-7.066661,53.772434],[-7.048495,53.772789],[-7.038238,53.776775],[-7.020917,53.769078],[-7.012525,53.76926],[-7.003937,53.765831],[-6.998747,53.777115],[-6.981464,53.772658],[-6.971178,53.777694],[-6.972904,53.78511],[-6.963162,53.791079],[-6.954635,53.786372],[-6.951421,53.781629],[-6.933331,53.78271],[-6.929317,53.785063],[-6.941927,53.789335],[-6.940097,53.798469],[-6.933534,53.802845],[-6.921635,53.801632],[-6.913423,53.81039],[-6.916963,53.816153],[-6.930044,53.822724],[-6.938396,53.828804],[-6.95139,53.835756],[-6.955235,53.845214],[-6.962728,53.843624],[-6.964481,53.849168],[-6.971278,53.855492],[-6.966107,53.861012],[-6.972259,53.865835],[-6.966186,53.869991],[-6.95649,53.863679],[-6.930552,53.87217],[-6.926321,53.876398],[-6.932574,53.881049],[-6.93388,53.891208],[-6.924103,53.892874],[-6.909444,53.888684],[-6.902984,53.883449],[-6.896264,53.880876],[-6.884853,53.88069],[-6.877476,53.877516],[-6.869911,53.877879],[-6.862124,53.875684],[-6.85185,53.878851],[-6.845081,53.878731],[-6.840079,53.88245],[-6.84624,53.888707],[-6.83713,53.894243],[-6.827965,53.894903],[-6.815857,53.898347],[-6.809191,53.8961],[-6.806147,53.891714],[-6.79255,53.887006],[-6.785344,53.889934],[-6.787506,53.893273],[-6.783448,53.897645],[-6.789821,53.900175],[-6.782437,53.909465],[-6.779274,53.916317],[-6.76921,53.910681],[-6.762567,53.913838],[-6.762007,53.917481],[-6.76422,53.920229],[-6.777326,53.927855],[-6.783069,53.925999],[-6.803971,53.929106],[-6.819358,53.932632],[-6.827588,53.932852],[-6.836082,53.942016],[-6.844726,53.957637],[-6.854365,53.96363],[-6.860045,53.976932],[-6.867032,53.983545],[-6.864108,53.987938],[-6.875884,53.991029],[-6.881405,53.994939],[-6.875577,53.997769],[-6.890702,54.003213],[-6.888992,54.011646],[-6.894405,54.012863],[-6.901253,54.008739],[-6.910297,54.015665],[-6.917878,54.016181],[-6.923782,54.012778],[-6.934893,54.018959],[-6.939673,54.033392],[-6.94901,54.036408],[-6.95612,54.043291],[-6.966319,54.040174],[-6.967546,54.04577],[-6.979765,54.050006],[-6.986526,54.061951],[-7.002268,54.064799],[-7.011005,54.077061],[-7.022327,54.077894],[-7.026668,54.080344],[-7.029262,54.087861],[-7.014153,54.092737],[-7.019246,54.099085],[-7.035405,54.097074],[-7.050834,54.099473],[-7.05466,54.093396],[-7.068035,54.09212],[-7.07828,54.088853],[-7.086159,54.082004],[-7.101279,54.093894],[-7.118164,54.095605],[-7.132552,54.092434],[-7.13407,54.088573],[-7.149964,54.082119],[-7.16106,54.084192],[-7.166593,54.089279],[-7.180707,54.0865],[-7.184945,54.091271],[-7.197677,54.096088],[-7.201891,54.092408],[-7.209416,54.095123],[-7.212116,54.096108],[-7.223375,54.102397],[-7.232375,54.096541],[-7.245899,54.092717],[-7.258256,54.096291],[-7.262675,54.093212],[-7.273389,54.100655],[-7.293362,54.107769],[-7.301016,54.106137],[-7.307421,54.109249],[-7.314202,54.105548],[-7.321073,54.108685],[-7.319824,54.113527]]]},"properties":{"name":"Cavan","code":"CN"}},
{"type":"Feature","geometry":{"type":"MultiPolygon","coordinates":[[[[-8.826996,54.668044],[-8.832523,54.6626],[-8.822528,54.661996],[-8.826996,54.668044]]],[[[-7.868841,55.1267],[-7.863294,55.135336],[-7.86675,55.138919],[-7.877527,55.142258],[-7.881242,55.138746],[-7.892636,55.138784],[-7.894535,55.135045],[-7.904892,55.133958],[-7.893699,55.146413],[-7.87945,55.15041],[-7.873794,55.148293],[-7.865501,55.150016],[-7.864274,55.156731],[-7.853648,55.163816],[-7.863289,55.167643],[-7.87652,55.166199],[-7.903056,55.156731],[-7.911465,55.157816],[-7.894137,55.164323],[-7.886356,55.169851],[-7.877759,55.173253],[-7.881742,55.175974],[-7.88962,55.17216],[-7.898306,55.174397],[-7.902306,55.177752],[-7.895716,55.187239],[-7.913938,55.191427],[-7.915319,55.186933],[-7.928423,55.182276],[-7.945776,55.181561],[-7.957513,55.188793],[-7.960751,55.185434],[-7.974977,55.184956],[-7.994115,55.182206],[-7.987066,55.171187],[-7.994501,55.169737],[-8.003697,55.172953],[-7.996659,55.18265],[-7.981285,55.187779],[-7.959378,55.190915],[-7.955602,55.194488],[-7.944812,55.196526],[-7.939659,55.204069],[-7.942233,55.212249],[-7.951407,55.214598],[-7.967662,55.212764],[-7.97578,55.218522],[-7.975178,55.223645],[-7.993892,55.222435],[-8.001058,55.215319],[-8.016807,55.213989],[-8.021509,55.201362],[-8.014763,55.195017],[-8.024202,55.190571],[-8.024027,55.187374],[-8.015845,55.18541],[-8.018579,55.178509],[-8.027383,55.172502],[-8.037258,55.170753],[-8.047981,55.174501],[-8.053986,55.173027],[-8.068364,55.162877],[-8.082912,55.160943],[-8.119183,55.159589],[-8.118737,55.154025],[-8.122328,55.148927],[-8.122632,55.138007],[-8.132614,55.140604],[-8.137761,55.138047],[-8.133067,55.133153],[-8.132321,55.123656],[-8.138374,55.120579],[-8.135818,55.124617],[-8.147548,55.131478],[-8.153325,55.124273],[-8.161864,55.129948],[-8.157113,55.133988],[-8.157822,55.13977],[-8.165982,55.142443],[-8.15074,55.146593],[-8.133353,55.156584],[-8.134139,55.163194],[-8.145635,55.164066],[-8.149701,55.16162],[-8.150603,55.155117],[-8.156264,55.148419],[-8.162672,55.145367],[-8.176665,55.14757],[-8.217308,55.148725],[-8.246448,55.152684],[-8.273349,55.154502],[-8.282002,55.158917],[-8.29041,55.152622],[-8.287891,55.146997],[-8.295033,55.142997],[-8.296174,55.137147],[-8.294135,55.130784],[-8.297203,55.125153],[-8.30358,55.125434],[-8.310109,55.120009],[-8.310513,55.116257],[-8.317177,55.105766],[-8.313664,55.100075],[-8.315604,55.090946],[-8.326261,55.089512],[-8.326276,55.084351],[-8.314631,55.076294],[-8.32469,55.0654],[-8.332742,55.067144],[-8.343964,55.061273],[-8.344527,55.04483],[-8.350267,55.039633],[-8.366539,55.040654],[-8.373175,55.034963],[-8.379649,55.032823],[-8.38717,55.035309],[-8.39095,55.041941],[-8.400458,55.041116],[-8.403462,55.036464],[-8.397471,55.021781],[-8.407492,55.018698],[-8.403109,55.013008],[-8.404554,55.008095],[-8.399469,55.002099],[-8.40689,55.001126],[-8.411487,55.006042],[-8.430142,55.007605],[-8.451109,55.003955],[-8.448677,54.996873],[-8.438167,54.989326],[-8.443205,54.986542],[-8.441433,54.980918],[-8.433277,54.978699],[-8.419421,54.967643],[-8.415178,54.960585],[-8.400781,54.95798],[-8.379914,54.952234],[-8.369982,54.951867],[-8.363541,54.948641],[-8.379469,54.941184],[-8.385481,54.944259],[-8.398385,54.941065],[-8.404047,54.937371],[-8.422143,54.936213],[-8.436451,54.936351],[-8.433712,54.940914],[-8.43523,54.945712],[-8.442763,54.9437],[-8.449592,54.944745],[-8.458679,54.942132],[-8.457452,54.936347],[-8.445005,54.932603],[-8.444257,54.927806],[-8.454025,54.924055],[-8.458555,54.918568],[-8.455865,54.911945],[-8.441402,54.90431],[-8.422328,54.901301],[-8.407755,54.894318],[-8.400408,54.893586],[-8.388169,54.888202],[-8.385306,54.883225],[-8.378329,54.884133],[-8.37434,54.888162],[-8.377665,54.892568],[-8.377613,54.899288],[-8.369403,54.90347],[-8.360277,54.90056],[-8.34465,54.907767],[-8.339443,54.903344],[-8.342682,54.892734],[-8.33842,54.889977],[-8.32662,54.887361],[-8.310917,54.888395],[-8.310705,54.884374],[-8.318448,54.88306],[-8.323722,54.874102],[-8.351506,54.883086],[-8.36044,54.882641],[-8.368149,54.876573],[-8.380825,54.879377],[-8.386218,54.868831],[-8.38537,54.857053],[-8.382384,54.852489],[-8.40124,54.85185],[-8.410965,54.846132],[-8.42239,54.847414],[-8.447248,54.838687],[-8.459537,54.840057],[-8.471551,54.843412],[-8.47805,54.847492],[-8.48912,54.848312],[-8.50295,54.844046],[-8.512966,54.836277],[-8.505416,54.833248],[-8.511062,54.828535],[-8.524595,54.831223],[-8.534474,54.834717],[-8.551538,54.834002],[-8.559456,54.824735],[-8.541163,54.82237],[-8.535405,54.824146],[-8.524727,54.823091],[-8.531262,54.816715],[-8.526532,54.812399],[-8.505122,54.810197],[-8.498048,54.807522],[-8.49574,54.802706],[-8.500079,54.799698],[-8.475244,54.798058],[-8.46267,54.799131],[-8.454136,54.797308],[-8.450516,54.791335],[-8.442552,54.788087],[-8.446683,54.782751],[-8.438626,54.782656],[-8.44024,54.77673],[-8.428273,54.774246],[-8.417176,54.776168],[-8.416509,54.773036],[-8.424646,54.769238],[-8.423189,54.762527],[-8.447747,54.771211],[-8.456558,54.771457],[-8.460221,54.780817],[-8.469624,54.782184],[-8.473013,54.790392],[-8.484773,54.79184],[-8.487792,54.788095],[-8.501419,54.789581],[-8.514235,54.785018],[-8.520773,54.78531],[-8.530126,54.789975],[-8.545025,54.789563],[-8.550789,54.787552],[-8.547347,54.782581],[-8.534468,54.779914],[-8.524012,54.773793],[-8.515886,54.772117],[-8.503789,54.774999],[-8.495641,54.771656],[-8.483023,54.770356],[-8.469045,54.766265],[-8.468154,54.759703],[-8.458553,54.75943],[-8.450707,54.756947],[-8.44034,54.758338],[-8.438833,54.755334],[-8.454404,54.756585],[-8.470986,54.755816],[-8.477641,54.758347],[-8.492679,54.76023],[-8.510575,54.764182],[-8.514296,54.770151],[-8.522312,54.769765],[-8.536834,54.764675],[-8.54874,54.77032],[-8.559075,54.773341],[-8.571778,54.773711],[-8.582611,54.776976],[-8.59808,54.778629],[-8.609694,54.776125],[-8.631651,54.773636],[-8.635743,54.77133],[-8.646348,54.772875],[-8.670498,54.766092],[-8.669137,54.763041],[-8.679366,54.760122],[-8.689238,54.761876],[-8.68937,54.757787],[-8.701292,54.754437],[-8.706127,54.749331],[-8.704809,54.744371],[-8.725457,54.742412],[-8.734528,54.737636],[-8.741758,54.738725],[-8.740361,54.731953],[-8.749622,54.727793],[-8.748445,54.712322],[-8.762215,54.70607],[-8.768636,54.706266],[-8.779935,54.701352],[-8.793537,54.706384],[-8.804836,54.700855],[-8.802491,54.695001],[-8.795702,54.689389],[-8.785799,54.689958],[-8.78688,54.68186],[-8.784258,54.674221],[-8.794672,54.668694],[-8.790613,54.659771],[-8.782611,54.663582],[-8.771772,54.664203],[-8.773295,54.657559],[-8.739856,54.652455],[-8.725507,54.646018],[-8.698974,54.643673],[-8.692139,54.642154],[-8.686371,54.635619],[-8.677396,54.633969],[-8.68539,54.627656],[-8.678881,54.62277],[-8.663566,54.620308],[-8.658553,54.622531],[-8.649094,54.619751],[-8.635927,54.622901],[-8.638779,54.629717],[-8.640207,54.640302],[-8.632297,54.636986],[-8.635429,54.630963],[-8.628341,54.63055],[-8.624106,54.623302],[-8.609793,54.622017],[-8.608256,54.617873],[-8.585434,54.61699],[-8.587982,54.61071],[-8.584545,54.606678],[-8.561218,54.616378],[-8.557489,54.61978],[-8.549192,54.620634],[-8.546133,54.617891],[-8.533079,54.620143],[-8.516744,54.625313],[-8.498453,54.632321],[-8.487216,54.6351],[-8.477922,54.633223],[-8.478659,54.627072],[-8.486276,54.620492],[-8.479155,54.614841],[-8.484746,54.60891],[-8.483833,54.604912],[-8.473363,54.603983],[-8.463705,54.605969],[-8.453531,54.618585],[-8.444588,54.620885],[-8.440943,54.627839],[-8.44561,54.633438],[-8.436341,54.637501],[-8.427007,54.650698],[-8.420004,54.649469],[-8.425724,54.638834],[-8.43053,54.634045],[-8.429128,54.625853],[-8.436106,54.623724],[-8.426341,54.617755],[-8.421869,54.617982],[-8.41641,54.625711],[-8.40944,54.627166],[-8.406882,54.631392],[-8.388699,54.630567],[-8.386732,54.625683],[-8.38065,54.624871],[-8.376381,54.613558],[-8.395591,54.603371],[-8.398473,54.59847],[-8.415848,54.59348],[-8.433511,54.591087],[-8.446521,54.588266],[-8.443116,54.581761],[-8.450174,54.579557],[-8.455708,54.574886],[-8.456204,54.567513],[-8.439005,54.573728],[-8.439859,54.581106],[-8.429281,54.582858],[-8.429929,54.586682],[-8.392748,54.593489],[-8.378979,54.603748],[-8.354074,54.614227],[-8.349263,54.622851],[-8.342227,54.630693],[-8.301852,54.639122],[-8.297529,54.643311],[-8.287528,54.646842],[-8.277695,54.64268],[-8.272005,54.635414],[-8.282386,54.630213],[-8.284144,54.625374],[-8.290653,54.622799],[-8.288812,54.619036],[-8.300587,54.609243],[-8.293422,54.603907],[-8.281168,54.60486],[-8.253595,54.613725],[-8.246807,54.617768],[-8.234009,54.618251],[-8.230236,54.623728],[-8.214627,54.62959],[-8.207728,54.629587],[-8.19586,54.634551],[-8.187302,54.640317],[-8.177074,54.640871],[-8.173956,54.644445],[-8.155521,54.634449],[-8.133778,54.643646],[-8.135155,54.650257],[-8.12647,54.652459],[-8.115411,54.648971],[-8.124055,54.643718],[-8.121502,54.638413],[-8.128842,54.631982],[-8.127943,54.627343],[-8.130693,54.620555],[-8.119417,54.622809],[-8.113207,54.61479],[-8.133444,54.618051],[-8.135601,54.614065],[-8.132352,54.607008],[-8.135461,54.603548],[-8.151665,54.603092],[-8.145699,54.610678],[-8.155454,54.614196],[-8.156224,54.620476],[-8.153644,54.626433],[-8.163447,54.625303],[-8.168103,54.621919],[-8.167701,54.615743],[-8.163201,54.604065],[-8.165694,54.594983],[-8.170964,54.59434],[-8.177765,54.586419],[-8.193021,54.583735],[-8.197196,54.57891],[-8.209122,54.571858],[-8.217684,54.574541],[-8.221261,54.568375],[-8.214259,54.561385],[-8.210209,54.548852],[-8.223311,54.545936],[-8.240992,54.536727],[-8.250323,54.534831],[-8.252277,54.530152],[-8.264375,54.528366],[-8.267065,54.521976],[-8.255643,54.514867],[-8.254008,54.511769],[-8.242372,54.507183],[-8.227314,54.507701],[-8.210362,54.506639],[-8.214796,54.501801],[-8.222122,54.50312],[-8.239528,54.499918],[-8.252958,54.500404],[-8.262178,54.505218],[-8.26578,54.498694],[-8.265444,54.491502],[-8.283319,54.48764],[-8.289225,54.478242],[-8.299838,54.479905],[-8.313024,54.478892],[-8.321755,54.473463],[-8.312939,54.474343],[-8.305783,54.471118],[-8.299755,54.463975],[-8.287809,54.462616],[-8.281851,54.464552],[-8.27064,54.459786],[-8.259946,54.459061],[-8.254646,54.462074],[-8.237028,54.461017],[-8.233786,54.462496],[-8.230433,54.470805],[-8.220978,54.472927],[-8.213791,54.47218],[-8.196936,54.467681],[-8.177439,54.464753],[-8.164761,54.469064],[-8.148738,54.469918],[-8.114707,54.469057],[-8.11312,54.476389],[-8.097861,54.477283],[-8.098666,54.484275],[-8.085539,54.487511],[-8.065075,54.486652],[-8.042615,54.487723],[-8.038314,54.503157],[-8.041824,54.50633],[-8.029165,54.520733],[-8.017433,54.529746],[-8.017291,54.531957],[-8.005982,54.545836],[-7.991455,54.543037],[-7.978151,54.545152],[-7.968764,54.543937],[-7.95881,54.539993],[-7.953254,54.534257],[-7.94292,54.535621],[-7.937528,54.532968],[-7.919452,54.536798],[-7.907603,54.537523],[-7.892979,54.535178],[-7.889905,54.536805],[-7.869439,54.534585],[-7.856548,54.536543],[-7.850485,54.533015],[-7.844228,54.537409],[-7.829998,54.540798],[-7.823877,54.544427],[-7.833263,54.552225],[-7.817951,54.563352],[-7.800882,54.568564],[-7.796554,54.571721],[-7.799211,54.577304],[-7.7933,54.581915],[-7.787079,54.580201],[-7.766651,54.586154],[-7.760307,54.594212],[-7.751497,54.598788],[-7.741006,54.59938],[-7.717609,54.606321],[-7.708485,54.60668],[-7.697825,54.609925],[-7.694198,54.613671],[-7.696616,54.618981],[-7.706334,54.619634],[-7.703441,54.627498],[-7.705013,54.632499],[-7.724994,54.627592],[-7.743357,54.620268],[-7.751315,54.619341],[-7.757806,54.625055],[-7.771471,54.621466],[-7.783659,54.633203],[-7.801125,54.633473],[-7.808234,54.639759],[-7.818395,54.640425],[-7.828149,54.633062],[-7.838903,54.634186],[-7.851001,54.630972],[-7.851039,54.636404],[-7.856818,54.6384],[-7.853984,54.642693],[-7.856612,54.650497],[-7.871209,54.653205],[-7.877269,54.655716],[-7.896866,54.658299],[-7.910587,54.669119],[-7.913856,54.675903],[-7.898557,54.684978],[-7.898958,54.690982],[-7.907535,54.689289],[-7.912561,54.694305],[-7.920895,54.695963],[-7.91796,54.702707],[-7.908162,54.703238],[-7.895095,54.700458],[-7.890324,54.703357],[-7.879551,54.702774],[-7.8546,54.726993],[-7.836669,54.736441],[-7.824918,54.735978],[-7.817844,54.733843],[-7.816877,54.72935],[-7.804612,54.718607],[-7.789174,54.719694],[-7.778607,54.715716],[-7.777891,54.710305],[-7.756219,54.707547],[-7.750134,54.704272],[-7.743105,54.706888],[-7.735349,54.716908],[-7.727081,54.718695],[-7.711581,54.726091],[-7.69767,54.726138],[-7.687658,54.730041],[-7.677356,54.730896],[-7.671479,54.735932],[-7.636641,54.751491],[-7.617599,54.743376],[-7.600842,54.746002],[-7.588799,54.744945],[-7.586632,54.749878],[-7.575391,54.748597],[-7.578949,54.743557],[-7.55778,54.745272],[-7.54916,54.740494],[-7.537978,54.747252],[-7.538805,54.751435],[-7.547527,54.75533],[-7.546189,54.762198],[-7.54732,54.774926],[-7.543103,54.779653],[-7.544528,54.786683],[-7.549222,54.789358],[-7.534972,54.802203],[-7.528488,54.802509],[-7.527888,54.807847],[-7.517475,54.808228],[-7.501252,54.81735],[-7.483852,54.823963],[-7.480487,54.831751],[-7.471365,54.834425],[-7.469959,54.839659],[-7.455907,54.85402],[-7.454728,54.860639],[-7.444269,54.86938],[-7.442033,54.875088],[-7.444496,54.884246],[-7.451809,54.893984],[-7.451358,54.902819],[-7.445043,54.912654],[-7.447705,54.920395],[-7.447596,54.934572],[-7.44226,54.938097],[-7.425138,54.943175],[-7.405177,54.942158],[-7.396938,54.946043],[-7.407231,54.955201],[-7.402089,54.959598],[-7.407466,54.963658],[-7.402061,54.967445],[-7.402268,54.974499],[-7.407114,54.982613],[-7.401737,54.985529],[-7.399633,54.990799],[-7.392031,54.99462],[-7.405596,55.003327],[-7.398493,55.009286],[-7.396465,55.016433],[-7.39147,55.022321],[-7.376559,55.028692],[-7.366658,55.038624],[-7.356181,55.045724],[-7.344652,55.048818],[-7.332698,55.049941],[-7.321723,55.045167],[-7.299435,55.056115],[-7.289195,55.047402],[-7.277252,55.054341],[-7.273144,55.063022],[-7.264766,55.06664],[-7.258102,55.066385],[-7.251778,55.071998],[-7.245229,55.081281],[-7.228524,55.092264],[-7.212434,55.107715],[-7.207866,55.114721],[-7.199998,55.121552],[-7.195385,55.121535],[-7.187413,55.126925],[-7.187309,55.130946],[-7.170555,55.140482],[-7.165697,55.145235],[-7.148733,55.152848],[-7.137597,55.156108],[-7.122764,55.158426],[-7.096954,55.168711],[-7.07979,55.172639],[-7.057954,55.181658],[-7.049541,55.186554],[-7.022366,55.189851],[-6.983232,55.203363],[-6.97574,55.204263],[-6.955818,55.209891],[-6.949306,55.215709],[-6.943623,55.216192],[-6.927465,55.226616],[-6.928341,55.231195],[-6.922945,55.235789],[-6.933698,55.240368],[-6.938326,55.24677],[-6.947525,55.249211],[-6.957658,55.254257],[-6.96557,55.252984],[-6.973826,55.256546],[-6.995255,55.253967],[-7.004899,55.255202],[-7.012444,55.258465],[-7.011157,55.26576],[-7.026435,55.266804],[-7.035956,55.269159],[-7.039456,55.274602],[-7.051372,55.274622],[-7.065568,55.271438],[-7.076817,55.274337],[-7.081137,55.278496],[-7.092676,55.282282],[-7.092762,55.285668],[-7.11936,55.288423],[-7.123466,55.294158],[-7.136074,55.291297],[-7.145541,55.292769],[-7.156816,55.296922],[-7.152604,55.302176],[-7.159346,55.306561],[-7.158092,55.310567],[-7.177218,55.321094],[-7.169772,55.32541],[-7.174126,55.336251],[-7.178743,55.34037],[-7.197266,55.347399],[-7.216538,55.3502],[-7.222447,55.350032],[-7.238868,55.354231],[-7.242773,55.359128],[-7.256858,55.357742],[-7.269789,55.359867],[-7.276725,55.365008],[-7.293172,55.36859],[-7.30172,55.366093],[-7.317876,55.368724],[-7.332408,55.368187],[-7.33644,55.373814],[-7.349547,55.374959],[-7.358479,55.379931],[-7.369696,55.38264],[-7.380984,55.382403],[-7.390454,55.378776],[-7.38646,55.366857],[-7.375887,55.363673],[-7.3698,55.359866],[-7.358757,55.361518],[-7.347801,55.358025],[-7.351541,55.347362],[-7.350531,55.336646],[-7.353584,55.33187],[-7.346279,55.328427],[-7.336288,55.326555],[-7.333871,55.317223],[-7.329773,55.311382],[-7.319165,55.311401],[-7.30071,55.30417],[-7.277633,55.292792],[-7.266545,55.292821],[-7.267322,55.289301],[-7.257845,55.28613],[-7.253962,55.279071],[-7.263146,55.279289],[-7.270983,55.282304],[-7.282109,55.276623],[-7.290115,55.275156],[-7.304416,55.279774],[-7.312599,55.284809],[-7.321622,55.285884],[-7.329591,55.282728],[-7.336476,55.286683],[-7.340795,55.283607],[-7.348955,55.284831],[-7.347587,55.290932],[-7.33779,55.291462],[-7.320194,55.288668],[-7.303984,55.292301],[-7.309558,55.298653],[-7.325746,55.303137],[-7.332602,55.308007],[-7.332672,55.31108],[-7.349303,55.316318],[-7.363395,55.318473],[-7.37484,55.315792],[-7.374601,55.306513],[-7.379605,55.29606],[-7.390607,55.290947],[-7.395271,55.293107],[-7.415886,55.291362],[-7.430947,55.287361],[-7.428203,55.280345],[-7.436183,55.279092],[-7.449445,55.282148],[-7.449923,55.288978],[-7.466678,55.296944],[-7.472133,55.292673],[-7.465223,55.285961],[-7.470329,55.281533],[-7.476518,55.281057],[-7.491198,55.284325],[-7.499023,55.289595],[-7.507651,55.289289],[-7.521526,55.28621],[-7.525743,55.282182],[-7.520784,55.275782],[-7.50864,55.271672],[-7.508741,55.265638],[-7.51614,55.254325],[-7.526568,55.252026],[-7.53425,55.247579],[-7.531343,55.242178],[-7.521916,55.243873],[-7.517967,55.238676],[-7.529034,55.230295],[-7.536346,55.228734],[-7.541177,55.21865],[-7.545081,55.217144],[-7.545022,55.210193],[-7.547953,55.208006],[-7.538989,55.202877],[-7.552159,55.199353],[-7.554298,55.195851],[-7.540585,55.194548],[-7.535682,55.190543],[-7.528087,55.188922],[-7.518329,55.184316],[-7.512372,55.179246],[-7.51317,55.176236],[-7.502258,55.167564],[-7.493318,55.158717],[-7.488751,55.159659],[-7.47624,55.141066],[-7.467809,55.134126],[-7.46032,55.122255],[-7.462345,55.115745],[-7.474382,55.109793],[-7.479615,55.091636],[-7.46854,55.08514],[-7.455183,55.075608],[-7.454644,55.063042],[-7.462303,55.061556],[-7.471282,55.073625],[-7.494355,55.084713],[-7.510784,55.083821],[-7.519993,55.081929],[-7.533189,55.072328],[-7.529386,55.062606],[-7.522972,55.057773],[-7.508452,55.056274],[-7.502299,55.049504],[-7.496423,55.047352],[-7.475005,55.051305],[-7.469799,55.04998],[-7.476296,55.04294],[-7.481232,55.045154],[-7.492985,55.040902],[-7.513279,55.040145],[-7.51817,55.032784],[-7.51576,55.025149],[-7.527234,55.019767],[-7.533687,55.024521],[-7.539556,55.023895],[-7.554011,55.012496],[-7.566909,55.008328],[-7.582593,54.99776],[-7.593643,54.995503],[-7.60618,54.984482],[-7.608419,54.978433],[-7.623172,54.966921],[-7.635738,54.972326],[-7.640796,54.965041],[-7.64644,54.963522],[-7.65948,54.969103],[-7.650896,54.982905],[-7.644809,54.985411],[-7.636853,54.992633],[-7.640233,54.996815],[-7.630499,54.998804],[-7.620144,55.004545],[-7.598989,55.010834],[-7.590332,55.016584],[-7.582396,55.019325],[-7.581941,55.023511],[-7.558245,55.035511],[-7.559599,55.044817],[-7.568089,55.053671],[-7.578746,55.05455],[-7.588178,55.048366],[-7.609841,55.045219],[-7.615381,55.047219],[-7.626776,55.043465],[-7.635114,55.04268],[-7.641572,55.045543],[-7.6321,55.048514],[-7.629591,55.052026],[-7.631915,55.058505],[-7.62159,55.055866],[-7.611732,55.056728],[-7.595568,55.063425],[-7.598629,55.071639],[-7.592784,55.073757],[-7.586304,55.08126],[-7.571753,55.086328],[-7.559538,55.086988],[-7.549149,55.092631],[-7.532871,55.094148],[-7.527248,55.099933],[-7.525966,55.105757],[-7.53104,55.110244],[-7.518176,55.122216],[-7.522696,55.13403],[-7.535703,55.141158],[-7.54145,55.141484],[-7.544095,55.149314],[-7.548074,55.153064],[-7.575726,55.169098],[-7.571616,55.180145],[-7.578581,55.182001],[-7.587855,55.187859],[-7.597306,55.185478],[-7.614279,55.192022],[-7.623918,55.20347],[-7.623008,55.206746],[-7.614872,55.209576],[-7.606952,55.218067],[-7.607894,55.223889],[-7.603317,55.230757],[-7.60575,55.233829],[-7.614682,55.236707],[-7.614053,55.245558],[-7.61901,55.249859],[-7.616576,55.255919],[-7.624102,55.25897],[-7.626773,55.269491],[-7.635846,55.271009],[-7.632222,55.277558],[-7.643528,55.275843],[-7.649287,55.278954],[-7.659548,55.277405],[-7.673285,55.265534],[-7.683063,55.261843],[-7.694641,55.262357],[-7.691517,55.255081],[-7.702195,55.247687],[-7.717912,55.246569],[-7.73771,55.251934],[-7.741517,55.249112],[-7.749816,55.249283],[-7.759325,55.241497],[-7.751692,55.237485],[-7.763299,55.234056],[-7.772428,55.227284],[-7.794042,55.220563],[-7.799087,55.21357],[-7.795327,55.206231],[-7.786988,55.203677],[-7.779957,55.204267],[-7.772228,55.192066],[-7.76738,55.190426],[-7.750201,55.194404],[-7.745815,55.199289],[-7.737129,55.196935],[-7.73424,55.192968],[-7.742931,55.190191],[-7.745507,55.186821],[-7.726874,55.178425],[-7.710671,55.176154],[-7.706189,55.180868],[-7.720751,55.194553],[-7.7163,55.199648],[-7.721355,55.210082],[-7.722992,55.221484],[-7.70938,55.230241],[-7.701752,55.22495],[-7.70591,55.213989],[-7.698978,55.210256],[-7.696685,55.203079],[-7.703502,55.201215],[-7.711155,55.202329],[-7.715335,55.197149],[-7.712108,55.191073],[-7.703504,55.188469],[-7.693939,55.190145],[-7.701527,55.180167],[-7.691625,55.177277],[-7.690136,55.180879],[-7.680613,55.17977],[-7.679403,55.164581],[-7.664568,55.158413],[-7.668356,55.153977],[-7.668267,55.144422],[-7.674525,55.140261],[-7.67425,55.136577],[-7.680579,55.132278],[-7.679541,55.127028],[-7.685782,55.121034],[-7.691952,55.110932],[-7.686411,55.106462],[-7.697429,55.103596],[-7.706895,55.10638],[-7.703872,55.120829],[-7.698144,55.128301],[-7.694628,55.138527],[-7.688738,55.143287],[-7.695108,55.145484],[-7.696849,55.15195],[-7.712185,55.167023],[-7.718301,55.168762],[-7.723454,55.173501],[-7.736341,55.176661],[-7.751367,55.175884],[-7.752143,55.181895],[-7.75626,55.185651],[-7.764732,55.188487],[-7.767691,55.183392],[-7.784821,55.184517],[-7.794682,55.178357],[-7.806942,55.177647],[-7.804525,55.188853],[-7.81348,55.197946],[-7.814233,55.201303],[-7.807311,55.20437],[-7.808682,55.215485],[-7.791556,55.226839],[-7.793355,55.229456],[-7.787662,55.234191],[-7.789638,55.239363],[-7.785178,55.250609],[-7.799749,55.250104],[-7.808022,55.245645],[-7.807487,55.237162],[-7.82215,55.23785],[-7.820514,55.23298],[-7.813796,55.231121],[-7.817151,55.225506],[-7.828134,55.224415],[-7.834751,55.230161],[-7.843256,55.232008],[-7.85655,55.225833],[-7.864646,55.228488],[-7.869997,55.220409],[-7.865313,55.216468],[-7.871421,55.21417],[-7.873469,55.202536],[-7.863885,55.194906],[-7.843583,55.192508],[-7.838432,55.194696],[-7.831011,55.190438],[-7.831415,55.183787],[-7.826212,55.182149],[-7.827043,55.169683],[-7.836375,55.160037],[-7.847032,55.15662],[-7.839363,55.150422],[-7.859797,55.140014],[-7.856611,55.128503],[-7.868841,55.1267]]],[[[-8.542009,55.022092],[-8.538425,55.019471],[-8.542605,55.013754],[-8.552545,55.012431],[-8.555004,55.007921],[-8.545888,55.005864],[-8.554023,54.99798],[-8.563138,54.99456],[-8.562418,54.987199],[-8.566616,54.975853],[-8.545888,54.973008],[-8.517616,54.973639],[-8.502658,54.971601],[-8.50032,54.974378],[-8.486887,54.973609],[-8.488819,54.984719],[-8.497268,54.987341],[-8.499926,54.995985],[-8.496372,54.997726],[-8.503459,55.006599],[-8.513003,55.004217],[-8.52013,55.009517],[-8.530993,55.012088],[-8.529701,55.016805],[-8.536661,55.021495],[-8.542009,55.022092]]],[[[-8.463889,54.983147],[-8.467472,54.974748],[-8.45507,54.969118],[-8.446484,54.970461],[-8.450406,54.977513],[-8.463889,54.983147]]],[[[-8.460797,54.991133],[-8.465544,54.988395],[-8.460006,54.983417],[-8.453152,54.984791],[-8.454558,54.988737],[-8.460797,54.991133]]],[[[-8.446172,55.060905],[-8.454895,55.060059],[-8.460336,55.053288],[-8.451526,55.04806],[-8.439444,55.052575],[-8.446172,55.060905]]],[[[-8.441185,54.961409],[-8.454188,54.957836],[-8.458433,54.954645],[-8.454141,54.950892],[-8.441076,54.949397],[-8.434126,54.955613],[-8.441185,54.961409]]],[[[-8.429525,55.052526],[-8.431763,55.046433],[-8.421206,55.036904],[-8.423572,55.032547],[-8.434751,55.030373],[-8.436292,55.025838],[-8.422414,55.025921],[-8.424073,55.021178],[-8.418426,55.015655],[-8.410454,55.013721],[-8.408908,55.027746],[-8.415535,55.030449],[-8.416373,55.038969],[-8.420692,55.042584],[-8.421525,55.048925],[-8.429525,55.052526]]],[[[-8.366715,55.095982],[-8.37289,55.095919],[-8.380365,55.092013],[-8.374078,55.087633],[-8.377893,55.084944],[-8.355839,55.081933],[-8.358873,55.094932],[-8.366715,55.095982]]],[[[-8.339907,55.108446],[-8.343918,55.104633],[-8.338493,55.100172],[-8.330794,55.104496],[-8.339907,55.108446]]],[[[-8.242234,55.274493],[-8.251402,55.273037],[-8.251724,55.267788],[-8.247736,55.263904],[-8.229774,55.26193],[-8.225948,55.264891],[-8.211686,55.253544],[-8.19376,55.254712],[-8.201244,55.260453],[-8.214318,55.263235],[-8.220987,55.267928],[-8.232563,55.270764],[-8.234996,55.274408],[-8.242234,55.274493]]],[[[-8.177947,55.18335],[-8.181664,55.17984],[-8.17657,55.176476],[-8.177709,55.170025],[-8.171447,55.168281],[-8.164989,55.170621],[-8.162312,55.175288],[-8.177716,55.179006],[-8.177947,55.18335]]]]},"properties":{"name":"Donegal","code":"DL"}},
{"type":"Feature","geometry":{"type":"Polygon","coordinates":[[[-6.594915,54.044594],[-6.604595,54.044981],[-6.617414,54.039002],[-6.623445,54.038907],[-6.630954,54.04368],[-6.635773,54.043851],[-6.644841,54.05289],[-6.649926,54.061501],[-6.661105,54.06288],[-6.664476,54.0698],[-6.65817,54.076149],[-6.660885,54.093478],[-6.65115,54.093],[-6.645106,54.099187],[-6.655255,54.10967],[-6.660725,54.117357],[-6.661242,54.12256],[-6.648617,54.123765],[-6.649647,54.129628],[-6.639787,54.131642],[-6.640461,54.142366],[-6.631607,54.147056],[-6.631293,54.156008],[-6.637144,54.17172],[-6.658618,54.184758],[-6.665084,54.193191],[-6.673494,54.192173],[-6.687778,54.194886],[-6.695383,54.198945],[-6.706156,54.200042],[-6.71368,54.195151],[-6.71297,54.19142],[-6.7209,54.187155],[-6.720928,54.182032],[-6.735066,54.185791],[-6.744593,54.184275],[-6.750881,54.195092],[-6.755891,54.199021],[-6.773525,54.198914],[-6.784305,54.205988],[-6.794229,54.20876],[-6.802496,54.217096],[-6.800342,54.221104],[-6.815018,54.227207],[-6.819782,54.232614],[-6.818987,54.238465],[-6.829105,54.247453],[-6.829626,54.257314],[-6.839353,54.267724],[-6.85181,54.265005],[-6.866305,54.27141],[-6.867502,54.275613],[-6.877909,54.279087],[-6.875245,54.28703],[-6.86957,54.287539],[-6.868018,54.282115],[-6.858422,54.282541],[-6.861253,54.28711],[-6.851037,54.292128],[-6.850799,54.297295],[-6.857899,54.304503],[-6.856334,54.31355],[-6.863328,54.315315],[-6.865686,54.326481],[-6.863865,54.330095],[-6.871835,54.334645],[-6.877267,54.346778],[-6.886291,54.345994],[-6.892851,54.351088],[-6.904008,54.349613],[-6.904738,54.356613],[-6.910585,54.365316],[-6.906696,54.369512],[-6.911191,54.37469],[-6.9222,54.378697],[-6.926181,54.375822],[-6.944069,54.386017],[-6.943717,54.389195],[-6.959715,54.392266],[-6.958929,54.397715],[-6.967458,54.401398],[-6.974622,54.400031],[-6.976821,54.406023],[-6.981931,54.409515],[-6.993999,54.40512],[-7.002126,54.408478],[-7.000655,54.413239],[-7.019621,54.416171],[-7.029146,54.421391],[-7.04266,54.415004],[-7.053708,54.4122],[-7.063533,54.39948],[-7.070042,54.395417],[-7.070675,54.390272],[-7.083801,54.38163],[-7.084569,54.378621],[-7.09944,54.371831],[-7.108997,54.365601],[-7.102731,54.360922],[-7.103528,54.355932],[-7.125339,54.349631],[-7.129616,54.345011],[-7.136414,54.344616],[-7.152205,54.33556],[-7.16638,54.336317],[-7.181565,54.339827],[-7.188506,54.337741],[-7.180409,54.332076],[-7.181766,54.328805],[-7.178191,54.316016],[-7.179501,54.309282],[-7.191588,54.311873],[-7.1977,54.311038],[-7.212114,54.299674],[-7.203126,54.294757],[-7.173235,54.286161],[-7.17359,54.279506],[-7.180136,54.275811],[-7.173239,54.272753],[-7.160635,54.273564],[-7.153699,54.265981],[-7.150499,54.258366],[-7.141424,54.253192],[-7.158012,54.245528],[-7.146105,54.239805],[-7.14962,54.233947],[-7.146585,54.230024],[-7.148034,54.224712],[-7.155436,54.221245],[-7.170686,54.217646],[-7.176627,54.218243],[-7.190511,54.224175],[-7.19524,54.217613],[-7.209051,54.21282],[-7.219034,54.215682],[-7.225578,54.214615],[-7.247827,54.202596],[-7.235849,54.19623],[-7.23609,54.193412],[-7.250945,54.194113],[-7.259026,54.191718],[-7.256516,54.188587],[-7.25955,54.18395],[-7.258363,54.178775],[-7.251341,54.172746],[-7.240667,54.171138],[-7.253404,54.166591],[-7.258521,54.160866],[-7.252481,54.155675],[-7.258544,54.152813],[-7.259083,54.148167],[-7.263888,54.145443],[-7.262966,54.137403],[-7.26896,54.135394],[-7.277966,54.129155],[-7.278003,54.123266],[-7.291887,54.119092],[-7.303552,54.122917],[-7.303031,54.126558],[-7.308932,54.132125],[-7.297638,54.133463],[-7.291276,54.131204],[-7.284188,54.139746],[-7.301276,54.143989],[-7.298868,54.149317],[-7.2899,54.149217],[-7.283834,54.153875],[-7.285786,54.157871],[-7.279775,54.16766],[-7.291301,54.17194],[-7.300375,54.166163],[-7.310234,54.167303],[-7.320143,54.159336],[-7.318852,54.157279],[-7.326103,54.151544],[-7.339506,54.146675],[-7.333308,54.143575],[-7.327488,54.135252],[-7.32213,54.138059],[-7.312035,54.131725],[-7.316077,54.126952],[-7.306624,54.124015],[-7.305919,54.1194],[-7.319824,54.113527],[-7.321073,54.108685],[-7.314202,54.105548],[-7.307421,54.109249],[-7.301016,54.106137],[-7.293362,54.107769],[-7.273389,54.100655],[-7.262675,54.093212],[-7.258256,54.096291],[-7.245899,54.092717],[-7.232375,54.096541],[-7.223375,54.102397],[-7.212116,54.096108],[-7.209416,54.095123],[-7.201891,54.092408],[-7.197677,54.096088],[-7.184945,54.091271],[-7.180707,54.0865],[-7.166593,54.089279],[-7.16106,54.084192],[-7.149964,54.082119],[-7.13407,54.088573],[-7.132552,54.092434],[-7.118164,54.095605],[-7.101279,54.093894],[-7.086159,54.082004],[-7.07828,54.088853],[-7.068035,54.09212],[-7.05466,54.093396],[-7.050834,54.099473],[-7.035405,54.097074],[-7.019246,54.099085],[-7.014153,54.092737],[-7.029262,54.087861],[-7.026668,54.080344],[-7.022327,54.077894],[-7.011005,54.077061],[-7.002268,54.064799],[-6.986526,54.061951],[-6.979765,54.050006],[-6.967546,54.04577],[-6.966319,54.040174],[-6.95612,54.043291],[-6.94901,54.036408],[-6.939673,54.033392],[-6.934893,54.018959],[-6.923782,54.012778],[-6.917878,54.016181],[-6.910297,54.015665],[-6.901253,54.008739],[-6.894405,54.012863],[-6.888992,54.011646],[-6.890702,54.003213],[-6.875577,53.997769],[-6.881405,53.994939],[-6.875884,53.991029],[-6.864108,53.987938],[-6.867032,53.983545],[-6.860045,53.976932],[-6.854365,53.96363],[-6.844726,53.957637],[-6.836082,53.942016],[-6.827588,53.932852],[-6.819358,53.932632],[-6.803971,53.929106],[-6.783069,53.925999],[-6.777326,53.927855],[-6.76422,53.920229],[-6.762007,53.917481],[-6.75499,53.914474],[-6.740354,53.912521],[-6.729376,53.916872],[-6.727775,53.911417],[-6.714709,53.90353],[-6.699848,53.90068],[-6.695226,53.901751],[-6.694696,53.907919],[-6.682336,53.912454],[-6.674272,53.908836],[-6.665393,53.913393],[-6.647347,53.916057],[-6.644787,53.923813],[-6.630581,53.926603],[-6.633433,53.932919],[-6.644334,53.934388],[-6.660285,53.941638],[-6.647991,53.945866],[-6.66002,53.953548],[-6.656624,53.95697],[-6.661295,53.962504],[-6.637613,53.96462],[-6.635547,53.968624],[-6.643027,53.971383],[-6.635745,53.976818],[-6.626473,53.975526],[-6.625358,53.981586],[-6.618601,53.983952],[-6.608205,53.980853],[-6.593142,53.974597],[-6.591002,53.970526],[-6.565657,53.970888],[-6.562327,53.978733],[-6.567886,53.981772],[-6.558554,53.987749],[-6.554554,53.994357],[-6.562738,53.99913],[-6.550962,54.002879],[-6.551741,54.007699],[-6.558206,54.009711],[-6.557664,54.014224],[-6.566244,54.017118],[-6.57086,54.025496],[-6.579236,54.03019],[-6.572833,54.033027],[-6.583788,54.039622],[-6.594915,54.044594]]]},"properties":{"name":"Monaghan","code":"MN"}},
{"type":"Feature","geometry":{"type":"Polygon","coordinates":[[[-6.62008,52.708596],[-6.618695,52.713291],[-6.625603,52.722984],[-6.634307,52.732562],[-6.654303,52.746148],[-6.647312,52.749815],[-6.646294,52.754949],[-6.653672,52.760509],[-6.65661,52.768871],[-6.667677,52.770505],[-6.675191,52.778659],[-6.680216,52.779965],[-6.692669,52.775975],[-6.712273,52.778395],[-6.702218,52.787178],[-6.704173,52.794414],[-6.696363,52.796211],[-6.697243,52.802703],[-6.702455,52.803668],[-6.695606,52.811474],[-6.685415,52.815186],[-6.672882,52.816112],[-6.667949,52.821394],[-6.673894,52.828453],[-6.670614,52.832522],[-6.660678,52.83589],[-6.654111,52.834446],[-6.646434,52.828307],[-6.63741,52.829311],[-6.624838,52.822664],[-6.627432,52.818129],[-6.615519,52.807811],[-6.609163,52.808309],[-6.587309,52.803474],[-6.584015,52.806679],[-6.573774,52.803482],[-6.560475,52.811349],[-6.564967,52.814968],[-6.550087,52.818857],[-6.548383,52.820598],[-6.534456,52.821557],[-6.526807,52.82379],[-6.52864,52.831593],[-6.522678,52.837377],[-6.525438,52.852404],[-6.523809,52.859996],[-6.52904,52.864925],[-6.508082,52.867789],[-6.509173,52.872022],[-6.504994,52.877592],[-6.508571,52.880384],[-6.534281,52.889774],[-6.540841,52.886017],[-6.543131,52.877287],[-6.549157,52.874745],[-6.562882,52.880643],[-6.572302,52.881076],[-6.586823,52.879601],[-6.589364,52.890231],[-6.587909,52.894876],[-6.605658,52.9004],[-6.610306,52.897413],[-6.632366,52.903431],[-6.64095,52.90283],[-6.645527,52.899075],[-6.656366,52.907259],[-6.673236,52.909986],[-6.676873,52.905285],[-6.685262,52.903931],[-6.693235,52.905454],[-6.694663,52.910357],[-6.701025,52.911551],[-6.711836,52.917909],[-6.721096,52.914224],[-6.737236,52.915776],[-6.748835,52.907139],[-6.745258,52.898581],[-6.750705,52.888836],[-6.765474,52.889407],[-6.767784,52.879453],[-6.772491,52.879062],[-6.786504,52.871802],[-6.788451,52.865928],[-6.809576,52.871667],[-6.825235,52.869018],[-6.833845,52.863459],[-6.848243,52.860071],[-6.855811,52.861062],[-6.871098,52.876154],[-6.873253,52.871233],[-6.868533,52.861718],[-6.879693,52.857579],[-6.887462,52.862147],[-6.903545,52.866089],[-6.909298,52.86946],[-6.912692,52.874751],[-6.922806,52.879826],[-6.921964,52.88587],[-6.929474,52.885118],[-6.93345,52.880353],[-6.939415,52.880047],[-6.934092,52.866354],[-6.936634,52.859856],[-6.931943,52.846394],[-6.932796,52.84354],[-6.946084,52.839589],[-6.93756,52.828739],[-6.951907,52.814818],[-6.96537,52.809451],[-6.97447,52.809746],[-6.991119,52.807988],[-7.004527,52.809209],[-7.01408,52.806902],[-7.021381,52.810417],[-7.038317,52.808437],[-7.04308,52.801616],[-7.041663,52.798103],[-7.048923,52.794696],[-7.060312,52.793149],[-7.067628,52.785177],[-7.07985,52.781842],[-7.087028,52.777319],[-7.0818,52.77013],[-7.083305,52.757076],[-7.100435,52.749271],[-7.102337,52.746434],[-7.098997,52.739427],[-7.0899,52.734532],[-7.096479,52.731469],[-7.104822,52.731426],[-7.107526,52.725175],[-7.080171,52.726527],[-7.065778,52.708213],[-7.048689,52.711238],[-7.042351,52.715436],[-7.036296,52.709961],[-7.017315,52.704042],[-7.010296,52.696538],[-6.999756,52.688574],[-7.005642,52.684842],[-6.995698,52.681084],[-6.993047,52.673654],[-6.979925,52.668959],[-6.986295,52.66351],[-6.988279,52.656331],[-6.985393,52.642719],[-6.991536,52.634059],[-6.988244,52.629097],[-6.980433,52.626358],[-6.9847,52.621077],[-6.983959,52.617018],[-6.973739,52.611673],[-6.970078,52.604013],[-6.950578,52.600291],[-6.938948,52.590715],[-6.927376,52.58824],[-6.919003,52.576569],[-6.921164,52.567863],[-6.914638,52.562374],[-6.9191,52.558376],[-6.931114,52.554159],[-6.935603,52.548723],[-6.945571,52.546238],[-6.945553,52.54203],[-6.952631,52.540301],[-6.959483,52.535741],[-6.955724,52.531337],[-6.94911,52.528892],[-6.936378,52.528228],[-6.933043,52.517858],[-6.937065,52.505408],[-6.940672,52.501021],[-6.933722,52.48922],[-6.925439,52.486024],[-6.92792,52.481455],[-6.918727,52.476043],[-6.925353,52.469445],[-6.917164,52.463602],[-6.903134,52.4671],[-6.893027,52.465046],[-6.891091,52.466452],[-6.883654,52.466224],[-6.879068,52.470811],[-6.87077,52.472988],[-6.863156,52.478928],[-6.853816,52.497945],[-6.839231,52.509115],[-6.832181,52.519598],[-6.836799,52.5303],[-6.830174,52.53279],[-6.805647,52.549057],[-6.806333,52.561433],[-6.800997,52.565515],[-6.7901,52.562513],[-6.781416,52.576123],[-6.778415,52.578288],[-6.780884,52.585119],[-6.782514,52.597456],[-6.775669,52.616134],[-6.780324,52.618145],[-6.770872,52.625778],[-6.760723,52.629823],[-6.75135,52.637171],[-6.729879,52.642775],[-6.718508,52.639514],[-6.709348,52.640559],[-6.684316,52.635553],[-6.676284,52.637867],[-6.673368,52.642439],[-6.665086,52.646596],[-6.664116,52.652789],[-6.653578,52.656118],[-6.652692,52.66369],[-6.661927,52.667143],[-6.670774,52.663797],[-6.679726,52.668476],[-6.675034,52.677885],[-6.664242,52.686449],[-6.655209,52.685503],[-6.646055,52.688409],[-6.6397,52.697426],[-6.633644,52.698519],[-6.633104,52.704628],[-6.62008,52.708596]]]},"properties":{"name":"Carlow","code":"CW"}},
{"type":"Feature","geometry":{"type":"MultiPolygon","coordinates":[[[[-6.142853,53.384602],[-6.152937,53.38935],[-6.149061,53.4068],[-6.164794,53.40928],[-6.172847,53.406623],[-6.196253,53.40697],[-6.216441,53.410611],[-6.226924,53.409057],[-6.236977,53.397953],[-6.252219,53.399238],[-6.268529,53.402223],[-6.269942,53.405076],[-6.291684,53.406615],[-6.291292,53.398045],[-6.311012,53.402414],[-6.318357,53.400419],[-6.319896,53.386771],[-6.322032,53.379672],[-6.33336,53.376667],[-6.331828,53.372091],[-6.349285,53.369641],[-6.356332,53.358203],[-6.355725,53.353752],[-6.360948,53.346838],[-6.37048,53.343625],[-6.379716,53.345098],[-6.38674,53.34357],[-6.385791,53.337051],[-6.377285,53.328541],[-6.350623,53.331696],[-6.345269,53.327552],[-6.342834,53.319174],[-6.3372,53.317236],[-6.316942,53.316319],[-6.302675,53.310246],[-6.299089,53.303605],[-6.29191,53.298882],[-6.286458,53.304375],[-6.269408,53.303807],[-6.258981,53.308277],[-6.249052,53.308348],[-6.246465,53.312061],[-6.236735,53.314526],[-6.22685,53.311163],[-6.217607,53.309928],[-6.199155,53.312743],[-6.203572,53.315716],[-6.21066,53.332753],[-6.208105,53.336537],[-6.194473,53.335089],[-6.192462,53.337436],[-6.18263,53.337574],[-6.180551,53.341015],[-6.226623,53.344847],[-6.222543,53.348952],[-6.212419,53.345447],[-6.193317,53.345264],[-6.195932,53.35321],[-6.210775,53.353623],[-6.210423,53.356692],[-6.227005,53.359189],[-6.220573,53.362579],[-6.212153,53.360066],[-6.191771,53.357747],[-6.181853,53.36049],[-6.166813,53.370758],[-6.164665,53.368552],[-6.177819,53.358685],[-6.165195,53.352497],[-6.154478,53.361922],[-6.134087,53.373522],[-6.116831,53.379693],[-6.137307,53.379443],[-6.15381,53.372229],[-6.161486,53.373273],[-6.158755,53.377825],[-6.142853,53.384602]]],[[[-6.355725,53.353752],[-6.361115,53.359306],[-6.367032,53.361953],[-6.382317,53.36255],[-6.391003,53.36074],[-6.408116,53.362874],[-6.412193,53.3678],[-6.422344,53.365657],[-6.436811,53.367855],[-6.443604,53.361233],[-6.457872,53.355849],[-6.464879,53.357591],[-6.466236,53.362453],[-6.474945,53.362979],[-6.489412,53.362856],[-6.493316,53.350738],[-6.498712,53.346014],[-6.494173,53.341596],[-6.49115,53.334181],[-6.495079,53.332499],[-6.501713,53.321471],[-6.517758,53.32509],[-6.524748,53.322247],[-6.531563,53.315627],[-6.528079,53.313547],[-6.542402,53.306981],[-6.526965,53.301596],[-6.528582,53.290864],[-6.53551,53.28426],[-6.543889,53.282106],[-6.546326,53.275093],[-6.539144,53.275388],[-6.527511,53.267492],[-6.515354,53.264027],[-6.524551,53.256947],[-6.533663,53.255217],[-6.52855,53.246829],[-6.516837,53.248834],[-6.496345,53.242334],[-6.478486,53.238418],[-6.475257,53.23441],[-6.466477,53.228063],[-6.459984,53.225608],[-6.455692,53.231031],[-6.419756,53.23131],[-6.410571,53.216305],[-6.405734,53.217103],[-6.400549,53.209893],[-6.39476,53.213068],[-6.375848,53.216058],[-6.368355,53.213804],[-6.37463,53.192449],[-6.347283,53.180957],[-6.331986,53.178209],[-6.31212,53.194529],[-6.307647,53.21447],[-6.310821,53.222223],[-6.298279,53.224332],[-6.287565,53.23899],[-6.296674,53.244209],[-6.29927,53.255146],[-6.296934,53.260623],[-6.282765,53.266715],[-6.276294,53.267195],[-6.271747,53.288681],[-6.279074,53.295403],[-6.269408,53.303807],[-6.286458,53.304375],[-6.29191,53.298882],[-6.299089,53.303605],[-6.302675,53.310246],[-6.316942,53.316319],[-6.3372,53.317236],[-6.342834,53.319174],[-6.345269,53.327552],[-6.350623,53.331696],[-6.377285,53.328541],[-6.385791,53.337051],[-6.38674,53.34357],[-6.379716,53.345098],[-6.37048,53.343625],[-6.360948,53.346838],[-6.355725,53.353752]]],[[[-6.205626,53.467448],[-6.200722,53.466554],[-6.19015,53.464537],[-6.175889,53.468924],[-6.168615,53.469715],[-6.154081,53.468658],[-6.152666,53.476051],[-6.14493,53.474918],[-6.133014,53.469797],[-6.132537,53.467847],[-6.142471,53.462496],[-6.147483,53.455885],[-6.135127,53.452364],[-6.130896,53.456372],[-6.120006,53.474599],[-6.110421,53.482991],[-6.104656,53.483812],[-6.096315,53.489465],[-6.098942,53.493282],[-6.108276,53.493487],[-6.112789,53.503639],[-6.118951,53.509731],[-6.130089,53.509547],[-6.126191,53.502163],[-6.127892,53.498424],[-6.13872,53.500112],[-6.152152,53.500474],[-6.162863,53.499302],[-6.171245,53.502746],[-6.150592,53.509257],[-6.141211,53.509012],[-6.1244,53.514049],[-6.120085,53.510879],[-6.105855,53.510087],[-6.091769,53.518238],[-6.083928,53.516849],[-6.076128,53.519743],[-6.085986,53.527124],[-6.082862,53.538632],[-6.084699,53.543942],[-6.079255,53.549881],[-6.082954,53.559875],[-6.097276,53.564732],[-6.104041,53.578156],[-6.110971,53.581533],[-6.121087,53.582667],[-6.12989,53.585911],[-6.147281,53.585963],[-6.155247,53.590829],[-6.16401,53.602694],[-6.164179,53.606791],[-6.176004,53.609485],[-6.182948,53.613426],[-6.188835,53.621272],[-6.188658,53.630577],[-6.195321,53.629746],[-6.206737,53.63311],[-6.2149,53.633407],[-6.225286,53.628693],[-6.235006,53.630017],[-6.238132,53.634348],[-6.255531,53.632818],[-6.261447,53.62673],[-6.267945,53.623883],[-6.26711,53.617279],[-6.273038,53.61493],[-6.271338,53.598441],[-6.281984,53.593961],[-6.289979,53.58848],[-6.300572,53.588095],[-6.310482,53.584015],[-6.315409,53.57723],[-6.330121,53.5722],[-6.337406,53.574992],[-6.348855,53.574936],[-6.348571,53.581349],[-6.371942,53.588042],[-6.380348,53.588332],[-6.386264,53.584248],[-6.401163,53.577093],[-6.401982,53.573438],[-6.414477,53.573408],[-6.423851,53.565756],[-6.428706,53.559212],[-6.431884,53.550881],[-6.435756,53.549218],[-6.433061,53.543781],[-6.419799,53.540546],[-6.417948,53.534125],[-6.407625,53.526387],[-6.392385,53.524076],[-6.367474,53.516529],[-6.367479,53.506371],[-6.346467,53.5019],[-6.339676,53.491454],[-6.33142,53.491311],[-6.331258,53.485765],[-6.3368,53.48225],[-6.338095,53.47763],[-6.340394,53.477042],[-6.345988,53.475133],[-6.355209,53.458998],[-6.353062,53.447772],[-6.365291,53.444452],[-6.377697,53.444387],[-6.387195,53.437985],[-6.396703,53.437695],[-6.41175,53.440176],[-6.415992,53.435235],[-6.417942,53.424317],[-6.422314,53.421502],[-6.421304,53.416901],[-6.434087,53.413948],[-6.441044,53.406273],[-6.439604,53.400085],[-6.451775,53.391155],[-6.459964,53.388463],[-6.466606,53.384998],[-6.470079,53.379355],[-6.474945,53.362979],[-6.466236,53.362453],[-6.464879,53.357591],[-6.457872,53.355849],[-6.443604,53.361233],[-6.436811,53.367855],[-6.422344,53.365657],[-6.412193,53.3678],[-6.408116,53.362874],[-6.391003,53.36074],[-6.382317,53.36255],[-6.367032,53.361953],[-6.361115,53.359306],[-6.355725,53.353752],[-6.356332,53.358203],[-6.349285,53.369641],[-6.331828,53.372091],[-6.33336,53.376667],[-6.322032,53.379672],[-6.319896,53.386771],[-6.318357,53.400419],[-6.311012,53.402414],[-6.291292,53.398045],[-6.291684,53.406615],[-6.269942,53.405076],[-6.268529,53.402223],[-6.252219,53.399238],[-6.236977,53.397953],[-6.226924,53.409057],[-6.216441,53.410611],[-6.196253,53.40697],[-6.172847,53.406623],[-6.164794,53.40928],[-6.149061,53.4068],[-6.152937,53.38935],[-6.142853,53.384602],[-6.131027,53.387406],[-6.116294,53.388627],[-6.105086,53.386854],[-6.101358,53.38391],[-6.102323,53.3772],[-6.096228,53.369196],[-6.076368,53.359978],[-6.071176,53.363987],[-6.061482,53.363445],[-6.055041,53.366274],[-6.04603,53.373909],[-6.044853,53.383859],[-6.049785,53.386178],[-6.062378,53.386388],[-6.063828,53.388748],[-6.075674,53.38946],[-6.085018,53.392249],[-6.106746,53.393021],[-6.116855,53.392354],[-6.122762,53.394527],[-6.134843,53.406812],[-6.135518,53.417366],[-6.128963,53.417511],[-6.12279,53.402106],[-6.114251,53.400289],[-6.112664,53.402915],[-6.123332,53.42378],[-6.123948,53.433652],[-6.122059,53.439923],[-6.1245,53.443706],[-6.133933,53.44695],[-6.137744,53.45126],[-6.158559,53.452607],[-6.167385,53.455798],[-6.177115,53.456254],[-6.204467,53.46503],[-6.205626,53.467448]]],[[[-6.059094,53.399853],[-6.060162,53.408023],[-6.070324,53.408758],[-6.062966,53.400047],[-6.059094,53.399853]]],[[[-6.007537,53.498849],[-6.018156,53.495291],[-6.023232,53.496961],[-6.030958,53.494159],[-6.031308,53.489313],[-6.024923,53.483977],[-6.01593,53.482504],[-6.008056,53.485783],[-6.006047,53.492453],[-6.007537,53.498849]]],[[[-6.128692,53.292029],[-6.133169,53.295734],[-6.140313,53.297281],[-6.15355,53.295635],[-6.178155,53.302798],[-6.1905,53.307687],[-6.199155,53.312743],[-6.217607,53.309928],[-6.22685,53.311163],[-6.236735,53.314526],[-6.246465,53.312061],[-6.249052,53.308348],[-6.258981,53.308277],[-6.269408,53.303807],[-6.279074,53.295403],[-6.271747,53.288681],[-6.276294,53.267195],[-6.282765,53.266715],[-6.296934,53.260623],[-6.29927,53.255146],[-6.296674,53.244209],[-6.287565,53.23899],[-6.298279,53.224332],[-6.29214,53.222818],[-6.27599,53.211119],[-6.259337,53.205115],[-6.239546,53.202174],[-6.227262,53.205271],[-6.224992,53.210554],[-6.219939,53.212305],[-6.211014,53.210298],[-6.208797,53.214987],[-6.202456,53.217135],[-6.194913,53.216531],[-6.182315,53.220867],[-6.174199,53.211896],[-6.162149,53.202806],[-6.147399,53.203441],[-6.136942,53.199135],[-6.128785,53.200842],[-6.126228,53.2075],[-6.114243,53.207979],[-6.102773,53.210773],[-6.110124,53.23492],[-6.112594,53.246095],[-6.111606,53.258798],[-6.106759,53.265778],[-6.094672,53.270578],[-6.09305,53.274926],[-6.100259,53.282003],[-6.114977,53.287804],[-6.120591,53.287873],[-6.128692,53.292029]]]]},"properties":{"name":"Dublin","code":"D"}},
{"type":"Feature","geometry":{"type":"Polygon","coordinates":[[[-6.459964,53.388463],[-6.471406,53.38756],[-6.485182,53.390249],[-6.493612,53.384245],[-6.522995,53.39397],[-6.532184,53.394192],[-6.538499,53.396741],[-6.54654,53.405175],[-6.553711,53.402487],[-6.564662,53.393947],[-6.573011,53.389201],[-6.582682,53.39056],[-6.592459,53.395833],[-6.609204,53.398615],[-6.621207,53.398123],[-6.650342,53.394882],[-6.664217,53.398491],[-6.669412,53.407834],[-6.679014,53.408855],[-6.695678,53.415852],[-6.709902,53.419992],[-6.719713,53.420455],[-6.731416,53.425379],[-6.752654,53.429194],[-6.769477,53.428788],[-6.782234,53.421842],[-6.791817,53.418052],[-6.795494,53.413315],[-6.801998,53.410289],[-6.804653,53.403813],[-6.81155,53.398468],[-6.817669,53.400751],[-6.832598,53.400683],[-6.835036,53.402993],[-6.847606,53.404041],[-6.861372,53.409216],[-6.86185,53.411823],[-6.883259,53.414886],[-6.891099,53.425975],[-6.904022,53.429541],[-6.915002,53.437196],[-6.914042,53.441982],[-6.917486,53.44938],[-6.932845,53.44641],[-6.9461,53.442025],[-6.958254,53.447104],[-6.963073,53.451237],[-6.977635,53.448556],[-6.989246,53.441704],[-6.994146,53.44212],[-7.008971,53.436045],[-7.013974,53.424946],[-7.022504,53.422192],[-7.026555,53.41573],[-7.034238,53.409379],[-7.045083,53.408094],[-7.056659,53.401845],[-7.0744,53.395971],[-7.076935,53.386079],[-7.081369,53.381866],[-7.085255,53.376945],[-7.08816,53.368347],[-7.072938,53.358918],[-7.057346,53.353898],[-7.042576,53.356949],[-7.034517,53.350049],[-7.023847,53.343398],[-7.024597,53.33087],[-6.990484,53.321354],[-6.979225,53.313193],[-6.977708,53.30766],[-7.013321,53.296336],[-7.007333,53.290998],[-6.991497,53.286279],[-7.003521,53.28148],[-7.005874,53.282851],[-7.03214,53.279849],[-7.034763,53.276341],[-7.019075,53.253223],[-7.054599,53.242723],[-7.055344,53.236283],[-7.069406,53.235979],[-7.071956,53.230258],[-7.058289,53.228855],[-7.049196,53.224127],[-7.040963,53.22481],[-7.033377,53.227884],[-7.023612,53.224554],[-7.013098,53.218235],[-7.01973,53.213397],[-7.032874,53.209036],[-7.035285,53.204608],[-7.036046,53.190018],[-7.069421,53.191355],[-7.098721,53.186915],[-7.114953,53.189879],[-7.135914,53.189031],[-7.151209,53.192314],[-7.158174,53.190919],[-7.168931,53.184913],[-7.165268,53.182088],[-7.135196,53.179293],[-7.124846,53.18055],[-7.106021,53.168034],[-7.094825,53.172794],[-7.078692,53.172615],[-7.066154,53.169415],[-7.063407,53.164713],[-7.064606,53.159872],[-7.071334,53.150173],[-7.078196,53.151393],[-7.085778,53.157841],[-7.096229,53.159128],[-7.098575,53.154765],[-7.093316,53.151736],[-7.096537,53.14061],[-7.10299,53.136005],[-7.090324,53.131978],[-7.083502,53.127717],[-7.078333,53.121638],[-7.075446,53.109764],[-7.060733,53.106365],[-7.055465,53.100667],[-7.052921,53.094014],[-7.055521,53.090145],[-7.04515,53.073398],[-7.047421,53.068479],[-7.053871,53.067278],[-7.047816,53.056646],[-7.059747,53.052597],[-7.060082,53.043709],[-7.054306,53.041297],[-7.058014,53.03765],[-7.066043,53.037155],[-7.071866,53.031175],[-7.068713,53.021253],[-7.086336,53.014225],[-7.089814,53.00706],[-7.088393,52.999222],[-7.079459,52.997539],[-7.068636,52.99118],[-7.065422,52.983133],[-7.051002,52.980285],[-7.043131,52.976955],[-7.035122,52.978715],[-7.022783,52.97465],[-7.019928,52.966122],[-7.006333,52.971024],[-6.980038,52.978096],[-6.970379,52.969042],[-6.970467,52.959231],[-6.959259,52.949048],[-6.954852,52.947373],[-6.954325,52.938713],[-6.94603,52.930286],[-6.935006,52.915674],[-6.934223,52.910424],[-6.936972,52.905475],[-6.935757,52.899925],[-6.943378,52.890843],[-6.939845,52.886337],[-6.939415,52.880047],[-6.93345,52.880353],[-6.929474,52.885118],[-6.921964,52.88587],[-6.922806,52.879826],[-6.912692,52.874751],[-6.909298,52.86946],[-6.903545,52.866089],[-6.887462,52.862147],[-6.879693,52.857579],[-6.868533,52.861718],[-6.873253,52.871233],[-6.871098,52.876154],[-6.855811,52.861062],[-6.848243,52.860071],[-6.833845,52.863459],[-6.825235,52.869018],[-6.809576,52.871667],[-6.788451,52.865928],[-6.786504,52.871802],[-6.772491,52.879062],[-6.767784,52.879453],[-6.765474,52.889407],[-6.750705,52.888836],[-6.745258,52.898581],[-6.748835,52.907139],[-6.737236,52.915776],[-6.732746,52.919907],[-6.730453,52.92685],[-6.733647,52.932729],[-6.740026,52.935186],[-6.73673,52.941145],[-6.742552,52.948286],[-6.760205,52.958661],[-6.771743,52.968917],[-6.779007,52.978169],[-6.787066,52.976866],[-6.791976,52.986417],[-6.792047,52.992494],[-6.787103,52.999531],[-6.774602,53.003944],[-6.76611,53.008741],[-6.77629,53.013543],[-6.770661,53.023184],[-6.756751,53.025219],[-6.751598,53.030828],[-6.737272,53.040224],[-6.731423,53.046669],[-6.729641,53.059344],[-6.733252,53.065059],[-6.726371,53.066308],[-6.717622,53.071661],[-6.707837,53.07413],[-6.702798,53.072374],[-6.683508,53.07757],[-6.681007,53.081523],[-6.667844,53.082341],[-6.66322,53.086456],[-6.652362,53.091038],[-6.629278,53.092087],[-6.624308,53.104468],[-6.610988,53.101951],[-6.603819,53.105356],[-6.593494,53.113031],[-6.590605,53.119658],[-6.58214,53.120542],[-6.575469,53.127867],[-6.565402,53.132005],[-6.573164,53.134918],[-6.578369,53.142741],[-6.576342,53.149315],[-6.562894,53.156192],[-6.553561,53.157685],[-6.550095,53.162659],[-6.540006,53.167171],[-6.555506,53.174433],[-6.561964,53.179371],[-6.556098,53.185355],[-6.534371,53.190606],[-6.518704,53.188396],[-6.500074,53.202434],[-6.505701,53.207157],[-6.508716,53.214405],[-6.492854,53.221288],[-6.480154,53.229532],[-6.475257,53.23441],[-6.478486,53.238418],[-6.496345,53.242334],[-6.516837,53.248834],[-6.52855,53.246829],[-6.533663,53.255217],[-6.524551,53.256947],[-6.515354,53.264027],[-6.527511,53.267492],[-6.539144,53.275388],[-6.546326,53.275093],[-6.543889,53.282106],[-6.53551,53.28426],[-6.528582,53.290864],[-6.526965,53.301596],[-6.542402,53.306981],[-6.528079,53.313547],[-6.531563,53.315627],[-6.524748,53.322247],[-6.517758,53.32509],[-6.501713,53.321471],[-6.495079,53.332499],[-6.49115,53.334181],[-6.494173,53.341596],[-6.498712,53.346014],[-6.493316,53.350738],[-6.489412,53.362856],[-6.474945,53.362979],[-6.470079,53.379355],[-6.466606,53.384998],[-6.459964,53.388463]]]},"properties":{"name":"Kildare","code":"KE"}},
{"type":"Feature","geometry":{"type":"Polygon","coordinates":[[[-7.060312,52.793149],[-7.061482,52.797437],[-7.069334,52.808123],[-7.070269,52.812759],[-7.077941,52.816318],[-7.087147,52.816591],[-7.09091,52.821769],[-7.098796,52.82692],[-7.111066,52.824567],[-7.121092,52.825094],[-7.122247,52.830912],[-7.127708,52.836126],[-7.128622,52.841122],[-7.136231,52.847021],[-7.141329,52.847853],[-7.138665,52.856015],[-7.139955,52.869119],[-7.147494,52.872767],[-7.15058,52.876918],[-7.159968,52.872361],[-7.166384,52.883515],[-7.176966,52.884275],[-7.179908,52.889618],[-7.189097,52.89395],[-7.19644,52.893949],[-7.204429,52.890716],[-7.212256,52.881813],[-7.220359,52.877079],[-7.22553,52.878067],[-7.247359,52.878328],[-7.242832,52.869253],[-7.243278,52.862788],[-7.248386,52.859873],[-7.259647,52.849039],[-7.277295,52.854232],[-7.299112,52.863607],[-7.310315,52.866457],[-7.319667,52.861567],[-7.324322,52.862266],[-7.329555,52.851707],[-7.345329,52.838984],[-7.342733,52.834914],[-7.348824,52.818383],[-7.348275,52.812806],[-7.360082,52.813873],[-7.361279,52.82841],[-7.370405,52.831781],[-7.376691,52.82883],[-7.378635,52.823037],[-7.38863,52.820081],[-7.390603,52.805292],[-7.399012,52.795689],[-7.403802,52.798336],[-7.430829,52.802314],[-7.439871,52.795992],[-7.446685,52.795417],[-7.448222,52.787832],[-7.473363,52.786375],[-7.479458,52.786982],[-7.488027,52.794039],[-7.489524,52.797574],[-7.503542,52.801701],[-7.507701,52.800137],[-7.519337,52.801983],[-7.516042,52.80663],[-7.529237,52.811293],[-7.535129,52.810036],[-7.538675,52.80529],[-7.547399,52.808229],[-7.551202,52.806439],[-7.559883,52.808906],[-7.556689,52.814413],[-7.566268,52.821898],[-7.570844,52.82201],[-7.5789,52.828449],[-7.588396,52.819277],[-7.60016,52.815471],[-7.606517,52.810946],[-7.616756,52.80943],[-7.616455,52.803774],[-7.612077,52.790035],[-7.626006,52.789634],[-7.635688,52.78768],[-7.647517,52.789956],[-7.667865,52.782228],[-7.674081,52.781293],[-7.671262,52.777478],[-7.667367,52.760945],[-7.66838,52.754142],[-7.654125,52.746732],[-7.646182,52.735073],[-7.647825,52.732131],[-7.626173,52.733689],[-7.60871,52.720981],[-7.594214,52.717615],[-7.581187,52.711291],[-7.577418,52.712652],[-7.569707,52.708471],[-7.553478,52.702684],[-7.54663,52.697991],[-7.547028,52.694795],[-7.537407,52.690466],[-7.533592,52.683245],[-7.535568,52.679076],[-7.519808,52.66178],[-7.52118,52.654694],[-7.511617,52.645901],[-7.510711,52.64243],[-7.493124,52.630042],[-7.488297,52.625138],[-7.478199,52.619737],[-7.475272,52.616025],[-7.4763,52.607381],[-7.48109,52.60394],[-7.475634,52.59072],[-7.461106,52.584582],[-7.45136,52.581872],[-7.457419,52.566745],[-7.451839,52.553042],[-7.45823,52.537103],[-7.457273,52.523877],[-7.450275,52.516397],[-7.45323,52.51066],[-7.443424,52.510388],[-7.43244,52.51856],[-7.420065,52.510909],[-7.425208,52.504464],[-7.429533,52.503145],[-7.432614,52.495878],[-7.444371,52.49078],[-7.459524,52.482314],[-7.459346,52.477101],[-7.467869,52.472309],[-7.460993,52.465879],[-7.441106,52.465965],[-7.44105,52.459618],[-7.429363,52.453179],[-7.422946,52.452072],[-7.419809,52.443466],[-7.403519,52.434454],[-7.399938,52.42795],[-7.390806,52.428503],[-7.384698,52.42466],[-7.382424,52.41996],[-7.385479,52.410403],[-7.389942,52.405007],[-7.394533,52.394792],[-7.388352,52.383502],[-7.389842,52.3772],[-7.394026,52.372344],[-7.397067,52.36405],[-7.388762,52.356534],[-7.383344,52.355104],[-7.372141,52.345633],[-7.372162,52.343008],[-7.359588,52.342497],[-7.355953,52.33607],[-7.323931,52.330859],[-7.320432,52.326256],[-7.302563,52.315575],[-7.299857,52.309755],[-7.301166,52.304141],[-7.283924,52.296186],[-7.283206,52.288939],[-7.276295,52.283059],[-7.265002,52.267401],[-7.258906,52.264516],[-7.24293,52.2627],[-7.236974,52.259559],[-7.231581,52.249759],[-7.21932,52.243156],[-7.212457,52.243103],[-7.198592,52.249901],[-7.187116,52.260615],[-7.170716,52.27345],[-7.158453,52.279475],[-7.150757,52.279161],[-7.132888,52.268962],[-7.115812,52.267005],[-7.100614,52.266348],[-7.096853,52.257515],[-7.087312,52.251627],[-7.06835,52.25685],[-7.040356,52.255997],[-7.026207,52.269146],[-7.000173,52.275697],[-7.005496,52.283445],[-7.018154,52.295301],[-7.006248,52.306164],[-7.000413,52.315135],[-6.988438,52.319064],[-6.986126,52.323701],[-6.993577,52.330622],[-6.993466,52.339794],[-6.996726,52.346705],[-6.991534,52.364358],[-6.984404,52.368371],[-6.970387,52.367258],[-6.964002,52.370458],[-6.965233,52.378158],[-6.953721,52.390313],[-6.956872,52.391885],[-6.955666,52.398913],[-6.94224,52.402919],[-6.940692,52.410642],[-6.943369,52.413154],[-6.956716,52.416076],[-6.961284,52.421714],[-6.952585,52.425662],[-6.94179,52.422096],[-6.926151,52.420334],[-6.925803,52.424091],[-6.918361,52.426198],[-6.915027,52.429825],[-6.921037,52.43372],[-6.927287,52.442592],[-6.92339,52.451198],[-6.925559,52.45502],[-6.916132,52.459814],[-6.917164,52.463602],[-6.925353,52.469445],[-6.918727,52.476043],[-6.92792,52.481455],[-6.925439,52.486024],[-6.933722,52.48922],[-6.940672,52.501021],[-6.937065,52.505408],[-6.933043,52.517858],[-6.936378,52.528228],[-6.94911,52.528892],[-6.955724,52.531337],[-6.959483,52.535741],[-6.952631,52.540301],[-6.945553,52.54203],[-6.945571,52.546238],[-6.935603,52.548723],[-6.931114,52.554159],[-6.9191,52.558376],[-6.914638,52.562374],[-6.921164,52.567863],[-6.919003,52.576569],[-6.927376,52.58824],[-6.938948,52.590715],[-6.950578,52.600291],[-6.970078,52.604013],[-6.973739,52.611673],[-6.983959,52.617018],[-6.9847,52.621077],[-6.980433,52.626358],[-6.988244,52.629097],[-6.991536,52.634059],[-6.985393,52.642719],[-6.988279,52.656331],[-6.986295,52.66351],[-6.979925,52.668959],[-6.993047,52.673654],[-6.995698,52.681084],[-7.005642,52.684842],[-6.999756,52.688574],[-7.010296,52.696538],[-7.017315,52.704042],[-7.036296,52.709961],[-7.042351,52.715436],[-7.048689,52.711238],[-7.065778,52.708213],[-7.080171,52.726527],[-7.107526,52.725175],[-7.104822,52.731426],[-7.096479,52.731469],[-7.0899,52.734532],[-7.098997,52.739427],[-7.102337,52.746434],[-7.100435,52.749271],[-7.083305,52.757076],[-7.0818,52.77013],[-7.087028,52.777319],[-7.07985,52.781842],[-7.067628,52.785177],[-7.060312,52.793149]]]},"properties":{"name":"Kilkenny","code":"KK"}},
{"type":"Feature","geometry":{"type":"Polygon","coordinates":[[[-7.106021,53.168034],[-7.109885,53.161684],[-7.11541,53.158447],[-7.124789,53.157637],[-7.139555,53.159022],[-7.152,53.156587],[-7.158415,53.158468],[-7.171577,53.157506],[-7.177089,53.162007],[-7.175204,53.166403],[-7.18032,53.174689],[-7.192704,53.167618],[-7.192907,53.161936],[-7.199151,53.155508],[-7.204192,53.155644],[-7.216933,53.149474],[-7.225795,53.150157],[-7.243237,53.13888],[-7.246359,53.142753],[-7.260008,53.143082],[-7.263775,53.137424],[-7.272877,53.135991],[-7.285926,53.137514],[-7.300729,53.134343],[-7.309725,53.13782],[-7.322148,53.148318],[-7.33322,53.169446],[-7.317306,53.169705],[-7.333481,53.186934],[-7.348818,53.194683],[-7.359655,53.202975],[-7.360396,53.208411],[-7.384187,53.213503],[-7.391199,53.207405],[-7.403882,53.210281],[-7.405628,53.212598],[-7.420131,53.210312],[-7.429169,53.206759],[-7.42703,53.193136],[-7.43229,53.186915],[-7.443174,53.18521],[-7.453224,53.186338],[-7.483225,53.194494],[-7.487206,53.196914],[-7.493791,53.190272],[-7.532325,53.184573],[-7.547317,53.176789],[-7.565232,53.175956],[-7.57041,53.174349],[-7.581205,53.175448],[-7.593277,53.171786],[-7.607325,53.172794],[-7.629227,53.168824],[-7.629471,53.161862],[-7.635365,53.156516],[-7.645949,53.151768],[-7.643701,53.141689],[-7.639204,53.139349],[-7.629608,53.129971],[-7.625185,53.13008],[-7.610774,53.11864],[-7.613372,53.11126],[-7.591418,53.10601],[-7.587723,53.099837],[-7.595485,53.091303],[-7.60363,53.086545],[-7.60016,53.083915],[-7.606131,53.076592],[-7.622166,53.066408],[-7.638813,53.061504],[-7.658373,53.050743],[-7.654402,53.040681],[-7.663905,53.03631],[-7.677516,53.032039],[-7.691062,53.030948],[-7.696869,53.027111],[-7.702263,53.016069],[-7.709203,53.009318],[-7.709037,52.997009],[-7.706735,52.993622],[-7.711791,52.98882],[-7.703298,52.986105],[-7.708636,52.982755],[-7.708145,52.97783],[-7.730677,52.962665],[-7.730445,52.957657],[-7.73017,52.952773],[-7.725776,52.945917],[-7.711248,52.942181],[-7.702183,52.934068],[-7.685401,52.933131],[-7.67882,52.934825],[-7.660285,52.933669],[-7.665233,52.921702],[-7.675959,52.91541],[-7.684298,52.914902],[-7.705817,52.902275],[-7.708732,52.891474],[-7.724253,52.888861],[-7.725702,52.887314],[-7.7207,52.877451],[-7.7174,52.86519],[-7.73465,52.858362],[-7.732172,52.851975],[-7.719342,52.841542],[-7.716425,52.837475],[-7.697215,52.831803],[-7.694762,52.824764],[-7.68857,52.815824],[-7.689623,52.808088],[-7.680461,52.805521],[-7.678982,52.794402],[-7.674081,52.781293],[-7.667865,52.782228],[-7.647517,52.789956],[-7.635688,52.78768],[-7.626006,52.789634],[-7.612077,52.790035],[-7.616455,52.803774],[-7.616756,52.80943],[-7.606517,52.810946],[-7.60016,52.815471],[-7.588396,52.819277],[-7.5789,52.828449],[-7.570844,52.82201],[-7.566268,52.821898],[-7.556689,52.814413],[-7.559883,52.808906],[-7.551202,52.806439],[-7.547399,52.808229],[-7.538675,52.80529],[-7.535129,52.810036],[-7.529237,52.811293],[-7.516042,52.80663],[-7.519337,52.801983],[-7.507701,52.800137],[-7.503542,52.801701],[-7.489524,52.797574],[-7.488027,52.794039],[-7.479458,52.786982],[-7.473363,52.786375],[-7.448222,52.787832],[-7.446685,52.795417],[-7.439871,52.795992],[-7.430829,52.802314],[-7.403802,52.798336],[-7.399012,52.795689],[-7.390603,52.805292],[-7.38863,52.820081],[-7.378635,52.823037],[-7.376691,52.82883],[-7.370405,52.831781],[-7.361279,52.82841],[-7.360082,52.813873],[-7.348275,52.812806],[-7.348824,52.818383],[-7.342733,52.834914],[-7.345329,52.838984],[-7.329555,52.851707],[-7.324322,52.862266],[-7.319667,52.861567],[-7.310315,52.866457],[-7.299112,52.863607],[-7.277295,52.854232],[-7.259647,52.849039],[-7.248386,52.859873],[-7.243278,52.862788],[-7.242832,52.869253],[-7.247359,52.878328],[-7.22553,52.878067],[-7.220359,52.877079],[-7.212256,52.881813],[-7.204429,52.890716],[-7.19644,52.893949],[-7.189097,52.89395],[-7.179908,52.889618],[-7.176966,52.884275],[-7.166384,52.883515],[-7.159968,52.872361],[-7.15058,52.876918],[-7.147494,52.872767],[-7.139955,52.869119],[-7.138665,52.856015],[-7.141329,52.847853],[-7.136231,52.847021],[-7.128622,52.841122],[-7.127708,52.836126],[-7.122247,52.830912],[-7.121092,52.825094],[-7.111066,52.824567],[-7.098796,52.82692],[-7.09091,52.821769],[-7.087147,52.816591],[-7.077941,52.816318],[-7.070269,52.812759],[-7.069334,52.808123],[-7.061482,52.797437],[-7.060312,52.793149],[-7.048923,52.794696],[-7.041663,52.798103],[-7.04308,52.801616],[-7.038317,52.808437],[-7.021381,52.810417],[-7.01408,52.806902],[-7.004527,52.809209],[-6.991119,52.807988],[-6.97447,52.809746],[-6.96537,52.809451],[-6.951907,52.814818],[-6.93756,52.828739],[-6.946084,52.839589],[-6.932796,52.84354],[-6.931943,52.846394],[-6.936634,52.859856],[-6.934092,52.866354],[-6.939415,52.880047],[-6.939845,52.886337],[-6.943378,52.890843],[-6.935757,52.899925],[-6.936972,52.905475],[-6.934223,52.910424],[-6.935006,52.915674],[-6.94603,52.930286],[-6.954325,52.938713],[-6.954852,52.947373],[-6.959259,52.949048],[-6.970467,52.959231],[-6.970379,52.969042],[-6.980038,52.978096],[-7.006333,52.971024],[-7.019928,52.966122],[-7.022783,52.97465],[-7.035122,52.978715],[-7.043131,52.976955],[-7.051002,52.980285],[-7.065422,52.983133],[-7.068636,52.99118],[-7.079459,52.997539],[-7.088393,52.999222],[-7.089814,53.00706],[-7.086336,53.014225],[-7.068713,53.021253],[-7.071866,53.031175],[-7.066043,53.037155],[-7.058014,53.03765],[-7.054306,53.041297],[-7.060082,53.043709],[-7.059747,53.052597],[-7.047816,53.056646],[-7.053871,53.067278],[-7.047421,53.068479],[-7.04515,53.073398],[-7.055521,53.090145],[-7.052921,53.094014],[-7.055465,53.100667],[-7.060733,53.106365],[-7.075446,53.109764],[-7.078333,53.121638],[-7.083502,53.127717],[-7.090324,53.131978],[-7.10299,53.136005],[-7.096537,53.14061],[-7.093316,53.151736],[-7.098575,53.154765],[-7.096229,53.159128],[-7.085778,53.157841],[-7.078196,53.151393],[-7.071334,53.150173],[-7.064606,53.159872],[-7.063407,53.164713],[-7.066154,53.169415],[-7.078692,53.172615],[-7.094825,53.172794],[-7.106021,53.168034]]]},"properties":{"name":"Laois","code":"LS"}},
{"type":"Feature","geometry":{"type":"Polygon","coordinates":[[[-7.610287,53.938364],[-7.619758,53.935386],[-7.634527,53.939413],[-7.644132,53.937924],[-7.646728,53.941553],[-7.657674,53.937388],[-7.660729,53.929318],[-7.668213,53.928239],[-7.667369,53.921412],[-7.676629,53.917379],[-7.691103,53.918463],[-7.692594,53.916251],[-7.690615,53.905871],[-7.698834,53.904687],[-7.701379,53.901144],[-7.712269,53.899143],[-7.713366,53.890912],[-7.726252,53.888183],[-7.728175,53.881442],[-7.737751,53.876182],[-7.751166,53.879247],[-7.750576,53.875527],[-7.75816,53.873635],[-7.754517,53.869138],[-7.759196,53.86454],[-7.766984,53.867106],[-7.776822,53.867579],[-7.771941,53.846026],[-7.782147,53.837252],[-7.780247,53.828912],[-7.787659,53.823123],[-7.788281,53.816363],[-7.803111,53.815161],[-7.810916,53.820378],[-7.828346,53.811561],[-7.837105,53.810831],[-7.846392,53.818491],[-7.854736,53.831546],[-7.863914,53.825667],[-7.861116,53.812447],[-7.868407,53.805967],[-7.876441,53.808446],[-7.870515,53.813932],[-7.875545,53.815326],[-7.888594,53.823758],[-7.896949,53.824016],[-7.91175,53.821351],[-7.918767,53.821485],[-7.910749,53.809786],[-7.908894,53.793687],[-7.894087,53.786286],[-7.881198,53.785633],[-7.875845,53.777396],[-7.883448,53.771501],[-7.881969,53.767251],[-7.888623,53.757949],[-7.898093,53.756415],[-7.908697,53.749197],[-7.917548,53.746979],[-7.917,53.735875],[-7.923307,53.733286],[-7.931313,53.733451],[-7.943471,53.738777],[-7.94754,53.735364],[-7.944137,53.728244],[-7.951202,53.711686],[-7.965211,53.711249],[-7.97704,53.701686],[-7.984478,53.701073],[-7.987657,53.697645],[-7.983062,53.691885],[-7.984089,53.680364],[-7.999477,53.669029],[-8.002676,53.663106],[-8.014785,53.662397],[-8.026754,53.653171],[-8.034651,53.643386],[-8.035884,53.631387],[-8.035976,53.607686],[-8.015202,53.581073],[-7.98071,53.551905],[-7.96979,53.52173],[-7.947869,53.525152],[-7.939137,53.527771],[-7.921725,53.542534],[-7.914721,53.5446],[-7.893897,53.542979],[-7.857756,53.549161],[-7.836296,53.538925],[-7.832208,53.542426],[-7.822835,53.542422],[-7.820568,53.544875],[-7.81075,53.540147],[-7.795703,53.536492],[-7.785147,53.538624],[-7.773815,53.535423],[-7.759851,53.535308],[-7.741041,53.527028],[-7.735613,53.529478],[-7.72314,53.530379],[-7.719972,53.53527],[-7.705394,53.538506],[-7.681922,53.533298],[-7.674471,53.529192],[-7.661024,53.533885],[-7.657131,53.541153],[-7.656604,53.551576],[-7.660962,53.558574],[-7.649767,53.562678],[-7.638248,53.574914],[-7.630464,53.579121],[-7.631079,53.587085],[-7.627954,53.591002],[-7.619187,53.589271],[-7.609992,53.591962],[-7.601118,53.59856],[-7.608434,53.606615],[-7.598637,53.612747],[-7.581765,53.61393],[-7.576868,53.610821],[-7.565842,53.611203],[-7.559876,53.61393],[-7.569767,53.622302],[-7.564892,53.629344],[-7.570484,53.635667],[-7.579266,53.64036],[-7.595691,53.644184],[-7.606108,53.648474],[-7.614999,53.648817],[-7.611524,53.659685],[-7.592482,53.65705],[-7.569109,53.646456],[-7.564688,53.651872],[-7.573797,53.656252],[-7.568323,53.6713],[-7.548603,53.669352],[-7.541938,53.672035],[-7.538457,53.676731],[-7.531839,53.674815],[-7.530721,53.681784],[-7.534947,53.685069],[-7.526398,53.68988],[-7.528264,53.700052],[-7.517622,53.695489],[-7.509487,53.698882],[-7.516992,53.704973],[-7.515869,53.708509],[-7.494862,53.701499],[-7.485535,53.702187],[-7.483232,53.709522],[-7.476999,53.70986],[-7.47342,53.714782],[-7.466381,53.711895],[-7.458737,53.720408],[-7.458698,53.729754],[-7.447503,53.729035],[-7.437981,53.730875],[-7.429609,53.734931],[-7.422944,53.730874],[-7.416394,53.723959],[-7.406434,53.725904],[-7.405985,53.732259],[-7.399098,53.734207],[-7.393634,53.732328],[-7.385749,53.73514],[-7.386406,53.741659],[-7.383779,53.750897],[-7.379597,53.754652],[-7.37721,53.763477],[-7.383217,53.764222],[-7.3847,53.771247],[-7.39554,53.772653],[-7.398316,53.770382],[-7.409969,53.779049],[-7.412534,53.785752],[-7.41126,53.789824],[-7.418669,53.79271],[-7.456343,53.802328],[-7.462149,53.801298],[-7.47149,53.811706],[-7.472833,53.815899],[-7.467027,53.818169],[-7.46583,53.823379],[-7.470214,53.829476],[-7.471469,53.838497],[-7.47641,53.843163],[-7.473586,53.849403],[-7.476752,53.853625],[-7.487492,53.852276],[-7.494457,53.860348],[-7.517008,53.858755],[-7.527961,53.863665],[-7.541308,53.857626],[-7.543235,53.853491],[-7.554546,53.85318],[-7.570822,53.854517],[-7.578171,53.850004],[-7.583507,53.851121],[-7.585066,53.856911],[-7.576396,53.864974],[-7.571803,53.873841],[-7.572066,53.880065],[-7.558554,53.877707],[-7.555259,53.890667],[-7.549856,53.892919],[-7.556454,53.898138],[-7.557195,53.903943],[-7.574919,53.907492],[-7.580197,53.903139],[-7.58547,53.908684],[-7.583099,53.914255],[-7.593538,53.9212],[-7.595766,53.928319],[-7.603129,53.93122],[-7.606236,53.937408],[-7.610287,53.938364]]]},"properties":{"name":"Longford","code":"LD"}},
{"type":"Feature","geometry":{"type":"Polygon","coordinates":[[[-6.374659,54.023717],[-6.37418,54.021306],[-6.370524,54.021515],[-6.369864,54.020569],[-6.364172,54.022839],[-6.364394,54.024597],[-6.351625,54.017476],[-6.346443,54.011358],[-6.340254,54.01284],[-6.320708,54.014114],[-6.297186,54.009101],[-6.286215,54.001914],[-6.269475,53.994798],[-6.25467,53.991924],[-6.25113,53.988079],[-6.229138,53.986819],[-6.215504,53.984614],[-6.199286,53.979841],[-6.186938,53.978535],[-6.177652,53.980063],[-6.164989,53.976994],[-6.148025,53.9817],[-6.139837,53.981182],[-6.133053,53.986831],[-6.110079,53.995986],[-6.103011,54.000147],[-6.128215,54.0197],[-6.128962,54.030502],[-6.132781,54.034868],[-6.140813,54.028767],[-6.147564,54.027208],[-6.172369,54.037226],[-6.177978,54.042336],[-6.185292,54.041047],[-6.194599,54.055642],[-6.202081,54.061001],[-6.218255,54.06768],[-6.228033,54.069358],[-6.245804,54.077485],[-6.253535,54.08766],[-6.259742,54.090012],[-6.268004,54.102145],[-6.281283,54.111224],[-6.290899,54.112664],[-6.294493,54.10983],[-6.30904,54.106722],[-6.309015,54.103377],[-6.317903,54.090955],[-6.336373,54.094713],[-6.334505,54.105008],[-6.339936,54.11191],[-6.345891,54.113676],[-6.354815,54.110485],[-6.363075,54.11383],[-6.368385,54.110951],[-6.366612,54.102081],[-6.362166,54.097391],[-6.366122,54.093891],[-6.363652,54.09014],[-6.362293,54.079307],[-6.363552,54.072609],[-6.366967,54.070376],[-6.383955,54.067766],[-6.387255,54.061615],[-6.410667,54.062598],[-6.433481,54.061017],[-6.437376,54.057465],[-6.445676,54.058394],[-6.450034,54.067984],[-6.456124,54.072543],[-6.480004,54.076626],[-6.480048,54.067165],[-6.496551,54.059246],[-6.503511,54.059919],[-6.515743,54.052516],[-6.531929,54.059656],[-6.549262,54.050407],[-6.558011,54.049293],[-6.56945,54.050912],[-6.586579,54.057564],[-6.595673,54.051994],[-6.594915,54.044594],[-6.583788,54.039622],[-6.572833,54.033027],[-6.579236,54.03019],[-6.57086,54.025496],[-6.566244,54.017118],[-6.557664,54.014224],[-6.558206,54.009711],[-6.551741,54.007699],[-6.550962,54.002879],[-6.562738,53.99913],[-6.554554,53.994357],[-6.558554,53.987749],[-6.567886,53.981772],[-6.562327,53.978733],[-6.565657,53.970888],[-6.591002,53.970526],[-6.593142,53.974597],[-6.608205,53.980853],[-6.618601,53.983952],[-6.625358,53.981586],[-6.626473,53.975526],[-6.635745,53.976818],[-6.643027,53.971383],[-6.635547,53.968624],[-6.637613,53.96462],[-6.661295,53.962504],[-6.656624,53.95697],[-6.66002,53.953548],[-6.647991,53.945866],[-6.660285,53.941638],[-6.644334,53.934388],[-6.633433,53.932919],[-6.630581,53.926603],[-6.644787,53.923813],[-6.647347,53.916057],[-6.665393,53.913393],[-6.674272,53.908836],[-6.682336,53.912454],[-6.694696,53.907919],[-6.695226,53.901751],[-6.686175,53.90086],[-6.67884,53.892993],[-6.664883,53.891575],[-6.655967,53.885418],[-6.643775,53.883367],[-6.636887,53.879466],[-6.626322,53.879815],[-6.620777,53.874962],[-6.602051,53.863378],[-6.593538,53.8515],[-6.59348,53.842468],[-6.598575,53.839748],[-6.592061,53.83218],[-6.58219,53.827798],[-6.578525,53.819651],[-6.58221,53.816705],[-6.579417,53.802524],[-6.571471,53.79717],[-6.553065,53.797973],[-6.551727,53.787473],[-6.547818,53.778023],[-6.537207,53.780179],[-6.527659,53.774196],[-6.528651,53.769266],[-6.521234,53.769336],[-6.515267,53.76654],[-6.478576,53.76986],[-6.468589,53.769972],[-6.454461,53.766074],[-6.447895,53.757956],[-6.458128,53.751602],[-6.460074,53.747541],[-6.473601,53.737441],[-6.481337,53.730276],[-6.47924,53.726022],[-6.469941,53.721346],[-6.463648,53.713318],[-6.455415,53.713102],[-6.435214,53.715905],[-6.427854,53.720685],[-6.426673,53.725026],[-6.417932,53.725636],[-6.396842,53.719097],[-6.38893,53.71461],[-6.381079,53.714515],[-6.380408,53.707452],[-6.374074,53.698492],[-6.365462,53.702916],[-6.355166,53.705556],[-6.348221,53.70526],[-6.330965,53.707199],[-6.328927,53.702924],[-6.320534,53.702659],[-6.314904,53.705533],[-6.32315,53.716321],[-6.310448,53.718206],[-6.310755,53.720357],[-6.296205,53.720812],[-6.276231,53.728687],[-6.270006,53.732144],[-6.257458,53.730636],[-6.247098,53.722454],[-6.251522,53.730855],[-6.249424,53.751353],[-6.23769,53.784278],[-6.234115,53.78868],[-6.222596,53.789879],[-6.21633,53.795921],[-6.237952,53.800844],[-6.244628,53.79962],[-6.260209,53.806748],[-6.26135,53.822653],[-6.258071,53.833],[-6.253957,53.838479],[-6.251255,53.848798],[-6.247261,53.854177],[-6.237923,53.860667],[-6.246612,53.864504],[-6.256229,53.863746],[-6.268215,53.870968],[-6.279062,53.869386],[-6.289751,53.87148],[-6.294913,53.875338],[-6.305905,53.878745],[-6.316964,53.875687],[-6.331073,53.875868],[-6.344936,53.88507],[-6.351738,53.886693],[-6.363994,53.897766],[-6.369466,53.904333],[-6.375769,53.923404],[-6.371697,53.930494],[-6.373943,53.934898],[-6.372373,53.942919],[-6.37958,53.944502],[-6.379446,53.951448],[-6.376195,53.957072],[-6.367421,53.956968],[-6.366712,53.961424],[-6.360777,53.968831],[-6.359998,53.973385],[-6.365584,53.980572],[-6.357389,53.986617],[-6.35008,53.987224],[-6.339637,53.997226],[-6.341939,54.002793],[-6.348789,54.008321],[-6.36997,54.007355],[-6.381102,54.012704],[-6.363199,54.013314],[-6.360002,54.01646],[-6.367387,54.020937],[-6.369586,54.020295],[-6.370749,54.021273],[-6.374282,54.021117],[-6.374659,54.023717]]]},"properties":{"name":"Louth","code":"LH"}},
{"type":"Feature","geometry":{"type":"Polygon","coordinates":[[[-6.695226,53.901751],[-6.699848,53.90068],[-6.714709,53.90353],[-6.727775,53.911417],[-6.729376,53.916872],[-6.740354,53.912521],[-6.75499,53.914474],[-6.762007,53.917481],[-6.762567,53.913838],[-6.76921,53.910681],[-6.779274,53.916317],[-6.782437,53.909465],[-6.789821,53.900175],[-6.783448,53.897645],[-6.787506,53.893273],[-6.785344,53.889934],[-6.79255,53.887006],[-6.806147,53.891714],[-6.809191,53.8961],[-6.815857,53.898347],[-6.827965,53.894903],[-6.83713,53.894243],[-6.84624,53.888707],[-6.840079,53.88245],[-6.845081,53.878731],[-6.85185,53.878851],[-6.862124,53.875684],[-6.869911,53.877879],[-6.877476,53.877516],[-6.884853,53.88069],[-6.896264,53.880876],[-6.902984,53.883449],[-6.909444,53.888684],[-6.924103,53.892874],[-6.93388,53.891208],[-6.932574,53.881049],[-6.926321,53.876398],[-6.930552,53.87217],[-6.95649,53.863679],[-6.966186,53.869991],[-6.972259,53.865835],[-6.966107,53.861012],[-6.971278,53.855492],[-6.964481,53.849168],[-6.962728,53.843624],[-6.955235,53.845214],[-6.95139,53.835756],[-6.938396,53.828804],[-6.930044,53.822724],[-6.916963,53.816153],[-6.913423,53.81039],[-6.921635,53.801632],[-6.933534,53.802845],[-6.940097,53.798469],[-6.941927,53.789335],[-6.929317,53.785063],[-6.933331,53.78271],[-6.951421,53.781629],[-6.954635,53.786372],[-6.963162,53.791079],[-6.972904,53.78511],[-6.971178,53.777694],[-6.981464,53.772658],[-6.998747,53.777115],[-7.003937,53.765831],[-7.012525,53.76926],[-7.020917,53.769078],[-7.038238,53.776775],[-7.048495,53.772789],[-7.066661,53.772434],[-7.080867,53.775722],[-7.091128,53.774152],[-7.104978,53.776566],[-7.107596,53.789491],[-7.115497,53.793186],[-7.123354,53.793763],[-7.1278,53.790523],[-7.135809,53.793971],[-7.141322,53.799298],[-7.152085,53.801177],[-7.159489,53.795008],[-7.171349,53.795789],[-7.174114,53.792461],[-7.184945,53.788798],[-7.193887,53.794746],[-7.205919,53.787596],[-7.21276,53.785493],[-7.218402,53.774582],[-7.230718,53.772192],[-7.240719,53.778134],[-7.24758,53.77793],[-7.253874,53.773885],[-7.262504,53.779028],[-7.273,53.779178],[-7.278314,53.781764],[-7.279819,53.792565],[-7.307954,53.812769],[-7.343664,53.799052],[-7.341869,53.792499],[-7.336104,53.787956],[-7.316646,53.788573],[-7.316423,53.784164],[-7.292399,53.778486],[-7.275217,53.763433],[-7.273246,53.755941],[-7.269028,53.751607],[-7.263816,53.747926],[-7.257366,53.745201],[-7.243878,53.742559],[-7.238128,53.735816],[-7.229909,53.733901],[-7.232204,53.727631],[-7.23859,53.720814],[-7.236581,53.713871],[-7.230364,53.711424],[-7.225776,53.703323],[-7.213517,53.702428],[-7.197579,53.69715],[-7.193352,53.69103],[-7.186241,53.691987],[-7.174223,53.68823],[-7.169107,53.688751],[-7.147361,53.684525],[-7.135073,53.673566],[-7.129969,53.674428],[-7.12006,53.682639],[-7.115333,53.678655],[-7.109074,53.668813],[-7.096417,53.664259],[-7.09609,53.661413],[-7.073906,53.64821],[-7.06611,53.644945],[-7.050027,53.659382],[-7.028875,53.660593],[-7.023339,53.671757],[-7.00831,53.666944],[-7.003973,53.668723],[-7.002858,53.676997],[-6.989968,53.676031],[-6.980789,53.671289],[-6.977632,53.663722],[-6.972765,53.658049],[-6.964091,53.655967],[-6.956082,53.650384],[-6.96069,53.645536],[-6.963114,53.641573],[-6.965196,53.631296],[-6.976174,53.628516],[-6.980357,53.625612],[-6.988595,53.618677],[-6.987968,53.612918],[-6.980269,53.607665],[-6.984849,53.59236],[-6.995624,53.589159],[-6.995529,53.584476],[-6.98965,53.578002],[-6.995012,53.576351],[-7.014024,53.578221],[-7.023463,53.575055],[-7.031317,53.567258],[-7.035487,53.557],[-7.030206,53.551012],[-7.018051,53.544755],[-7.021902,53.536729],[-7.022963,53.522319],[-7.037397,53.513018],[-7.03881,53.508608],[-7.035348,53.503687],[-7.04284,53.500318],[-7.051463,53.499684],[-7.06885,53.495168],[-7.061853,53.486413],[-7.066279,53.483567],[-7.067125,53.47728],[-7.063011,53.468877],[-7.074548,53.467029],[-7.081836,53.463723],[-7.091015,53.455176],[-7.117143,53.447141],[-7.123862,53.445997],[-7.149594,53.450428],[-7.157047,53.444812],[-7.158687,53.439155],[-7.167239,53.438283],[-7.186005,53.433894],[-7.192538,53.43084],[-7.192242,53.423288],[-7.182421,53.420563],[-7.175941,53.415842],[-7.164772,53.413693],[-7.155869,53.408659],[-7.141484,53.403478],[-7.142002,53.395641],[-7.127022,53.39533],[-7.123177,53.391485],[-7.096694,53.382101],[-7.081369,53.381866],[-7.076935,53.386079],[-7.0744,53.395971],[-7.056659,53.401845],[-7.045083,53.408094],[-7.034238,53.409379],[-7.026555,53.41573],[-7.022504,53.422192],[-7.013974,53.424946],[-7.008971,53.436045],[-6.994146,53.44212],[-6.989246,53.441704],[-6.977635,53.448556],[-6.963073,53.451237],[-6.958254,53.447104],[-6.9461,53.442025],[-6.932845,53.44641],[-6.917486,53.44938],[-6.914042,53.441982],[-6.915002,53.437196],[-6.904022,53.429541],[-6.891099,53.425975],[-6.883259,53.414886],[-6.86185,53.411823],[-6.861372,53.409216],[-6.847606,53.404041],[-6.835036,53.402993],[-6.832598,53.400683],[-6.817669,53.400751],[-6.81155,53.398468],[-6.804653,53.403813],[-6.801998,53.410289],[-6.795494,53.413315],[-6.791817,53.418052],[-6.782234,53.421842],[-6.769477,53.428788],[-6.752654,53.429194],[-6.731416,53.425379],[-6.719713,53.420455],[-6.709902,53.419992],[-6.695678,53.415852],[-6.679014,53.408855],[-6.669412,53.407834],[-6.664217,53.398491],[-6.650342,53.394882],[-6.621207,53.398123],[-6.609204,53.398615],[-6.592459,53.395833],[-6.582682,53.39056],[-6.573011,53.389201],[-6.564662,53.393947],[-6.553711,53.402487],[-6.54654,53.405175],[-6.538499,53.396741],[-6.532184,53.394192],[-6.522995,53.39397],[-6.493612,53.384245],[-6.485182,53.390249],[-6.471406,53.38756],[-6.459964,53.388463],[-6.451775,53.391155],[-6.439604,53.400085],[-6.441044,53.406273],[-6.434087,53.413948],[-6.421304,53.416901],[-6.422314,53.421502],[-6.417942,53.424317],[-6.415992,53.435235],[-6.41175,53.440176],[-6.396703,53.437695],[-6.387195,53.437985],[-6.377697,53.444387],[-6.365291,53.444452],[-6.353062,53.447772],[-6.355209,53.458998],[-6.345988,53.475133],[-6.340394,53.477042],[-6.338095,53.47763],[-6.3368,53.48225],[-6.331258,53.485765],[-6.33142,53.491311],[-6.339676,53.491454],[-6.346467,53.5019],[-6.367479,53.506371],[-6.367474,53.516529],[-6.392385,53.524076],[-6.407625,53.526387],[-6.417948,53.534125],[-6.419799,53.540546],[-6.433061,53.543781],[-6.435756,53.549218],[-6.431884,53.550881],[-6.428706,53.559212],[-6.423851,53.565756],[-6.414477,53.573408],[-6.401982,53.573438],[-6.401163,53.577093],[-6.386264,53.584248],[-6.380348,53.588332],[-6.371942,53.588042],[-6.348571,53.581349],[-6.348855,53.574936],[-6.337406,53.574992],[-6.330121,53.5722],[-6.315409,53.57723],[-6.310482,53.584015],[-6.300572,53.588095],[-6.289979,53.58848],[-6.281984,53.593961],[-6.271338,53.598441],[-6.273038,53.61493],[-6.26711,53.617279],[-6.267945,53.623883],[-6.261447,53.62673],[-6.255531,53.632818],[-6.238132,53.634348],[-6.235006,53.630017],[-6.225286,53.628693],[-6.2149,53.633407],[-6.213295,53.636801],[-6.220033,53.648311],[-6.231199,53.664311],[-6.240306,53.68852],[-6.244801,53.705048],[-6.243446,53.719649],[-6.247098,53.722454],[-6.257458,53.730636],[-6.270006,53.732144],[-6.276231,53.728687],[-6.296205,53.720812],[-6.310755,53.720357],[-6.310448,53.718206],[-6.32315,53.716321],[-6.314904,53.705533],[-6.320534,53.702659],[-6.328927,53.702924],[-6.330965,53.707199],[-6.348221,53.70526],[-6.355166,53.705556],[-6.365462,53.702916],[-6.374074,53.698492],[-6.380408,53.707452],[-6.381079,53.714515],[-6.38893,53.71461],[-6.396842,53.719097],[-6.417932,53.725636],[-6.426673,53.725026],[-6.427854,53.720685],[-6.435214,53.715905],[-6.455415,53.713102],[-6.463648,53.713318],[-6.469941,53.721346],[-6.47924,53.726022],[-6.481337,53.730276],[-6.473601,53.737441],[-6.460074,53.747541],[-6.458128,53.751602],[-6.447895,53.757956],[-6.454461,53.766074],[-6.468589,53.769972],[-6.478576,53.76986],[-6.515267,53.76654],[-6.521234,53.769336],[-6.528651,53.769266],[-6.527659,53.774196],[-6.537207,53.780179],[-6.547818,53.778023],[-6.551727,53.787473],[-6.553065,53.797973],[-6.571471,53.79717],[-6.579417,53.802524],[-6.58221,53.816705],[-6.578525,53.819651],[-6.58219,53.827798],[-6.592061,53.83218],[-6.598575,53.839748],[-6.59348,53.842468],[-6.593538,53.8515],[-6.602051,53.863378],[-6.620777,53.874962],[-6.626322,53.879815],[-6.636887,53.879466],[-6.643775,53.883367],[-6.655967,53.885418],[-6.664883,53.891575],[-6.67884,53.892993],[-6.686175,53.90086],[-6.695226,53.901751]]]},"properties":{"name":"Meath","code":"MH"}},
{"type":"Feature","geometry":{"type":"Polygon","coordinates":[[[-7.081369,53.381866],[-7.096694,53.382101],[-7.123177,53.391485],[-7.127022,53.39533],[-7.142002,53.395641],[-7.141484,53.403478],[-7.155869,53.408659],[-7.164772,53.413693],[-7.175941,53.415842],[-7.182421,53.420563],[-7.192242,53.423288],[-7.201346,53.424133],[-7.208484,53.422396],[-7.213396,53.417388],[-7.211085,53.412201],[-7.215679,53.406987],[-7.239404,53.403412],[-7.255104,53.398378],[-7.270883,53.39783],[-7.315403,53.374779],[-7.328698,53.365758],[-7.342948,53.363373],[-7.342523,53.358718],[-7.359286,53.350337],[-7.365394,53.348686],[-7.367897,53.341015],[-7.387768,53.335641],[-7.399121,53.330241],[-7.423579,53.334816],[-7.434688,53.329753],[-7.444161,53.328776],[-7.44306,53.322646],[-7.455718,53.318315],[-7.463167,53.328249],[-7.470729,53.329335],[-7.472259,53.332714],[-7.485369,53.329172],[-7.494888,53.330617],[-7.493848,53.340819],[-7.509552,53.344943],[-7.514959,53.343714],[-7.528797,53.34724],[-7.531287,53.33963],[-7.529223,53.337633],[-7.537021,53.327085],[-7.542295,53.33844],[-7.550242,53.342079],[-7.563475,53.353763],[-7.567273,53.360943],[-7.567147,53.378263],[-7.574403,53.381248],[-7.581896,53.387069],[-7.580162,53.390276],[-7.584749,53.396081],[-7.590969,53.398946],[-7.605038,53.400561],[-7.606745,53.411469],[-7.613081,53.41131],[-7.624692,53.418075],[-7.631809,53.413958],[-7.645355,53.410979],[-7.648613,53.404884],[-7.661567,53.407958],[-7.666295,53.401965],[-7.67544,53.401389],[-7.679895,53.394113],[-7.689087,53.394302],[-7.696204,53.381239],[-7.70225,53.38295],[-7.713568,53.371053],[-7.703812,53.366375],[-7.717286,53.360057],[-7.740344,53.3547],[-7.762817,53.348081],[-7.772144,53.347005],[-7.784564,53.34946],[-7.794348,53.35317],[-7.804517,53.350412],[-7.825376,53.355764],[-7.836867,53.353611],[-7.846628,53.341146],[-7.854571,53.347076],[-7.867447,53.346796],[-7.882737,53.348988],[-7.893283,53.353729],[-7.897123,53.35769],[-7.909196,53.361682],[-7.923448,53.363189],[-7.930683,53.362026],[-7.937025,53.358004],[-7.943407,53.350563],[-7.941316,53.344206],[-7.944199,53.340987],[-7.955072,53.33946],[-7.968077,53.335479],[-7.984144,53.337163],[-7.988736,53.333716],[-7.991251,53.32753],[-8.004123,53.321957],[-8.012314,53.324464],[-8.021605,53.323875],[-8.027095,53.32122],[-8.027921,53.313029],[-8.02412,53.304106],[-8.029547,53.300319],[-8.031798,53.29502],[-8.045027,53.289632],[-8.051895,53.277034],[-8.055682,53.274079],[-8.042807,53.271523],[-8.034945,53.263945],[-8.028495,53.26061],[-8.028104,53.253835],[-8.009115,53.251359],[-8.000926,53.24564],[-7.992356,53.242884],[-7.977301,53.236292],[-7.971846,53.23312],[-7.967334,53.226464],[-7.97034,53.215072],[-7.974363,53.209314],[-7.983343,53.20276],[-7.991945,53.193835],[-8.003103,53.19279],[-8.023307,53.195805],[-8.05025,53.19349],[-8.06168,53.187965],[-8.074285,53.17598],[-8.083872,53.170044],[-8.081452,53.166895],[-8.077172,53.167337],[-8.070943,53.161381],[-8.061817,53.159661],[-8.055315,53.154053],[-8.039217,53.149634],[-8.033207,53.150341],[-8.020074,53.148119],[-8.014957,53.144298],[-8.008885,53.143913],[-8.001698,53.138269],[-7.992646,53.139058],[-7.977418,53.134174],[-7.974285,53.12912],[-7.955509,53.125471],[-7.937977,53.115432],[-7.936208,53.109819],[-7.929991,53.109437],[-7.920809,53.104668],[-7.927411,53.094468],[-7.921265,53.090097],[-7.920677,53.085168],[-7.928198,53.078737],[-7.929254,53.07386],[-7.927035,53.065811],[-7.933995,53.060872],[-7.936238,53.045358],[-7.943244,53.043679],[-7.956153,53.045454],[-7.963532,53.041886],[-7.955466,53.032459],[-7.962164,53.031005],[-7.963658,53.02508],[-7.959882,53.02141],[-7.96337,53.016208],[-7.96013,53.006423],[-7.952772,53.002191],[-7.94995,52.995428],[-7.960868,52.992763],[-7.978867,52.997659],[-7.992778,52.998819],[-8.002751,52.993313],[-8.0082,52.984196],[-7.987466,52.972575],[-7.987972,52.965552],[-7.975148,52.950493],[-7.97957,52.946553],[-7.98592,52.94626],[-7.985993,52.937417],[-7.993033,52.931039],[-8.012962,52.928467],[-8.017866,52.931241],[-8.027906,52.933088],[-8.044172,52.939773],[-8.055109,52.928106],[-8.047476,52.919148],[-8.037915,52.911792],[-8.042957,52.902906],[-8.039628,52.889151],[-8.025636,52.890493],[-7.999838,52.88142],[-7.987317,52.8792],[-7.993723,52.873496],[-7.995955,52.862677],[-7.988367,52.858596],[-7.988619,52.855137],[-7.978695,52.84945],[-7.969065,52.848288],[-7.960214,52.853809],[-7.964017,52.857115],[-7.954602,52.861363],[-7.944375,52.870576],[-7.945894,52.880733],[-7.961303,52.890979],[-7.956432,52.894139],[-7.939424,52.888321],[-7.93563,52.885384],[-7.932458,52.876262],[-7.925197,52.87709],[-7.912349,52.884265],[-7.917451,52.896158],[-7.908636,52.893696],[-7.895794,52.893019],[-7.893745,52.89686],[-7.884511,52.898915],[-7.893045,52.907268],[-7.879064,52.91006],[-7.873946,52.913692],[-7.863738,52.913718],[-7.860692,52.916158],[-7.871363,52.923766],[-7.860903,52.926263],[-7.844047,52.933698],[-7.849963,52.939892],[-7.863004,52.942913],[-7.86268,52.951839],[-7.864562,52.95632],[-7.845113,52.955327],[-7.83359,52.965636],[-7.8241,52.968346],[-7.824359,52.974363],[-7.815418,52.974818],[-7.812529,52.978445],[-7.802037,52.981857],[-7.793116,52.978125],[-7.791239,52.970769],[-7.770343,52.970658],[-7.75965,52.966227],[-7.759105,52.960783],[-7.747355,52.962545],[-7.730445,52.957657],[-7.730677,52.962665],[-7.708145,52.97783],[-7.708636,52.982755],[-7.703298,52.986105],[-7.711791,52.98882],[-7.706735,52.993622],[-7.709037,52.997009],[-7.709203,53.009318],[-7.702263,53.016069],[-7.696869,53.027111],[-7.691062,53.030948],[-7.677516,53.032039],[-7.663905,53.03631],[-7.654402,53.040681],[-7.658373,53.050743],[-7.638813,53.061504],[-7.622166,53.066408],[-7.606131,53.076592],[-7.60016,53.083915],[-7.60363,53.086545],[-7.595485,53.091303],[-7.587723,53.099837],[-7.591418,53.10601],[-7.613372,53.11126],[-7.610774,53.11864],[-7.625185,53.13008],[-7.629608,53.129971],[-7.639204,53.139349],[-7.643701,53.141689],[-7.645949,53.151768],[-7.635365,53.156516],[-7.629471,53.161862],[-7.629227,53.168824],[-7.607325,53.172794],[-7.593277,53.171786],[-7.581205,53.175448],[-7.57041,53.174349],[-7.565232,53.175956],[-7.547317,53.176789],[-7.532325,53.184573],[-7.493791,53.190272],[-7.487206,53.196914],[-7.483225,53.194494],[-7.453224,53.186338],[-7.443174,53.18521],[-7.43229,53.186915],[-7.42703,53.193136],[-7.429169,53.206759],[-7.420131,53.210312],[-7.405628,53.212598],[-7.403882,53.210281],[-7.391199,53.207405],[-7.384187,53.213503],[-7.360396,53.208411],[-7.359655,53.202975],[-7.348818,53.194683],[-7.333481,53.186934],[-7.317306,53.169705],[-7.33322,53.169446],[-7.322148,53.148318],[-7.309725,53.13782],[-7.300729,53.134343],[-7.285926,53.137514],[-7.272877,53.135991],[-7.263775,53.137424],[-7.260008,53.143082],[-7.246359,53.142753],[-7.243237,53.13888],[-7.225795,53.150157],[-7.216933,53.149474],[-7.204192,53.155644],[-7.199151,53.155508],[-7.192907,53.161936],[-7.192704,53.167618],[-7.18032,53.174689],[-7.175204,53.166403],[-7.177089,53.162007],[-7.171577,53.157506],[-7.158415,53.158468],[-7.152,53.156587],[-7.139555,53.159022],[-7.124789,53.157637],[-7.11541,53.158447],[-7.109885,53.161684],[-7.106021,53.168034],[-7.124846,53.18055],[-7.135196,53.179293],[-7.165268,53.182088],[-7.168931,53.184913],[-7.158174,53.190919],[-7.151209,53.192314],[-7.135914,53.189031],[-7.114953,53.189879],[-7.098721,53.186915],[-7.069421,53.191355],[-7.036046,53.190018],[-7.035285,53.204608],[-7.032874,53.209036],[-7.01973,53.213397],[-7.013098,53.218235],[-7.023612,53.224554],[-7.033377,53.227884],[-7.040963,53.22481],[-7.049196,53.224127],[-7.058289,53.228855],[-7.071956,53.230258],[-7.069406,53.235979],[-7.055344,53.236283],[-7.054599,53.242723],[-7.019075,53.253223],[-7.034763,53.276341],[-7.03214,53.279849],[-7.005874,53.282851],[-7.003521,53.28148],[-6.991497,53.286279],[-7.007333,53.290998],[-7.013321,53.296336],[-6.977708,53.30766],[-6.979225,53.313193],[-6.990484,53.321354],[-7.024597,53.33087],[-7.023847,53.343398],[-7.034517,53.350049],[-7.042576,53.356949],[-7.057346,53.353898],[-7.072938,53.358918],[-7.08816,53.368347],[-7.085255,53.376945],[-7.081369,53.381866]]]},"properties":{"name":"Offaly","code":"OY"}},
{"type":"Feature","geometry":{"type":"Polygon","coordinates":[[[-7.269028,53.751607],[-7.273246,53.755941],[-7.275217,53.763433],[-7.292399,53.778486],[-7.316423,53.784164],[-7.316646,53.788573],[-7.336104,53.787956],[-7.341869,53.792499],[-7.343664,53.799052],[-7.378302,53.784427],[-7.381061,53.785425],[-7.397834,53.778815],[-7.409969,53.779049],[-7.398316,53.770382],[-7.39554,53.772653],[-7.3847,53.771247],[-7.383217,53.764222],[-7.37721,53.763477],[-7.379597,53.754652],[-7.383779,53.750897],[-7.386406,53.741659],[-7.385749,53.73514],[-7.393634,53.732328],[-7.399098,53.734207],[-7.405985,53.732259],[-7.406434,53.725904],[-7.416394,53.723959],[-7.422944,53.730874],[-7.429609,53.734931],[-7.437981,53.730875],[-7.447503,53.729035],[-7.458698,53.729754],[-7.458737,53.720408],[-7.466381,53.711895],[-7.47342,53.714782],[-7.476999,53.70986],[-7.483232,53.709522],[-7.485535,53.702187],[-7.494862,53.701499],[-7.515869,53.708509],[-7.516992,53.704973],[-7.509487,53.698882],[-7.517622,53.695489],[-7.528264,53.700052],[-7.526398,53.68988],[-7.534947,53.685069],[-7.530721,53.681784],[-7.531839,53.674815],[-7.538457,53.676731],[-7.541938,53.672035],[-7.548603,53.669352],[-7.568323,53.6713],[-7.573797,53.656252],[-7.564688,53.651872],[-7.569109,53.646456],[-7.592482,53.65705],[-7.611524,53.659685],[-7.614999,53.648817],[-7.606108,53.648474],[-7.595691,53.644184],[-7.579266,53.64036],[-7.570484,53.635667],[-7.564892,53.629344],[-7.569767,53.622302],[-7.559876,53.61393],[-7.565842,53.611203],[-7.576868,53.610821],[-7.581765,53.61393],[-7.598637,53.612747],[-7.608434,53.606615],[-7.601118,53.59856],[-7.609992,53.591962],[-7.619187,53.589271],[-7.627954,53.591002],[-7.631079,53.587085],[-7.630464,53.579121],[-7.638248,53.574914],[-7.649767,53.562678],[-7.660962,53.558574],[-7.656604,53.551576],[-7.657131,53.541153],[-7.661024,53.533885],[-7.674471,53.529192],[-7.681922,53.533298],[-7.705394,53.538506],[-7.719972,53.53527],[-7.72314,53.530379],[-7.735613,53.529478],[-7.741041,53.527028],[-7.759851,53.535308],[-7.773815,53.535423],[-7.785147,53.538624],[-7.795703,53.536492],[-7.81075,53.540147],[-7.820568,53.544875],[-7.822835,53.542422],[-7.832208,53.542426],[-7.836296,53.538925],[-7.857756,53.549161],[-7.893897,53.542979],[-7.914721,53.5446],[-7.921725,53.542534],[-7.939137,53.527771],[-7.947869,53.525152],[-7.96979,53.52173],[-7.955046,53.48147],[-7.966832,53.44971],[-7.96076,53.443869],[-7.955757,53.431241],[-7.972953,53.422276],[-7.942119,53.412099],[-7.942919,53.40692],[-7.938095,53.402275],[-7.930468,53.399969],[-7.923782,53.394447],[-7.923172,53.388031],[-7.913882,53.379153],[-7.910312,53.371382],[-7.923448,53.363189],[-7.909196,53.361682],[-7.897123,53.35769],[-7.893283,53.353729],[-7.882737,53.348988],[-7.867447,53.346796],[-7.854571,53.347076],[-7.846628,53.341146],[-7.836867,53.353611],[-7.825376,53.355764],[-7.804517,53.350412],[-7.794348,53.35317],[-7.784564,53.34946],[-7.772144,53.347005],[-7.762817,53.348081],[-7.740344,53.3547],[-7.717286,53.360057],[-7.703812,53.366375],[-7.713568,53.371053],[-7.70225,53.38295],[-7.696204,53.381239],[-7.689087,53.394302],[-7.679895,53.394113],[-7.67544,53.401389],[-7.666295,53.401965],[-7.661567,53.407958],[-7.648613,53.404884],[-7.645355,53.410979],[-7.631809,53.413958],[-7.624692,53.418075],[-7.613081,53.41131],[-7.606745,53.411469],[-7.605038,53.400561],[-7.590969,53.398946],[-7.584749,53.396081],[-7.580162,53.390276],[-7.581896,53.387069],[-7.574403,53.381248],[-7.567147,53.378263],[-7.567273,53.360943],[-7.563475,53.353763],[-7.550242,53.342079],[-7.542295,53.33844],[-7.537021,53.327085],[-7.529223,53.337633],[-7.531287,53.33963],[-7.528797,53.34724],[-7.514959,53.343714],[-7.509552,53.344943],[-7.493848,53.340819],[-7.494888,53.330617],[-7.485369,53.329172],[-7.472259,53.332714],[-7.470729,53.329335],[-7.463167,53.328249],[-7.455718,53.318315],[-7.44306,53.322646],[-7.444161,53.328776],[-7.434688,53.329753],[-7.423579,53.334816],[-7.399121,53.330241],[-7.387768,53.335641],[-7.367897,53.341015],[-7.365394,53.348686],[-7.359286,53.350337],[-7.342523,53.358718],[-7.342948,53.363373],[-7.328698,53.365758],[-7.315403,53.374779],[-7.270883,53.39783],[-7.255104,53.398378],[-7.239404,53.403412],[-7.215679,53.406987],[-7.211085,53.412201],[-7.213396,53.417388],[-7.208484,53.422396],[-7.201346,53.424133],[-7.192242,53.423288],[-7.192538,53.43084],[-7.186005,53.433894],[-7.167239,53.438283],[-7.158687,53.439155],[-7.157047,53.444812],[-7.149594,53.450428],[-7.123862,53.445997],[-7.117143,53.447141],[-7.091015,53.455176],[-7.081836,53.463723],[-7.074548,53.467029],[-7.063011,53.468877],[-7.067125,53.47728],[-7.066279,53.483567],[-7.061853,53.486413],[-7.06885,53.495168],[-7.051463,53.499684],[-7.04284,53.500318],[-7.035348,53.503687],[-7.03881,53.508608],[-7.037397,53.513018],[-7.022963,53.522319],[-7.021902,53.536729],[-7.018051,53.544755],[-7.030206,53.551012],[-7.035487,53.557],[-7.031317,53.567258],[-7.023463,53.575055],[-7.014024,53.578221],[-6.995012,53.576351],[-6.98965,53.578002],[-6.995529,53.584476],[-6.995624,53.589159],[-6.984849,53.59236],[-6.980269,53.607665],[-6.987968,53.612918],[-6.988595,53.618677],[-6.980357,53.625612],[-6.976174,53.628516],[-6.965196,53.631296],[-6.963114,53.641573],[-6.96069,53.645536],[-6.956082,53.650384],[-6.964091,53.655967],[-6.972765,53.658049],[-6.977632,53.663722],[-6.980789,53.671289],[-6.989968,53.676031],[-7.002858,53.676997],[-7.003973,53.668723],[-7.00831,53.666944],[-7.023339,53.671757],[-7.028875,53.660593],[-7.050027,53.659382],[-7.06611,53.644945],[-7.073906,53.64821],[-7.09609,53.661413],[-7.096417,53.664259],[-7.109074,53.668813],[-7.115333,53.678655],[-7.12006,53.682639],[-7.129969,53.674428],[-7.135073,53.673566],[-7.147361,53.684525],[-7.169107,53.688751],[-7.174223,53.68823],[-7.186241,53.691987],[-7.193352,53.69103],[-7.197579,53.69715],[-7.213517,53.702428],[-7.225776,53.703323],[-7.230364,53.711424],[-7.236581,53.713871],[-7.23859,53.720814],[-7.232204,53.727631],[-7.229909,53.733901],[-7.238128,53.735816],[-7.243878,53.742559],[-7.257366,53.745201],[-7.263816,53.747926],[-7.269028,53.751607]]]},"properties":{"name":"Westmeath","code":"WH"}},
{"type":"Feature","geometry":{"type":"MultiPolygon","coordinates":[[[[-6.831086,52.191931],[-6.829378,52.198479],[-6.819221,52.210289],[-6.823508,52.214836],[-6.839669,52.212138],[-6.836829,52.217631],[-6.829785,52.22167],[-6.830814,52.226894],[-6.817608,52.228707],[-6.809687,52.233981],[-6.796673,52.240162],[-6.776768,52.244854],[-6.762346,52.254839],[-6.765701,52.259035],[-6.761889,52.261863],[-6.754986,52.255069],[-6.753587,52.247596],[-6.762299,52.244497],[-6.77912,52.232431],[-6.786311,52.228906],[-6.789167,52.223267],[-6.788822,52.214738],[-6.798675,52.216414],[-6.800223,52.223397],[-6.808216,52.218252],[-6.804087,52.211252],[-6.796325,52.210208],[-6.785362,52.2043],[-6.780681,52.206253],[-6.770651,52.206065],[-6.760547,52.209967],[-6.756464,52.213482],[-6.740958,52.212113],[-6.723324,52.215964],[-6.717094,52.215705],[-6.706547,52.218995],[-6.702461,52.217847],[-6.681618,52.218849],[-6.67729,52.215683],[-6.663316,52.216293],[-6.658059,52.21382],[-6.651969,52.220054],[-6.647625,52.213058],[-6.647912,52.209042],[-6.62932,52.205897],[-6.632041,52.203848],[-6.645661,52.204768],[-6.657095,52.210769],[-6.665023,52.213038],[-6.677815,52.214122],[-6.684325,52.216649],[-6.698515,52.216155],[-6.655365,52.205813],[-6.625605,52.194267],[-6.613677,52.188906],[-6.598675,52.179318],[-6.593282,52.171758],[-6.578079,52.176256],[-6.562761,52.177511],[-6.542013,52.184844],[-6.531044,52.186374],[-6.513772,52.187139],[-6.491108,52.190777],[-6.476557,52.191118],[-6.448564,52.190252],[-6.423004,52.18803],[-6.398144,52.182628],[-6.387575,52.177511],[-6.360124,52.174447],[-6.357965,52.183447],[-6.351328,52.187817],[-6.34677,52.196097],[-6.349908,52.203302],[-6.345131,52.207138],[-6.341086,52.215345],[-6.32572,52.224929],[-6.323871,52.232824],[-6.313717,52.239932],[-6.328688,52.247512],[-6.334712,52.25487],[-6.351269,52.252079],[-6.363677,52.251406],[-6.373134,52.25674],[-6.38252,52.268225],[-6.389028,52.281142],[-6.390605,52.296124],[-6.390001,52.306167],[-6.39629,52.30399],[-6.399646,52.288735],[-6.406958,52.288177],[-6.416251,52.292851],[-6.412413,52.298253],[-6.421974,52.303977],[-6.431427,52.307128],[-6.446138,52.307409],[-6.448548,52.318581],[-6.446283,52.323106],[-6.4474,52.330242],[-6.454648,52.335135],[-6.463156,52.343431],[-6.475723,52.346842],[-6.476124,52.351328],[-6.493911,52.354381],[-6.500334,52.357256],[-6.483852,52.365405],[-6.485765,52.372825],[-6.466942,52.378705],[-6.46066,52.373521],[-6.466791,52.371233],[-6.471821,52.365145],[-6.467789,52.358085],[-6.470241,52.353826],[-6.467362,52.349756],[-6.456501,52.348172],[-6.454308,52.338699],[-6.453528,52.34402],[-6.443397,52.353554],[-6.43552,52.356146],[-6.385308,52.355456],[-6.379246,52.353435],[-6.37411,52.345701],[-6.365303,52.34332],[-6.357425,52.344882],[-6.363205,52.364312],[-6.36417,52.373662],[-6.361605,52.389688],[-6.355571,52.404148],[-6.349469,52.413092],[-6.337623,52.423119],[-6.321587,52.43485],[-6.293833,52.464791],[-6.270587,52.484181],[-6.252551,52.497096],[-6.24154,52.510413],[-6.226606,52.523425],[-6.21439,52.531533],[-6.204615,52.543908],[-6.200628,52.55341],[-6.193373,52.563353],[-6.203775,52.570598],[-6.203077,52.581391],[-6.210619,52.585609],[-6.212498,52.596038],[-6.209284,52.601993],[-6.221141,52.612581],[-6.229067,52.62423],[-6.228094,52.63474],[-6.224284,52.641037],[-6.225624,52.648046],[-6.209307,52.666325],[-6.206635,52.673879],[-6.201279,52.679417],[-6.196944,52.688304],[-6.188656,52.694396],[-6.18786,52.698385],[-6.176857,52.706424],[-6.159432,52.715277],[-6.157235,52.724487],[-6.140888,52.733712],[-6.144516,52.737696],[-6.155953,52.737964],[-6.163473,52.740589],[-6.165231,52.745174],[-6.174266,52.748007],[-6.182357,52.747618],[-6.18375,52.749256],[-6.173695,52.752477],[-6.175896,52.755492],[-6.167982,52.766249],[-6.184013,52.76926],[-6.197767,52.767995],[-6.208709,52.776482],[-6.213443,52.777478],[-6.21973,52.772266],[-6.225844,52.778095],[-6.229412,52.779468],[-6.238415,52.77763],[-6.243924,52.778969],[-6.252264,52.786594],[-6.254428,52.791389],[-6.260841,52.794972],[-6.274388,52.791557],[-6.291861,52.781902],[-6.302463,52.783859],[-6.315339,52.794134],[-6.317559,52.79747],[-6.334306,52.796195],[-6.339624,52.790202],[-6.349063,52.790758],[-6.357578,52.794273],[-6.368555,52.795296],[-6.378016,52.789127],[-6.388029,52.784752],[-6.395727,52.788606],[-6.415853,52.77616],[-6.413716,52.767937],[-6.41751,52.761825],[-6.417003,52.755426],[-6.425746,52.753437],[-6.43236,52.754686],[-6.432693,52.735109],[-6.437168,52.735279],[-6.441735,52.730068],[-6.45319,52.72393],[-6.460308,52.722296],[-6.461018,52.718642],[-6.473121,52.714734],[-6.471725,52.709969],[-6.497419,52.690341],[-6.505672,52.689511],[-6.522012,52.684471],[-6.532905,52.686046],[-6.535802,52.683077],[-6.558592,52.685072],[-6.564238,52.682285],[-6.56998,52.684365],[-6.56878,52.690365],[-6.570443,52.700952],[-6.575765,52.704436],[-6.590324,52.700667],[-6.597376,52.701787],[-6.598985,52.710334],[-6.606231,52.710224],[-6.61456,52.713926],[-6.62008,52.708596],[-6.633104,52.704628],[-6.633644,52.698519],[-6.6397,52.697426],[-6.646055,52.688409],[-6.655209,52.685503],[-6.664242,52.686449],[-6.675034,52.677885],[-6.679726,52.668476],[-6.670774,52.663797],[-6.661927,52.667143],[-6.652692,52.66369],[-6.653578,52.656118],[-6.664116,52.652789],[-6.665086,52.646596],[-6.673368,52.642439],[-6.676284,52.637867],[-6.684316,52.635553],[-6.709348,52.640559],[-6.718508,52.639514],[-6.729879,52.642775],[-6.75135,52.637171],[-6.760723,52.629823],[-6.770872,52.625778],[-6.780324,52.618145],[-6.775669,52.616134],[-6.782514,52.597456],[-6.780884,52.585119],[-6.778415,52.578288],[-6.781416,52.576123],[-6.7901,52.562513],[-6.800997,52.565515],[-6.806333,52.561433],[-6.805647,52.549057],[-6.830174,52.53279],[-6.836799,52.5303],[-6.832181,52.519598],[-6.839231,52.509115],[-6.853816,52.497945],[-6.863156,52.478928],[-6.87077,52.472988],[-6.879068,52.470811],[-6.883654,52.466224],[-6.891091,52.466452],[-6.893027,52.465046],[-6.903134,52.4671],[-6.917164,52.463602],[-6.916132,52.459814],[-6.925559,52.45502],[-6.92339,52.451198],[-6.927287,52.442592],[-6.921037,52.43372],[-6.915027,52.429825],[-6.918361,52.426198],[-6.925803,52.424091],[-6.926151,52.420334],[-6.94179,52.422096],[-6.952585,52.425662],[-6.961284,52.421714],[-6.956716,52.416076],[-6.943369,52.413154],[-6.940692,52.410642],[-6.94224,52.402919],[-6.955666,52.398913],[-6.956872,52.391885],[-6.953721,52.390313],[-6.965233,52.378158],[-6.964002,52.370458],[-6.970387,52.367258],[-6.984404,52.368371],[-6.991534,52.364358],[-6.996726,52.346705],[-6.993466,52.339794],[-6.993577,52.330622],[-6.986126,52.323701],[-6.988438,52.319064],[-7.000413,52.315135],[-7.006248,52.306164],[-7.018154,52.295301],[-7.005496,52.283445],[-7.000173,52.275697],[-6.988674,52.274677],[-6.983619,52.269277],[-6.984263,52.265144],[-6.992134,52.257011],[-6.987691,52.25003],[-6.980163,52.245929],[-6.965715,52.240506],[-6.955947,52.242829],[-6.942473,52.233526],[-6.935125,52.224855],[-6.934783,52.220545],[-6.925428,52.218568],[-6.919161,52.211794],[-6.913345,52.210049],[-6.902501,52.19587],[-6.912923,52.19156],[-6.897651,52.173816],[-6.900422,52.169856],[-6.899033,52.161559],[-6.901152,52.155403],[-6.913795,52.149558],[-6.913405,52.146692],[-6.926376,52.13939],[-6.934299,52.130716],[-6.924895,52.123507],[-6.909068,52.130309],[-6.910756,52.133962],[-6.902557,52.142598],[-6.90204,52.147129],[-6.88858,52.152026],[-6.888,52.156244],[-6.879875,52.162487],[-6.863726,52.16508],[-6.854688,52.167927],[-6.843255,52.174802],[-6.833513,52.17467],[-6.83077,52.185006],[-6.823259,52.190165],[-6.831086,52.191931]]],[[[-6.604989,52.120386],[-6.614399,52.120339],[-6.623847,52.117268],[-6.618267,52.113609],[-6.604989,52.120386]]]]},"properties":{"name":"Wexford","code":"WX"}},
{"type":"Feature","geometry":{"type":"Polygon","coordinates":[[[-6.298279,53.224332],[-6.310821,53.222223],[-6.307647,53.21447],[-6.31212,53.194529],[-6.331986,53.178209],[-6.347283,53.180957],[-6.37463,53.192449],[-6.368355,53.213804],[-6.375848,53.216058],[-6.39476,53.213068],[-6.400549,53.209893],[-6.405734,53.217103],[-6.410571,53.216305],[-6.419756,53.23131],[-6.455692,53.231031],[-6.459984,53.225608],[-6.466477,53.228063],[-6.475257,53.23441],[-6.480154,53.229532],[-6.492854,53.221288],[-6.508716,53.214405],[-6.505701,53.207157],[-6.500074,53.202434],[-6.518704,53.188396],[-6.534371,53.190606],[-6.556098,53.185355],[-6.561964,53.179371],[-6.555506,53.174433],[-6.540006,53.167171],[-6.550095,53.162659],[-6.553561,53.157685],[-6.562894,53.156192],[-6.576342,53.149315],[-6.578369,53.142741],[-6.573164,53.134918],[-6.565402,53.132005],[-6.575469,53.127867],[-6.58214,53.120542],[-6.590605,53.119658],[-6.593494,53.113031],[-6.603819,53.105356],[-6.610988,53.101951],[-6.624308,53.104468],[-6.629278,53.092087],[-6.652362,53.091038],[-6.66322,53.086456],[-6.667844,53.082341],[-6.681007,53.081523],[-6.683508,53.07757],[-6.702798,53.072374],[-6.707837,53.07413],[-6.717622,53.071661],[-6.726371,53.066308],[-6.733252,53.065059],[-6.729641,53.059344],[-6.731423,53.046669],[-6.737272,53.040224],[-6.751598,53.030828],[-6.756751,53.025219],[-6.770661,53.023184],[-6.77629,53.013543],[-6.76611,53.008741],[-6.774602,53.003944],[-6.787103,52.999531],[-6.792047,52.992494],[-6.791976,52.986417],[-6.787066,52.976866],[-6.779007,52.978169],[-6.771743,52.968917],[-6.760205,52.958661],[-6.742552,52.948286],[-6.73673,52.941145],[-6.740026,52.935186],[-6.733647,52.932729],[-6.730453,52.92685],[-6.732746,52.919907],[-6.737236,52.915776],[-6.721096,52.914224],[-6.711836,52.917909],[-6.701025,52.911551],[-6.694663,52.910357],[-6.693235,52.905454],[-6.685262,52.903931],[-6.676873,52.905285],[-6.673236,52.909986],[-6.656366,52.907259],[-6.645527,52.899075],[-6.64095,52.90283],[-6.632366,52.903431],[-6.610306,52.897413],[-6.605658,52.9004],[-6.587909,52.894876],[-6.589364,52.890231],[-6.586823,52.879601],[-6.572302,52.881076],[-6.562882,52.880643],[-6.549157,52.874745],[-6.543131,52.877287],[-6.540841,52.886017],[-6.534281,52.889774],[-6.508571,52.880384],[-6.504994,52.877592],[-6.509173,52.872022],[-6.508082,52.867789],[-6.52904,52.864925],[-6.523809,52.859996],[-6.525438,52.852404],[-6.522678,52.837377],[-6.52864,52.831593],[-6.526807,52.82379],[-6.534456,52.821557],[-6.548383,52.820598],[-6.550087,52.818857],[-6.564967,52.814968],[-6.560475,52.811349],[-6.573774,52.803482],[-6.584015,52.806679],[-6.587309,52.803474],[-6.609163,52.808309],[-6.615519,52.807811],[-6.627432,52.818129],[-6.624838,52.822664],[-6.63741,52.829311],[-6.646434,52.828307],[-6.654111,52.834446],[-6.660678,52.83589],[-6.670614,52.832522],[-6.673894,52.828453],[-6.667949,52.821394],[-6.672882,52.816112],[-6.685415,52.815186],[-6.695606,52.811474],[-6.702455,52.803668],[-6.697243,52.802703],[-6.696363,52.796211],[-6.704173,52.794414],[-6.702218,52.787178],[-6.712273,52.778395],[-6.692669,52.775975],[-6.680216,52.779965],[-6.675191,52.778659],[-6.667677,52.770505],[-6.65661,52.768871],[-6.653672,52.760509],[-6.646294,52.754949],[-6.647312,52.749815],[-6.654303,52.746148],[-6.634307,52.732562],[-6.625603,52.722984],[-6.618695,52.713291],[-6.62008,52.708596],[-6.61456,52.713926],[-6.606231,52.710224],[-6.598985,52.710334],[-6.597376,52.701787],[-6.590324,52.700667],[-6.575765,52.704436],[-6.570443,52.700952],[-6.56878,52.690365],[-6.56998,52.684365],[-6.564238,52.682285],[-6.558592,52.685072],[-6.535802,52.683077],[-6.532905,52.686046],[-6.522012,52.684471],[-6.505672,52.689511],[-6.497419,52.690341],[-6.471725,52.709969],[-6.473121,52.714734],[-6.461018,52.718642],[-6.460308,52.722296],[-6.45319,52.72393],[-6.441735,52.730068],[-6.437168,52.735279],[-6.432693,52.735109],[-6.43236,52.754686],[-6.425746,52.753437],[-6.417003,52.755426],[-6.41751,52.761825],[-6.413716,52.767937],[-6.415853,52.77616],[-6.395727,52.788606],[-6.388029,52.784752],[-6.378016,52.789127],[-6.368555,52.795296],[-6.357578,52.794273],[-6.349063,52.790758],[-6.339624,52.790202],[-6.334306,52.796195],[-6.317559,52.79747],[-6.315339,52.794134],[-6.302463,52.783859],[-6.291861,52.781902],[-6.274388,52.791557],[-6.260841,52.794972],[-6.254428,52.791389],[-6.252264,52.786594],[-6.243924,52.778969],[-6.238415,52.77763],[-6.229412,52.779468],[-6.225844,52.778095],[-6.21973,52.772266],[-6.213443,52.777478],[-6.208709,52.776482],[-6.197767,52.767995],[-6.184013,52.76926],[-6.167982,52.766249],[-6.175896,52.755492],[-6.173695,52.752477],[-6.18375,52.749256],[-6.182357,52.747618],[-6.174266,52.748007],[-6.165231,52.745174],[-6.163473,52.740589],[-6.155953,52.737964],[-6.144516,52.737696],[-6.147168,52.743589],[-6.141211,52.750791],[-6.138169,52.759106],[-6.144155,52.759644],[-6.146951,52.765589],[-6.144878,52.772176],[-6.1409,52.774991],[-6.146274,52.783481],[-6.138864,52.792211],[-6.142406,52.795923],[-6.140684,52.801167],[-6.129916,52.80978],[-6.120298,52.815688],[-6.11614,52.826061],[-6.104863,52.838217],[-6.091366,52.845582],[-6.056946,52.8586],[-6.064515,52.865433],[-6.064537,52.868726],[-6.055283,52.886428],[-6.048012,52.894022],[-6.039053,52.89898],[-6.040683,52.906452],[-6.037443,52.915932],[-6.031539,52.921015],[-6.020918,52.925371],[-6.022837,52.93042],[-6.018052,52.933844],[-6.014418,52.941586],[-6.016016,52.945731],[-6.013041,52.953802],[-5.999816,52.961052],[-6.000515,52.966172],[-6.00993,52.972509],[-6.02121,52.973044],[-6.022063,52.976753],[-6.032739,52.981821],[-6.040562,52.983123],[-6.046826,52.991248],[-6.04929,52.998877],[-6.049507,53.018982],[-6.047534,53.033319],[-6.039213,53.059023],[-6.034465,53.069044],[-6.038238,53.098071],[-6.040506,53.105051],[-6.042058,53.120189],[-6.047849,53.130028],[-6.056666,53.139486],[-6.059942,53.147991],[-6.067194,53.151347],[-6.073139,53.158313],[-6.077005,53.168605],[-6.074642,53.174355],[-6.07601,53.188398],[-6.088565,53.196821],[-6.094081,53.198174],[-6.102773,53.210773],[-6.114243,53.207979],[-6.126228,53.2075],[-6.128785,53.200842],[-6.136942,53.199135],[-6.147399,53.203441],[-6.162149,53.202806],[-6.174199,53.211896],[-6.182315,53.220867],[-6.194913,53.216531],[-6.202456,53.217135],[-6.208797,53.214987],[-6.211014,53.210298],[-6.219939,53.212305],[-6.224992,53.210554],[-6.227262,53.205271],[-6.239546,53.202174],[-6.259337,53.205115],[-6.27599,53.211119],[-6.29214,53.222818],[-6.298279,53.224332]]]},"properties":{"name":"Wicklow","code":"WW"}},
{"type":"Feature","geometry":{"type":"MultiPolygon","coordinates":[[[[-9.009349,53.140831],[-9.029063,53.144572],[-9.024663,53.148819],[-9.030447,53.151989],[-9.041671,53.150296],[-9.052745,53.158425],[-9.066298,53.157608],[-9.072395,53.155868],[-9.087741,53.156866],[-9.094119,53.159246],[-9.114094,53.157511],[-9.126484,53.149004],[-9.122738,53.144767],[-9.115833,53.149451],[-9.109611,53.149161],[-9.105258,53.143328],[-9.097329,53.146713],[-9.08952,53.147624],[-9.080471,53.139621],[-9.075298,53.140054],[-9.075905,53.12998],[-9.081294,53.128894],[-9.086285,53.137007],[-9.09482,53.138795],[-9.097316,53.143472],[-9.110897,53.140362],[-9.120914,53.136726],[-9.130002,53.12687],[-9.139077,53.120651],[-9.151911,53.118707],[-9.159029,53.120346],[-9.179089,53.128222],[-9.183753,53.133354],[-9.191129,53.136325],[-9.214735,53.13972],[-9.220235,53.139473],[-9.239885,53.148832],[-9.254176,53.150647],[-9.26491,53.154254],[-9.271149,53.148853],[-9.282455,53.144558],[-9.291954,53.132867],[-9.288308,53.11882],[-9.293007,53.112001],[-9.298379,53.10915],[-9.300816,53.103825],[-9.309792,53.098902],[-9.310494,53.092396],[-9.320301,53.086488],[-9.327981,53.086275],[-9.333108,53.083467],[-9.355492,53.074846],[-9.364701,53.063173],[-9.366638,53.056396],[-9.364185,53.051308],[-9.370759,53.046797],[-9.383199,53.042564],[-9.386911,53.035321],[-9.394038,53.030565],[-9.395455,53.025534],[-9.400916,53.02449],[-9.408814,53.018902],[-9.404305,53.014135],[-9.39214,53.008011],[-9.397283,53.004501],[-9.41186,52.998916],[-9.417497,52.993458],[-9.417849,52.989393],[-9.430145,52.985259],[-9.426837,52.976367],[-9.428497,52.970267],[-9.43812,52.962149],[-9.449274,52.958168],[-9.454541,52.952728],[-9.46288,52.949626],[-9.474802,52.942724],[-9.469872,52.937799],[-9.47537,52.932037],[-9.46448,52.930561],[-9.441227,52.937019],[-9.42749,52.937038],[-9.423901,52.931919],[-9.400457,52.932523],[-9.371721,52.943621],[-9.360547,52.943764],[-9.346598,52.93114],[-9.351813,52.922389],[-9.351114,52.918475],[-9.36804,52.913877],[-9.370269,52.908484],[-9.383688,52.903258],[-9.389592,52.897041],[-9.406092,52.892107],[-9.413503,52.891921],[-9.42844,52.884009],[-9.433067,52.883231],[-9.441732,52.866011],[-9.429893,52.868804],[-9.434047,52.861373],[-9.442546,52.851681],[-9.449634,52.848545],[-9.435287,52.844632],[-9.432345,52.836977],[-9.434231,52.833314],[-9.442498,52.832016],[-9.450342,52.833419],[-9.456204,52.831007],[-9.452613,52.827519],[-9.45658,52.817035],[-9.473844,52.809852],[-9.490589,52.807029],[-9.485402,52.793837],[-9.488902,52.789827],[-9.482558,52.781462],[-9.482802,52.774604],[-9.492982,52.77284],[-9.499342,52.768786],[-9.495439,52.766441],[-9.49298,52.759838],[-9.498605,52.749953],[-9.511019,52.745291],[-9.525026,52.745494],[-9.526569,52.737217],[-9.536141,52.73629],[-9.540176,52.744754],[-9.550926,52.748161],[-9.54793,52.752033],[-9.569318,52.752082],[-9.591905,52.746887],[-9.605122,52.744824],[-9.610262,52.733004],[-9.621523,52.73341],[-9.633818,52.727325],[-9.622082,52.718487],[-9.623234,52.712911],[-9.632913,52.712743],[-9.649233,52.705101],[-9.651661,52.699664],[-9.651794,52.684455],[-9.65864,52.681829],[-9.66822,52.682285],[-9.674128,52.677856],[-9.694034,52.671929],[-9.696643,52.665505],[-9.706068,52.659726],[-9.721588,52.655412],[-9.724076,52.651777],[-9.742695,52.643482],[-9.745506,52.639513],[-9.752891,52.639582],[-9.760948,52.635702],[-9.773649,52.633478],[-9.784184,52.627895],[-9.793172,52.62516],[-9.793005,52.619301],[-9.802856,52.618143],[-9.806339,52.614196],[-9.803732,52.608813],[-9.806972,52.604452],[-9.821549,52.599773],[-9.829826,52.600098],[-9.83416,52.596799],[-9.851792,52.59608],[-9.866059,52.592192],[-9.871576,52.592104],[-9.871578,52.584321],[-9.879092,52.584079],[-9.88218,52.579455],[-9.894272,52.581396],[-9.912882,52.576063],[-9.912551,52.573266],[-9.920696,52.564867],[-9.936041,52.560935],[-9.929044,52.55621],[-9.912118,52.558089],[-9.902633,52.556377],[-9.879061,52.557538],[-9.867966,52.561414],[-9.861142,52.566091],[-9.861607,52.570475],[-9.836815,52.57209],[-9.832317,52.569751],[-9.820197,52.56848],[-9.812228,52.564766],[-9.797497,52.56739],[-9.792006,52.569713],[-9.771335,52.572216],[-9.744185,52.579862],[-9.745021,52.585225],[-9.741185,52.586967],[-9.722958,52.586052],[-9.7115,52.57957],[-9.69631,52.583398],[-9.679546,52.572751],[-9.657206,52.592695],[-9.635339,52.59926],[-9.535545,52.598736],[-9.437244,52.596346],[-9.407954,52.591755],[-9.396212,52.59372],[-9.372577,52.601533],[-9.364942,52.602453],[-9.356689,52.600883],[-9.344824,52.589543],[-9.338189,52.583154],[-9.328417,52.5804],[-9.29468,52.579723],[-9.284916,52.582632],[-9.253866,52.595699],[-9.228829,52.607974],[-9.193178,52.610794],[-9.164801,52.611433],[-9.14922,52.61487],[-9.123287,52.633522],[-9.104676,52.637743],[-9.075296,52.648909],[-9.064592,52.651403],[-9.050843,52.652115],[-9.022847,52.649356],[-9.01755,52.649774],[-8.973014,52.665927],[-8.951758,52.669684],[-8.910601,52.6725],[-8.887755,52.675012],[-8.864976,52.678285],[-8.846705,52.678646],[-8.832206,52.680455],[-8.817069,52.679126],[-8.80598,52.675261],[-8.802689,52.671779],[-8.78939,52.668784],[-8.772615,52.670343],[-8.762165,52.675032],[-8.744292,52.676023],[-8.714861,52.672692],[-8.708985,52.670841],[-8.701038,52.675879],[-8.688717,52.67605],[-8.687174,52.680019],[-8.671581,52.686766],[-8.653917,52.689985],[-8.64144,52.688337],[-8.630895,52.68491],[-8.6272,52.684097],[-8.625061,52.688814],[-8.613994,52.686705],[-8.608278,52.6796],[-8.60435,52.679123],[-8.589163,52.67002],[-8.585207,52.675989],[-8.576446,52.678033],[-8.567675,52.675957],[-8.557857,52.67905],[-8.551232,52.678561],[-8.544057,52.682481],[-8.541257,52.694208],[-8.542515,52.695785],[-8.532846,52.703847],[-8.52032,52.702813],[-8.512712,52.70516],[-8.509926,52.711912],[-8.502203,52.718929],[-8.508004,52.725729],[-8.503622,52.730897],[-8.507101,52.735243],[-8.508994,52.746165],[-8.502815,52.751331],[-8.491706,52.753959],[-8.488083,52.752903],[-8.480079,52.757399],[-8.470322,52.766308],[-8.464886,52.773986],[-8.459945,52.778022],[-8.442654,52.786689],[-8.437078,52.797867],[-8.436992,52.806811],[-8.448844,52.811974],[-8.448807,52.820117],[-8.451775,52.823976],[-8.455224,52.846957],[-8.424715,52.867776],[-8.41846,52.875404],[-8.407521,52.912583],[-8.367515,52.916545],[-8.338498,52.915202],[-8.313906,52.935523],[-8.307979,52.948979],[-8.290097,52.960748],[-8.282424,52.970462],[-8.284499,52.972564],[-8.30983,52.976931],[-8.316738,52.985144],[-8.338859,52.987549],[-8.345507,52.985048],[-8.351561,52.975687],[-8.35881,52.971271],[-8.366485,52.972042],[-8.366481,52.975959],[-8.377061,52.981605],[-8.395901,52.984153],[-8.403264,52.986754],[-8.408653,52.994815],[-8.418536,52.993331],[-8.424065,52.983388],[-8.44385,52.973861],[-8.450077,52.972266],[-8.461154,52.982165],[-8.485239,52.988813],[-8.502505,52.98314],[-8.504573,52.990364],[-8.510057,52.998623],[-8.508535,53.006275],[-8.516897,53.012141],[-8.523947,53.011665],[-8.528197,53.023717],[-8.536778,53.024451],[-8.551395,53.022341],[-8.560264,53.031485],[-8.560234,53.036384],[-8.554491,53.042196],[-8.591776,53.040148],[-8.61528,53.037427],[-8.626742,53.034093],[-8.628348,53.038578],[-8.634534,53.041768],[-8.640256,53.039841],[-8.66687,53.03917],[-8.679424,53.036324],[-8.682242,53.031618],[-8.692105,53.029441],[-8.694114,53.02658],[-8.714257,53.024063],[-8.719689,53.025421],[-8.731877,53.014274],[-8.738683,53.010967],[-8.73696,53.005953],[-8.741288,53.002513],[-8.751424,52.999301],[-8.758963,52.993926],[-8.77878,52.987697],[-8.779379,52.975271],[-8.783838,52.973095],[-8.804959,52.979432],[-8.809075,52.97535],[-8.819612,52.978929],[-8.83227,52.981326],[-8.833021,52.988765],[-8.846333,52.984897],[-8.846465,52.977617],[-8.850608,52.972026],[-8.860517,52.970412],[-8.860294,52.978948],[-8.872818,52.980038],[-8.882599,52.976482],[-8.884862,52.985403],[-8.890042,52.990814],[-8.886604,52.996053],[-8.894628,52.998946],[-8.898759,53.008224],[-8.883451,53.016396],[-8.892621,53.030714],[-8.900047,53.033572],[-8.898995,53.040653],[-8.901168,53.047569],[-8.89029,53.056014],[-8.891612,53.060678],[-8.89893,53.061863],[-8.905293,53.066171],[-8.920143,53.066211],[-8.922476,53.070343],[-8.932947,53.077862],[-8.956302,53.08712],[-8.970302,53.086452],[-8.974526,53.092215],[-8.993319,53.09471],[-8.998512,53.099874],[-9.011063,53.102839],[-9.019324,53.110599],[-9.020214,53.116651],[-9.025922,53.123203],[-9.027955,53.130172],[-9.024703,53.135855],[-9.025867,53.140216],[-9.01661,53.139382],[-9.009349,53.140831]]],[[[-9.509059,52.816728],[-9.515902,52.812458],[-9.526492,52.814241],[-9.532709,52.812048],[-9.531219,52.808091],[-9.513679,52.810472],[-9.509059,52.816728]]],[[[-9.054265,53.165102],[-9.061671,53.1657],[-9.067631,53.168769],[-9.081207,53.167639],[-9.084295,53.161625],[-9.071894,53.157775],[-9.05427,53.164757],[-9.054265,53.165102]]]]},"properties":{"name":"Clare","code":"CE"}},
{"type":"Feature","geometry":{"type":"MultiPolygon","coordinates":[[[[-8.389489,51.890808],[-8.396513,51.9059],[-8.412913,51.904409],[-8.419586,51.907231],[-8.420735,51.912576],[-8.427317,51.917134],[-8.436423,51.917471],[-8.445776,51.915607],[-8.455897,51.921328],[-8.46288,51.920489],[-8.477499,51.924379],[-8.484754,51.927878],[-8.499331,51.921756],[-8.491459,51.916137],[-8.49879,51.911462],[-8.520475,51.905746],[-8.517981,51.903672],[-8.515557,51.894265],[-8.521065,51.895675],[-8.538412,51.89564],[-8.540706,51.891732],[-8.54181,51.880506],[-8.540064,51.872361],[-8.534173,51.871433],[-8.517192,51.876475],[-8.500881,51.876892],[-8.495571,51.874778],[-8.480264,51.874289],[-8.460646,51.877838],[-8.45139,51.874669],[-8.441502,51.876581],[-8.439,51.877326],[-8.432875,51.882924],[-8.426165,51.884162],[-8.412507,51.880338],[-8.406232,51.88283],[-8.395437,51.88013],[-8.390998,51.886257],[-8.389489,51.890808]]],[[[-10.162705,51.611389],[-10.170938,51.609301],[-10.185869,51.60915],[-10.189007,51.606263],[-10.207394,51.602814],[-10.217728,51.593472],[-10.225601,51.593181],[-10.231695,51.585253],[-10.222183,51.5841],[-10.211073,51.589418],[-10.205925,51.589107],[-10.194119,51.592183],[-10.190666,51.595507],[-10.178502,51.596104],[-10.173497,51.600494],[-10.161726,51.60257],[-10.156865,51.607653],[-10.162705,51.611389]]],[[[-9.665752,51.684998],[-9.668223,51.679315],[-9.67377,51.676505],[-9.672818,51.670402],[-9.656963,51.674667],[-9.651137,51.673818],[-9.638974,51.676407],[-9.636313,51.67885],[-9.62333,51.681015],[-9.61453,51.688473],[-9.609073,51.68872],[-9.596039,51.693558],[-9.595119,51.697327],[-9.586153,51.699524],[-9.579524,51.710258],[-9.572885,51.70623],[-9.552929,51.71274],[-9.543815,51.721909],[-9.549671,51.725311],[-9.552507,51.733715],[-9.550915,51.744131],[-9.547734,51.747371],[-9.538413,51.75025],[-9.533612,51.749709],[-9.527728,51.744749],[-9.528213,51.734192],[-9.52212,51.726991],[-9.515804,51.728777],[-9.503517,51.723669],[-9.501832,51.716424],[-9.492011,51.719008],[-9.489898,51.714027],[-9.477585,51.717037],[-9.463046,51.726029],[-9.456482,51.728837],[-9.449268,51.726234],[-9.458767,51.719133],[-9.449915,51.715082],[-9.453441,51.707329],[-9.454353,51.697962],[-9.444697,51.691728],[-9.459066,51.689687],[-9.459649,51.681043],[-9.467558,51.6776],[-9.484705,51.678853],[-9.493303,51.672321],[-9.503298,51.671228],[-9.508505,51.668827],[-9.508324,51.664416],[-9.52232,51.65968],[-9.539412,51.657932],[-9.563173,51.652767],[-9.581291,51.645541],[-9.602022,51.641257],[-9.610444,51.6367],[-9.642898,51.628192],[-9.652848,51.628445],[-9.666001,51.625093],[-9.679525,51.619482],[-9.684201,51.61569],[-9.698527,51.612059],[-9.714435,51.605937],[-9.71941,51.600985],[-9.728186,51.599577],[-9.741907,51.594926],[-9.749035,51.594011],[-9.769318,51.583662],[-9.784566,51.579746],[-9.791212,51.573802],[-9.786891,51.570512],[-9.795719,51.566595],[-9.806663,51.563704],[-9.809565,51.560444],[-9.820235,51.55501],[-9.833142,51.551405],[-9.842728,51.545343],[-9.837982,51.540216],[-9.823174,51.543611],[-9.816283,51.541829],[-9.802452,51.545753],[-9.792726,51.551172],[-9.788015,51.549721],[-9.775228,51.55045],[-9.764057,51.555563],[-9.751195,51.55885],[-9.738549,51.563675],[-9.734742,51.560304],[-9.72474,51.569916],[-9.711578,51.570708],[-9.696113,51.573317],[-9.689698,51.580027],[-9.683124,51.576912],[-9.675912,51.583014],[-9.660278,51.584704],[-9.638646,51.592296],[-9.636709,51.598941],[-9.631119,51.59989],[-9.621553,51.597688],[-9.616926,51.600548],[-9.606252,51.60301],[-9.60497,51.605752],[-9.582143,51.611532],[-9.579551,51.609924],[-9.566661,51.613051],[-9.559793,51.61074],[-9.553511,51.612529],[-9.548803,51.617494],[-9.536256,51.611511],[-9.542879,51.604692],[-9.553526,51.601801],[-9.559901,51.604793],[-9.571566,51.601787],[-9.583202,51.596917],[-9.588299,51.589008],[-9.610665,51.580065],[-9.618798,51.578999],[-9.61469,51.574228],[-9.618914,51.571752],[-9.6469,51.56446],[-9.647917,51.557817],[-9.645313,51.552719],[-9.651988,51.552157],[-9.662926,51.545416],[-9.669922,51.544234],[-9.67346,51.539695],[-9.692218,51.529765],[-9.708498,51.526703],[-9.719752,51.525813],[-9.733505,51.526615],[-9.741827,51.521083],[-9.751124,51.522669],[-9.759344,51.5187],[-9.75781,51.516411],[-9.772433,51.51224],[-9.774463,51.506622],[-9.787593,51.500943],[-9.794147,51.495608],[-9.79926,51.495468],[-9.815935,51.491338],[-9.830183,51.481755],[-9.82232,51.477322],[-9.807685,51.472878],[-9.81406,51.469003],[-9.819268,51.460261],[-9.8141,51.451079],[-9.808795,51.448912],[-9.795489,51.450456],[-9.785763,51.457215],[-9.781279,51.462749],[-9.776606,51.47311],[-9.771505,51.470696],[-9.772621,51.464901],[-9.763906,51.462968],[-9.761154,51.459406],[-9.769373,51.454853],[-9.763287,51.449609],[-9.750071,51.45922],[-9.741848,51.461874],[-9.731013,51.46199],[-9.719693,51.467907],[-9.732187,51.471358],[-9.723175,51.475398],[-9.713562,51.47402],[-9.70326,51.477463],[-9.705172,51.48666],[-9.703907,51.494676],[-9.691351,51.497904],[-9.680681,51.503267],[-9.671785,51.503545],[-9.667541,51.499813],[-9.662197,51.500986],[-9.656215,51.510177],[-9.646473,51.514274],[-9.634142,51.5087],[-9.636336,51.504826],[-9.630517,51.502496],[-9.625703,51.497472],[-9.625239,51.491871],[-9.60183,51.493072],[-9.591671,51.496446],[-9.577979,51.506441],[-9.57307,51.50356],[-9.563865,51.505158],[-9.543136,51.511157],[-9.541183,51.513673],[-9.54457,51.525531],[-9.532724,51.530419],[-9.528266,51.524193],[-9.525402,51.514913],[-9.51105,51.519137],[-9.50489,51.517461],[-9.499652,51.521031],[-9.488522,51.52435],[-9.475314,51.523139],[-9.471835,51.527398],[-9.46462,51.523856],[-9.455204,51.525195],[-9.445941,51.529781],[-9.436005,51.543806],[-9.446806,51.542502],[-9.442929,51.55002],[-9.454813,51.552053],[-9.436744,51.553032],[-9.431931,51.549899],[-9.414434,51.552238],[-9.414368,51.547075],[-9.418887,51.542734],[-9.412364,51.541045],[-9.39785,51.547603],[-9.391846,51.544154],[-9.397241,51.539434],[-9.39506,51.536243],[-9.406762,51.521738],[-9.418,51.517927],[-9.409598,51.513163],[-9.415449,51.508338],[-9.418217,51.500218],[-9.408939,51.496283],[-9.398226,51.500199],[-9.393546,51.497455],[-9.398058,51.492865],[-9.391093,51.487821],[-9.372946,51.487005],[-9.375647,51.482263],[-9.38463,51.479754],[-9.380936,51.469761],[-9.368502,51.46941],[-9.362809,51.472097],[-9.349705,51.471522],[-9.344199,51.468368],[-9.334304,51.474971],[-9.320765,51.47849],[-9.312466,51.48458],[-9.299298,51.487873],[-9.294059,51.493207],[-9.2959,51.499932],[-9.302304,51.498176],[-9.306717,51.501112],[-9.306226,51.506142],[-9.299798,51.505815],[-9.295437,51.501102],[-9.29369,51.49551],[-9.27744,51.493358],[-9.278974,51.497437],[-9.264583,51.499665],[-9.26921,51.491085],[-9.261622,51.48772],[-9.244496,51.492944],[-9.23285,51.492921],[-9.241946,51.484044],[-9.227805,51.481222],[-9.222404,51.485751],[-9.210393,51.48662],[-9.212065,51.494392],[-9.21631,51.497768],[-9.205428,51.50792],[-9.197266,51.506238],[-9.189927,51.507341],[-9.19056,51.511237],[-9.184771,51.516489],[-9.188117,51.519755],[-9.181072,51.523944],[-9.173429,51.525855],[-9.172547,51.529288],[-9.165185,51.529869],[-9.171879,51.521034],[-9.173737,51.515956],[-9.161572,51.519787],[-9.146845,51.52139],[-9.134297,51.526809],[-9.129239,51.533399],[-9.121115,51.537373],[-9.110905,51.539531],[-9.118726,51.547991],[-9.117245,51.556243],[-9.123708,51.55867],[-9.135377,51.558455],[-9.139294,51.560538],[-9.139486,51.570315],[-9.147853,51.57149],[-9.145325,51.579623],[-9.138193,51.57472],[-9.135721,51.566203],[-9.125337,51.56301],[-9.122473,51.566246],[-9.113787,51.5636],[-9.107367,51.554848],[-9.096817,51.550387],[-9.082115,51.546214],[-9.066537,51.549196],[-9.061645,51.552675],[-9.070709,51.557],[-9.065793,51.559548],[-9.058158,51.552975],[-9.047424,51.551816],[-9.042667,51.555284],[-9.035377,51.552953],[-9.029638,51.558635],[-9.021854,51.560809],[-9.023249,51.570317],[-9.03002,51.574308],[-9.028709,51.579321],[-9.020358,51.576402],[-9.020956,51.572356],[-9.015911,51.564205],[-9.00854,51.564098],[-9.002126,51.56694],[-8.989867,51.564249],[-8.979488,51.558709],[-8.975737,51.560321],[-8.956652,51.552186],[-8.951909,51.534607],[-8.942725,51.536295],[-8.944252,51.541657],[-8.939501,51.546069],[-8.929768,51.547719],[-8.924651,51.54619],[-8.924524,51.540335],[-8.90903,51.543616],[-8.906827,51.546679],[-8.889671,51.551547],[-8.892075,51.558882],[-8.896042,51.563691],[-8.890735,51.570054],[-8.878066,51.575672],[-8.869224,51.576953],[-8.866742,51.592122],[-8.894698,51.596575],[-8.892295,51.604209],[-8.870897,51.596136],[-8.864634,51.596476],[-8.852215,51.600448],[-8.847877,51.59492],[-8.835463,51.593284],[-8.813295,51.593474],[-8.807281,51.595533],[-8.796166,51.589486],[-8.782633,51.587647],[-8.774604,51.582004],[-8.76288,51.586211],[-8.758977,51.592593],[-8.751482,51.583582],[-8.752399,51.578356],[-8.758031,51.57645],[-8.756595,51.572343],[-8.746973,51.573582],[-8.736741,51.571458],[-8.730465,51.573614],[-8.719804,51.57265],[-8.713035,51.569719],[-8.706394,51.573369],[-8.708319,51.576747],[-8.69868,51.578669],[-8.697329,51.582501],[-8.705706,51.590304],[-8.70002,51.598639],[-8.69351,51.600174],[-8.682754,51.609568],[-8.691088,51.609904],[-8.701786,51.617809],[-8.687782,51.627196],[-8.68453,51.634908],[-8.687737,51.637129],[-8.696995,51.636148],[-8.702306,51.633099],[-8.710528,51.635359],[-8.711616,51.63925],[-8.707214,51.64365],[-8.699672,51.646201],[-8.689989,51.64448],[-8.680534,51.644663],[-8.673482,51.65083],[-8.676451,51.655057],[-8.669234,51.657046],[-8.669767,51.650849],[-8.65933,51.634544],[-8.639485,51.636949],[-8.627262,51.636059],[-8.610075,51.640264],[-8.585616,51.642951],[-8.566642,51.640026],[-8.558436,51.630839],[-8.558562,51.62643],[-8.543185,51.618541],[-8.54272,51.608176],[-8.534087,51.606004],[-8.528015,51.60933],[-8.539027,51.614431],[-8.538794,51.623657],[-8.53248,51.629591],[-8.541628,51.631565],[-8.549812,51.644804],[-8.53063,51.658485],[-8.5326,51.661826],[-8.52775,51.665381],[-8.527415,51.672066],[-8.51991,51.678715],[-8.508213,51.679069],[-8.50908,51.682319],[-8.502934,51.687309],[-8.51139,51.689797],[-8.512995,51.695912],[-8.526179,51.691159],[-8.533845,51.689755],[-8.546376,51.696571],[-8.541671,51.700509],[-8.528982,51.694327],[-8.51949,51.697612],[-8.518798,51.703831],[-8.51043,51.705323],[-8.499889,51.700104],[-8.500565,51.69616],[-8.492131,51.689595],[-8.493795,51.680909],[-8.497292,51.678189],[-8.492285,51.674419],[-8.485096,51.676579],[-8.479628,51.673992],[-8.470152,51.681085],[-8.457756,51.682761],[-8.456754,51.687439],[-8.450854,51.692739],[-8.459504,51.696179],[-8.470054,51.708835],[-8.463388,51.709888],[-8.461007,51.702985],[-8.45621,51.697868],[-8.443793,51.704574],[-8.441353,51.700057],[-8.442141,51.693616],[-8.447223,51.689269],[-8.439745,51.685436],[-8.425105,51.692388],[-8.427765,51.69617],[-8.41891,51.703701],[-8.409048,51.704399],[-8.392384,51.701431],[-8.392816,51.704946],[-8.383275,51.713714],[-8.357913,51.716539],[-8.344047,51.71553],[-8.340152,51.716658],[-8.337517,51.727202],[-8.329059,51.734446],[-8.322626,51.734359],[-8.316952,51.730584],[-8.311726,51.732039],[-8.310684,51.741271],[-8.304418,51.742633],[-8.301907,51.75209],[-8.296573,51.755517],[-8.300018,51.763791],[-8.296843,51.767078],[-8.305113,51.769523],[-8.317455,51.769581],[-8.322307,51.765648],[-8.339636,51.761357],[-8.344236,51.762482],[-8.347199,51.764395],[-8.350219,51.762617],[-8.354492,51.763985],[-8.364566,51.764708],[-8.350625,51.764103],[-8.346878,51.764793],[-8.342566,51.764729],[-8.331934,51.765562],[-8.325143,51.76746],[-8.321014,51.771373],[-8.314228,51.772687],[-8.293571,51.779569],[-8.295093,51.783166],[-8.282246,51.788218],[-8.280084,51.795231],[-8.274364,51.7979],[-8.277673,51.805208],[-8.275314,51.808794],[-8.284687,51.810353],[-8.292764,51.805835],[-8.310761,51.803503],[-8.321865,51.805565],[-8.326983,51.801325],[-8.338026,51.804377],[-8.349821,51.809671],[-8.360292,51.80991],[-8.376699,51.812393],[-8.371144,51.815781],[-8.359167,51.818244],[-8.355957,51.814403],[-8.34582,51.813133],[-8.338041,51.805469],[-8.329041,51.802821],[-8.320543,51.808263],[-8.313087,51.807008],[-8.297015,51.807306],[-8.294167,51.812484],[-8.311142,51.812988],[-8.312772,51.817379],[-8.299592,51.826346],[-8.303747,51.83421],[-8.317147,51.834246],[-8.324817,51.830733],[-8.33305,51.836915],[-8.344739,51.837382],[-8.331096,51.849649],[-8.332911,51.862237],[-8.325605,51.866457],[-8.327567,51.848746],[-8.313008,51.843121],[-8.31164,51.845794],[-8.293911,51.850102],[-8.276682,51.85168],[-8.269089,51.854059],[-8.263407,51.858882],[-8.257479,51.856789],[-8.224906,51.858267],[-8.215385,51.857221],[-8.190881,51.858308],[-8.186311,51.856836],[-8.193667,51.851413],[-8.198202,51.843639],[-8.214366,51.844034],[-8.222379,51.842217],[-8.230855,51.837641],[-8.238184,51.837931],[-8.232368,51.826255],[-8.240555,51.823591],[-8.246968,51.825077],[-8.257582,51.820002],[-8.26408,51.814619],[-8.25872,51.809404],[-8.251459,51.808716],[-8.248809,51.804564],[-8.25261,51.798362],[-8.252145,51.794256],[-8.244602,51.792149],[-8.218704,51.794991],[-8.208924,51.792304],[-8.178226,51.795309],[-8.173779,51.784551],[-8.156659,51.788926],[-8.149082,51.794208],[-8.14517,51.799404],[-8.135718,51.804245],[-8.112558,51.808599],[-8.09938,51.807686],[-8.087676,51.809744],[-8.084639,51.807994],[-8.061474,51.808801],[-8.050856,51.814043],[-8.049279,51.817472],[-8.038833,51.814964],[-8.036972,51.818935],[-8.023786,51.819947],[-8.011519,51.822866],[-8.001538,51.827009],[-8.009542,51.830419],[-8.021088,51.832727],[-8.022783,51.84067],[-8.020936,51.846277],[-8.01389,51.849576],[-8.003648,51.857568],[-7.980064,51.865794],[-7.964178,51.869408],[-7.941002,51.869927],[-7.929995,51.872897],[-7.916238,51.872619],[-7.8981,51.875274],[-7.896285,51.87753],[-7.877801,51.878201],[-7.864327,51.883829],[-7.871342,51.888088],[-7.886205,51.892093],[-7.888146,51.894746],[-7.903383,51.893969],[-7.90679,51.900264],[-7.906083,51.905899],[-7.887302,51.910609],[-7.878201,51.917359],[-7.867697,51.92881],[-7.852296,51.93723],[-7.8422,51.941061],[-7.842156,51.954218],[-7.844552,51.96662],[-7.847387,51.972463],[-7.855212,51.980137],[-7.859782,51.976313],[-7.878178,51.974567],[-7.894685,51.976099],[-7.909876,51.974085],[-7.921025,51.980793],[-7.925626,51.986303],[-7.925546,51.991498],[-7.930293,52.003084],[-7.927989,52.008043],[-7.937897,52.013805],[-7.958264,52.019101],[-7.961693,52.026269],[-7.957102,52.0362],[-7.962524,52.036714],[-7.973325,52.032456],[-7.980576,52.035547],[-7.986734,52.034541],[-7.989529,52.039576],[-7.999847,52.044115],[-8.002852,52.048825],[-8.013878,52.05128],[-8.022586,52.058135],[-8.018031,52.062255],[-8.021346,52.065409],[-8.013785,52.074211],[-8.016414,52.082176],[-8.024091,52.08923],[-8.028831,52.097547],[-8.028181,52.103282],[-8.037688,52.10348],[-8.044382,52.109918],[-8.045856,52.115027],[-8.070738,52.117148],[-8.07129,52.1255],[-8.080535,52.125392],[-8.083449,52.130058],[-8.078484,52.137079],[-8.071268,52.125592],[-8.062276,52.126177],[-8.060663,52.132538],[-8.066203,52.140352],[-8.072465,52.143652],[-8.094837,52.138517],[-8.09569,52.142191],[-8.109656,52.140954],[-8.111025,52.145165],[-8.131754,52.143028],[-8.142623,52.140889],[-8.16261,52.14111],[-8.161072,52.14456],[-8.15388,52.145964],[-8.157643,52.158754],[-8.154319,52.164916],[-8.140846,52.164547],[-8.134997,52.167142],[-8.128694,52.17451],[-8.119861,52.195415],[-8.123424,52.200236],[-8.116275,52.204938],[-8.10472,52.206483],[-8.107015,52.214911],[-8.103399,52.231182],[-8.11367,52.231374],[-8.138792,52.237481],[-8.151517,52.238643],[-8.160955,52.241928],[-8.161494,52.253043],[-8.165585,52.259964],[-8.162642,52.265602],[-8.169314,52.266461],[-8.163935,52.274082],[-8.165142,52.277616],[-8.176582,52.27668],[-8.183208,52.287675],[-8.195607,52.287153],[-8.209384,52.29465],[-8.220276,52.294089],[-8.228516,52.296425],[-8.234888,52.295555],[-8.250991,52.296153],[-8.265585,52.291349],[-8.273599,52.291283],[-8.285229,52.287162],[-8.297046,52.294801],[-8.299522,52.302942],[-8.311403,52.316935],[-8.312372,52.32192],[-8.323709,52.31943],[-8.333557,52.320171],[-8.333393,52.327206],[-8.34103,52.329276],[-8.344715,52.326239],[-8.348296,52.325732],[-8.352313,52.322382],[-8.362588,52.319937],[-8.363581,52.308885],[-8.381339,52.304231],[-8.386418,52.294627],[-8.416456,52.293799],[-8.445433,52.29127],[-8.451949,52.287296],[-8.477429,52.285968],[-8.494897,52.283315],[-8.504606,52.280506],[-8.534447,52.286144],[-8.547293,52.292498],[-8.558234,52.307365],[-8.564623,52.306273],[-8.569665,52.309943],[-8.57968,52.310115],[-8.58541,52.307077],[-8.591507,52.314549],[-8.606488,52.324139],[-8.610076,52.329701],[-8.605446,52.33279],[-8.614119,52.336018],[-8.624003,52.337435],[-8.624378,52.3444],[-8.633311,52.344434],[-8.644107,52.348288],[-8.651726,52.347123],[-8.661853,52.351638],[-8.663277,52.359175],[-8.668437,52.359812],[-8.673726,52.367987],[-8.671034,52.372831],[-8.674269,52.375856],[-8.673875,52.383505],[-8.693847,52.377883],[-8.708422,52.377335],[-8.710069,52.376814],[-8.724187,52.371019],[-8.734794,52.370967],[-8.741648,52.37331],[-8.749844,52.379606],[-8.760711,52.378559],[-8.763648,52.382635],[-8.77902,52.386875],[-8.787499,52.377711],[-8.78817,52.37277],[-8.79317,52.371629],[-8.799859,52.380204],[-8.799563,52.387284],[-8.823074,52.383066],[-8.828923,52.370649],[-8.845958,52.371455],[-8.851644,52.367978],[-8.849391,52.363795],[-8.853708,52.357536],[-8.865691,52.353723],[-8.868087,52.348991],[-8.877081,52.35027],[-8.881629,52.346681],[-8.881366,52.339638],[-8.888214,52.336492],[-8.882727,52.331971],[-8.893947,52.331191],[-8.910546,52.324624],[-8.918386,52.324893],[-8.943947,52.321961],[-8.962363,52.31895],[-8.965137,52.316797],[-8.986406,52.310725],[-8.985006,52.303696],[-8.97911,52.299131],[-8.976849,52.29418],[-8.986739,52.292201],[-8.993462,52.294965],[-8.995044,52.29963],[-9.010005,52.310422],[-9.01654,52.311963],[-9.02127,52.317001],[-9.033572,52.322435],[-9.045817,52.3208],[-9.06749,52.327794],[-9.07504,52.331082],[-9.112545,52.333427],[-9.119609,52.337779],[-9.13693,52.34379],[-9.140116,52.333124],[-9.150612,52.331362],[-9.158519,52.326369],[-9.161204,52.320312],[-9.175244,52.319211],[-9.174679,52.311916],[-9.190102,52.308572],[-9.209428,52.306728],[-9.217493,52.298223],[-9.210893,52.289971],[-9.216283,52.281872],[-9.223582,52.282241],[-9.249304,52.277765],[-9.246958,52.268089],[-9.251733,52.262405],[-9.273716,52.254554],[-9.27027,52.249532],[-9.276054,52.229637],[-9.269932,52.226071],[-9.262852,52.216682],[-9.252127,52.206722],[-9.251804,52.201532],[-9.246289,52.193859],[-9.24862,52.189119],[-9.245633,52.182319],[-9.231834,52.177204],[-9.235252,52.169671],[-9.230673,52.166187],[-9.233862,52.157978],[-9.238376,52.153531],[-9.240056,52.146595],[-9.236621,52.140321],[-9.228961,52.13412],[-9.227254,52.128344],[-9.229241,52.1242],[-9.226627,52.119549],[-9.216679,52.111606],[-9.210947,52.110524],[-9.208234,52.105325],[-9.20839,52.095344],[-9.202078,52.087006],[-9.195596,52.08319],[-9.187503,52.084677],[-9.186328,52.078995],[-9.20081,52.072707],[-9.210774,52.069931],[-9.21088,52.065614],[-9.217699,52.061861],[-9.220943,52.054998],[-9.221084,52.048184],[-9.21158,52.023278],[-9.192592,52.024787],[-9.184642,52.02652],[-9.178964,52.014488],[-9.166277,52.007952],[-9.156266,52.00583],[-9.136345,52.004831],[-9.125372,52.007754],[-9.118786,51.998166],[-9.129014,51.987413],[-9.13813,51.982572],[-9.156277,51.986083],[-9.165121,51.983063],[-9.183955,51.983653],[-9.195104,51.982447],[-9.204989,51.977479],[-9.237131,51.970363],[-9.255331,51.969669],[-9.260437,51.965157],[-9.262084,51.959751],[-9.281235,51.955344],[-9.290904,51.949501],[-9.303311,51.946207],[-9.307459,51.942049],[-9.30149,51.932965],[-9.30167,51.923853],[-9.293972,51.917284],[-9.285805,51.914295],[-9.289044,51.902774],[-9.282756,51.901986],[-9.273855,51.895724],[-9.279035,51.894169],[-9.285146,51.885027],[-9.301518,51.879098],[-9.29998,51.872142],[-9.305537,51.86545],[-9.324365,51.857066],[-9.325797,51.849249],[-9.329807,51.846374],[-9.343496,51.843136],[-9.349097,51.843638],[-9.35671,51.836363],[-9.370123,51.835388],[-9.388278,51.836404],[-9.399406,51.828285],[-9.407827,51.82519],[-9.412405,51.825941],[-9.438173,51.823437],[-9.440984,51.813926],[-9.446096,51.807323],[-9.443418,51.802529],[-9.451776,51.79925],[-9.463599,51.798022],[-9.461324,51.794901],[-9.471206,51.793419],[-9.481367,51.78955],[-9.497316,51.790012],[-9.524295,51.786999],[-9.535848,51.78758],[-9.539794,51.790372],[-9.554988,51.787726],[-9.566469,51.78954],[-9.581336,51.784126],[-9.599326,51.787801],[-9.615112,51.787201],[-9.622673,51.785575],[-9.65045,51.764979],[-9.657013,51.764121],[-9.664776,51.749552],[-9.669046,51.747114],[-9.685689,51.745131],[-9.692636,51.742336],[-9.698091,51.744237],[-9.707956,51.743739],[-9.716215,51.739496],[-9.723722,51.739754],[-9.730403,51.732781],[-9.7488,51.72612],[-9.760561,51.719691],[-9.760933,51.711567],[-9.771069,51.705597],[-9.781618,51.701299],[-9.791041,51.693829],[-9.809085,51.692244],[-9.821571,51.688322],[-9.833677,51.694283],[-9.826722,51.700446],[-9.827304,51.705643],[-9.823652,51.70862],[-9.823848,51.717438],[-9.837469,51.71919],[-9.843337,51.722663],[-9.833377,51.733023],[-9.840401,51.735556],[-9.850945,51.743488],[-9.856744,51.751385],[-9.866199,51.747687],[-9.87574,51.746976],[-9.8818,51.741341],[-9.889739,51.743387],[-9.883218,51.748537],[-9.881562,51.755598],[-9.877848,51.758515],[-9.886823,51.76301],[-9.904656,51.753071],[-9.904882,51.750648],[-9.917197,51.748122],[-9.928222,51.740719],[-9.939763,51.738818],[-9.947622,51.741232],[-9.966692,51.733788],[-9.977687,51.734168],[-9.981993,51.729976],[-10.00262,51.720091],[-10.005578,51.715502],[-9.98623,51.715502],[-9.97699,51.71161],[-9.970112,51.713589],[-9.96086,51.713148],[-9.957878,51.716006],[-9.948431,51.715668],[-9.949585,51.710371],[-9.960187,51.706899],[-9.968337,51.696744],[-9.967809,51.692732],[-9.972558,51.685001],[-9.986412,51.682663],[-9.993868,51.685494],[-9.998867,51.684652],[-10.008946,51.673641],[-10.017181,51.672425],[-10.02873,51.676404],[-10.037317,51.676751],[-10.04682,51.670725],[-10.054128,51.668879],[-10.067865,51.673345],[-10.072153,51.676907],[-10.077947,51.672146],[-10.087263,51.674825],[-10.093093,51.673637],[-10.097624,51.668255],[-10.104165,51.664649],[-10.10028,51.65914],[-10.087762,51.659202],[-10.07991,51.657813],[-10.07732,51.653104],[-10.070116,51.651762],[-10.060538,51.654332],[-10.055737,51.650706],[-10.062776,51.642544],[-10.060031,51.640132],[-10.06486,51.633389],[-10.058907,51.632292],[-10.065835,51.622911],[-10.079457,51.619824],[-10.088681,51.62416],[-10.096295,51.618713],[-10.104375,51.619198],[-10.114217,51.616683],[-10.119937,51.613343],[-10.131181,51.613768],[-10.134248,51.618938],[-10.139927,51.621211],[-10.158339,51.612916],[-10.155923,51.60959],[-10.142229,51.60682],[-10.143047,51.599277],[-10.152689,51.593575],[-10.162188,51.584101],[-10.158367,51.581431],[-10.141442,51.594004],[-10.130002,51.595181],[-10.115246,51.601853],[-10.105898,51.597516],[-10.094336,51.600952],[-10.084335,51.599122],[-10.073619,51.603752],[-10.061671,51.601232],[-10.045609,51.603738],[-10.041926,51.600962],[-10.051682,51.597125],[-10.046246,51.59071],[-10.038322,51.588978],[-10.028326,51.595592],[-10.022079,51.594393],[-10.006429,51.598642],[-9.999899,51.604176],[-9.993375,51.605905],[-9.986085,51.611032],[-9.978707,51.612054],[-9.966863,51.61976],[-9.963826,51.615053],[-9.934012,51.615584],[-9.925871,51.628953],[-9.926481,51.639472],[-9.917666,51.636711],[-9.915958,51.641636],[-9.910416,51.645186],[-9.908504,51.651982],[-9.897811,51.652303],[-9.88015,51.649456],[-9.870091,51.655647],[-9.863117,51.653932],[-9.847776,51.653757],[-9.838661,51.658772],[-9.819098,51.657713],[-9.814107,51.65456],[-9.801235,51.656485],[-9.79817,51.658954],[-9.787285,51.660708],[-9.778838,51.659035],[-9.7762,51.661377],[-9.762943,51.662208],[-9.747777,51.670502],[-9.736069,51.666998],[-9.725627,51.670819],[-9.723932,51.673351],[-9.727919,51.681711],[-9.735782,51.685464],[-9.731483,51.689789],[-9.725207,51.691514],[-9.716065,51.68458],[-9.715811,51.676021],[-9.707032,51.675972],[-9.703078,51.679148],[-9.69102,51.677346],[-9.67542,51.678556],[-9.665752,51.684998]],[[-8.441502,51.876581],[-8.45139,51.874669],[-8.460646,51.877838],[-8.480264,51.874289],[-8.495571,51.874778],[-8.500881,51.876892],[-8.517192,51.876475],[-8.534173,51.871433],[-8.540064,51.872361],[-8.54181,51.880506],[-8.540706,51.891732],[-8.538412,51.89564],[-8.521065,51.895675],[-8.515557,51.894265],[-8.517981,51.903672],[-8.520475,51.905746],[-8.49879,51.911462],[-8.491459,51.916137],[-8.499331,51.921756],[-8.484754,51.927878],[-8.477499,51.924379],[-8.46288,51.920489],[-8.455897,51.921328],[-8.445776,51.915607],[-8.436423,51.917471],[-8.427317,51.917134],[-8.420735,51.912576],[-8.419586,51.907231],[-8.412913,51.904409],[-8.396513,51.9059],[-8.389489,51.890808],[-8.390998,51.886257],[-8.395437,51.88013],[-8.406232,51.88283],[-8.412507,51.880338],[-8.426165,51.884162],[-8.432875,51.882924],[-8.439,51.877326],[-8.441502,51.876581]]],[[[-9.782763,51.647238],[-9.801506,51.644528],[-9.823636,51.636877],[-9.829987,51.643144],[-9.837179,51.644664],[-9.854012,51.641343],[-9.85831,51.642384],[-9.870342,51.640644],[-9.88193,51.641807],[-9.893741,51.638244],[-9.90164,51.638784],[-9.909331,51.634669],[-9.913078,51.627218],[-9.917234,51.625125],[-9.918927,51.617885],[-9.895856,51.615897],[-9.886117,51.617591],[-9.888733,51.611028],[-9.882285,51.611057],[-9.878402,51.615283],[-9.86805,51.617045],[-9.862484,51.619726],[-9.852207,51.620159],[-9.845004,51.622592],[-9.836917,51.620411],[-9.819475,51.625617],[-9.821268,51.62893],[-9.802771,51.636184],[-9.786726,51.64125],[-9.782763,51.647238]]],[[[-9.535692,51.504314],[-9.561328,51.499127],[-9.576618,51.492796],[-9.566847,51.490581],[-9.564154,51.493548],[-9.555074,51.493824],[-9.535692,51.504314]]],[[[-9.466741,51.453399],[-9.477274,51.452898],[-9.486709,51.450315],[-9.505643,51.440053],[-9.515744,51.437008],[-9.522144,51.428364],[-9.520426,51.42203],[-9.512137,51.420984],[-9.50793,51.427948],[-9.50081,51.431369],[-9.49456,51.42839],[-9.479945,51.434203],[-9.461523,51.449512],[-9.466741,51.453399]]],[[[-9.480521,51.699547],[-9.494365,51.700202],[-9.503714,51.697304],[-9.505172,51.694709],[-9.531679,51.683447],[-9.522199,51.680179],[-9.515911,51.682519],[-9.505022,51.681564],[-9.495783,51.683105],[-9.483467,51.694958],[-9.480521,51.699547]]],[[[-9.49237,51.511624],[-9.504658,51.510308],[-9.512007,51.507215],[-9.502927,51.504031],[-9.500418,51.510314],[-9.49237,51.511624]]],[[[-9.48498,51.486451],[-9.492804,51.483599],[-9.489461,51.47971],[-9.482286,51.481024],[-9.48498,51.486451]]],[[[-9.45928,51.520682],[-9.469486,51.517837],[-9.465814,51.513542],[-9.459532,51.517042],[-9.45928,51.520682]]],[[[-9.424665,51.500769],[-9.436708,51.499956],[-9.444485,51.495887],[-9.454724,51.493851],[-9.455418,51.488774],[-9.440078,51.49332],[-9.429367,51.488226],[-9.430718,51.495333],[-9.424665,51.500769]]],[[[-9.407848,51.491019],[-9.4158,51.486602],[-9.414911,51.477393],[-9.407611,51.47555],[-9.412415,51.470645],[-9.417677,51.47247],[-9.422101,51.479315],[-9.434741,51.476945],[-9.431872,51.473288],[-9.42322,51.473813],[-9.422599,51.467647],[-9.435778,51.460837],[-9.43781,51.455006],[-9.431874,51.452667],[-9.402954,51.467283],[-9.399186,51.46789],[-9.399218,51.476045],[-9.402015,51.48327],[-9.399877,51.490357],[-9.407848,51.491019]]],[[[-8.289994,51.836087],[-8.290537,51.831299],[-8.280706,51.832932],[-8.284332,51.83705],[-8.289994,51.836087]]]]},"properties":{"name":"Cork","code":"C"}},
{"type":"Feature","geometry":{"type":"MultiPolygon","coordinates":[[[[-10.614149,52.049747],[-10.615656,52.042915],[-10.604106,52.040782],[-10.597571,52.043631],[-10.614149,52.049747]]],[[[-10.573396,52.137414],[-10.577747,52.136485],[-10.582305,52.130391],[-10.589282,52.127112],[-10.579129,52.124171],[-10.572589,52.127357],[-10.573396,52.137414]]],[[[-10.516508,52.110553],[-10.522398,52.104193],[-10.534535,52.097607],[-10.547819,52.09542],[-10.567485,52.086043],[-10.572397,52.079196],[-10.576095,52.078771],[-10.57883,52.072067],[-10.56646,52.076921],[-10.558901,52.082764],[-10.543211,52.087905],[-10.536629,52.087632],[-10.521541,52.095354],[-10.5161,52.09529],[-10.512962,52.106041],[-10.516508,52.110553]]],[[[-10.222517,52.133773],[-10.222171,52.133801],[-10.211345,52.131913],[-10.21504,52.123318],[-10.204249,52.119143],[-10.202777,52.113102],[-10.194419,52.107689],[-10.17754,52.113885],[-10.165135,52.116693],[-10.159953,52.120968],[-10.141179,52.118802],[-10.139762,52.112081],[-10.124206,52.114847],[-10.115872,52.118738],[-10.111676,52.124759],[-10.106256,52.126754],[-10.096084,52.123293],[-10.081534,52.128646],[-10.072382,52.128712],[-10.050195,52.136479],[-10.040668,52.135685],[-10.032343,52.138663],[-10.003321,52.140392],[-9.986566,52.143534],[-9.982316,52.141076],[-9.972613,52.131155],[-9.961555,52.117083],[-9.950605,52.107905],[-9.936499,52.10617],[-9.932424,52.111294],[-9.941494,52.115103],[-9.946909,52.121475],[-9.945838,52.12694],[-9.952475,52.130952],[-9.951566,52.134282],[-9.961698,52.135666],[-9.96695,52.139481],[-9.951597,52.146511],[-9.936655,52.146463],[-9.89908,52.154001],[-9.889775,52.15312],[-9.88269,52.156445],[-9.870629,52.155037],[-9.864948,52.159579],[-9.839976,52.157154],[-9.823849,52.159798],[-9.818459,52.159141],[-9.813941,52.153427],[-9.801306,52.162072],[-9.79416,52.157373],[-9.79181,52.151634],[-9.797183,52.146714],[-9.799731,52.140926],[-9.790847,52.13449],[-9.794602,52.130549],[-9.815745,52.130363],[-9.820806,52.125516],[-9.832877,52.127645],[-9.841341,52.124356],[-9.851017,52.115882],[-9.883382,52.110935],[-9.892138,52.110418],[-9.891228,52.115871],[-9.894722,52.121689],[-9.890905,52.127399],[-9.893614,52.13379],[-9.897556,52.133716],[-9.899669,52.121874],[-9.90353,52.111976],[-9.907503,52.110317],[-9.911553,52.100864],[-9.925926,52.095042],[-9.935702,52.084872],[-9.929454,52.079608],[-9.930243,52.075575],[-9.916219,52.068867],[-9.931116,52.067221],[-9.936038,52.07431],[-9.939807,52.075411],[-9.950149,52.069868],[-9.96717,52.056921],[-9.972417,52.062272],[-9.966946,52.071278],[-9.968818,52.083849],[-9.974378,52.083534],[-9.975611,52.07809],[-9.973316,52.071253],[-9.975218,52.057335],[-9.978645,52.052494],[-9.999889,52.047195],[-10.006279,52.044271],[-10.021663,52.040423],[-10.030728,52.0367],[-10.044871,52.036952],[-10.05667,52.040467],[-10.066858,52.039737],[-10.070455,52.036764],[-10.091957,52.032978],[-10.100215,52.027879],[-10.107574,52.02948],[-10.118599,52.025937],[-10.132183,52.025794],[-10.131419,52.029479],[-10.154736,52.021734],[-10.162898,52.014208],[-10.173974,52.011825],[-10.182668,52.012259],[-10.193741,52.009048],[-10.208067,52.001827],[-10.211273,51.998014],[-10.210795,51.992362],[-10.215443,51.990906],[-10.228394,51.995837],[-10.230362,51.993288],[-10.246567,51.992365],[-10.252818,51.989593],[-10.258773,51.990443],[-10.261244,51.983732],[-10.265706,51.980241],[-10.268174,51.972291],[-10.26582,51.96988],[-10.27205,51.965273],[-10.278915,51.968764],[-10.287742,51.969253],[-10.292779,51.964148],[-10.305847,51.962989],[-10.311925,51.958314],[-10.318886,51.957064],[-10.321353,51.952442],[-10.298538,51.950109],[-10.279433,51.951946],[-10.275596,51.944497],[-10.275117,51.938876],[-10.268253,51.939641],[-10.261769,51.946853],[-10.225943,51.950796],[-10.217468,51.955707],[-10.215049,51.959244],[-10.199307,51.962345],[-10.192205,51.966379],[-10.182106,51.964664],[-10.184561,51.964354],[-10.184511,51.960777],[-10.202194,51.95612],[-10.215755,51.954498],[-10.227192,51.948603],[-10.238504,51.947201],[-10.246333,51.940212],[-10.253891,51.937309],[-10.269711,51.933889],[-10.278347,51.928939],[-10.255893,51.923462],[-10.251991,51.918933],[-10.257533,51.913253],[-10.249571,51.910886],[-10.254696,51.905037],[-10.267363,51.913651],[-10.278295,51.912336],[-10.284513,51.906738],[-10.285673,51.902657],[-10.294851,51.901062],[-10.29804,51.894891],[-10.306865,51.898432],[-10.32215,51.891605],[-10.33594,51.891116],[-10.343774,51.889308],[-10.350789,51.884747],[-10.363195,51.886414],[-10.374746,51.885679],[-10.385787,51.883286],[-10.388346,51.885618],[-10.39801,51.8805],[-10.399183,51.877515],[-10.387313,51.872538],[-10.385899,51.868079],[-10.392183,51.863361],[-10.383641,51.859549],[-10.394897,51.848068],[-10.395998,51.843497],[-10.389072,51.841305],[-10.373164,51.841825],[-10.359092,51.846614],[-10.341167,51.844417],[-10.33448,51.840105],[-10.336631,51.835928],[-10.335555,51.82934],[-10.338405,51.824335],[-10.331702,51.821985],[-10.338598,51.817241],[-10.339072,51.813224],[-10.333433,51.80961],[-10.334985,51.804157],[-10.348847,51.796249],[-10.343418,51.791131],[-10.34417,51.784184],[-10.332027,51.786921],[-10.322816,51.791348],[-10.315661,51.791603],[-10.298885,51.802068],[-10.28928,51.806818],[-10.285733,51.802999],[-10.270747,51.80952],[-10.274703,51.812178],[-10.271127,51.824518],[-10.261593,51.829867],[-10.254702,51.831457],[-10.254323,51.838368],[-10.244939,51.843953],[-10.236086,51.842208],[-10.233327,51.844996],[-10.21016,51.844894],[-10.207303,51.848567],[-10.19117,51.856493],[-10.183348,51.855568],[-10.187366,51.849536],[-10.192507,51.846975],[-10.206185,51.846106],[-10.205922,51.842612],[-10.192055,51.834241],[-10.177491,51.830777],[-10.172369,51.823559],[-10.175869,51.819765],[-10.179093,51.809199],[-10.171235,51.805438],[-10.179686,51.799253],[-10.177603,51.795272],[-10.180476,51.788009],[-10.206863,51.78086],[-10.216182,51.783028],[-10.224327,51.782817],[-10.223352,51.777805],[-10.21044,51.77553],[-10.199061,51.778259],[-10.179242,51.766034],[-10.170476,51.768819],[-10.158691,51.764225],[-10.14593,51.763948],[-10.141794,51.759489],[-10.123212,51.760256],[-10.11937,51.765284],[-10.112406,51.760756],[-10.138542,51.743289],[-10.138405,51.740165],[-10.131317,51.737508],[-10.122364,51.745797],[-10.111164,51.748429],[-10.100671,51.755971],[-10.093119,51.75746],[-10.080541,51.75627],[-10.075442,51.761358],[-10.068182,51.758681],[-10.055555,51.761522],[-10.053907,51.767375],[-10.057116,51.770708],[-10.024559,51.773717],[-10.012091,51.771144],[-9.993082,51.781401],[-9.989916,51.785121],[-9.978083,51.788985],[-9.970351,51.788615],[-9.959159,51.796507],[-9.947507,51.801367],[-9.941425,51.799817],[-9.926586,51.804494],[-9.908301,51.804158],[-9.903318,51.806875],[-9.901312,51.814987],[-9.909228,51.825783],[-9.90694,51.833771],[-9.901343,51.833051],[-9.905407,51.827294],[-9.896414,51.822035],[-9.900683,51.816912],[-9.889856,51.814182],[-9.882895,51.818783],[-9.861843,51.812057],[-9.870054,51.806311],[-9.869707,51.796164],[-9.858505,51.809511],[-9.854909,51.80749],[-9.842443,51.809923],[-9.830059,51.815264],[-9.829504,51.825569],[-9.814982,51.830523],[-9.80832,51.829556],[-9.797036,51.832454],[-9.791218,51.832543],[-9.778325,51.837374],[-9.776297,51.840165],[-9.753932,51.845467],[-9.746066,51.849634],[-9.738656,51.849224],[-9.730971,51.852792],[-9.719054,51.854825],[-9.696852,51.860189],[-9.688843,51.8602],[-9.675463,51.866092],[-9.669715,51.865583],[-9.655405,51.870411],[-9.651386,51.868111],[-9.637434,51.871251],[-9.63027,51.86699],[-9.619279,51.867415],[-9.606776,51.870696],[-9.602239,51.873691],[-9.584292,51.87309],[-9.584377,51.870532],[-9.596722,51.865837],[-9.604438,51.865196],[-9.610417,51.861298],[-9.618711,51.859619],[-9.629415,51.855235],[-9.631623,51.852085],[-9.643896,51.849558],[-9.645146,51.844473],[-9.652289,51.845157],[-9.659354,51.843083],[-9.686577,51.841168],[-9.690056,51.842391],[-9.704795,51.839154],[-9.724992,51.837361],[-9.731035,51.833642],[-9.739538,51.831558],[-9.743253,51.828141],[-9.745606,51.820628],[-9.75265,51.819651],[-9.775659,51.80958],[-9.780252,51.802866],[-9.780965,51.797264],[-9.788931,51.798065],[-9.803075,51.794138],[-9.823725,51.785628],[-9.81919,51.779042],[-9.806074,51.78037],[-9.801632,51.775637],[-9.793435,51.775241],[-9.780012,51.765086],[-9.785182,51.764661],[-9.812021,51.769692],[-9.841762,51.765523],[-9.834998,51.770341],[-9.840759,51.777827],[-9.8474,51.776636],[-9.849717,51.769758],[-9.855532,51.765088],[-9.849163,51.756212],[-9.856744,51.751385],[-9.850945,51.743488],[-9.840401,51.735556],[-9.833377,51.733023],[-9.843337,51.722663],[-9.837469,51.71919],[-9.823848,51.717438],[-9.823652,51.70862],[-9.827304,51.705643],[-9.826722,51.700446],[-9.833677,51.694283],[-9.821571,51.688322],[-9.809085,51.692244],[-9.791041,51.693829],[-9.781618,51.701299],[-9.771069,51.705597],[-9.760933,51.711567],[-9.760561,51.719691],[-9.7488,51.72612],[-9.730403,51.732781],[-9.723722,51.739754],[-9.716215,51.739496],[-9.707956,51.743739],[-9.698091,51.744237],[-9.692636,51.742336],[-9.685689,51.745131],[-9.669046,51.747114],[-9.664776,51.749552],[-9.657013,51.764121],[-9.65045,51.764979],[-9.622673,51.785575],[-9.615112,51.787201],[-9.599326,51.787801],[-9.581336,51.784126],[-9.566469,51.78954],[-9.554988,51.787726],[-9.539794,51.790372],[-9.535848,51.78758],[-9.524295,51.786999],[-9.497316,51.790012],[-9.481367,51.78955],[-9.471206,51.793419],[-9.461324,51.794901],[-9.463599,51.798022],[-9.451776,51.79925],[-9.443418,51.802529],[-9.446096,51.807323],[-9.440984,51.813926],[-9.438173,51.823437],[-9.412405,51.825941],[-9.407827,51.82519],[-9.399406,51.828285],[-9.388278,51.836404],[-9.370123,51.835388],[-9.35671,51.836363],[-9.349097,51.843638],[-9.343496,51.843136],[-9.329807,51.846374],[-9.325797,51.849249],[-9.324365,51.857066],[-9.305537,51.86545],[-9.29998,51.872142],[-9.301518,51.879098],[-9.285146,51.885027],[-9.279035,51.894169],[-9.273855,51.895724],[-9.282756,51.901986],[-9.289044,51.902774],[-9.285805,51.914295],[-9.293972,51.917284],[-9.30167,51.923853],[-9.30149,51.932965],[-9.307459,51.942049],[-9.303311,51.946207],[-9.290904,51.949501],[-9.281235,51.955344],[-9.262084,51.959751],[-9.260437,51.965157],[-9.255331,51.969669],[-9.237131,51.970363],[-9.204989,51.977479],[-9.195104,51.982447],[-9.183955,51.983653],[-9.165121,51.983063],[-9.156277,51.986083],[-9.13813,51.982572],[-9.129014,51.987413],[-9.118786,51.998166],[-9.125372,52.007754],[-9.136345,52.004831],[-9.156266,52.00583],[-9.166277,52.007952],[-9.178964,52.014488],[-9.184642,52.02652],[-9.192592,52.024787],[-9.21158,52.023278],[-9.221084,52.048184],[-9.220943,52.054998],[-9.217699,52.061861],[-9.21088,52.065614],[-9.210774,52.069931],[-9.20081,52.072707],[-9.186328,52.078995],[-9.187503,52.084677],[-9.195596,52.08319],[-9.202078,52.087006],[-9.20839,52.095344],[-9.208234,52.105325],[-9.210947,52.110524],[-9.216679,52.111606],[-9.226627,52.119549],[-9.229241,52.1242],[-9.227254,52.128344],[-9.228961,52.13412],[-9.236621,52.140321],[-9.240056,52.146595],[-9.238376,52.153531],[-9.233862,52.157978],[-9.230673,52.166187],[-9.235252,52.169671],[-9.231834,52.177204],[-9.245633,52.182319],[-9.24862,52.189119],[-9.246289,52.193859],[-9.251804,52.201532],[-9.252127,52.206722],[-9.262852,52.216682],[-9.269932,52.226071],[-9.276054,52.229637],[-9.27027,52.249532],[-9.273716,52.254554],[-9.251733,52.262405],[-9.246958,52.268089],[-9.249304,52.277765],[-9.223582,52.282241],[-9.216283,52.281872],[-9.210893,52.289971],[-9.217493,52.298223],[-9.23052,52.303865],[-9.237182,52.317831],[-9.252594,52.326465],[-9.261025,52.325085],[-9.276286,52.331284],[-9.297758,52.333901],[-9.313959,52.344937],[-9.314727,52.348171],[-9.325469,52.350843],[-9.330702,52.355004],[-9.339393,52.353986],[-9.34759,52.362998],[-9.342171,52.368038],[-9.325994,52.371238],[-9.32197,52.374024],[-9.3114,52.376325],[-9.305585,52.381652],[-9.303207,52.388745],[-9.312396,52.393633],[-9.314817,52.397206],[-9.327862,52.402067],[-9.335027,52.402334],[-9.341403,52.407673],[-9.327377,52.423663],[-9.321632,52.426072],[-9.307637,52.428155],[-9.304175,52.434786],[-9.314185,52.434999],[-9.318919,52.442447],[-9.325665,52.442675],[-9.331373,52.450063],[-9.333303,52.457137],[-9.340013,52.46261],[-9.337894,52.472166],[-9.322366,52.471615],[-9.3159,52.48028],[-9.318369,52.490725],[-9.314915,52.494373],[-9.297233,52.495918],[-9.30532,52.521615],[-9.313531,52.525064],[-9.325768,52.527728],[-9.338691,52.539851],[-9.348342,52.541483],[-9.350343,52.544957],[-9.343552,52.550061],[-9.342552,52.555832],[-9.337732,52.561821],[-9.354591,52.562056],[-9.353697,52.567402],[-9.367459,52.573615],[-9.360111,52.58281],[-9.344824,52.589543],[-9.356689,52.600883],[-9.364942,52.602453],[-9.372577,52.601533],[-9.396212,52.59372],[-9.407954,52.591755],[-9.437244,52.596346],[-9.535545,52.598736],[-9.635339,52.59926],[-9.657206,52.592695],[-9.679546,52.572751],[-9.66284,52.562236],[-9.663352,52.55504],[-9.675152,52.549987],[-9.678675,52.544882],[-9.668919,52.54123],[-9.673697,52.526469],[-9.68182,52.525099],[-9.675885,52.518655],[-9.675511,52.514425],[-9.681796,52.50919],[-9.68013,52.499183],[-9.684277,52.489762],[-9.689404,52.482792],[-9.696184,52.479544],[-9.710202,52.48138],[-9.713988,52.47778],[-9.731429,52.473725],[-9.740431,52.470441],[-9.748034,52.464949],[-9.748064,52.460995],[-9.770417,52.448516],[-9.776061,52.450217],[-9.782418,52.445654],[-9.790479,52.446985],[-9.797918,52.442511],[-9.806557,52.44171],[-9.824132,52.434746],[-9.847334,52.432016],[-9.863759,52.426216],[-9.874566,52.431698],[-9.882369,52.428816],[-9.886467,52.431966],[-9.898906,52.432839],[-9.90852,52.430573],[-9.92367,52.429404],[-9.929993,52.425333],[-9.942059,52.42283],[-9.945648,52.409199],[-9.942576,52.405447],[-9.931597,52.401369],[-9.927774,52.401902],[-9.914448,52.396793],[-9.89963,52.396395],[-9.89341,52.394425],[-9.884465,52.394749],[-9.870062,52.391512],[-9.854345,52.392335],[-9.837849,52.389538],[-9.832212,52.380788],[-9.831827,52.375456],[-9.837245,52.360134],[-9.834548,52.341297],[-9.836172,52.335971],[-9.849782,52.314143],[-9.839078,52.319552],[-9.835396,52.324896],[-9.82984,52.324608],[-9.823657,52.320437],[-9.827912,52.316563],[-9.840494,52.313691],[-9.841599,52.30705],[-9.851946,52.309137],[-9.867799,52.301458],[-9.866749,52.29815],[-9.856453,52.29828],[-9.848559,52.30039],[-9.834026,52.298694],[-9.837488,52.291782],[-9.850761,52.291176],[-9.860448,52.288626],[-9.86095,52.283836],[-9.872071,52.280221],[-9.875063,52.287225],[-9.864409,52.290264],[-9.86322,52.29499],[-9.874928,52.298626],[-9.876624,52.302899],[-9.884687,52.301856],[-9.886173,52.295818],[-9.881259,52.288048],[-9.874108,52.28391],[-9.875426,52.27438],[-9.859859,52.276136],[-9.850872,52.280411],[-9.835151,52.275713],[-9.82571,52.276931],[-9.818517,52.273609],[-9.793992,52.271642],[-9.778073,52.275402],[-9.767208,52.269925],[-9.753825,52.268108],[-9.746597,52.259173],[-9.765647,52.247927],[-9.782711,52.252754],[-9.799713,52.24794],[-9.805241,52.244019],[-9.818409,52.244319],[-9.838339,52.2482],[-9.826296,52.255243],[-9.818792,52.255202],[-9.819433,52.260453],[-9.837739,52.25726],[-9.844806,52.247914],[-9.855551,52.238644],[-9.869917,52.235823],[-9.894559,52.229599],[-9.906139,52.228715],[-9.923834,52.234386],[-9.934677,52.231768],[-9.951179,52.231745],[-9.958099,52.234989],[-9.972882,52.239066],[-9.981595,52.246649],[-9.996632,52.249429],[-10.00269,52.254944],[-10.0113,52.258949],[-10.020911,52.266127],[-10.026768,52.273851],[-10.025448,52.279756],[-10.015931,52.282102],[-10.013914,52.284727],[-10.018024,52.291052],[-10.018941,52.300367],[-10.011995,52.307456],[-10.005557,52.309602],[-10.011189,52.314694],[-10.017256,52.314999],[-10.016557,52.307695],[-10.021249,52.305363],[-10.030925,52.304574],[-10.043653,52.311158],[-10.047351,52.309269],[-10.057144,52.309616],[-10.051758,52.303299],[-10.041407,52.303191],[-10.03434,52.295942],[-10.032763,52.29072],[-10.033871,52.283116],[-10.040233,52.274832],[-10.051609,52.26651],[-10.065931,52.259606],[-10.073619,52.253627],[-10.083808,52.2492],[-10.101103,52.245333],[-10.130558,52.241344],[-10.139566,52.235883],[-10.145864,52.238577],[-10.171076,52.236077],[-10.177096,52.230905],[-10.18048,52.236591],[-10.170721,52.242591],[-10.16023,52.246898],[-10.1602,52.251416],[-10.146359,52.261679],[-10.162061,52.266142],[-10.155646,52.275284],[-10.160095,52.278798],[-10.156881,52.287851],[-10.177179,52.290911],[-10.194982,52.285272],[-10.208014,52.282169],[-10.208047,52.274362],[-10.215762,52.272001],[-10.220316,52.275974],[-10.22767,52.277316],[-10.233986,52.275293],[-10.248181,52.274375],[-10.261603,52.269808],[-10.268566,52.260418],[-10.280338,52.257435],[-10.287814,52.258981],[-10.295086,52.25732],[-10.296747,52.25032],[-10.30584,52.240294],[-10.311275,52.240892],[-10.329465,52.235415],[-10.336759,52.235656],[-10.345771,52.232505],[-10.356051,52.236266],[-10.36051,52.235632],[-10.368859,52.226236],[-10.372768,52.224918],[-10.373512,52.216345],[-10.358116,52.216738],[-10.356339,52.211664],[-10.361981,52.206899],[-10.368917,52.204531],[-10.378445,52.197389],[-10.378776,52.191119],[-10.364586,52.184306],[-10.373975,52.173071],[-10.380842,52.174929],[-10.386329,52.179114],[-10.398997,52.1791],[-10.408601,52.180797],[-10.414721,52.183775],[-10.414851,52.194224],[-10.407748,52.199814],[-10.404523,52.205647],[-10.411099,52.206737],[-10.432713,52.198972],[-10.437367,52.192434],[-10.448309,52.192305],[-10.472574,52.180707],[-10.471733,52.177507],[-10.455563,52.179077],[-10.451225,52.168231],[-10.461241,52.160173],[-10.459889,52.156019],[-10.464361,52.15296],[-10.478314,52.150541],[-10.465882,52.144349],[-10.470123,52.133395],[-10.46308,52.128874],[-10.459553,52.121082],[-10.464609,52.114882],[-10.475552,52.112681],[-10.472476,52.108065],[-10.464026,52.109852],[-10.456265,52.10584],[-10.456566,52.098766],[-10.45362,52.097362],[-10.431098,52.099486],[-10.423912,52.098707],[-10.417889,52.101272],[-10.406068,52.102576],[-10.392956,52.106085],[-10.372418,52.107965],[-10.366244,52.105566],[-10.355302,52.106696],[-10.351134,52.110405],[-10.361177,52.111816],[-10.362835,52.115399],[-10.372676,52.1147],[-10.376817,52.120671],[-10.369313,52.12946],[-10.360972,52.132458],[-10.338171,52.125493],[-10.328644,52.120238],[-10.325639,52.114964],[-10.301739,52.114415],[-10.29175,52.110515],[-10.283588,52.11242],[-10.264451,52.114447],[-10.262433,52.118895],[-10.266999,52.123565],[-10.279249,52.123819],[-10.284254,52.12627],[-10.307059,52.129388],[-10.300385,52.136674],[-10.294968,52.134303],[-10.287264,52.136745],[-10.288609,52.141604],[-10.271955,52.138401],[-10.261585,52.12821],[-10.262385,52.124037],[-10.252736,52.122498],[-10.2481,52.11646],[-10.234401,52.119397],[-10.225218,52.11892],[-10.214128,52.125915],[-10.214625,52.131304],[-10.222517,52.133773]]],[[[-10.349634,51.93569],[-10.354021,51.933926],[-10.35031,51.925215],[-10.385636,51.913033],[-10.391785,51.915085],[-10.410081,51.911385],[-10.408196,51.908068],[-10.42311,51.898555],[-10.425159,51.887422],[-10.431173,51.88306],[-10.421783,51.881523],[-10.414858,51.883178],[-10.395082,51.891491],[-10.382202,51.887594],[-10.374003,51.889575],[-10.369237,51.888184],[-10.359302,51.892685],[-10.354354,51.890745],[-10.347031,51.896299],[-10.331024,51.899988],[-10.31378,51.905414],[-10.307442,51.905932],[-10.29225,51.913298],[-10.286785,51.924497],[-10.296174,51.928377],[-10.317032,51.92402],[-10.320183,51.931884],[-10.334062,51.928557],[-10.344728,51.932071],[-10.349634,51.93569]]],[[[-10.402749,51.842892],[-10.40903,51.840451],[-10.409052,51.833854],[-10.401109,51.836927],[-10.402749,51.842892]]],[[[-10.305672,51.94183],[-10.316436,51.936778],[-10.300581,51.934269],[-10.305672,51.94183]]],[[[-10.246186,51.736956],[-10.257714,51.734246],[-10.261196,51.730977],[-10.260598,51.725649],[-10.251128,51.724498],[-10.236456,51.733649],[-10.246186,51.736956]]],[[[-10.219554,51.74255],[-10.224694,51.735164],[-10.215945,51.732701],[-10.219554,51.74255]]],[[[-10.147802,51.758462],[-10.152407,51.756776],[-10.149405,51.751863],[-10.141932,51.756924],[-10.147802,51.758462]]],[[[-9.787621,51.831435],[-9.800745,51.830957],[-9.811262,51.823089],[-9.809781,51.816876],[-9.791141,51.825584],[-9.787621,51.831435]]]]},"properties":{"name":"Kerry","code":"KY"}}
]}