{"type": "FeatureCollection", "features": [{"type": "Feature", "geometry": {"type": "Polygon", "coordinates": [[[8.027022931532306, 45.403100205310466], [8.022248204700436, 45.422301822624306], [8.038402146839783, 45.44142836541031], [8.019640769250746, 45.45324473053882], [7.968614413179992, 45.47485762242388], [7.966299127288093, 45.482033971003155], [7.922231869793145, 45.50734502627313], [7.923422907641833, 45.521489572622414], [7.8819467433131765, 45.534191767260886], [7.901748857214173, 45.55834902755711], [7.895246711764993, 45.569870523939805], [7.895793413846099, 45.59003397878618], [7.877406759620957, 45.600234898114714], [7.862276625498329, 45.596990318437975], [7.848873025225451, 45.6022633778835], [7.801184067845211, 45.586822807684584], [7.787143510795913, 45.57597035546539], [7.7571885265685445, 45.56457936393791], [7.732704790777711, 45.5503354175944], [7.72243627875478, 45.55780198210316], [7.676793793974787, 45.552096424057446], [7.634043618651572, 45.570787976430864], [7.609068725598533, 45.56287881366827], [7.605397009813337, 45.57366462617947], [7.568602764104192, 45.59120178652781], [7.5430022085889075, 45.58568443877889], [7.532669472666932, 45.5771713370076], [7.48931739527018, 45.58310806329157], [7.463526444267347, 45.574816424371576], [7.447963068834486, 45.55556736941953], [7.420586731672783, 45.54657017881068], [7.41071567625575, 45.535496953488526], [7.377239192020171, 45.516897969374426], [7.359303441326426, 45.5258677426235], [7.333759252621934, 45.52071838965462], [7.321105227054952, 45.51403443405466], [7.30285877692263, 45.51694765005454], [7.269498949950759, 45.51467697238766], [7.263254460433804, 45.498668277027946], [7.247553420192375, 45.49407185378995], [7.222662576954692, 45.47047839127602], [7.19946724501383, 45.481145200831506], [7.157272262129417, 45.48660187236504], [7.141138544351833, 45.4808136518876], [7.142965030004029, 45.498503648697664], [7.137528327136321, 45.51626424352334], [7.121665154480775, 45.50623827787859], [7.114673229556348, 45.4774723649622], [7.104329523112628, 45.466959179766036], [7.098756531421251, 45.46131236133654], [7.114253328098151, 45.43638392898894], [7.13147074470725, 45.42712566414573], [7.152615469536657, 45.42187094713643], [7.185854257635149, 45.40323118526525], [7.163280761283767, 45.38178926256428], [7.160568854210536, 45.36339189628961], [7.138458412040913, 45.35117878764664], [7.126078532961939, 45.32732966553129], [7.109484162376639, 45.320206040355544], [7.136049220297934, 45.279960702623], [7.131480837735157, 45.27401272709558], [7.134936628930037, 45.25413996845698], [7.124297638423429, 45.244001005974056], [7.103409748323424, 45.23645471871966], [7.066991954505218, 45.21029214930181], [7.050968522789773, 45.22570584174828], [7.016753264745341, 45.21535982582967], [7.003222334276142, 45.220055906802465], [6.989088529716646, 45.21017598165401], [6.965177886424019, 45.20716007050954], [6.967779279176549, 45.195647637342255], [6.9552440039445385, 45.191211797582675], [6.952576763918949, 45.180038013325756], [6.933119700204088, 45.17114487093191], [6.9113850487509945, 45.166941600301634], [6.894327325305534, 45.16884263731685], [6.886106138832121, 45.154072064728325], [6.894490954453886, 45.13746594129345], [6.848324288114787, 45.12730636238539], [6.822838058173494, 45.144097332172905], [6.768008696454833, 45.1595924488363], [6.740199593635933, 45.13697330323715], [6.712034982601808, 45.144765793439355], [6.680208273706337, 45.14041473089752], [6.6719391234681, 45.12421439091846], [6.633393925722474, 45.11480709974243], [6.627259916662413, 45.10177130992823], [6.646430932574623, 45.08188731867062], [6.661524294308431, 45.071682399282835], [6.665428227650595, 45.031615426162816], [6.6794187894153065, 45.02028837549392], [6.726021317745566, 45.021675210874065], [6.740264140406899, 45.01680012457356], [6.7514323371171905, 44.997982861810634], [6.739503635040932, 44.989671398687214], [6.763642217562725, 44.97145117912609], [6.765061511230288, 44.95907435556312], [6.752921973195677, 44.942992659180426], [6.758963999629075, 44.93200304806253], [6.748740816246555, 44.92156522735953], [6.749999615760295, 44.90748541114708], [6.767776168732741, 44.90246924788767], [6.786059795004136, 44.888782223540346], [6.799647722533711, 44.88645238255194], [6.808304478901976, 44.87623961236143], [6.8423116164689475, 44.859647441215884], [6.8710937560757, 44.84996116367684], [6.912837660230325, 44.84485522072771], [6.9315054276109676, 44.863438204243224], [6.963385253326966, 44.8501085421612], [7.006689474082183, 44.83825968106178], [7.009328167290414, 44.827035116993116], [7.023851421494778, 44.82332972178048], [7.001538119521009, 44.79109758391049], [7.019788992523408, 44.77458159454942], [7.022252628676326, 44.74795083728516], [7.03060866730244, 44.728875552487615], [7.041061413932928, 44.71955804861075], [7.0653473693506115, 44.71383427298486], [7.08696243408654, 44.7150881342036], [7.120852641389909, 44.726336662092926], [7.127744741380034, 44.73777909985157], [7.149432934308056, 44.74334877829351], [7.159004181154157, 44.760455488763654], [7.193185786205449, 44.76030839085917], [7.2324937325310525, 44.76949798470316], [7.2462532670339, 44.76989831035181], [7.291678014299231, 44.78113882083461], [7.346466228579534, 44.77980172829872], [7.347399969609582, 44.75168002968061], [7.368809016234528, 44.75962315554983], [7.415709073390763, 44.766438730263935], [7.449228583680739, 44.7644006356526], [7.471664658790765, 44.757033063096735], [7.50795551581291, 44.77080820273558], [7.534445408510591, 44.79390911564405], [7.5647345059058475, 44.79899970150357], [7.564381939873935, 44.8076653345823], [7.594975909789774, 44.81231064632287], [7.593508484955796, 44.83413098243508], [7.6132256463623555, 44.82992711750805], [7.653301907187198, 44.83144655276355], [7.684768595803678, 44.81023185959594], [7.711663083816386, 44.817187749686816], [7.721499085702578, 44.812893956136975], [7.763576586180166, 44.819789350761106], [7.781321799445364, 44.84311907416423], [7.811948581444106, 44.84343312659079], [7.835025679484487, 44.83923274576514], [7.863076085874729, 44.82770116681956], [7.875389665392012, 44.83518118239366], [7.889163846107169, 44.82433648154343], [7.908140389708589, 44.82645124818487], [7.943355913287688, 44.8463377978363], [7.931186691416023, 44.8552976077245], [7.919106447920667, 44.88171031448448], [7.8859110395419645, 44.88462428655763], [7.885020408306602, 44.896426341922236], [7.919787504295727, 44.8927865059235], [7.926225195341879, 44.902196710797135], [7.920083784617088, 44.91708463050491], [7.892634227281887, 44.91512144011278], [7.883432778484696, 44.936217848382356], [7.900268939568419, 44.940884707634744], [7.902179203026026, 44.96583244365922], [7.928668818056882, 44.98352926984209], [7.934327149435853, 45.000483065645774], [7.917002278857679, 45.00294419128629], [7.923570743874869, 45.02309776600407], [7.953830673781242, 45.02967173952105], [7.9580209908163555, 45.04203404054127], [7.945819170504005, 45.05472223551707], [7.937048841076414, 45.042101175183944], [7.923328235955686, 45.05502976930485], [7.891804013877653, 45.06210536274138], [7.89594763752939, 45.09497491831555], [7.907828704055838, 45.09348699368855], [7.914518468461384, 45.07861306251714], [7.938945265552054, 45.08421231232729], [7.928508265988593, 45.10472769460807], [7.948126901519163, 45.11428065336588], [7.9694885157478845, 45.117365348843165], [7.989698549125629, 45.12931700883575], [8.016050465221182, 45.12561251904572], [8.046806186757259, 45.12814937999457], [8.046815579579064, 45.109089453265774], [8.075377697561384, 45.09743359774121], [8.090699868145608, 45.11388578596648], [8.094771088903746, 45.12785639248065], [8.128972782062728, 45.12300268516186], [8.143889392786877, 45.143830390903865], [8.139408142149893, 45.15978376580226], [8.15185215272625, 45.16854092920137], [8.141209950897316, 45.17711616073024], [8.088311929412434, 45.18573880529442], [8.055244300381963, 45.18229801201782], [8.034635075377116, 45.202003902865734], [8.005416913550311, 45.21540571561029], [7.991552683689374, 45.2284578523973], [7.979968987669748, 45.26152051295478], [7.989912735240999, 45.2649755781725], [7.990145070498512, 45.30974174129329], [7.977643045095738, 45.3171470541134], [7.956183607495655, 45.30794755590028], [7.954714428860906, 45.322110593795315], [7.965981383461389, 45.34528811337679], [7.98932499137595, 45.345831096777204], [8.009664758571635, 45.33785733229835], [8.023943998260163, 45.35237764354016], [8.012178739939488, 45.36744399000128], [8.00887536570296, 45.39789368183407], [8.027022931532306, 45.403100205310466]]]}, "properties": {"name": "Torino", "code": "TO", "region": "Piemonte", "name_de": "Turin"}}, {"type": "Feature", "geometry": {"type": "Polygon", "coordinates": [[[7.864046319947542, 45.91644002917897], [7.864141012586305, 45.89293102114088], [7.874441677388036, 45.85454895310932], [7.8638622796625475, 45.839583315638826], [7.873395964071038, 45.82593244611251], [7.862331710463926, 45.81990284792798], [7.864071741588766, 45.790035712922844], [7.882259332350963, 45.769677823373875], [7.8849304640786135, 45.7601969414773], [7.900240338264286, 45.74923673084146], [7.9290001835191415, 45.74244244058541], [7.9366238081841, 45.724344678522606], [7.9505918286357735, 45.7190599014044], [8.001226967934404, 45.71975199139571], [8.021376214822897, 45.73768108365889], [8.035911760200246, 45.735615398832685], [8.059250890003435, 45.74056870287533], [8.064911817822749, 45.723504608109295], [8.07692969204005, 45.718746668421154], [8.084444780900208, 45.73841511562419], [8.09581074554591, 45.737713743981615], [8.122864026175057, 45.756916039201315], [8.16412486378397, 45.74984936356632], [8.181157113538886, 45.75221166208415], [8.183111408810118, 45.730801662879514], [8.200997158506032, 45.725306431823824], [8.222642219346564, 45.70737088975105], [8.237272941698617, 45.701644678538294], [8.289442910745112, 45.66858035039915], [8.297629181702398, 45.65777039885143], [8.320447800116053, 45.64926150482529], [8.315887262743164, 45.640662990432524], [8.261328104393469, 45.63327950582109], [8.275853913120244, 45.623348846459336], [8.297211346223557, 45.636264915081135], [8.311830271818579, 45.63506650872206], [8.311414162292868, 45.62100826492318], [8.296897590143814, 45.6215421919021], [8.277826513720893, 45.61172626117423], [8.25515757584012, 45.60868063201261], [8.267561238572796, 45.588423311881584], [8.276288623405017, 45.563586266368304], [8.296453756270576, 45.5536046293756], [8.292565670018464, 45.54165722248423], [8.277402145877923, 45.532189549671486], [8.263031215007345, 45.50128221885737], [8.230574222508102, 45.47718922095941], [8.218906382797401, 45.4757500232843], [8.217776545146116, 45.45372088417099], [8.203441582478678, 45.44669544007899], [8.182413144784917, 45.44626771204524], [8.161361640370291, 45.424575366706684], [8.168185378061585, 45.41095659047675], [8.151871981321122, 45.41003596190052], [8.139452620046523, 45.40000587349054], [8.122830788035648, 45.37608877037531], [8.069132146113718, 45.38735166169004], [8.052918297261325, 45.39791602864211], [8.027022931532306, 45.403100205310466], [8.00887536570296, 45.39789368183407], [8.012178739939488, 45.36744399000128], [8.023943998260163, 45.35237764354016], [8.009664758571635, 45.33785733229835], [7.98932499137595, 45.345831096777204], [7.965981383461389, 45.34528811337679], [7.954714428860906, 45.322110593795315], [7.956183607495655, 45.30794755590028], [7.977643045095738, 45.3171470541134], [7.990145070498512, 45.30974174129329], [7.989912735240999, 45.2649755781725], [7.979968987669748, 45.26152051295478], [7.991552683689374, 45.2284578523973], [8.005416913550311, 45.21540571561029], [8.034635075377116, 45.202003902865734], [8.055244300381963, 45.18229801201782], [8.088311929412434, 45.18573880529442], [8.141209950897316, 45.17711616073024], [8.15185215272625, 45.16854092920137], [8.189715127583233, 45.17356007898958], [8.202327440655418, 45.17801914885167], [8.21541905748367, 45.16399984540805], [8.237545803932793, 45.168065403061895], [8.266331229556323, 45.180689655805274], [8.306894452047299, 45.17786405785978], [8.328312421584506, 45.1691572590143], [8.341716373759109, 45.17244453448701], [8.361088980122906, 45.19053907038537], [8.362030214598015, 45.19731852416634], [8.40478439985542, 45.20506997956829], [8.414727286029319, 45.19822296361237], [8.44022441590065, 45.194906696389005], [8.471263255345452, 45.20446074539104], [8.497676457007207, 45.197090138475474], [8.507207521288864, 45.17406606073137], [8.536486737655814, 45.17551720852184], [8.547782022773296, 45.16815136675051], [8.543950387430682, 45.18128941015448], [8.562406036529348, 45.19448376082993], [8.556876196735198, 45.20517428145637], [8.525670272325682, 45.219291625422215], [8.546214581673794, 45.241806843053354], [8.533069266045482, 45.258764240997486], [8.535106136651772, 45.27780153846329], [8.513070845918609, 45.280331565675574], [8.498337479071374, 45.29222644681244], [8.513543557425823, 45.31327821116127], [8.494080254992271, 45.31193829506235], [8.462898190445124, 45.32723373875333], [8.467283593496859, 45.33914397545342], [8.492344108914354, 45.34490741724823], [8.497545035411799, 45.35097476810854], [8.4961432109488, 45.374178141747485], [8.4868995417545, 45.380352360620996], [8.455451153125207, 45.38247070141154], [8.441015618013903, 45.396960411188395], [8.433273282188576, 45.41208953200964], [8.410734273249217, 45.40474742952734], [8.406052447664106, 45.41908113431464], [8.407925367865472, 45.452295178998], [8.402407503392842, 45.46987699059681], [8.412875907945779, 45.4777802439783], [8.400746451371637, 45.49152493672227], [8.403217040215655, 45.53117500399476], [8.393702544631042, 45.58322171804493], [8.390044742458961, 45.61877384160127], [8.371409297001243, 45.635792452337576], [8.354814944083337, 45.63779812495698], [8.35512977627304, 45.65110757951462], [8.337258534371122, 45.66408260551051], [8.332887430861614, 45.674073903810196], [8.310573465080216, 45.69722318607597], [8.32021373663615, 45.70382896737193], [8.36450846810501, 45.70741391079381], [8.381668833774505, 45.69705534012201], [8.38294926082552, 45.72089009451642], [8.377949493997809, 45.73857508590983], [8.352756660451112, 45.75877829616069], [8.349878359822737, 45.77236953232505], [8.334809725844396, 45.7737919173548], [8.318213381204266, 45.766916795686214], [8.317032244911951, 45.796319074477196], [8.335677737528401, 45.84398773624284], [8.315683148201416, 45.865285656601316], [8.293679399108447, 45.87046321111936], [8.302235254629567, 45.888273858177506], [8.278762086117899, 45.89490092386447], [8.266374174425682, 45.90728065131802], [8.23900282260015, 45.91096071332826], [8.229629902216812, 45.92068133505348], [8.214523584223839, 45.92398970067945], [8.204466338439829, 45.935674344501436], [8.209004423130507, 45.945046658278315], [8.179890684140043, 45.94841730579714], [8.157851404000903, 45.93517916509118], [8.107858489528757, 45.93057795115558], [8.086013116236549, 45.92240821357818], [8.0650247708424, 45.935089307313675], [8.044343363644556, 45.93631185009178], [8.011955750672506, 45.92612256326811], [7.996776483512796, 45.914409784163816], [7.962274117712492, 45.90076780176055], [7.942585462684977, 45.90783705436733], [7.9307459808685445, 45.918297878377345], [7.909198191605847, 45.92501553751922], [7.876964866990258, 45.926428292117386], [7.864046319947542, 45.91644002917897]]]}, "properties": {"name": "Vercelli", "code": "VC", "region": "Piemonte", "name_de": "Vercelli"}}, {"type": "Feature", "geometry": {"type": "Polygon", "coordinates": [[[8.593800866638327, 45.82824560858774], [8.561830160194242, 45.83756334564706], [8.541147707296032, 45.838526546647564], [8.498032233759737, 45.83311608262062], [8.498244412669615, 45.84732317821267], [8.475186965273874, 45.85621664552638], [8.459725659750706, 45.87293934249556], [8.449242254404622, 45.85578850850622], [8.435615552180431, 45.84427783573414], [8.409221998914665, 45.83138647437315], [8.392778705890262, 45.83948983256551], [8.377420189714911, 45.838456366224676], [8.382097262009689, 45.81263989783576], [8.373207405701514, 45.80205338419692], [8.374779730378767, 45.78419274286046], [8.349878359822737, 45.77236953232505], [8.352756660451112, 45.75877829616069], [8.377949493997809, 45.73857508590983], [8.38294926082552, 45.72089009451642], [8.381668833774505, 45.69705534012201], [8.36450846810501, 45.70741391079381], [8.32021373663615, 45.70382896737193], [8.310573465080216, 45.69722318607597], [8.332887430861614, 45.674073903810196], [8.337258534371122, 45.66408260551051], [8.35512977627304, 45.65110757951462], [8.354814944083337, 45.63779812495698], [8.371409297001243, 45.635792452337576], [8.390044742458961, 45.61877384160127], [8.393702544631042, 45.58322171804493], [8.403217040215655, 45.53117500399476], [8.400746451371637, 45.49152493672227], [8.412875907945779, 45.4777802439783], [8.402407503392842, 45.46987699059681], [8.407925367865472, 45.452295178998], [8.406052447664106, 45.41908113431464], [8.410734273249217, 45.40474742952734], [8.433273282188576, 45.41208953200964], [8.441015618013903, 45.396960411188395], [8.455451153125207, 45.38247070141154], [8.4868995417545, 45.380352360620996], [8.4961432109488, 45.374178141747485], [8.497545035411799, 45.35097476810854], [8.492344108914354, 45.34490741724823], [8.467283593496859, 45.33914397545342], [8.462898190445124, 45.32723373875333], [8.494080254992271, 45.31193829506235], [8.513543557425823, 45.31327821116127], [8.537733727335274, 45.32040467576071], [8.528292401628887, 45.34059204337236], [8.550850706943262, 45.35614717806065], [8.571030587750483, 45.348631637725006], [8.61280971231924, 45.354296146226545], [8.632329438627293, 45.34637515820338], [8.631666440318702, 45.33838136379007], [8.654456834815543, 45.327006051444386], [8.666028137639628, 45.29191705214153], [8.690646036481866, 45.29252641437867], [8.71533500404729, 45.30210526478831], [8.726360425849732, 45.33229066033194], [8.742122362478089, 45.33205927201274], [8.760364123599794, 45.35193071713837], [8.746395902971395, 45.355191626771024], [8.721093894295757, 45.3703988521324], [8.728081050727093, 45.37543842031399], [8.764025075914253, 45.37730048767039], [8.769052963114312, 45.38760826389452], [8.79338107081931, 45.378959684463304], [8.81051499094576, 45.388782798207586], [8.842896694817354, 45.39383795019038], [8.824534900929528, 45.41949779798637], [8.821277344052433, 45.435372605251416], [8.788375016589034, 45.46250869010152], [8.78748750259123, 45.48623267281735], [8.770171918633222, 45.48653342061663], [8.760257542554175, 45.49686833027901], [8.738534766614801, 45.49846378508233], [8.722844172972351, 45.506023704576414], [8.71319688981117, 45.5199321376364], [8.719404390490679, 45.53105489370677], [8.70910611066759, 45.54390198950143], [8.706878912375792, 45.55831450240802], [8.694418922365752, 45.57600151807414], [8.702974711881948, 45.58673521408644], [8.703148489936027, 45.60005712045241], [8.665199476782387, 45.631545265642586], [8.68855387843322, 45.63987412720975], [8.669835079657258, 45.661423574490875], [8.663681450079546, 45.67454682328353], [8.640799957397778, 45.67680835217584], [8.640433365350642, 45.6847188178397], [8.654358403194776, 45.70788246232912], [8.645960688285863, 45.72176069554525], [8.60214538466512, 45.72630604732172], [8.591028826397457, 45.73346273886792], [8.582910699848373, 45.74867156354924], [8.555665119100182, 45.774990361372254], [8.552276679912072, 45.788104679429445], [8.56351118303618, 45.80724506156379], [8.581647123626977, 45.813658256147406], [8.593800866638327, 45.82824560858774]]]}, "properties": {"name": "Novara", "code": "NO", "region": "Piemonte", "name_de": "Novara"}}, {"type": "Feature", "geometry": {"type": "Polygon", "coordinates": [[[7.0653473693506115, 44.71383427298486], [7.075241743854533, 44.69020691108476], [7.0734036688716015, 44.68093954397724], [7.048941746455235, 44.68307176811729], [7.030411015399205, 44.691467780466894], [6.987115510117726, 44.68952430785714], [6.959140726584146, 44.67434488085098], [6.947936133258456, 44.654789041341786], [6.9549168492114175, 44.63480308573454], [6.968584299807116, 44.62598173069888], [6.95036391461454, 44.619426411029714], [6.934643024059783, 44.597618370648014], [6.932589522040083, 44.57288755004534], [6.9124352293935125, 44.567686475353376], [6.914309478863652, 44.559006366659304], [6.881472608496385, 44.55395450879938], [6.853762510394466, 44.52865310658578], [6.8587941200747045, 44.50868100367875], [6.876169373776595, 44.48149380030828], [6.9068842257346414, 44.46563137619038], [6.911992752940562, 44.4527792016806], [6.948394629381173, 44.42983340593177], [6.922308097134685, 44.423735862785215], [6.893488211945456, 44.42084906993855], [6.897154572364454, 44.404092493577416], [6.8965919020020605, 44.37615400729038], [6.8888235794846, 44.36107511606188], [6.918822685523113, 44.35283941185413], [6.926047983751026, 44.3342899801327], [6.952920781247955, 44.319236137261115], [6.956256617210616, 44.29823835065564], [6.970190489607066, 44.28929408678878], [6.994965084427837, 44.28071189752452], [6.996695430394805, 44.25007848992631], [7.013457252043231, 44.233247796106596], [7.033387408866537, 44.22435570517153], [7.069629508702337, 44.233635006742546], [7.090643156389856, 44.22250055081932], [7.118403498993489, 44.21506506108823], [7.147182130304257, 44.20011420057468], [7.160667612386424, 44.207084432098455], [7.193274766143158, 44.18791541388904], [7.217399030509502, 44.16973930016808], [7.2372498471039055, 44.17423381966471], [7.250588209319133, 44.15647783520704], [7.278342673141696, 44.141693405110296], [7.292098545812156, 44.14591532431114], [7.343669199480392, 44.14476620612001], [7.355276624224673, 44.11803265497926], [7.386905326935713, 44.12454283374558], [7.4214590249217425, 44.11348357858768], [7.428170594822318, 44.13041200535855], [7.458040689812772, 44.12655142475944], [7.507662679740602, 44.14448780798477], [7.521800274957451, 44.13798232926044], [7.5349525312295125, 44.147438502456815], [7.556345280212864, 44.14778291847613], [7.566005017365308, 44.15510220283561], [7.6192146507042935, 44.14944654762909], [7.6311806968228915, 44.171617169043984], [7.644989113417356, 44.17812448777932], [7.684645244835607, 44.173915447034695], [7.672332603541092, 44.15964713088039], [7.678748418999445, 44.146630985281185], [7.6674498103948165, 44.129807911294634], [7.718242278078054, 44.081996977131936], [7.714329718480684, 44.06155888102362], [7.723247706423274, 44.06061601503036], [7.737892293209705, 44.076372652763226], [7.718015970637964, 44.10357513500933], [7.723123580355362, 44.120817194112554], [7.746023890594166, 44.135357169011485], [7.7764216774191555, 44.13859882564462], [7.815310643205673, 44.123244223626145], [7.861995638577846, 44.11865482855935], [7.883944707240613, 44.104658684247326], [7.92596246682398, 44.11030220350017], [7.935425190784009, 44.10101951128678], [7.958000582620725, 44.1036917924429], [7.971531404279554, 44.11309520242624], [8.002826086059319, 44.10358953946148], [8.015593535655837, 44.110701581737146], [8.012352636738196, 44.1195391666991], [7.99083105176063, 44.13241485179791], [7.985408504722668, 44.142765472165976], [8.009445810703474, 44.155606635983695], [8.029126365363433, 44.15382950352648], [8.04293116111411, 44.14282598439387], [8.067310193306644, 44.14468992661868], [8.092410838830718, 44.17521477212601], [8.094810779306009, 44.196376360337894], [8.075214018262198, 44.2057178990414], [8.065363252890359, 44.2169365754126], [8.080619777280523, 44.24171043661345], [8.063096597996067, 44.253074187949935], [8.081767732979468, 44.26250334609243], [8.08996166412336, 44.273917242899984], [8.060788082668497, 44.29989987917803], [8.076021701720597, 44.313958461195625], [8.10195677018786, 44.30093101978733], [8.109068595297563, 44.31511680477634], [8.106968940667066, 44.332818116974636], [8.134283903003054, 44.33209961653517], [8.148281831126258, 44.35597855271009], [8.140832599730057, 44.37120947263132], [8.150360446878002, 44.375323010857684], [8.17074756280426, 44.39484817950278], [8.186505622456746, 44.39530234577971], [8.206357260348122, 44.40427375004395], [8.208035280525605, 44.4157819284385], [8.221680326808277, 44.43271087087546], [8.196435043591148, 44.46360439550345], [8.201889488966481, 44.47832603767787], [8.22331549244327, 44.48566937990667], [8.216718843033584, 44.495226854537755], [8.22416292305791, 44.51417497093149], [8.252777440115311, 44.52874738628847], [8.236053157334679, 44.56302654484899], [8.245608586436123, 44.56974172465941], [8.242448101942216, 44.58193255610512], [8.229799634905298, 44.59204361001003], [8.215038132855229, 44.61712406907895], [8.196821189913516, 44.61507416538581], [8.194472012006297, 44.62857032183837], [8.20438228014451, 44.63533877625524], [8.223712201867452, 44.65937214019742], [8.223719487247198, 44.67645887020152], [8.25952314188835, 44.696641655259825], [8.26622507272393, 44.70889949992992], [8.257523786306011, 44.72124495818412], [8.229804626693292, 44.72303394381684], [8.209460415646646, 44.731940088793465], [8.204460907066595, 44.74959694974789], [8.184512750945732, 44.75139356522016], [8.178513086464848, 44.73672354167126], [8.163275184886949, 44.73277805860215], [8.165785188753222, 44.721800252143915], [8.152229928782603, 44.713153539122196], [8.136039863586722, 44.73342134819481], [8.131883391307056, 44.74695001045343], [8.112894284372038, 44.748439092480716], [8.095087358742704, 44.758503444977315], [8.130142663188527, 44.78136849989806], [8.13057455958703, 44.8101310421895], [8.106966117042589, 44.80997763833847], [8.093978533944151, 44.82179416923182], [8.071141507287729, 44.80632643650172], [8.053450551875834, 44.809631846800414], [8.04535382367874, 44.799318509930636], [8.023633412305317, 44.81715983444067], [8.012904249323883, 44.814289780561126], [7.983897695467534, 44.826989081050584], [7.978950233892546, 44.8467632465857], [7.964684686852941, 44.856604851073975], [7.943355913287688, 44.8463377978363], [7.908140389708589, 44.82645124818487], [7.889163846107169, 44.82433648154343], [7.875389665392012, 44.83518118239366], [7.863076085874729, 44.82770116681956], [7.835025679484487, 44.83923274576514], [7.811948581444106, 44.84343312659079], [7.781321799445364, 44.84311907416423], [7.763576586180166, 44.819789350761106], [7.721499085702578, 44.812893956136975], [7.711663083816386, 44.817187749686816], [7.684768595803678, 44.81023185959594], [7.653301907187198, 44.83144655276355], [7.6132256463623555, 44.82992711750805], [7.593508484955796, 44.83413098243508], [7.594975909789774, 44.81231064632287], [7.564381939873935, 44.8076653345823], [7.5647345059058475, 44.79899970150357], [7.534445408510591, 44.79390911564405], [7.50795551581291, 44.77080820273558], [7.471664658790765, 44.757033063096735], [7.449228583680739, 44.7644006356526], [7.415709073390763, 44.766438730263935], [7.368809016234528, 44.75962315554983], [7.347399969609582, 44.75168002968061], [7.346466228579534, 44.77980172829872], [7.291678014299231, 44.78113882083461], [7.2462532670339, 44.76989831035181], [7.2324937325310525, 44.76949798470316], [7.193185786205449, 44.76030839085917], [7.159004181154157, 44.760455488763654], [7.149432934308056, 44.74334877829351], [7.127744741380034, 44.73777909985157], [7.120852641389909, 44.726336662092926], [7.08696243408654, 44.7150881342036], [7.0653473693506115, 44.71383427298486]]]}, "properties": {"name": "Cuneo", "code": "CN", "region": "Piemonte", "name_de": "Cuneo"}}, {"type": "Feature", "geometry": {"type": "Polygon", "coordinates": [[[8.128972782062728, 45.12300268516186], [8.094771088903746, 45.12785639248065], [8.090699868145608, 45.11388578596648], [8.075377697561384, 45.09743359774121], [8.046815579579064, 45.109089453265774], [8.046806186757259, 45.12814937999457], [8.016050465221182, 45.12561251904572], [7.989698549125629, 45.12931700883575], [7.9694885157478845, 45.117365348843165], [7.948126901519163, 45.11428065336588], [7.928508265988593, 45.10472769460807], [7.938945265552054, 45.08421231232729], [7.914518468461384, 45.07861306251714], [7.907828704055838, 45.09348699368855], [7.89594763752939, 45.09497491831555], [7.891804013877653, 45.06210536274138], [7.923328235955686, 45.05502976930485], [7.937048841076414, 45.042101175183944], [7.945819170504005, 45.05472223551707], [7.9580209908163555, 45.04203404054127], [7.953830673781242, 45.02967173952105], [7.923570743874869, 45.02309776600407], [7.917002278857679, 45.00294419128629], [7.934327149435853, 45.000483065645774], [7.928668818056882, 44.98352926984209], [7.902179203026026, 44.96583244365922], [7.900268939568419, 44.940884707634744], [7.883432778484696, 44.936217848382356], [7.892634227281887, 44.91512144011278], [7.920083784617088, 44.91708463050491], [7.926225195341879, 44.902196710797135], [7.919787504295727, 44.8927865059235], [7.885020408306602, 44.896426341922236], [7.8859110395419645, 44.88462428655763], [7.919106447920667, 44.88171031448448], [7.931186691416023, 44.8552976077245], [7.943355913287688, 44.8463377978363], [7.964684686852941, 44.856604851073975], [7.978950233892546, 44.8467632465857], [7.983897695467534, 44.826989081050584], [8.012904249323883, 44.814289780561126], [8.023633412305317, 44.81715983444067], [8.04535382367874, 44.799318509930636], [8.053450551875834, 44.809631846800414], [8.071141507287729, 44.80632643650172], [8.093978533944151, 44.82179416923182], [8.106966117042589, 44.80997763833847], [8.13057455958703, 44.8101310421895], [8.130142663188527, 44.78136849989806], [8.095087358742704, 44.758503444977315], [8.112894284372038, 44.748439092480716], [8.131883391307056, 44.74695001045343], [8.136039863586722, 44.73342134819481], [8.152229928782603, 44.713153539122196], [8.165785188753222, 44.721800252143915], [8.163275184886949, 44.73277805860215], [8.178513086464848, 44.73672354167126], [8.184512750945732, 44.75139356522016], [8.204460907066595, 44.74959694974789], [8.209460415646646, 44.731940088793465], [8.229804626693292, 44.72303394381684], [8.257523786306011, 44.72124495818412], [8.26622507272393, 44.70889949992992], [8.25952314188835, 44.696641655259825], [8.223719487247198, 44.67645887020152], [8.223712201867452, 44.65937214019742], [8.20438228014451, 44.63533877625524], [8.194472012006297, 44.62857032183837], [8.196821189913516, 44.61507416538581], [8.215038132855229, 44.61712406907895], [8.229799634905298, 44.59204361001003], [8.242448101942216, 44.58193255610512], [8.245608586436123, 44.56974172465941], [8.236053157334679, 44.56302654484899], [8.252777440115311, 44.52874738628847], [8.261574680551426, 44.519442793017916], [8.280768462519283, 44.533197675632145], [8.283061065583816, 44.556483726619945], [8.30235680864922, 44.56442759499187], [8.316621969131141, 44.558323260825034], [8.337710180834502, 44.567508852789445], [8.368667031539465, 44.575185704251744], [8.351539488013778, 44.58986944979615], [8.328799864319107, 44.589440791759365], [8.316964269212017, 44.59563757483695], [8.316183558133122, 44.60804180453786], [8.32682137774672, 44.62086583914554], [8.339632408302109, 44.62303854891534], [8.353223232737282, 44.6348001459401], [8.355578065754008, 44.67583434395866], [8.34630077332846, 44.690124887480025], [8.365947376070492, 44.695768940239205], [8.393061448311453, 44.686021900068866], [8.420550975736425, 44.69230580662144], [8.408749117910274, 44.706865058363405], [8.42416163814126, 44.709999543630445], [8.428135139806063, 44.72129158385279], [8.421426675069831, 44.73195250781814], [8.451067346982496, 44.73883474544519], [8.464574704698506, 44.75504574251077], [8.487880596406141, 44.74651071513984], [8.489631448967284, 44.773035340125816], [8.502026354533495, 44.785750925385805], [8.478600724151752, 44.807176786278056], [8.463050068388636, 44.805987483595956], [8.425653088615364, 44.81728081768749], [8.420040803582971, 44.826389860588655], [8.428239247847808, 44.83819337652054], [8.423530612929888, 44.849500251134415], [8.403297273346231, 44.84195809202494], [8.376230923311253, 44.84673930865441], [8.383020514466983, 44.877235431031544], [8.358761784218327, 44.912897267207704], [8.366844434879152, 44.9269541796023], [8.380537136167396, 44.924252480275946], [8.376098038882024, 44.94635429118333], [8.385156513139199, 44.96659102671238], [8.3805006024559, 44.98357946605701], [8.360696997213271, 44.9867563166057], [8.351606203032294, 44.99790323241987], [8.359880774266879, 45.01193414252654], [8.35845828400267, 45.025955557696754], [8.348170050713573, 45.03401743361669], [8.330664142413658, 45.03494467719999], [8.31886054526619, 45.05318935610863], [8.305026927144477, 45.05958881149636], [8.311513205336272, 45.070699721251245], [8.302526334706547, 45.07709991034841], [8.276279243264483, 45.06207009652828], [8.241546032367424, 45.063442506077195], [8.227526866842918, 45.047608015778415], [8.234640356416127, 45.03630160339669], [8.222778844465958, 45.014772827333914], [8.185905716512112, 45.040505463337425], [8.15896016904091, 45.02748721473526], [8.149470286113987, 45.038507056893934], [8.150219762176649, 45.053514635179106], [8.132141007943178, 45.056065190017705], [8.133685433294849, 45.0652064769122], [8.118433171222597, 45.07174027280617], [8.120330567380053, 45.08963246131126], [8.110094446094713, 45.09449205480172], [8.128972782062728, 45.12300268516186]]]}, "properties": {"name": "Asti", "code": "AT", "region": "Piemonte", "name_de": "Asti"}}, {"type": "Feature", "geometry": {"type": "Polygon", "coordinates": [[[8.128972782062728, 45.12300268516186], [8.110094446094713, 45.09449205480172], [8.120330567380053, 45.08963246131126], [8.118433171222597, 45.07174027280617], [8.133685433294849, 45.0652064769122], [8.132141007943178, 45.056065190017705], [8.150219762176649, 45.053514635179106], [8.149470286113987, 45.038507056893934], [8.15896016904091, 45.02748721473526], [8.185905716512112, 45.040505463337425], [8.222778844465958, 45.014772827333914], [8.234640356416127, 45.03630160339669], [8.227526866842918, 45.047608015778415], [8.241546032367424, 45.063442506077195], [8.276279243264483, 45.06207009652828], [8.302526334706547, 45.07709991034841], [8.311513205336272, 45.070699721251245], [8.305026927144477, 45.05958881149636], [8.31886054526619, 45.05318935610863], [8.330664142413658, 45.03494467719999], [8.348170050713573, 45.03401743361669], [8.35845828400267, 45.025955557696754], [8.359880774266879, 45.01193414252654], [8.351606203032294, 44.99790323241987], [8.360696997213271, 44.9867563166057], [8.3805006024559, 44.98357946605701], [8.385156513139199, 44.96659102671238], [8.376098038882024, 44.94635429118333], [8.380537136167396, 44.924252480275946], [8.366844434879152, 44.9269541796023], [8.358761784218327, 44.912897267207704], [8.383020514466983, 44.877235431031544], [8.376230923311253, 44.84673930865441], [8.403297273346231, 44.84195809202494], [8.423530612929888, 44.849500251134415], [8.428239247847808, 44.83819337652054], [8.420040803582971, 44.826389860588655], [8.425653088615364, 44.81728081768749], [8.463050068388636, 44.805987483595956], [8.478600724151752, 44.807176786278056], [8.502026354533495, 44.785750925385805], [8.489631448967284, 44.773035340125816], [8.487880596406141, 44.74651071513984], [8.464574704698506, 44.75504574251077], [8.451067346982496, 44.73883474544519], [8.421426675069831, 44.73195250781814], [8.428135139806063, 44.72129158385279], [8.42416163814126, 44.709999543630445], [8.408749117910274, 44.706865058363405], [8.420550975736425, 44.69230580662144], [8.393061448311453, 44.686021900068866], [8.365947376070492, 44.695768940239205], [8.34630077332846, 44.690124887480025], [8.355578065754008, 44.67583434395866], [8.353223232737282, 44.6348001459401], [8.339632408302109, 44.62303854891534], [8.32682137774672, 44.62086583914554], [8.316183558133122, 44.60804180453786], [8.316964269212017, 44.59563757483695], [8.328799864319107, 44.589440791759365], [8.351539488013778, 44.58986944979615], [8.368667031539465, 44.575185704251744], [8.337710180834502, 44.567508852789445], [8.316621969131141, 44.558323260825034], [8.30235680864922, 44.56442759499187], [8.283061065583816, 44.556483726619945], [8.280768462519283, 44.533197675632145], [8.261574680551426, 44.519442793017916], [8.276257414266713, 44.50668472734048], [8.304795490418002, 44.503467962935275], [8.320804038023331, 44.488403418540976], [8.349177781463588, 44.48555256255014], [8.358490854365554, 44.46493569213869], [8.394448305313315, 44.48022950020666], [8.403689972499688, 44.50744812295447], [8.420312178206824, 44.5118639594817], [8.428626784422205, 44.50253439222809], [8.442096564277268, 44.50299683365473], [8.470657729851034, 44.52247841773304], [8.481796485180668, 44.510835472913804], [8.515944397237885, 44.50976993954096], [8.536785404172004, 44.512989545134005], [8.55908022172137, 44.50325162435447], [8.576161782618444, 44.50922624304257], [8.573756532162053, 44.523324832169656], [8.58668844777282, 44.52419096685657], [8.59578205951975, 44.537349963454496], [8.613536517077279, 44.54551371246296], [8.5988588561542, 44.55872387652038], [8.620151795062007, 44.584201240018814], [8.640190225869949, 44.57914374224157], [8.66675723026367, 44.58245592351108], [8.6822089200435, 44.57546986872626], [8.690049162562342, 44.58196150365747], [8.720998667001174, 44.5798647753161], [8.732945309567196, 44.56995518300669], [8.739785491871903, 44.55536883307373], [8.766591260031264, 44.526330408677204], [8.771534439185878, 44.5077559024557], [8.76896226625542, 44.48965851098392], [8.787664445063253, 44.489325592052275], [8.797709427685097, 44.50024554278813], [8.794916216650616, 44.522549684706604], [8.806389036488948, 44.5345971792707], [8.824399983467426, 44.53863914848562], [8.826841440913876, 44.56179883401503], [8.862905375714, 44.56061039085437], [8.884284497176248, 44.552324991917764], [8.90549995726033, 44.55626985796971], [8.921694610482266, 44.56707207788178], [8.911892975050245, 44.58003267316636], [8.904354606291298, 44.6208258860638], [8.892689450514599, 44.6257128553903], [8.88269353340481, 44.63902064160993], [8.908823681905403, 44.647644779867036], [8.931140760205482, 44.676133178027605], [8.958336962034204, 44.67626370640865], [8.973638850302175, 44.66315158759667], [9.013153028571724, 44.666791551248146], [9.024445503958257, 44.65114300973263], [9.038761783103656, 44.640867295574864], [9.04704604576693, 44.61466496881075], [9.073333120929703, 44.62433985274352], [9.104484671316476, 44.60661225406089], [9.10215525385153, 44.594114398412344], [9.110969738146474, 44.5825244444103], [9.139434082280971, 44.573643762980055], [9.15255497639391, 44.57422115101835], [9.183165466012243, 44.59131239393688], [9.198954885653672, 44.592775954904646], [9.202973128494426, 44.61349420348926], [9.198819596883729, 44.65010834313302], [9.206386414083552, 44.66078977265744], [9.20031989688178, 44.68640483125319], [9.207228580992487, 44.70552997046028], [9.202830258165609, 44.72205709957051], [9.210981806897971, 44.73445648874234], [9.21355045182904, 44.752348232196844], [9.194158322151702, 44.756838956153025], [9.171726254871182, 44.771683172484124], [9.173504949063215, 44.796148871224574], [9.146725901883283, 44.80903964568566], [9.126115926132998, 44.80618502143347], [9.106953306848713, 44.81053508856801], [9.095145245186979, 44.81902561599335], [9.081615865635474, 44.81446291461985], [9.05137951585016, 44.84592502269737], [9.070104301831133, 44.86603794637568], [9.055223924784473, 44.888924586717934], [9.030363602997731, 44.88849926609566], [9.018397843088195, 44.900802820837406], [9.0013474319328, 44.90819485161198], [8.998306927284426, 44.91788100118739], [8.977152389734144, 44.94009519744305], [8.978124650076161, 44.96720624454793], [8.951954199566371, 44.98822090226129], [8.925603710276171, 44.98215733293428], [8.90127373458691, 45.00776281772726], [8.904657459313304, 45.02662036461355], [8.900157040206762, 45.04362077332405], [8.881058582131013, 45.05408033888139], [8.825360430082004, 45.044007832162755], [8.768055371379328, 45.00685428954123], [8.743813605542151, 45.02367192787757], [8.728015609817284, 45.022848203607985], [8.713936999910173, 45.03696858085859], [8.69504399987158, 45.02322577775781], [8.672932226347216, 45.027919839348925], [8.659319176318695, 45.017941992837855], [8.652589942738148, 45.03431405659121], [8.640551276240531, 45.04449383450948], [8.645247817962117, 45.057007471441004], [8.637344142118389, 45.06612241111758], [8.64598777227679, 45.07533272511907], [8.621894151291025, 45.09094599942746], [8.623370576894803, 45.09834991960967], [8.608475016353086, 45.10834576393251], [8.611804331751367, 45.127528423755585], [8.590113125466363, 45.1330217235698], [8.586469807412046, 45.146715877060466], [8.556690694440707, 45.15770154443357], [8.547782022773296, 45.16815136675051], [8.536486737655814, 45.17551720852184], [8.507207521288864, 45.17406606073137], [8.497676457007207, 45.197090138475474], [8.471263255345452, 45.20446074539104], [8.44022441590065, 45.194906696389005], [8.414727286029319, 45.19822296361237], [8.40478439985542, 45.20506997956829], [8.362030214598015, 45.19731852416634], [8.361088980122906, 45.19053907038537], [8.341716373759109, 45.17244453448701], [8.328312421584506, 45.1691572590143], [8.306894452047299, 45.17786405785978], [8.266331229556323, 45.180689655805274], [8.237545803932793, 45.168065403061895], [8.21541905748367, 45.16399984540805], [8.202327440655418, 45.17801914885167], [8.189715127583233, 45.17356007898958], [8.15185215272625, 45.16854092920137], [8.139408142149893, 45.15978376580226], [8.143889392786877, 45.143830390903865], [8.128972782062728, 45.12300268516186]]]}, "properties": {"name": "Alessandria", "code": "AL", "region": "Piemonte", "name_de": "Alessandria"}}, {"type": "Feature", "geometry": {"type": "Polygon", "coordinates": [[[7.864046319947542, 45.91644002917897], [7.818781647953683, 45.92638938854027], [7.801154315032059, 45.9172503382506], [7.768618503717068, 45.937110363725765], [7.747769085469142, 45.93897187480346], [7.734554898771464, 45.92365151889495], [7.718158309027293, 45.92461180694184], [7.709027550213711, 45.9334914541471], [7.709884569515581, 45.9482618762171], [7.681261775774984, 45.95717853641221], [7.668327700657877, 45.97295026498598], [7.657886495365243, 45.97662627526998], [7.639219498775737, 45.97032120274864], [7.609904128381498, 45.96937430029584], [7.5841214864470174, 45.97216285877876], [7.5780941199339535, 45.98625465061681], [7.550348964815716, 45.98620302160903], [7.542036654193131, 45.9777448926981], [7.546120562697619, 45.96277523733222], [7.538128992213213, 45.95503188487626], [7.502336169368592, 45.960661612710226], [7.4721611147270375, 45.94806648132678], [7.474708051306639, 45.9361208924008], [7.442082252525395, 45.929758349247805], [7.431670534400423, 45.91841926839052], [7.4030216968788505, 45.91059696366442], [7.381796707272541, 45.89690548453775], [7.344247011321219, 45.91508855854826], [7.323443654079764, 45.91050991372079], [7.296040936966952, 45.92157115115618], [7.259049557659245, 45.889556488448385], [7.2207279417591215, 45.889641077324725], [7.200028324648664, 45.875275863120194], [7.200278493145688, 45.863137985199074], [7.175331716440021, 45.86291321821589], [7.153250318099027, 45.87925451484232], [7.13509322315449, 45.87270410918151], [7.118271602575897, 45.85953933400971], [7.101645015655793, 45.85903920636049], [7.094213913340232, 45.87632268641442], [7.0769219427702845, 45.88979481295753], [7.057310421470551, 45.91433159231567], [7.0457493454005355, 45.92225289131447], [7.021967347025056, 45.916830251973565], [7.004278903006768, 45.89981749243451], [7.005724135777193, 45.88861897252137], [6.991669106107821, 45.86876934633443], [6.95507449741603, 45.860784491328744], [6.942084607265547, 45.848688319622084], [6.915800200368653, 45.84344134518639], [6.873882161411689, 45.84611597835768], [6.8658772743554035, 45.83384273230754], [6.8444758306617635, 45.841874490397004], [6.825764607951862, 45.838225553364424], [6.805443077912913, 45.8169731794742], [6.811565940816217, 45.79836009419672], [6.801554636970073, 45.78167838353714], [6.806610787337652, 45.74689742894289], [6.817277312115512, 45.73974810209042], [6.810506202566195, 45.728817439041734], [6.825242477991846, 45.70908108973252], [6.846940958963527, 45.6910404069564], [6.868623168640805, 45.6811681102898], [6.892828647288953, 45.67603676411069], [6.906023429370268, 45.667395549087075], [6.916361309199868, 45.65224704170522], [6.932687590322938, 45.64734121292443], [6.960441814322942, 45.65487903345376], [6.996804124667396, 45.640824134635395], [6.984486592806858, 45.623622552128644], [6.977857292027868, 45.58894146362846], [6.995032157666892, 45.5761478012431], [6.98976033449569, 45.5626255420201], [6.995212158733197, 45.545880349788476], [6.990388217805891, 45.53066470932479], [7.0047820542310735, 45.51723541056453], [6.999821456196049, 45.50513210587575], [7.019590321397236, 45.49765467918721], [7.0520905037240125, 45.49571142092969], [7.0446107556993205, 45.47996654317636], [7.104329523112628, 45.466959179766036], [7.114673229556348, 45.4774723649622], [7.121665154480775, 45.50623827787859], [7.137528327136321, 45.51626424352334], [7.142965030004029, 45.498503648697664], [7.141138544351833, 45.4808136518876], [7.157272262129417, 45.48660187236504], [7.19946724501383, 45.481145200831506], [7.222662576954692, 45.47047839127602], [7.247553420192375, 45.49407185378995], [7.263254460433804, 45.498668277027946], [7.269498949950759, 45.51467697238766], [7.30285877692263, 45.51694765005454], [7.321105227054952, 45.51403443405466], [7.333759252621934, 45.52071838965462], [7.359303441326426, 45.5258677426235], [7.377239192020171, 45.516897969374426], [7.41071567625575, 45.535496953488526], [7.420586731672783, 45.54657017881068], [7.447963068834486, 45.55556736941953], [7.463526444267347, 45.574816424371576], [7.48931739527018, 45.58310806329157], [7.532669472666932, 45.5771713370076], [7.5430022085889075, 45.58568443877889], [7.568602764104192, 45.59120178652781], [7.605397009813337, 45.57366462617947], [7.609068725598533, 45.56287881366827], [7.634043618651572, 45.570787976430864], [7.676793793974787, 45.552096424057446], [7.72243627875478, 45.55780198210316], [7.732704790777711, 45.5503354175944], [7.7571885265685445, 45.56457936393791], [7.787143510795913, 45.57597035546539], [7.801184067845211, 45.586822807684584], [7.848873025225451, 45.6022633778835], [7.862276625498329, 45.596990318437975], [7.877406759620957, 45.600234898114714], [7.895793413846099, 45.59003397878618], [7.896715562037818, 45.611352072926486], [7.915907665015569, 45.63309048256118], [7.936110443021172, 45.63569605291045], [7.939503996657945, 45.643697385162504], [7.920855655032075, 45.66060772096208], [7.905208877647298, 45.681963086053976], [7.911802892616905, 45.700792406141105], [7.920298135385183, 45.701897352070155], [7.9366238081841, 45.724344678522606], [7.9290001835191415, 45.74244244058541], [7.900240338264286, 45.74923673084146], [7.8849304640786135, 45.7601969414773], [7.882259332350963, 45.769677823373875], [7.864071741588766, 45.790035712922844], [7.862331710463926, 45.81990284792798], [7.873395964071038, 45.82593244611251], [7.8638622796625475, 45.839583315638826], [7.874441677388036, 45.85454895310932], [7.864141012586305, 45.89293102114088], [7.864046319947542, 45.91644002917897]]]}, "properties": {"name": "Valle d'Aosta/Vallée d'Aoste", "code": "AO", "region": "Valle d'Aosta/Vallée d'Aoste", "name_de": "Aostatal"}}, {"type": "Feature", "geometry": {"type": "Polygon", "coordinates": [[[7.714329718480684, 44.06155888102362], [7.702851814680749, 44.045166459071986], [7.666411891201874, 44.03125543348892], [7.662474825830854, 44.018280647217246], [7.670344898261953, 43.99822755251763], [7.649486963260421, 43.97374131037071], [7.612828175247462, 43.95655663649707], [7.587796008489694, 43.955416250503475], [7.567018914125474, 43.944105840989465], [7.5718502189134105, 43.935406004264706], [7.560312026940007, 43.915246526485234], [7.562643515193848, 43.900658745915216], [7.5151704235662935, 43.88383184949022], [7.495279410654634, 43.86220176897732], [7.498967867706893, 43.84612944664893], [7.507793657365293, 43.84135612244854], [7.51820248413497, 43.80461302646442], [7.530722088838226, 43.78421476184674], [7.556087678216447, 43.78018033362204], [7.5693361051603745, 43.7922317994493], [7.592457108008771, 43.79133046115576], [7.672821277050243, 43.77616549968095], [7.69694415331411, 43.796975915020965], [7.712675145737188, 43.80084881107976], [7.735038586594426, 43.79562245009359], [7.786706879099048, 43.81952912063605], [7.8054397024990445, 43.823296429466524], [7.830443580878618, 43.816132090966114], [7.847066867514332, 43.82879305642638], [7.875554219491019, 43.83622963325527], [7.908073325245922, 43.83620468656769], [7.916482135999891, 43.84314097799066], [7.940881973362982, 43.84544174188296], [7.966121037811009, 43.85211830461968], [7.970084159479286, 43.86041300050811], [8.015014864732429, 43.87201375547105], [8.023394547370724, 43.880050819610005], [8.044710996649911, 43.88700473538536], [8.068016135936109, 43.88917122813707], [8.07978727408162, 43.905740749284995], [8.094251447937395, 43.91682163763922], [8.12829171538511, 43.926744933280915], [8.135377492647871, 43.938977006357305], [8.123757744063965, 43.93901355635328], [8.123250942974083, 43.954950331615166], [8.105013436673913, 43.973774704883986], [8.084497946204715, 43.982642581045006], [8.058001776192533, 43.98358805757148], [8.01689973204738, 43.979331758850854], [8.002642375570312, 43.99976187234185], [7.979497965626279, 44.01390858168651], [7.987949486712643, 44.03301684644588], [8.00582025204617, 44.03460528955478], [8.036233541443742, 44.057527256233676], [8.035471712568741, 44.08512489239887], [8.022220726249461, 44.09650039590103], [8.015593535655837, 44.110701581737146], [8.002826086059319, 44.10358953946148], [7.971531404279554, 44.11309520242624], [7.958000582620725, 44.1036917924429], [7.935425190784009, 44.10101951128678], [7.92596246682398, 44.11030220350017], [7.883944707240613, 44.104658684247326], [7.861995638577846, 44.11865482855935], [7.815310643205673, 44.123244223626145], [7.7764216774191555, 44.13859882564462], [7.746023890594166, 44.135357169011485], [7.723123580355362, 44.120817194112554], [7.718015970637964, 44.10357513500933], [7.737892293209705, 44.076372652763226], [7.723247706423274, 44.06061601503036], [7.714329718480684, 44.06155888102362]]]}, "properties": {"name": "Imperia", "code": "IM", "region": "Liguria", "name_de": "Imperia"}}, {"type": "Feature", "geometry": {"type": "Polygon", "coordinates": [[[8.135377492647871, 43.938977006357305], [8.140511782350842, 43.94668121381845], [8.170735424098465, 43.952976295348755], [8.159285751104473, 43.981214105073086], [8.16775032903707, 43.999742087932084], [8.178814946452572, 44.01128347316878], [8.227338709336488, 44.04823298287154], [8.226766143128675, 44.08035967263004], [8.237492239936328, 44.10218253349428], [8.249396202379392, 44.1169816639283], [8.26898170361548, 44.132256581444345], [8.269068019728397, 44.13932014717106], [8.293549548481451, 44.15286302602358], [8.329069899603475, 44.16125654409098], [8.383437894071024, 44.18061696284103], [8.399072854466022, 44.18111329777039], [8.425074985908347, 44.19544618089008], [8.417339617476376, 44.206102677482654], [8.416199768359233, 44.222030076158184], [8.442995427044858, 44.23804241758911], [8.456329581665305, 44.258401231762505], [8.440499900160214, 44.27424548622844], [8.448126442722517, 44.28544628921339], [8.46495707307124, 44.29644696623793], [8.488891288155285, 44.30422022446404], [8.49110411607177, 44.31495947379235], [8.509344299694368, 44.32844676171796], [8.52595660882991, 44.330972580461385], [8.567209965981062, 44.35502654580714], [8.596352756064249, 44.361771816744884], [8.623969718392567, 44.371828729916565], [8.633176144816119, 44.379750909197], [8.607834188573259, 44.39156621473474], [8.593856594374508, 44.40345006542011], [8.58870977912797, 44.42637573297214], [8.610599936741556, 44.43693166361697], [8.65143117364064, 44.44165496847347], [8.666980102465969, 44.45088967262586], [8.662243843513489, 44.48455833226827], [8.653893495583524, 44.50372699427503], [8.632679295680417, 44.50525420571333], [8.619504657658021, 44.499971537812655], [8.603558128709253, 44.50572400274109], [8.594308519405962, 44.49462727458376], [8.576161782618444, 44.50922624304257], [8.55908022172137, 44.50325162435447], [8.536785404172004, 44.512989545134005], [8.515944397237885, 44.50976993954096], [8.481796485180668, 44.510835472913804], [8.470657729851034, 44.52247841773304], [8.442096564277268, 44.50299683365473], [8.428626784422205, 44.50253439222809], [8.420312178206824, 44.5118639594817], [8.403689972499688, 44.50744812295447], [8.394448305313315, 44.48022950020666], [8.358490854365554, 44.46493569213869], [8.349177781463588, 44.48555256255014], [8.320804038023331, 44.488403418540976], [8.304795490418002, 44.503467962935275], [8.276257414266713, 44.50668472734048], [8.261574680551426, 44.519442793017916], [8.252777440115311, 44.52874738628847], [8.22416292305791, 44.51417497093149], [8.216718843033584, 44.495226854537755], [8.22331549244327, 44.48566937990667], [8.201889488966481, 44.47832603767787], [8.196435043591148, 44.46360439550345], [8.221680326808277, 44.43271087087546], [8.208035280525605, 44.4157819284385], [8.206357260348122, 44.40427375004395], [8.186505622456746, 44.39530234577971], [8.17074756280426, 44.39484817950278], [8.150360446878002, 44.375323010857684], [8.140832599730057, 44.37120947263132], [8.148281831126258, 44.35597855271009], [8.134283903003054, 44.33209961653517], [8.106968940667066, 44.332818116974636], [8.109068595297563, 44.31511680477634], [8.10195677018786, 44.30093101978733], [8.076021701720597, 44.313958461195625], [8.060788082668497, 44.29989987917803], [8.08996166412336, 44.273917242899984], [8.081767732979468, 44.26250334609243], [8.063096597996067, 44.253074187949935], [8.080619777280523, 44.24171043661345], [8.065363252890359, 44.2169365754126], [8.075214018262198, 44.2057178990414], [8.094810779306009, 44.196376360337894], [8.092410838830718, 44.17521477212601], [8.067310193306644, 44.14468992661868], [8.04293116111411, 44.14282598439387], [8.029126365363433, 44.15382950352648], [8.009445810703474, 44.155606635983695], [7.985408504722668, 44.142765472165976], [7.99083105176063, 44.13241485179791], [8.012352636738196, 44.1195391666991], [8.015593535655837, 44.110701581737146], [8.022220726249461, 44.09650039590103], [8.035471712568741, 44.08512489239887], [8.036233541443742, 44.057527256233676], [8.00582025204617, 44.03460528955478], [7.987949486712643, 44.03301684644588], [7.979497965626279, 44.01390858168651], [8.002642375570312, 43.99976187234185], [8.01689973204738, 43.979331758850854], [8.058001776192533, 43.98358805757148], [8.084497946204715, 43.982642581045006], [8.105013436673913, 43.973774704883986], [8.123250942974083, 43.954950331615166], [8.123757744063965, 43.93901355635328], [8.135377492647871, 43.938977006357305]]]}, "properties": {"name": "Savona", "code": "SV", "region": "Liguria", "name_de": "Savona"}}, {"type": "Feature", "geometry": {"type": "Polygon", "coordinates": [[[8.576161782618444, 44.50922624304257], [8.594308519405962, 44.49462727458376], [8.603558128709253, 44.50572400274109], [8.619504657658021, 44.499971537812655], [8.632679295680417, 44.50525420571333], [8.653893495583524, 44.50372699427503], [8.662243843513489, 44.48455833226827], [8.666980102465969, 44.45088967262586], [8.65143117364064, 44.44165496847347], [8.610599936741556, 44.43693166361697], [8.58870977912797, 44.42637573297214], [8.593856594374508, 44.40345006542011], [8.607834188573259, 44.39156621473474], [8.633176144816119, 44.379750909197], [8.649340602776311, 44.389872464956014], [8.678254271046407, 44.39265053876434], [8.692926879633404, 44.40834680210341], [8.724098383116345, 44.41668848728663], [8.740636249167292, 44.42622300058464], [8.754870088390234, 44.42698975456983], [8.796734688477898, 44.4172018689114], [8.805160961801775, 44.42360530305573], [8.832589750601201, 44.42346709337299], [8.842854920584672, 44.41569418663372], [8.87137208774033, 44.40522981855772], [8.885183564018627, 44.40646621235487], [8.917758463471692, 44.39818263953287], [8.973061311152835, 44.38950027895404], [9.057997545383, 44.380108909782756], [9.139878263629903, 44.36041141022404], [9.155055401270381, 44.347565551981866], [9.148824650753937, 44.324632190444696], [9.157051319396052, 44.31565312059079], [9.188442759921744, 44.308546145619445], [9.216999226000073, 44.298646306193795], [9.212551840527894, 44.31115751834099], [9.215743409415861, 44.33568225871705], [9.235280319100255, 44.347863994616375], [9.24635737430449, 44.340893442125896], [9.300162131198876, 44.323369122482134], [9.359176598038735, 44.29960050757609], [9.392663712465334, 44.27775876287519], [9.405982222043336, 44.25193657365254], [9.417141812781665, 44.259774016739584], [9.432649176116698, 44.25354654922154], [9.439725218680328, 44.24162022593643], [9.46878437156208, 44.233897589912644], [9.483411878461949, 44.24039485250164], [9.494967685826937, 44.23514609652086], [9.511287054608117, 44.21666072672437], [9.523337293990991, 44.227587621758296], [9.533206530890277, 44.25234988404229], [9.541411742632807, 44.256011529788616], [9.573456832767484, 44.25683198163361], [9.573330605635043, 44.270751267127174], [9.555264240384947, 44.28739700942831], [9.523858935726988, 44.30769397560448], [9.519617022269216, 44.31539285644975], [9.499281329388456, 44.32685424566233], [9.505112943597636, 44.341611372924504], [9.51816481444788, 44.355187770664564], [9.496131740128426, 44.3668227660217], [9.49468597722627, 44.37696623601113], [9.472182576721016, 44.38634789881938], [9.465737406671138, 44.401584607722285], [9.479034390162825, 44.40925855440479], [9.472294714073172, 44.421935541706524], [9.44277791205419, 44.41658662389434], [9.439599637029765, 44.43007852604201], [9.452266108430836, 44.440431735743225], [9.470551456586316, 44.471952847073425], [9.496803434917794, 44.48273040451411], [9.49526286368508, 44.50254742924252], [9.504607670858661, 44.52995999519449], [9.488303701963424, 44.54835112462913], [9.493338442500045, 44.55587663431659], [9.469641744258459, 44.565871828910666], [9.453358231042744, 44.56213406323986], [9.420871382729901, 44.577577917986694], [9.41907033342894, 44.595286279833566], [9.389368016943331, 44.59021945579736], [9.3810803430133, 44.57674963749112], [9.369424404416888, 44.58311971140508], [9.336341334122707, 44.582029090926625], [9.3004186269751, 44.60777398611881], [9.287163544419414, 44.6069562177364], [9.272485410111088, 44.59593908800048], [9.245485007230403, 44.60120628780507], [9.256360754592837, 44.61019838449781], [9.245502619879245, 44.619647809742226], [9.202973128494426, 44.61349420348926], [9.198954885653672, 44.592775954904646], [9.183165466012243, 44.59131239393688], [9.15255497639391, 44.57422115101835], [9.139434082280971, 44.573643762980055], [9.110969738146474, 44.5825244444103], [9.10215525385153, 44.594114398412344], [9.104484671316476, 44.60661225406089], [9.073333120929703, 44.62433985274352], [9.04704604576693, 44.61466496881075], [9.038761783103656, 44.640867295574864], [9.024445503958257, 44.65114300973263], [9.013153028571724, 44.666791551248146], [8.973638850302175, 44.66315158759667], [8.958336962034204, 44.67626370640865], [8.931140760205482, 44.676133178027605], [8.908823681905403, 44.647644779867036], [8.88269353340481, 44.63902064160993], [8.892689450514599, 44.6257128553903], [8.904354606291298, 44.6208258860638], [8.911892975050245, 44.58003267316636], [8.921694610482266, 44.56707207788178], [8.90549995726033, 44.55626985796971], [8.884284497176248, 44.552324991917764], [8.862905375714, 44.56061039085437], [8.826841440913876, 44.56179883401503], [8.824399983467426, 44.53863914848562], [8.806389036488948, 44.5345971792707], [8.794916216650616, 44.522549684706604], [8.797709427685097, 44.50024554278813], [8.787664445063253, 44.489325592052275], [8.76896226625542, 44.48965851098392], [8.771534439185878, 44.5077559024557], [8.766591260031264, 44.526330408677204], [8.739785491871903, 44.55536883307373], [8.732945309567196, 44.56995518300669], [8.720998667001174, 44.5798647753161], [8.690049162562342, 44.58196150365747], [8.6822089200435, 44.57546986872626], [8.66675723026367, 44.58245592351108], [8.640190225869949, 44.57914374224157], [8.620151795062007, 44.584201240018814], [8.5988588561542, 44.55872387652038], [8.613536517077279, 44.54551371246296], [8.59578205951975, 44.537349963454496], [8.58668844777282, 44.52419096685657], [8.573756532162053, 44.523324832169656], [8.576161782618444, 44.50922624304257]]]}, "properties": {"name": "Genova", "code": "GE", "region": "Liguria", "name_de": "Genua"}}, {"type": "Feature", "geometry": {"type": "MultiPolygon", "coordinates": [[[[9.511287054608117, 44.21666072672437], [9.5270072769893, 44.208272642329185], [9.547906277945645, 44.20719522523163], [9.590592019141297, 44.17296515642641], [9.610093994108553, 44.16672044158268], [9.606889649775443, 44.157494633464175], [9.635464670377013, 44.13352131145785], [9.642740827565326, 44.14351347744017], [9.668090395965391, 44.14214287527679], [9.725324051424645, 44.11262421298274], [9.739405586724624, 44.09165190942861], [9.794852167653922, 44.06714189905404], [9.821876475068438, 44.05811750481937], [9.832672008814322, 44.04904220638576], [9.844076740729442, 44.05842959146475], [9.820857802438146, 44.09256785051293], [9.83581223684755, 44.11012581876956], [9.8538272246469, 44.106825695560076], [9.864569967344519, 44.09269115871666], [9.881082960981493, 44.08145373658781], [9.906784859274776, 44.08141693385484], [9.911690390535274, 44.06940771061701], [9.964183166655403, 44.03729279732637], [9.977148212709366, 44.0355265115887], [9.994132560251595, 44.0506305345743], [10.018772970142269, 44.04447690754418], [10.028991370493427, 44.0596719698373], [10.059960245483524, 44.07935450976679], [10.068780579836226, 44.09828269869192], [10.047384560772496, 44.11512331386591], [10.018610566860138, 44.11924714229608], [10.002127617007922, 44.10765147859572], [9.983598092588613, 44.124756568380846], [9.977281823315728, 44.14008018686704], [9.97853571380479, 44.161303386863565], [9.966170785833066, 44.16920087723794], [9.955025411927837, 44.164973093172485], [9.921841620418526, 44.17001736351364], [9.89785886995794, 44.16359257925189], [9.892365187459818, 44.168021659712046], [9.921582045044627, 44.189762181084895], [9.909482844433908, 44.20432831861546], [9.89139264201512, 44.205381152865435], [9.872828182483731, 44.19464778412026], [9.85755040667854, 44.19350756537493], [9.875356615451444, 44.22394276093366], [9.863463785966438, 44.22820139007928], [9.854430116631237, 44.26805816152147], [9.8147841397766, 44.286214250643454], [9.806400913546463, 44.282760177491255], [9.769486524932114, 44.302211531228096], [9.758314290220238, 44.31835197618851], [9.729455177038464, 44.328330588695316], [9.715253248610722, 44.357318725035846], [9.70630125394109, 44.36618914929451], [9.68670044224306, 44.36593956090598], [9.671593776007434, 44.37044978231425], [9.663001451267288, 44.40065941231059], [9.654548650091195, 44.41174558118301], [9.642513684702761, 44.412408103629545], [9.612968477145792, 44.42585856720322], [9.598170779114204, 44.43674031652972], [9.584920735497475, 44.42840037393865], [9.554841077810453, 44.43799434922614], [9.550705868313731, 44.42802847692267], [9.492842222485015, 44.42331618030364], [9.479034390162825, 44.40925855440479], [9.465737406671138, 44.401584607722285], [9.472182576721016, 44.38634789881938], [9.49468597722627, 44.37696623601113], [9.496131740128426, 44.3668227660217], [9.51816481444788, 44.355187770664564], [9.505112943597636, 44.341611372924504], [9.499281329388456, 44.32685424566233], [9.519617022269216, 44.31539285644975], [9.523858935726988, 44.30769397560448], [9.555264240384947, 44.28739700942831], [9.573330605635043, 44.270751267127174], [9.573456832767484, 44.25683198163361], [9.541411742632807, 44.256011529788616], [9.533206530890277, 44.25234988404229], [9.523337293990991, 44.227587621758296], [9.511287054608117, 44.21666072672437]]], [[[9.853497921762857, 44.0492118818264], [9.833464732440143, 44.04635604787518], [9.84734858572209, 44.03400599782669], [9.853497921762857, 44.0492118818264]]]]}, "properties": {"name": "La Spezia", "code": "SP", "region": "Liguria", "name_de": "La Spezia"}}, {"type": "Feature", "geometry": {"type": "Polygon", "coordinates": [[[8.593800866638327, 45.82824560858774], [8.581647123626977, 45.813658256147406], [8.56351118303618, 45.80724506156379], [8.552276679912072, 45.788104679429445], [8.555665119100182, 45.774990361372254], [8.582910699848373, 45.74867156354924], [8.591028826397457, 45.73346273886792], [8.60214538466512, 45.72630604732172], [8.645960688285863, 45.72176069554525], [8.654358403194776, 45.70788246232912], [8.640433365350642, 45.6847188178397], [8.640799957397778, 45.67680835217584], [8.663681450079546, 45.67454682328353], [8.669835079657258, 45.661423574490875], [8.68855387843322, 45.63987412720975], [8.665199476782387, 45.631545265642586], [8.703148489936027, 45.60005712045241], [8.702974711881948, 45.58673521408644], [8.694418922365752, 45.57600151807414], [8.706878912375792, 45.55831450240802], [8.72381373276779, 45.56689549747104], [8.737765812464335, 45.559979810691416], [8.747740684070823, 45.5722615013209], [8.782250331238329, 45.5864998774119], [8.786151033930258, 45.602420880946966], [8.806391919210721, 45.60167270085995], [8.819949494366206, 45.58324432753077], [8.842978928539472, 45.57133386745259], [8.871146769692636, 45.57749876770424], [8.867824924943772, 45.592015405181286], [8.899739460484314, 45.605356486283696], [8.9154877839776, 45.60743216993485], [8.932426451502625, 45.6264617004545], [8.93987020039982, 45.642649844158065], [8.967186195602274, 45.62822381083617], [8.97820774122303, 45.61464410574501], [8.970709680971963, 45.60436791630726], [9.002874685793888, 45.57623918248181], [9.02566617478926, 45.58846861797597], [9.049547160916003, 45.57746931314234], [9.06299468642211, 45.58044152061708], [9.066051430554168, 45.59517606591707], [9.05292446071502, 45.623190296076174], [9.055738869854354, 45.646500070183684], [9.04327649793348, 45.64307616313], [8.985829453415263, 45.649123046510496], [8.98391019131674, 45.67535569466521], [8.947908706953264, 45.6609346830772], [8.931862367625257, 45.651205338306845], [8.921926128789872, 45.67005969210871], [8.898652462685282, 45.67671599041543], [8.894671031432617, 45.684597107766194], [8.931916855517542, 45.6968843771998], [8.93118622275632, 45.70646973001084], [8.9508339085975, 45.71246536341889], [8.947706682732123, 45.73306661918862], [8.900404213496639, 45.78477098388761], [8.902800847453184, 45.79691937332843], [8.896956129951759, 45.812921837715436], [8.907003518056706, 45.81537116364206], [8.912448677687655, 45.83027883473434], [8.915350763287115, 45.84350273423638], [8.938557933391998, 45.863408795797085], [8.93215622402922, 45.88467325002792], [8.922245066907283, 45.894941015016734], [8.924614585768024, 45.90585116203731], [8.898255662531941, 45.92533017758591], [8.894274706776091, 45.95846580993056], [8.878874495099305, 45.956024894279466], [8.849460613806423, 45.97304445219291], [8.831275517823972, 45.98798317944619], [8.794357419304207, 45.99208996797405], [8.792063843294248, 46.00498312617986], [8.805941408629572, 46.021608515856606], [8.82797535475679, 46.03331711484971], [8.834434691762212, 46.05134959026643], [8.854517056895904, 46.06162808833066], [8.852050546948755, 46.07552120198725], [8.832710164488573, 46.08345064287306], [8.815292692545658, 46.09725704934764], [8.783424599756508, 46.09394305872406], [8.756769894734358, 46.1037571859274], [8.742687489138218, 46.12214596400057], [8.714815181350284, 46.09804279083352], [8.705676714315251, 46.08139398773663], [8.715559309639232, 46.06226677364126], [8.7202537595007, 46.04219875175335], [8.72876349999088, 46.02923208824989], [8.719326193974654, 46.011145717120506], [8.68229920836706, 45.98688764124533], [8.594869029567143, 45.922547498586184], [8.5716262699418, 45.901336445559345], [8.570141459602118, 45.89125177237218], [8.594623917162467, 45.8447949529594], [8.593800866638327, 45.82824560858774]]]}, "properties": {"name": "Varese", "code": "VA", "region": "Lombardia", "name_de": "Varese"}}, {"type": "Feature", "geometry": {"type": "MultiPolygon", "coordinates": [[[[8.912448677687655, 45.83027883473434], [8.907003518056706, 45.81537116364206], [8.896956129951759, 45.812921837715436], [8.902800847453184, 45.79691937332843], [8.900404213496639, 45.78477098388761], [8.947706682732123, 45.73306661918862], [8.9508339085975, 45.71246536341889], [8.93118622275632, 45.70646973001084], [8.931916855517542, 45.6968843771998], [8.894671031432617, 45.684597107766194], [8.898652462685282, 45.67671599041543], [8.921926128789872, 45.67005969210871], [8.931862367625257, 45.651205338306845], [8.947908706953264, 45.6609346830772], [8.98391019131674, 45.67535569466521], [8.985829453415263, 45.649123046510496], [9.04327649793348, 45.64307616313], [9.055738869854354, 45.646500070183684], [9.06704624837209, 45.68512107826709], [9.08828582397577, 45.6855025929881], [9.103203286782794, 45.696894056646975], [9.12180953841293, 45.688505014390955], [9.139856203458143, 45.6948119075934], [9.153795030443517, 45.68655830714561], [9.163750018299442, 45.67298813995266], [9.179654475356337, 45.66348922240034], [9.194432438093088, 45.667686204137404], [9.195313881399706, 45.69834333240596], [9.214072028226084, 45.71501506351968], [9.23155382452603, 45.71745538092628], [9.247121515972545, 45.74264906739531], [9.256685133208446, 45.750998585999334], [9.244181125672245, 45.76728572390169], [9.258291226623697, 45.79253296625595], [9.290486083610274, 45.81046584671733], [9.285569281021441, 45.82300702731769], [9.31753986996737, 45.84667508331544], [9.331862075292221, 45.87280785414071], [9.318322471234419, 45.88226086875733], [9.324058516997024, 45.895781435674856], [9.2893831396086, 45.893174382042], [9.280213811634676, 45.91271917850018], [9.268271158625302, 45.925546423037325], [9.278068585155896, 45.93757453295701], [9.273432073316451, 45.94696410878726], [9.256527023883885, 45.94904637197558], [9.261354917709182, 45.963264996491894], [9.284579086941347, 45.96705266598969], [9.279861481885954, 45.986234994596025], [9.261180003957808, 46.00893293589841], [9.26476978718582, 46.03012028013236], [9.289604828937197, 46.05934673579429], [9.28932660628655, 46.07267669584596], [9.298682671186064, 46.10454914239882], [9.292324400416062, 46.11577970831801], [9.300481881217745, 46.125883670474515], [9.357236857941702, 46.15035357707462], [9.410223330351956, 46.14994169196316], [9.414100807833861, 46.13686863193834], [9.424198065114442, 46.15507405518959], [9.424869517014466, 46.18992881208002], [9.44080750881073, 46.214483884641616], [9.424410989032955, 46.22170085793646], [9.390467816795681, 46.21109389783582], [9.35807179355697, 46.219155916732696], [9.333428088347656, 46.23482731277179], [9.27521391915399, 46.23956322049731], [9.247615383141198, 46.23362724089413], [9.221300731985092, 46.22987039844264], [9.218224125206794, 46.21465742138687], [9.20003799704739, 46.2062937450348], [9.192969330218995, 46.17923396579788], [9.183511788244154, 46.171608531674785], [9.160372794243377, 46.17085132965123], [9.154390257607607, 46.16156255760734], [9.137200076590897, 46.154150443707486], [9.120816179825434, 46.13460921165249], [9.07163492547375, 46.11951509328173], [9.0892112073485, 46.09007235025174], [9.077872431387084, 46.0653167230874], [9.047772710985093, 46.061661188741056], [9.023813835284344, 46.052614500672654], [9.008880500164056, 46.03620025590411], [9.00909749535999, 46.02717301106029], [9.02228669491028, 46.01654250469033], [9.028287080903057, 45.9936618969618], [8.988409463751056, 45.972608595324985], [9.01406387792202, 45.96015636019822], [9.013182755196459, 45.941737227361614], [9.019395186335615, 45.92857778810335], [9.041897995467057, 45.92714968007942], [9.069860450795986, 45.91197033972375], [9.086728749927813, 45.89655003656791], [9.066623643082162, 45.876240492924], [9.05431553416956, 45.872286791184855], [9.049325081988734, 45.85224495457644], [9.035846533548266, 45.8411703333921], [9.030634387003362, 45.82078562104328], [9.01482825184213, 45.81850261176581], [8.993796585817153, 45.82388573839995], [8.985890271928632, 45.83787188241322], [8.970326211863588, 45.83247758659747], [8.949537460925336, 45.84347795173754], [8.912448677687655, 45.83027883473434]]], [[[8.973819829240323, 45.983546067081555], [8.957879033220154, 45.96473512964322], [8.97518523353511, 45.9615900882314], [8.973819829240323, 45.983546067081555]]]]}, "properties": {"name": "Como", "code": "CO", "region": "Lombardia", "name_de": "Como"}}, {"type": "Feature", "geometry": {"type": "Polygon", "coordinates": [[[9.526899310288213, 46.01150889670886], [9.551235263208772, 46.0141212128675], [9.560457378831625, 46.022959603458695], [9.578499893218615, 46.021105657708866], [9.600276124439603, 46.033701704374245], [9.604054225063908, 46.043627076948674], [9.632276494082832, 46.04657952454125], [9.643458523200845, 46.05997208460092], [9.669593914572971, 46.06065932893474], [9.688566595208696, 46.054939452643424], [9.709715074103533, 46.06398129956611], [9.737591081435538, 46.05817966546861], [9.770131418159993, 46.0637971695209], [9.792753967745579, 46.05359826572068], [9.831529658124227, 46.04722063334769], [9.886191430898839, 46.04560381419128], [9.946689671992635, 46.06654816970142], [9.984661258441848, 46.066335323572936], [9.991474572426085, 46.07279258336138], [10.011367205367476, 46.07301428098111], [10.018537783954109, 46.086018910928736], [10.044487732661864, 46.08482166249348], [10.059493947567724, 46.089003617438124], [10.095926233846875, 46.09129713945244], [10.104133528168083, 46.08511600165389], [10.092690691763185, 46.06828757604334], [10.10260876416724, 46.05077683707795], [10.121652940092638, 46.05925873540288], [10.169558413386193, 46.05704937318904], [10.181848616612008, 46.07991969361121], [10.16507621250846, 46.11256458497985], [10.171812985058017, 46.136224705301956], [10.15938583738084, 46.15954963242505], [10.171594906768751, 46.16306071565746], [10.180300233926804, 46.17825328635619], [10.224284620044058, 46.186340684532205], [10.22965977461287, 46.19959406351492], [10.259660631817653, 46.20507241169097], [10.294683362345602, 46.22374315868518], [10.300895675461787, 46.24958361533153], [10.314297944539117, 46.259858922601744], [10.31528276958034, 46.275752370609865], [10.3285140406723, 46.287128825803826], [10.371423735933929, 46.29355205994234], [10.419708740291233, 46.33371418609556], [10.471031483717875, 46.354653278740976], [10.499069050746964, 46.334645060205474], [10.515714830514044, 46.343217878670906], [10.519241273394357, 46.35531341431163], [10.537700784813651, 46.35412549757539], [10.566690202947926, 46.37777200054287], [10.598055279720734, 46.37738586228819], [10.630984331495778, 46.402286979355964], [10.619225938274763, 46.41439905485659], [10.616760687574654, 46.44389578387595], [10.62183400234232, 46.44796363770563], [10.600492387199486, 46.46866429089285], [10.576129487143456, 46.4742667839019], [10.555013091916399, 46.489032320594795], [10.496995003573184, 46.497364039690844], [10.48232126561809, 46.49417036690998], [10.457940462003688, 46.51058963997697], [10.453137592676283, 46.53055108422159], [10.436564326452169, 46.53740163115379], [10.419340142715068, 46.55105295168147], [10.397555543824836, 46.54394158321197], [10.363373984427827, 46.55556758685578], [10.35220697226076, 46.55557416177675], [10.337062590070627, 46.54343183682401], [10.325112818096335, 46.55146801353337], [10.311291089090233, 46.546866557488485], [10.29574885664021, 46.550400522003706], [10.289168280699503, 46.56773147153127], [10.271052793393055, 46.576465726455744], [10.253522275462283, 46.57182646698194], [10.241601800735603, 46.59145835645242], [10.256410772645923, 46.608490070635455], [10.23906275082654, 46.635187065651415], [10.209602425306723, 46.620059417798515], [10.190628388986537, 46.62608557543819], [10.130171718848693, 46.60559974092659], [10.10166676533941, 46.61011203088886], [10.101094932956787, 46.58277726620066], [10.080524406565388, 46.575215873827126], [10.08516450605962, 46.56662246063797], [10.059656724469786, 46.54560482057773], [10.043648970232107, 46.53784594225812], [10.052528894618085, 46.530353482610124], [10.046805237809918, 46.5105800570117], [10.044384078942892, 46.483360498847446], [10.052817471615827, 46.461279122880164], [10.039811145364848, 46.44570276527238], [10.055203120730631, 46.44050397972036], [10.059248436880013, 46.429585945474976], [10.101252070854741, 46.42287136257354], [10.130673283299265, 46.431867417767826], [10.160591873055202, 46.4158137135314], [10.163941051273639, 46.390895410790485], [10.141035398759707, 46.38571751631559], [10.127722006991846, 46.377619322413445], [10.126245216884659, 46.360102309583716], [10.111322723667607, 46.35299450378592], [10.106144374856719, 46.33142715629541], [10.117139621984567, 46.31374355534636], [10.138927863281708, 46.30469968654193], [10.173008765182285, 46.26543942573914], [10.17453053503014, 46.25466882516215], [10.150941741701711, 46.23969885319515], [10.145676306676517, 46.23038275945725], [10.124009775269858, 46.22421681647658], [10.094518250142329, 46.22855300246512], [10.070837209663871, 46.21714029415182], [10.047448020320799, 46.22874199473128], [10.060315101031836, 46.251105271443656], [10.055834418000366, 46.263692654246285], [10.03010747012072, 46.277121253428376], [9.99827054201483, 46.28292960908426], [9.992561796013563, 46.293140282502186], [10.0008297091339, 46.3036970441883], [9.99703015599353, 46.31399907405089], [9.981430770651503, 46.32268388532815], [9.996352418068826, 46.350935722461045], [9.965882433987858, 46.36281581691642], [9.952940690055446, 46.37937145228775], [9.933529986775907, 46.37453671780993], [9.924533401154783, 46.36612312266607], [9.90636061327559, 46.38088410986384], [9.870544749694638, 46.3630099026547], [9.837697301564418, 46.36127992364798], [9.82166379125826, 46.351608959470255], [9.777477478380108, 46.334962392073685], [9.764696400482194, 46.33782050663449], [9.743631603771187, 46.35151760217416], [9.723255430910353, 46.34073158971016], [9.726128057045239, 46.319199390858316], [9.714497775083034, 46.29306963702717], [9.703981314042654, 46.290911874522735], [9.672176478962305, 46.301012111295634], [9.638576633043533, 46.28633246901014], [9.609863716886974, 46.29450809940672], [9.581826869795766, 46.29527533920494], [9.560823425133808, 46.305536603801244], [9.54937741465594, 46.30234316919611], [9.53419229722948, 46.312152889164906], [9.51148518586542, 46.33890963626276], [9.498723297890267, 46.3614833814655], [9.461597128101738, 46.37625022243951], [9.466864378455625, 46.39811606497737], [9.453709974457839, 46.42223855743357], [9.458490432988068, 46.44138866278631], [9.457371074939745, 46.46319012074612], [9.463116468879248, 46.468035759082085], [9.450274408114261, 46.49975188935583], [9.432829131282427, 46.49677740314138], [9.412823755811624, 46.46691441297009], [9.399964514622635, 46.46957894638415], [9.370837133198233, 46.489696559634794], [9.372343914676415, 46.50369036944215], [9.310911862066138, 46.50453082236302], [9.28192888249717, 46.49642088786128], [9.274931639452243, 46.48078777042031], [9.277816916746522, 46.46159826912396], [9.271688103748554, 46.454521349396856], [9.247724630642669, 46.44717810237715], [9.249473858272005, 46.43115953892119], [9.275048503018803, 46.41855543199908], [9.28138082580932, 46.40754250177911], [9.275710936567789, 46.394740819024264], [9.284340824233773, 46.386057487496146], [9.276678010440584, 46.36941783806845], [9.299197475955555, 46.343846930715515], [9.300050097599218, 46.326587671529154], [9.282133529733148, 46.30829172903542], [9.28454019072797, 46.29694599842218], [9.274008833620451, 46.29115785099093], [9.254601199730912, 46.26879309807912], [9.247615383141198, 46.23362724089413], [9.27521391915399, 46.23956322049731], [9.333428088347656, 46.23482731277179], [9.35807179355697, 46.219155916732696], [9.390467816795681, 46.21109389783582], [9.424410989032955, 46.22170085793646], [9.44080750881073, 46.214483884641616], [9.424869517014466, 46.18992881208002], [9.424198065114442, 46.15507405518959], [9.414100807833861, 46.13686863193834], [9.415001832068329, 46.09479888956597], [9.430548531516898, 46.086101242658465], [9.475285085310988, 46.07205493019666], [9.492867754960947, 46.07083567989313], [9.509701414448188, 46.05873011902557], [9.501613516503708, 46.0464446173091], [9.522215389271983, 46.031249971173075], [9.526899310288213, 46.01150889670886]]]}, "properties": {"name": "Sondrio", "code": "SO", "region": "Lombardia", "name_de": "Sondrio"}}, {"type": "Feature", "geometry": {"type": "MultiPolygon", "coordinates": [[[[8.842896694817354, 45.39383795019038], [8.850517935472531, 45.36682959735972], [8.866152453111532, 45.3594318558973], [8.865869065398142, 45.34426430429782], [8.910430317239939, 45.33255670836141], [8.923503233689702, 45.316872387564295], [8.943877464987997, 45.31361671369436], [8.944611111895881, 45.29146471561303], [8.982938975749347, 45.26499363551222], [9.006978506385474, 45.27806578610717], [9.015809174987467, 45.2905900662297], [8.994932196331154, 45.29567719321213], [9.001278019749938, 45.319913477381974], [9.02016739516444, 45.32595527182768], [9.036372076911693, 45.30128384210515], [9.07187210657582, 45.30641485648398], [9.079864160413445, 45.30350144214424], [9.141069186974123, 45.30961884197535], [9.151320007593561, 45.29883106438168], [9.188626012876796, 45.30102773742729], [9.182058556193612, 45.31074179748548], [9.196634690493669, 45.316978354566636], [9.201727818124004, 45.334839590316534], [9.218268565255682, 45.326095907547646], [9.23078891384757, 45.33117275110335], [9.24602827326082, 45.32451818847205], [9.2735267373757, 45.32459266165162], [9.28226049324425, 45.33011349757489], [9.30909611704291, 45.32789342467909], [9.338824331506256, 45.31296545775293], [9.354661802100743, 45.32080439662473], [9.36631140728, 45.31175986962104], [9.380580562673925, 45.31882029893361], [9.35863125600718, 45.34266384944816], [9.363935965091292, 45.3657310982806], [9.378200175747608, 45.368948032514076], [9.373093973720403, 45.38654099294517], [9.388915141610676, 45.39984042999767], [9.400040497965868, 45.397353149812275], [9.417106181068899, 45.41075789723903], [9.425707257626676, 45.424007312176336], [9.417127908135825, 45.43848386315341], [9.417532180999693, 45.45153174883328], [9.435951670355873, 45.469339275449585], [9.451009160069145, 45.46900178268102], [9.461910380404248, 45.45455638943464], [9.483908387313525, 45.44868807277604], [9.493568409235218, 45.47852888143355], [9.519186984464614, 45.504477972721354], [9.541222072643256, 45.501497343393275], [9.550294988909236, 45.524165480260855], [9.539055103690522, 45.524968880332516], [9.529456112033037, 45.53707310927625], [9.525521671780837, 45.56293316344428], [9.538597683194972, 45.582314337286086], [9.518942875134087, 45.62357543374721], [9.496987990070872, 45.63152185859541], [9.495852141866335, 45.639659054494594], [9.495392599345506, 45.62897725116793], [9.482544347924923, 45.618343529405735], [9.481654626777745, 45.59680818124657], [9.444613067344424, 45.59193590537723], [9.442550128774133, 45.585580118557424], [9.404671152121933, 45.575063428151196], [9.383400620007924, 45.55766203172777], [9.326978641775087, 45.56189629473781], [9.312851334437141, 45.536851168142064], [9.286530133936242, 45.54344326161545], [9.242591320704719, 45.56343624274051], [9.227049186963857, 45.566006837159335], [9.217781227162767, 45.579272952964665], [9.203132450093817, 45.57600032412388], [9.162948370836622, 45.59154154034602], [9.144874300401673, 45.58370874578713], [9.103338806638158, 45.588343851766695], [9.094362622047193, 45.60647049972284], [9.107782802495558, 45.62271857012659], [9.05292446071502, 45.623190296076174], [9.066051430554168, 45.59517606591707], [9.06299468642211, 45.58044152061708], [9.049547160916003, 45.57746931314234], [9.02566617478926, 45.58846861797597], [9.002874685793888, 45.57623918248181], [8.970709680971963, 45.60436791630726], [8.97820774122303, 45.61464410574501], [8.967186195602274, 45.62822381083617], [8.93987020039982, 45.642649844158065], [8.932426451502625, 45.6264617004545], [8.9154877839776, 45.60743216993485], [8.899739460484314, 45.605356486283696], [8.867824924943772, 45.592015405181286], [8.871146769692636, 45.57749876770424], [8.842978928539472, 45.57133386745259], [8.819949494366206, 45.58324432753077], [8.806391919210721, 45.60167270085995], [8.786151033930258, 45.602420880946966], [8.782250331238329, 45.5864998774119], [8.747740684070823, 45.5722615013209], [8.737765812464335, 45.559979810691416], [8.72381373276779, 45.56689549747104], [8.706878912375792, 45.55831450240802], [8.70910611066759, 45.54390198950143], [8.719404390490679, 45.53105489370677], [8.71319688981117, 45.5199321376364], [8.722844172972351, 45.506023704576414], [8.738534766614801, 45.49846378508233], [8.760257542554175, 45.49686833027901], [8.770171918633222, 45.48653342061663], [8.78748750259123, 45.48623267281735], [8.788375016589034, 45.46250869010152], [8.821277344052433, 45.435372605251416], [8.824534900929528, 45.41949779798637], [8.842896694817354, 45.39383795019038]]], [[[9.531578737626324, 45.16535421431775], [9.51570779020585, 45.18708029374723], [9.501712819640453, 45.18609394642629], [9.470670418299868, 45.201312373349474], [9.438549541225921, 45.18763560389087], [9.45682976597025, 45.18325783412688], [9.478273382471086, 45.16149846891043], [9.531578737626324, 45.16535421431775]]]]}, "properties": {"name": "Milano", "code": "MI", "region": "Lombardia", "name_de": "Mailand"}}, {"type": "Feature", "geometry": {"type": "Polygon", "coordinates": [[[9.519186984464614, 45.504477972721354], [9.53990410005089, 45.488517563097915], [9.550775504968414, 45.460319151487745], [9.577589428451368, 45.460236204361024], [9.593432184113137, 45.473715235340904], [9.60864059925239, 45.47545346743414], [9.620039580087276, 45.45590463753089], [9.643473634389345, 45.45768699917256], [9.66181577851081, 45.43721779199076], [9.682093051342447, 45.441248769511894], [9.708260268089168, 45.482278040592064], [9.719790108815875, 45.48213731321815], [9.761643103242164, 45.45659640815504], [9.770258488419497, 45.43932832304633], [9.784629551585214, 45.42952098768396], [9.807881498994488, 45.422785281481985], [9.810958197119408, 45.438587567145156], [9.824120089641557, 45.4461736094997], [9.847982394134561, 45.45116340929429], [9.85775212045385, 45.434240270050736], [9.889613962951483, 45.4273312570508], [9.892254870442498, 45.46079934594284], [9.872375268123808, 45.48631816839125], [9.858801175269317, 45.51598059565625], [9.852763804095725, 45.519752284018764], [9.853343628072805, 45.53996142455193], [9.836593103560764, 45.54918811173933], [9.844635587479152, 45.583556280031054], [9.855030342445843, 45.58408097435165], [9.850551483495922, 45.603153909409336], [9.864298891654977, 45.60990046056566], [9.887448345143993, 45.60265710647846], [9.895657325971243, 45.60956848752628], [9.904773974161394, 45.63147712140999], [9.917782958487964, 45.64325450248204], [9.934407499809927, 45.64983441959366], [9.942283034345945, 45.66527954715623], [9.968683228150361, 45.664535329033015], [9.999832460782736, 45.67210668230344], [10.044371775781554, 45.67493951438915], [10.065400162396669, 45.68832757071168], [10.059120413411852, 45.708844605969205], [10.066306736017564, 45.74074846116628], [10.054885484296186, 45.76429233029022], [10.063818655078283, 45.78840332608569], [10.077011706299304, 45.80085364982611], [10.108097931716802, 45.81547035352975], [10.121392987669058, 45.83595200934055], [10.14581053032954, 45.85194756391015], [10.149800181887624, 45.86309592276311], [10.112108409158013, 45.88304362544403], [10.096402009087795, 45.90744276022686], [10.097020204950926, 45.92900191460462], [10.114512765095423, 45.936222106872826], [10.12132326688332, 45.95603725964135], [10.139950143883373, 45.963881310743716], [10.178099309671174, 45.974168819784786], [10.176505442362696, 45.982717598557784], [10.19276774741355, 46.00081973339858], [10.20620083271756, 46.007437980321235], [10.250081431858034, 46.011061523864356], [10.261355752784652, 46.01777788713744], [10.249242828497954, 46.03576756489749], [10.233404267496795, 46.03482357270199], [10.228087699331663, 46.04821919190801], [10.175803105953992, 46.05164028148321], [10.169558413386193, 46.05704937318904], [10.121652940092638, 46.05925873540288], [10.10260876416724, 46.05077683707795], [10.092690691763185, 46.06828757604334], [10.104133528168083, 46.08511600165389], [10.095926233846875, 46.09129713945244], [10.059493947567724, 46.089003617438124], [10.044487732661864, 46.08482166249348], [10.018537783954109, 46.086018910928736], [10.011367205367476, 46.07301428098111], [9.991474572426085, 46.07279258336138], [9.984661258441848, 46.066335323572936], [9.946689671992635, 46.06654816970142], [9.886191430898839, 46.04560381419128], [9.831529658124227, 46.04722063334769], [9.792753967745579, 46.05359826572068], [9.770131418159993, 46.0637971695209], [9.737591081435538, 46.05817966546861], [9.709715074103533, 46.06398129956611], [9.688566595208696, 46.054939452643424], [9.669593914572971, 46.06065932893474], [9.643458523200845, 46.05997208460092], [9.632276494082832, 46.04657952454125], [9.604054225063908, 46.043627076948674], [9.600276124439603, 46.033701704374245], [9.578499893218615, 46.021105657708866], [9.560457378831625, 46.022959603458695], [9.551235263208772, 46.0141212128675], [9.526899310288213, 46.01150889670886], [9.491391907865353, 46.011703080571465], [9.50099428436268, 45.9721770968259], [9.521578904164288, 45.96492072964188], [9.540951561358987, 45.94506584772348], [9.528032800369056, 45.9174410458419], [9.506396704538634, 45.90065421823127], [9.513396434098965, 45.88121797455275], [9.522512676600659, 45.873868266410575], [9.47088315984638, 45.85922021975035], [9.473074823579077, 45.824994722804306], [9.496418009059218, 45.796336828963916], [9.479959524133932, 45.78570541182806], [9.452768042029279, 45.78135021034155], [9.470612848035334, 45.768076052485796], [9.445847050474802, 45.76051581602749], [9.456145115930827, 45.749206419952365], [9.447260868400107, 45.731438201482334], [9.449731849395338, 45.71585709999172], [9.459456597506929, 45.70248417338512], [9.451008042504089, 45.684421435644246], [9.47657545057398, 45.669268308838525], [9.487190539699425, 45.66458815200776], [9.495852141866335, 45.639659054494594], [9.496987990070872, 45.63152185859541], [9.518942875134087, 45.62357543374721], [9.538597683194972, 45.582314337286086], [9.525521671780837, 45.56293316344428], [9.529456112033037, 45.53707310927625], [9.539055103690522, 45.524968880332516], [9.550294988909236, 45.524165480260855], [9.541222072643256, 45.501497343393275], [9.519186984464614, 45.504477972721354]]]}, "properties": {"name": "Bergamo", "code": "BG", "region": "Lombardia", "name_de": "Bergamo"}}, {"type": "Feature", "geometry": {"type": "Polygon", "coordinates": [[[10.317696455771191, 45.20471733836376], [10.334021006228298, 45.20529279339008], [10.36135821640922, 45.215375976398704], [10.360000766243562, 45.243368815186344], [10.378369079322619, 45.240924617562705], [10.390729969355876, 45.254682611439144], [10.39474309976642, 45.278046455402965], [10.407817265981876, 45.29271139366078], [10.422220904655083, 45.29548536231387], [10.43153780442254, 45.31298466902245], [10.42906362991066, 45.321639048327775], [10.447180484686337, 45.32709076291316], [10.465863320304948, 45.325160202157434], [10.4713182287696, 45.33230019954207], [10.468547630399543, 45.35939396981308], [10.459566849570265, 45.378564822710864], [10.45030847091729, 45.38312038738823], [10.46700968141837, 45.40660649283372], [10.456223720443102, 45.41548580063999], [10.498938312205247, 45.414591140145134], [10.520464574748718, 45.40808651079869], [10.548111233515652, 45.38584216676292], [10.565831050502089, 45.387328552720604], [10.57999148433423, 45.38114762825717], [10.597927322124113, 45.38728401810376], [10.613704080111587, 45.382665702037855], [10.642578089806118, 45.39039116934177], [10.654626059751227, 45.41582268398783], [10.647411970775641, 45.42375198010684], [10.647737085220971, 45.448536642430696], [10.64300770649911, 45.45756799568727], [10.628467659341535, 45.60205660926904], [10.631043073923806, 45.609508673381576], [10.702007049357494, 45.67273538486539], [10.77198570117388, 45.75077933180104], [10.814781320821238, 45.804044362602276], [10.834549782621911, 45.818192694873225], [10.840150472097324, 45.83275599762336], [10.825861305378808, 45.83768802164843], [10.791214673849492, 45.83345736510794], [10.778144518065726, 45.84260357809294], [10.76034095413043, 45.83763913147229], [10.735926620558006, 45.84264107241741], [10.706802127027911, 45.83649914343479], [10.695621772501044, 45.83987336038549], [10.677074763561256, 45.83094347062179], [10.6560655540197, 45.83232392349103], [10.650744467676775, 45.81215277584596], [10.635147502135615, 45.806671748365765], [10.611431089757959, 45.805162140931], [10.553673584938238, 45.78393332165916], [10.532978035747288, 45.787961792565426], [10.533671455443525, 45.8006480045999], [10.543266768261445, 45.818364077500476], [10.524285303142378, 45.82712858963523], [10.50805687758852, 45.82390339893823], [10.501634242229882, 45.86094798626526], [10.503702059283155, 45.87356778624721], [10.49110595474364, 45.8822826359692], [10.495935598054876, 45.89974091628117], [10.505941800208797, 45.903030323260374], [10.50746477785615, 45.924837131297565], [10.49123592880267, 45.9332279632101], [10.483261814771453, 45.950527715890644], [10.489416997920976, 45.96377401148351], [10.453407896568327, 45.97655253507667], [10.45829212948825, 46.01042516759698], [10.485948295436614, 46.03005459074472], [10.482087891481163, 46.049738483296984], [10.489406254103239, 46.065056438712446], [10.509191437406512, 46.075232306232785], [10.541683786360252, 46.10402843682288], [10.550697542956343, 46.12370880728318], [10.549604369147511, 46.138295976090866], [10.56049314866557, 46.16341627468557], [10.554552364119603, 46.18026991268091], [10.54137877154291, 46.188625529361424], [10.549357254671747, 46.20462791366576], [10.570446972326113, 46.22206899022056], [10.568930970610058, 46.22926101593398], [10.585054170682982, 46.248696729252096], [10.576295929391097, 46.27266825305263], [10.563090650205051, 46.28741796631764], [10.579572499444174, 46.29882843410151], [10.564859945411689, 46.31301449787809], [10.563034440731984, 46.3272996950715], [10.515714830514044, 46.343217878670906], [10.499069050746964, 46.334645060205474], [10.471031483717875, 46.354653278740976], [10.419708740291233, 46.33371418609556], [10.371423735933929, 46.29355205994234], [10.3285140406723, 46.287128825803826], [10.31528276958034, 46.275752370609865], [10.314297944539117, 46.259858922601744], [10.300895675461787, 46.24958361533153], [10.294683362345602, 46.22374315868518], [10.259660631817653, 46.20507241169097], [10.22965977461287, 46.19959406351492], [10.224284620044058, 46.186340684532205], [10.180300233926804, 46.17825328635619], [10.171594906768751, 46.16306071565746], [10.15938583738084, 46.15954963242505], [10.171812985058017, 46.136224705301956], [10.16507621250846, 46.11256458497985], [10.181848616612008, 46.07991969361121], [10.169558413386193, 46.05704937318904], [10.175803105953992, 46.05164028148321], [10.228087699331663, 46.04821919190801], [10.233404267496795, 46.03482357270199], [10.249242828497954, 46.03576756489749], [10.261355752784652, 46.01777788713744], [10.250081431858034, 46.011061523864356], [10.20620083271756, 46.007437980321235], [10.19276774741355, 46.00081973339858], [10.176505442362696, 45.982717598557784], [10.178099309671174, 45.974168819784786], [10.139950143883373, 45.963881310743716], [10.12132326688332, 45.95603725964135], [10.114512765095423, 45.936222106872826], [10.097020204950926, 45.92900191460462], [10.096402009087795, 45.90744276022686], [10.112108409158013, 45.88304362544403], [10.149800181887624, 45.86309592276311], [10.14581053032954, 45.85194756391015], [10.121392987669058, 45.83595200934055], [10.108097931716802, 45.81547035352975], [10.077011706299304, 45.80085364982611], [10.063818655078283, 45.78840332608569], [10.054885484296186, 45.76429233029022], [10.066306736017564, 45.74074846116628], [10.059120413411852, 45.708844605969205], [10.065400162396669, 45.68832757071168], [10.044371775781554, 45.67493951438915], [9.999832460782736, 45.67210668230344], [9.968683228150361, 45.664535329033015], [9.942283034345945, 45.66527954715623], [9.934407499809927, 45.64983441959366], [9.917782958487964, 45.64325450248204], [9.904773974161394, 45.63147712140999], [9.895657325971243, 45.60956848752628], [9.887448345143993, 45.60265710647846], [9.864298891654977, 45.60990046056566], [9.850551483495922, 45.603153909409336], [9.855030342445843, 45.58408097435165], [9.844635587479152, 45.583556280031054], [9.836593103560764, 45.54918811173933], [9.853343628072805, 45.53996142455193], [9.852763804095725, 45.519752284018764], [9.858801175269317, 45.51598059565625], [9.872375268123808, 45.48631816839125], [9.892254870442498, 45.46079934594284], [9.889613962951483, 45.4273312570508], [9.892988027325758, 45.39458085658662], [9.883327742810454, 45.35756164382206], [9.898710051980208, 45.33804380425686], [9.911388730610412, 45.337556281235436], [9.944773636725746, 45.32048845108783], [9.967332056865008, 45.312999578086334], [9.999441784982082, 45.289004343841796], [10.029280573133207, 45.27678092565538], [10.049526031701188, 45.280381774925836], [10.083861365654926, 45.269628367752794], [10.100177088742448, 45.24777882232345], [10.12591014690203, 45.24680256168672], [10.153844343599593, 45.239585538889564], [10.16623458610336, 45.24210053930313], [10.219821809293324, 45.22465382826217], [10.223148314729102, 45.240181891120486], [10.266347212996939, 45.25079180295891], [10.278288091015012, 45.23205266151649], [10.305527955898574, 45.22391326056449], [10.31841887876314, 45.21505161329013], [10.317696455771191, 45.20471733836376]]]}, "properties": {"name": "Brescia", "code": "BS", "region": "Lombardia", "name_de": "Brescia"}}, {"type": "Feature", "geometry": {"type": "Polygon", "coordinates": [[[8.842896694817354, 45.39383795019038], [8.81051499094576, 45.388782798207586], [8.79338107081931, 45.378959684463304], [8.769052963114312, 45.38760826389452], [8.764025075914253, 45.37730048767039], [8.728081050727093, 45.37543842031399], [8.721093894295757, 45.3703988521324], [8.746395902971395, 45.355191626771024], [8.760364123599794, 45.35193071713837], [8.742122362478089, 45.33205927201274], [8.726360425849732, 45.33229066033194], [8.71533500404729, 45.30210526478831], [8.690646036481866, 45.29252641437867], [8.666028137639628, 45.29191705214153], [8.654456834815543, 45.327006051444386], [8.631666440318702, 45.33838136379007], [8.632329438627293, 45.34637515820338], [8.61280971231924, 45.354296146226545], [8.571030587750483, 45.348631637725006], [8.550850706943262, 45.35614717806065], [8.528292401628887, 45.34059204337236], [8.537733727335274, 45.32040467576071], [8.513543557425823, 45.31327821116127], [8.498337479071374, 45.29222644681244], [8.513070845918609, 45.280331565675574], [8.535106136651772, 45.27780153846329], [8.533069266045482, 45.258764240997486], [8.546214581673794, 45.241806843053354], [8.525670272325682, 45.219291625422215], [8.556876196735198, 45.20517428145637], [8.562406036529348, 45.19448376082993], [8.543950387430682, 45.18128941015448], [8.547782022773296, 45.16815136675051], [8.556690694440707, 45.15770154443357], [8.586469807412046, 45.146715877060466], [8.590113125466363, 45.1330217235698], [8.611804331751367, 45.127528423755585], [8.608475016353086, 45.10834576393251], [8.623370576894803, 45.09834991960967], [8.621894151291025, 45.09094599942746], [8.64598777227679, 45.07533272511907], [8.637344142118389, 45.06612241111758], [8.645247817962117, 45.057007471441004], [8.640551276240531, 45.04449383450948], [8.652589942738148, 45.03431405659121], [8.659319176318695, 45.017941992837855], [8.672932226347216, 45.027919839348925], [8.69504399987158, 45.02322577775781], [8.713936999910173, 45.03696858085859], [8.728015609817284, 45.022848203607985], [8.743813605542151, 45.02367192787757], [8.768055371379328, 45.00685428954123], [8.825360430082004, 45.044007832162755], [8.881058582131013, 45.05408033888139], [8.900157040206762, 45.04362077332405], [8.904657459313304, 45.02662036461355], [8.90127373458691, 45.00776281772726], [8.925603710276171, 44.98215733293428], [8.951954199566371, 44.98822090226129], [8.978124650076161, 44.96720624454793], [8.977152389734144, 44.94009519744305], [8.998306927284426, 44.91788100118739], [9.0013474319328, 44.90819485161198], [9.018397843088195, 44.900802820837406], [9.030363602997731, 44.88849926609566], [9.055223924784473, 44.888924586717934], [9.070104301831133, 44.86603794637568], [9.05137951585016, 44.84592502269737], [9.081615865635474, 44.81446291461985], [9.095145245186979, 44.81902561599335], [9.106953306848713, 44.81053508856801], [9.126115926132998, 44.80618502143347], [9.146725901883283, 44.80903964568566], [9.173504949063215, 44.796148871224574], [9.171726254871182, 44.771683172484124], [9.194158322151702, 44.756838956153025], [9.21355045182904, 44.752348232196844], [9.210981806897971, 44.73445648874234], [9.202830258165609, 44.72205709957051], [9.207228580992487, 44.70552997046028], [9.20031989688178, 44.68640483125319], [9.216803343674043, 44.683528531547374], [9.24213247814376, 44.687456688346344], [9.232259071635042, 44.703325651305455], [9.240010805568083, 44.71151535853423], [9.257588772314934, 44.68122020786007], [9.278606171219247, 44.68560003882242], [9.298507087502351, 44.68101424487876], [9.305599967641491, 44.688290291992374], [9.324637465427283, 44.69001562396267], [9.308480723548053, 44.70563453388732], [9.332580785900287, 44.73504034629492], [9.321199422679314, 44.7434180715101], [9.286512777191838, 44.75867913213141], [9.2869749960292, 44.77249641928369], [9.317871887543516, 44.78621492319925], [9.329870714868392, 44.799990279014224], [9.357650910933568, 44.81456221430972], [9.342381879846869, 44.8672714589423], [9.29011350921031, 44.88220651345404], [9.277409533167564, 44.89560893450794], [9.292966795842966, 44.920457848874406], [9.28634596693636, 44.933950556491325], [9.314532283072898, 44.93682015396609], [9.324591638837006, 44.956047103604035], [9.337548453147974, 44.965380524231485], [9.335462226545298, 44.9747397106698], [9.343107452579865, 44.99140641278932], [9.365870983735583, 45.00304264193521], [9.375605660530628, 45.01991804942658], [9.370820124791253, 45.04815383213946], [9.412650311405777, 45.08365169488176], [9.436962978020565, 45.08354191551815], [9.439006420205793, 45.093446279125565], [9.465896793630739, 45.09469000331588], [9.501469265097622, 45.103568062342596], [9.532026255051647, 45.07843206696922], [9.550611396063713, 45.095231170997124], [9.537442663283153, 45.11487708974785], [9.53721570468024, 45.12605375427937], [9.548661304684034, 45.13265151991728], [9.544235162831752, 45.1532009357562], [9.531578737626324, 45.16535421431775], [9.478273382471086, 45.16149846891043], [9.45682976597025, 45.18325783412688], [9.438549541225921, 45.18763560389087], [9.417249311215969, 45.205931212676475], [9.4022094463975, 45.2018714082783], [9.3975668166252, 45.218549497352576], [9.378491857826203, 45.2319726679041], [9.371324127263465, 45.24403118273012], [9.350241862379695, 45.24045207496713], [9.327852380147432, 45.249700464214136], [9.31522757968884, 45.2596281583637], [9.333775766695661, 45.27612911708841], [9.322918782767736, 45.2926509505551], [9.35760391915396, 45.29258371600708], [9.338824331506256, 45.31296545775293], [9.30909611704291, 45.32789342467909], [9.28226049324425, 45.33011349757489], [9.2735267373757, 45.32459266165162], [9.24602827326082, 45.32451818847205], [9.23078891384757, 45.33117275110335], [9.218268565255682, 45.326095907547646], [9.201727818124004, 45.334839590316534], [9.196634690493669, 45.316978354566636], [9.182058556193612, 45.31074179748548], [9.188626012876796, 45.30102773742729], [9.151320007593561, 45.29883106438168], [9.141069186974123, 45.30961884197535], [9.079864160413445, 45.30350144214424], [9.07187210657582, 45.30641485648398], [9.036372076911693, 45.30128384210515], [9.02016739516444, 45.32595527182768], [9.001278019749938, 45.319913477381974], [8.994932196331154, 45.29567719321213], [9.015809174987467, 45.2905900662297], [9.006978506385474, 45.27806578610717], [8.982938975749347, 45.26499363551222], [8.944611111895881, 45.29146471561303], [8.943877464987997, 45.31361671369436], [8.923503233689702, 45.316872387564295], [8.910430317239939, 45.33255670836141], [8.865869065398142, 45.34426430429782], [8.866152453111532, 45.3594318558973], [8.850517935472531, 45.36682959735972], [8.842896694817354, 45.39383795019038]]]}, "properties": {"name": "Pavia", "code": "PV", "region": "Lombardia", "name_de": "Pavia"}}, {"type": "Feature", "geometry": {"type": "Polygon", "coordinates": [[[9.889613962951483, 45.4273312570508], [9.85775212045385, 45.434240270050736], [9.847982394134561, 45.45116340929429], [9.824120089641557, 45.4461736094997], [9.810958197119408, 45.438587567145156], [9.807881498994488, 45.422785281481985], [9.784629551585214, 45.42952098768396], [9.770258488419497, 45.43932832304633], [9.761643103242164, 45.45659640815504], [9.719790108815875, 45.48213731321815], [9.708260268089168, 45.482278040592064], [9.682093051342447, 45.441248769511894], [9.66181577851081, 45.43721779199076], [9.643473634389345, 45.45768699917256], [9.620039580087276, 45.45590463753089], [9.60864059925239, 45.47545346743414], [9.593432184113137, 45.473715235340904], [9.577589428451368, 45.460236204361024], [9.550775504968414, 45.460319151487745], [9.53990410005089, 45.488517563097915], [9.519186984464614, 45.504477972721354], [9.493568409235218, 45.47852888143355], [9.483908387313525, 45.44868807277604], [9.488519094184456, 45.43759538063619], [9.480211540693091, 45.41986226309699], [9.467593329567963, 45.413316748327425], [9.454408238535047, 45.38670831157487], [9.466534787555368, 45.37476876337479], [9.47946447412698, 45.37688452511448], [9.510568068320385, 45.36032238162359], [9.509100422286142, 45.34880424152666], [9.53536374215533, 45.34677899317196], [9.55153271323689, 45.33920152624814], [9.563342592568217, 45.34232763470343], [9.568052445782444, 45.366945955230285], [9.590512541702896, 45.35444177494571], [9.602025561747652, 45.317165614829506], [9.625472516035332, 45.28513426310481], [9.657238632687672, 45.275893071150136], [9.668704096942452, 45.26134599942459], [9.697266828003093, 45.25568431165403], [9.7257681859735, 45.24289571970577], [9.716841471384768, 45.230142935260496], [9.749818586568646, 45.218220216670844], [9.762770802529408, 45.22294126839375], [9.773667300936959, 45.21400147261925], [9.764897790164603, 45.199181002742954], [9.774388303849186, 45.188811984592945], [9.784270419423471, 45.16633789522793], [9.838975187031235, 45.14996223685108], [9.859634551411494, 45.15252709941628], [9.891076197631833, 45.130901234123755], [9.915507435512696, 45.13899102244558], [9.92625535757678, 45.13196407906793], [9.915208559028986, 45.10042126935197], [9.932122944864608, 45.102606813920985], [9.97119102528033, 45.132346843362015], [9.992727088452183, 45.12975822961339], [10.02923246730981, 45.094895553199656], [10.021316882238645, 45.07717925530018], [10.029668230025809, 45.06680624369474], [10.043509717025238, 45.063079868917384], [10.057349648053696, 45.041447330562576], [10.08347462673747, 45.04396380389568], [10.092877607327747, 45.02376202643931], [10.106190803722413, 45.02213035147072], [10.147661966258195, 45.03548615257844], [10.157721351440088, 45.044079037354045], [10.177165250400575, 45.031889866954224], [10.193959022160142, 45.02815527243949], [10.211067550304056, 45.03403182115535], [10.254086164695122, 45.01865295877317], [10.27393413651919, 44.99852118914661], [10.299856348362766, 45.000281446051], [10.308900787022015, 44.987377474877306], [10.33076965438589, 44.980796379694205], [10.347273868536856, 44.96954851024028], [10.365288018618653, 44.966102852342566], [10.383365835763362, 44.979109045150565], [10.405673984357806, 44.98449428046796], [10.416767797084157, 44.977650005325934], [10.435668369655696, 44.94313646749744], [10.46400282366987, 44.93717896473519], [10.476502354877448, 44.94679432965801], [10.496893251099019, 44.94947420015434], [10.507442998651843, 44.972182238397515], [10.523363457477181, 44.97090421762459], [10.531277467069469, 44.98088047012006], [10.554008148670418, 44.98648763260948], [10.564202607525718, 44.99557091165771], [10.557852350661205, 45.00687840896122], [10.5414530566723, 45.00152163577766], [10.533628243961044, 44.99204331862452], [10.512422280152554, 44.98376784950562], [10.484418106791582, 44.980261732815734], [10.45569910617147, 44.98235284455259], [10.457789378201058, 45.00519033924327], [10.464413019591253, 45.014709627915806], [10.502526070674586, 45.021553974711445], [10.511196953063854, 45.018302508889505], [10.519936899910034, 45.04078619277956], [10.534274151377918, 45.0453024103093], [10.539555659299676, 45.05514409041054], [10.531618670610435, 45.07425177029563], [10.497399749844051, 45.07594796624653], [10.493826111039148, 45.05630782867564], [10.466904318946268, 45.05939344011061], [10.446381662182125, 45.046881725878244], [10.412085960669911, 45.04438539507376], [10.417310809048155, 45.091912936615614], [10.438954878362956, 45.090985103691004], [10.466671899732006, 45.095493345638154], [10.456563198002083, 45.11528246226903], [10.466458021917697, 45.12436452085498], [10.492467515191386, 45.13241707962185], [10.479898445578623, 45.144039771938544], [10.461368450663679, 45.14647758490936], [10.443502422930184, 45.13578308462395], [10.421310742060143, 45.14121536545281], [10.414355322488635, 45.13330332079682], [10.383559229085327, 45.139306659520535], [10.36827781890932, 45.14648508056603], [10.364673061607741, 45.16165784973223], [10.338006302215046, 45.172147338263905], [10.32772008349976, 45.184292800999145], [10.309413292151298, 45.19278636028367], [10.317696455771191, 45.20471733836376], [10.31841887876314, 45.21505161329013], [10.305527955898574, 45.22391326056449], [10.278288091015012, 45.23205266151649], [10.266347212996939, 45.25079180295891], [10.223148314729102, 45.240181891120486], [10.219821809293324, 45.22465382826217], [10.16623458610336, 45.24210053930313], [10.153844343599593, 45.239585538889564], [10.12591014690203, 45.24680256168672], [10.100177088742448, 45.24777882232345], [10.083861365654926, 45.269628367752794], [10.049526031701188, 45.280381774925836], [10.029280573133207, 45.27678092565538], [9.999441784982082, 45.289004343841796], [9.967332056865008, 45.312999578086334], [9.944773636725746, 45.32048845108783], [9.911388730610412, 45.337556281235436], [9.898710051980208, 45.33804380425686], [9.883327742810454, 45.35756164382206], [9.892988027325758, 45.39458085658662], [9.889613962951483, 45.4273312570508]]]}, "properties": {"name": "Cremona", "code": "CR", "region": "Lombardia", "name_de": "Cremona"}}, {"type": "Feature", "geometry": {"type": "Polygon", "coordinates": [[[10.317696455771191, 45.20471733836376], [10.309413292151298, 45.19278636028367], [10.32772008349976, 45.184292800999145], [10.338006302215046, 45.172147338263905], [10.364673061607741, 45.16165784973223], [10.36827781890932, 45.14648508056603], [10.383559229085327, 45.139306659520535], [10.414355322488635, 45.13330332079682], [10.421310742060143, 45.14121536545281], [10.443502422930184, 45.13578308462395], [10.461368450663679, 45.14647758490936], [10.479898445578623, 45.144039771938544], [10.492467515191386, 45.13241707962185], [10.466458021917697, 45.12436452085498], [10.456563198002083, 45.11528246226903], [10.466671899732006, 45.095493345638154], [10.438954878362956, 45.090985103691004], [10.417310809048155, 45.091912936615614], [10.412085960669911, 45.04438539507376], [10.446381662182125, 45.046881725878244], [10.466904318946268, 45.05939344011061], [10.493826111039148, 45.05630782867564], [10.497399749844051, 45.07594796624653], [10.531618670610435, 45.07425177029563], [10.539555659299676, 45.05514409041054], [10.534274151377918, 45.0453024103093], [10.519936899910034, 45.04078619277956], [10.511196953063854, 45.018302508889505], [10.502526070674586, 45.021553974711445], [10.464413019591253, 45.014709627915806], [10.457789378201058, 45.00519033924327], [10.45569910617147, 44.98235284455259], [10.484418106791582, 44.980261732815734], [10.512422280152554, 44.98376784950562], [10.533628243961044, 44.99204331862452], [10.5414530566723, 45.00152163577766], [10.557852350661205, 45.00687840896122], [10.564202607525718, 44.99557091165771], [10.554008148670418, 44.98648763260948], [10.531277467069469, 44.98088047012006], [10.523363457477181, 44.97090421762459], [10.507442998651843, 44.972182238397515], [10.496893251099019, 44.94947420015434], [10.476502354877448, 44.94679432965801], [10.46400282366987, 44.93717896473519], [10.504315315736278, 44.92242769247364], [10.51496925197712, 44.914411695292095], [10.566066976308235, 44.90846510920594], [10.598825415926266, 44.914744577798736], [10.6251804331523, 44.925624926866334], [10.650330078666032, 44.94807660720539], [10.66470377018788, 44.96890840880123], [10.678910041149047, 44.97639251764635], [10.710772560454512, 44.97308580963346], [10.711333272361674, 44.983000278991405], [10.731588859604356, 44.99140398242953], [10.74815550012184, 44.96269971431644], [10.744566559717319, 44.94892911554937], [10.80877522524444, 44.9360735595217], [10.840141360702255, 44.93194007375264], [10.88788583415674, 44.91427136838281], [10.913918554893385, 44.92313476927996], [10.941373627186426, 44.92191399460451], [10.950594927568739, 44.93332884803657], [10.966382345329743, 44.93451272871808], [10.998076384909526, 44.95485691998387], [11.05957084598631, 44.949248408467575], [11.072128018169451, 44.96171682639127], [11.11624980056462, 44.95489565450351], [11.142630035636262, 44.93767791558538], [11.20207912333205, 44.93948680911677], [11.231796383525866, 44.94484531180745], [11.246205691807146, 44.95143858598219], [11.27225723428784, 44.93832271740273], [11.285372897893724, 44.95676128968645], [11.322796388049413, 44.96116411655121], [11.357155454240198, 44.950080507927886], [11.378192849001184, 44.957926024414945], [11.405733531378337, 44.9486887133124], [11.426742046083852, 44.950083466728024], [11.424416958497403, 44.9618954248628], [11.331854484850512, 44.99223393968608], [11.31321572350748, 45.00973021691534], [11.275497048376165, 45.0173117712426], [11.263142281622676, 45.033584948770695], [11.270369965902411, 45.04400972202854], [11.256959319765668, 45.05390759586699], [11.235031405169686, 45.04457212277956], [11.200548613230842, 45.06025747704263], [11.174295019231435, 45.06156136657682], [11.177508735685496, 45.09734496336883], [11.205477521902996, 45.10949142085064], [11.187559252024815, 45.10994933877188], [11.145875541466344, 45.12600681456554], [11.137675732670422, 45.12333411606483], [11.127404591230142, 45.10322716954803], [11.105585505159842, 45.10820458807835], [11.09412483082287, 45.09970492556845], [11.07294249043036, 45.09874859437303], [11.038991766203669, 45.11400433112891], [11.028931481737866, 45.12787467676738], [11.04384765437478, 45.13427930662959], [11.042285360925112, 45.14394809033456], [11.028365545738662, 45.15923800594397], [11.011041062513062, 45.14887756031358], [10.993731462102502, 45.1515305504421], [10.998797238900599, 45.164701382322335], [10.990676637975449, 45.19566473246492], [10.96603245948601, 45.205608064773095], [10.94696015261513, 45.20656339943846], [10.93145531890578, 45.21761064555521], [10.936790161222216, 45.23293856638018], [10.901475086005037, 45.23787225702761], [10.899658321493959, 45.24567080885719], [10.876279594602662, 45.25274549516509], [10.84660810424607, 45.256568843798476], [10.840011189797265, 45.272894477685135], [10.816315773265066, 45.293393632710554], [10.782815303410473, 45.31542157934705], [10.737415845951581, 45.28724484925183], [10.728348037911491, 45.291302133185084], [10.7311508783499, 45.315190386446574], [10.712320274151228, 45.322396402593455], [10.715029519166658, 45.33386815070485], [10.686904802767392, 45.34264978273129], [10.685544412922736, 45.35368461620993], [10.714041050920656, 45.36715692293454], [10.699546363672532, 45.37596656731033], [10.716841881962349, 45.395567879694575], [10.716484394172532, 45.414979971986526], [10.702349758065635, 45.421357970043395], [10.66523409088153, 45.42771707206204], [10.654626059751227, 45.41582268398783], [10.642578089806118, 45.39039116934177], [10.613704080111587, 45.382665702037855], [10.597927322124113, 45.38728401810376], [10.57999148433423, 45.38114762825717], [10.565831050502089, 45.387328552720604], [10.548111233515652, 45.38584216676292], [10.520464574748718, 45.40808651079869], [10.498938312205247, 45.414591140145134], [10.456223720443102, 45.41548580063999], [10.46700968141837, 45.40660649283372], [10.45030847091729, 45.38312038738823], [10.459566849570265, 45.378564822710864], [10.468547630399543, 45.35939396981308], [10.4713182287696, 45.33230019954207], [10.465863320304948, 45.325160202157434], [10.447180484686337, 45.32709076291316], [10.42906362991066, 45.321639048327775], [10.43153780442254, 45.31298466902245], [10.422220904655083, 45.29548536231387], [10.407817265981876, 45.29271139366078], [10.39474309976642, 45.278046455402965], [10.390729969355876, 45.254682611439144], [10.378369079322619, 45.240924617562705], [10.360000766243562, 45.243368815186344], [10.36135821640922, 45.215375976398704], [10.334021006228298, 45.20529279339008], [10.317696455771191, 45.20471733836376]]]}, "properties": {"name": "Mantova", "code": "MN", "region": "Lombardia", "name_de": "Mantova"}}, {"type": "Feature", "geometry": {"type": "Polygon", "coordinates": [[[10.62183400234232, 46.44796363770563], [10.638106990440564, 46.44550761480013], [10.664834727809634, 46.45149973065526], [10.683282502651547, 46.45040193500978], [10.71692179614968, 46.46304139823081], [10.745234646570283, 46.48501309767707], [10.764977286690723, 46.48595719087127], [10.797070112945027, 46.44483618349143], [10.861324047844814, 46.43613132781052], [10.884884530200909, 46.45005267286434], [10.892223004764366, 46.44465091783128], [10.915619438144853, 46.44533253872902], [10.932212670816632, 46.45355660785139], [10.935736943879473, 46.46520704951634], [10.955772969655316, 46.470157901759684], [10.963752949550331, 46.48016388619486], [10.988561601372249, 46.48345048454162], [11.005358553028719, 46.47704485325602], [11.031076864640731, 46.45962432840115], [11.041038504138799, 46.447434075325276], [11.07627478058167, 46.44592011111069], [11.061851094840845, 46.48667594136218], [11.049005948317753, 46.50704178361657], [11.054855800857927, 46.51630794201024], [11.08242575953532, 46.53137457877241], [11.089447390139197, 46.501847879491244], [11.113759522784276, 46.495439542066826], [11.130741349524255, 46.48209657493709], [11.149128932303768, 46.48559982085607], [11.179069246304408, 46.499121150433176], [11.187041957409084, 46.50876054674063], [11.206155587217136, 46.496960522025546], [11.220394708610664, 46.46029985168656], [11.21237046355527, 46.455358160054956], [11.217761096026553, 46.44188228036245], [11.205631534374646, 46.425957164243684], [11.214251714291548, 46.3983461536604], [11.191648815559494, 46.35994104377501], [11.203562197486463, 46.3423710339329], [11.178452232283355, 46.306818544945486], [11.162818848598265, 46.29142407748482], [11.14367165999033, 46.28839153409247], [11.165937128148892, 46.2629047508199], [11.183588206187533, 46.2512887821656], [11.174638615444174, 46.23266762860512], [11.206429176358762, 46.21977239692105], [11.239643500394713, 46.22843538376966], [11.275163979807413, 46.25190074904761], [11.294307760447085, 46.26090067277955], [11.305616482608775, 46.25876708298501], [11.315767050108626, 46.27302052907389], [11.310880403773465, 46.28128104928434], [11.322699860206633, 46.29126066495503], [11.336320726662436, 46.28963040817634], [11.370232320597006, 46.262453192119516], [11.397623886199133, 46.26483220151098], [11.38496610918891, 46.28594151425617], [11.364146884939414, 46.301710394264774], [11.384890727267939, 46.30244037362433], [11.396272761861693, 46.309726394570355], [11.404251378974125, 46.32497402407443], [11.42422639626805, 46.326495041794026], [11.454779546036958, 46.33493597352244], [11.464986723383875, 46.3516176169688], [11.483703709013215, 46.3632444729209], [11.512003983006313, 46.35864549644791], [11.543485532422094, 46.34778323545911], [11.556649137954121, 46.3524755625403], [11.564832497050105, 46.38157300908011], [11.592573860714138, 46.38364221126703], [11.619817837150105, 46.42935910361357], [11.61782948211833, 46.44413456666702], [11.626949631079494, 46.472033408293704], [11.650260062599031, 46.48306648315172], [11.632807724375596, 46.49928842138377], [11.664834632416516, 46.497527539575316], [11.70226126651102, 46.50725940249473], [11.7158328715658, 46.513845069369324], [11.743592713311804, 46.5049534816691], [11.78159088248526, 46.5106737848541], [11.811184710025561, 46.532764283990495], [11.825489038595958, 46.521785156240895], [11.828312394011084, 46.50891394061796], [11.85319532388609, 46.51820435928097], [11.888028692093116, 46.522843478483125], [11.911883946852067, 46.532960250903955], [11.93388747702731, 46.52789749052381], [11.949534260363345, 46.53923084758884], [11.987560564908225, 46.54529918203877], [11.998418884010851, 46.532855710212615], [12.043768888803461, 46.58192256338717], [12.049772304687142, 46.593759387403274], [12.046623601159906, 46.608081503349936], [12.065663776137859, 46.62699102593261], [12.071565557888377, 46.646087349539705], [12.067149681134225, 46.65395225248043], [12.07831081473601, 46.671707421006325], [12.14640744292712, 46.63417987702874], [12.171328320935338, 46.63410142367319], [12.194425893499089, 46.61951511981015], [12.19447447880672, 46.604746834254215], [12.232181730867172, 46.614045505297284], [12.255707256381404, 46.62715691358397], [12.286066742483852, 46.61791144880374], [12.305503735139903, 46.61917344939915], [12.315894614390443, 46.62999593483156], [12.34143032831318, 46.62995208853156], [12.359431910477232, 46.61974293184442], [12.385163328166872, 46.6227817180878], [12.379773553393605, 46.64290738956439], [12.40396790883985, 46.64302496104681], [12.437516045413755, 46.66892462031345], [12.477595181695758, 46.67981981749721], [12.473560655341858, 46.68687922224738], [12.442765195356248, 46.68822168087354], [12.380218784579572, 46.71964113324825], [12.368439184129228, 46.743016785302245], [12.35740655619117, 46.77466334239623], [12.310968881079825, 46.7844642458348], [12.285701580050876, 46.782412219306366], [12.28054745210309, 46.79137573375222], [12.291940746840513, 46.80346823988104], [12.28315748780326, 46.81463480855165], [12.305996039157233, 46.83458061511116], [12.290361238202085, 46.861711942707196], [12.275803707227421, 46.87266431182146], [12.2675292263668, 46.88659439394027], [12.2434299791944, 46.89025940948133], [12.215033115385548, 46.87419103261238], [12.18890217231412, 46.90629603470913], [12.159971122810173, 46.908350129990616], [12.149474545951971, 46.91581448204223], [12.168205328016201, 46.9378891306451], [12.15737287499355, 46.950740794352356], [12.132125169815316, 46.96423960060919], [12.137901140107859, 46.98004229865754], [12.120987027233358, 47.00665347451482], [12.148150689827988, 47.024367648366265], [12.167293918467339, 47.02067137129545], [12.204865339941668, 47.02720273395192], [12.215760706478529, 47.044509389333136], [12.21829843202762, 47.05894101419726], [12.239756248127982, 47.06975544622483], [12.224035242133587, 47.0831730819083], [12.187197352935984, 47.09155336139742], [12.161012462894329, 47.081588210717456], [12.13553824110089, 47.07970174994474], [12.120107381266116, 47.073778856651835], [12.093669077764195, 47.07664763820923], [12.072940839146998, 47.05976884919038], [12.042548786875258, 47.06098219151164], [12.020061021655398, 47.04676017304783], [11.980262774691472, 47.049873597021076], [11.944439466092792, 47.035033867955455], [11.931658509733847, 47.03747688599274], [11.887536026205634, 47.01624411703935], [11.866852740762798, 47.01116698995856], [11.831451581725693, 46.99239760078322], [11.813564625848011, 46.98979701493256], [11.781313203834934, 46.99150349147216], [11.765876892967777, 46.97522410758191], [11.747168158030416, 46.968902717557185], [11.729556691156478, 46.97199257288148], [11.710599057572566, 46.99299354908622], [11.666840294107926, 46.99245587372074], [11.615670810939404, 47.01204524629586], [11.580790883276716, 47.00148896962664], [11.570699350470422, 46.993108207313036], [11.538076931642463, 46.98410808039687], [11.53195517737048, 46.991983157742546], [11.498740853791613, 47.009559993630894], [11.479858511468814, 47.01099663839363], [11.467113107909228, 46.994371376228735], [11.452896399082034, 46.99210767066926], [11.44271427209763, 46.9783138195241], [11.425140531296307, 46.968994977589304], [11.401148037106358, 46.96496075336986], [11.384244273403784, 46.97036030266827], [11.358286494924792, 46.99036168616098], [11.335218065473635, 46.9865870564697], [11.320986212726408, 46.99206915284414], [11.299382358927023, 46.983897440556696], [11.258528444221508, 46.97757004657448], [11.241393706369173, 46.96961858902731], [11.204692560738813, 46.96496793518933], [11.19038066543014, 46.969994498436], [11.17668633040591, 46.962687262385664], [11.168335219263374, 46.944658286464175], [11.14061052971538, 46.92832909564924], [11.119977355338335, 46.93049459021212], [11.094982281450381, 46.90748072947826], [11.10034191881202, 46.89011281133122], [11.07472055217433, 46.85766495123891], [11.07213673284362, 46.84036294678344], [11.083538343483719, 46.82286631726429], [11.041911866202831, 46.80338585852521], [11.022135362224034, 46.76517480509157], [11.013628117856173, 46.77206545731723], [10.993633579699228, 46.767109755155545], [10.945266370086491, 46.77499518104871], [10.914950411492939, 46.773755239519375], [10.889600603280254, 46.76393540614063], [10.840297365501861, 46.78164897286299], [10.824874932586754, 46.77385222267523], [10.81083135253157, 46.778125058363976], [10.786356704501149, 46.79637638665711], [10.759438394179073, 46.78575128929497], [10.73049412568211, 46.78790709216966], [10.726063255185679, 46.79774279601273], [10.745812573081453, 46.80437714977283], [10.762846121951664, 46.82116695173128], [10.756282322461072, 46.831358823637295], [10.734274923244262, 46.834889230491086], [10.694549955807945, 46.85216449594013], [10.696940948626956, 46.86267505017125], [10.668112885685781, 46.87555940046004], [10.645386873064972, 46.8653683355281], [10.60056506306642, 46.8577877152222], [10.564481279001631, 46.84090922803043], [10.550679547956758, 46.84989055912009], [10.525489019883544, 46.84625922803396], [10.495598821301602, 46.848768555974935], [10.478937771367855, 46.858879671776045], [10.469683334643605, 46.85455903788295], [10.448812699678609, 46.802286559346996], [10.427310292792782, 46.79412448802989], [10.426576239751927, 46.78584082864068], [10.44204671273954, 46.76987117715495], [10.43531836098981, 46.75238914074581], [10.401966487768748, 46.73436510262992], [10.417348784359982, 46.7193696089964], [10.415562758543501, 46.70902445199726], [10.402472810556578, 46.70420450950072], [10.387617539968467, 46.687444305543615], [10.393079853508334, 46.654979993410834], [10.39997673020593, 46.638462779756985], [10.410754570979746, 46.63514005173204], [10.446267546457305, 46.64095570212122], [10.487205228251415, 46.615614640488616], [10.484148499999003, 46.578301693054925], [10.474931314436562, 46.56606293840303], [10.472520285151832, 46.54374041058565], [10.453137592676283, 46.53055108422159], [10.457940462003688, 46.51058963997697], [10.48232126561809, 46.49417036690998], [10.496995003573184, 46.497364039690844], [10.555013091916399, 46.489032320594795], [10.576129487143456, 46.4742667839019], [10.600492387199486, 46.46866429089285], [10.62183400234232, 46.44796363770563]]]}, "properties": {"name": "Bolzano/Bozen", "code": "BZ", "region": "Trentino-Alto Adige/Südtirol", "name_de": "Südtirol (Bozen)"}}, {"type": "Feature", "geometry": {"type": "Polygon", "coordinates": [[[11.138512570862703, 45.69684979981406], [11.138661960898613, 45.70931563019542], [11.174164040946474, 45.732525683186466], [11.180655934943479, 45.76290746457474], [11.173965663332288, 45.787082349416316], [11.202787776741248, 45.783372963614084], [11.189451776612799, 45.80488908283267], [11.19866509630058, 45.824188750225865], [11.218799213780787, 45.83260173191238], [11.218453818868406, 45.8439617532193], [11.239572113736772, 45.857025872790835], [11.251121140251863, 45.8961232123364], [11.261342017756775, 45.91574858969563], [11.275295947238606, 45.9196915399414], [11.303775776976844, 45.918236566424035], [11.313340122790427, 45.926579690101995], [11.336753902402572, 45.914483418160636], [11.358056942697678, 45.92529461924131], [11.364339148994665, 45.942420972695786], [11.38330759626698, 45.9510304014417], [11.372415417138011, 45.973232206182466], [11.37373991073995, 45.98350283156172], [11.39573119750858, 45.980477514169806], [11.44666384183682, 45.980922873381736], [11.465333087837257, 45.99454010507941], [11.494186145308266, 46.00965164752992], [11.510704083859327, 46.01199864713531], [11.552326915137353, 46.011668521229105], [11.577230061767603, 46.006520280160494], [11.58759202461227, 45.96899707300028], [11.600317541348334, 45.97134678623553], [11.627608408375838, 45.960640915020385], [11.666545430892246, 45.96410264375913], [11.685804473665499, 45.96928585004288], [11.684285782330186, 45.98407530524037], [11.689624096436717, 45.988510341648684], [11.669174392977638, 46.017710373689575], [11.680591191989864, 46.02556646031566], [11.667225789984174, 46.03818185540229], [11.677298047180447, 46.044253317835405], [11.700224749873744, 46.04459378696731], [11.704308964275205, 46.05224081968116], [11.6864630306509, 46.06700277442263], [11.682347148772322, 46.08998654045165], [11.703456056282086, 46.09049420103712], [11.718022505478192, 46.10332868048852], [11.750770099622311, 46.105136998533894], [11.758691755194706, 46.09560120117372], [11.777158336199902, 46.10317662954732], [11.806583771209043, 46.10272345467673], [11.846338641752647, 46.112389786854536], [11.889658173368664, 46.1195878304609], [11.919492509152475, 46.14855177109419], [11.929449637105447, 46.17103904869568], [11.950825393949039, 46.17011371540331], [11.962440718737328, 46.19912915983882], [11.939554649438593, 46.19877337079593], [11.920150276044833, 46.21995579066535], [11.909569450361648, 46.22442755987473], [11.92481532295966, 46.2429533058101], [11.912619058761841, 46.252675152077074], [11.89431417817727, 46.25105310812051], [11.886261588504, 46.25819042378501], [11.88524794929762, 46.278808757467665], [11.840847491807969, 46.27007760051908], [11.826261275387683, 46.28497052595666], [11.841446209692396, 46.30634051743257], [11.831891161450791, 46.322661438730954], [11.802787900903919, 46.33432288443313], [11.799982833619376, 46.34422943274905], [11.774378551985945, 46.35824165458297], [11.790946272611476, 46.36666313277082], [11.813472448206385, 46.36760032614325], [11.832326379905126, 46.38759197604767], [11.84368945605753, 46.409919266855496], [11.838223186094199, 46.41523302549777], [11.850290218832246, 46.434159748868716], [11.869949236885073, 46.4331616473493], [11.888130602461134, 46.44177550055046], [11.88682569042737, 46.464566814041675], [11.871088273597168, 46.47319042645363], [11.813178632140252, 46.47817092634751], [11.810464012822367, 46.48507218815163], [11.828312394011084, 46.50891394061796], [11.825489038595958, 46.521785156240895], [11.811184710025561, 46.532764283990495], [11.78159088248526, 46.5106737848541], [11.743592713311804, 46.5049534816691], [11.7158328715658, 46.513845069369324], [11.70226126651102, 46.50725940249473], [11.664834632416516, 46.497527539575316], [11.632807724375596, 46.49928842138377], [11.650260062599031, 46.48306648315172], [11.626949631079494, 46.472033408293704], [11.61782948211833, 46.44413456666702], [11.619817837150105, 46.42935910361357], [11.592573860714138, 46.38364221126703], [11.564832497050105, 46.38157300908011], [11.556649137954121, 46.3524755625403], [11.543485532422094, 46.34778323545911], [11.512003983006313, 46.35864549644791], [11.483703709013215, 46.3632444729209], [11.464986723383875, 46.3516176169688], [11.454779546036958, 46.33493597352244], [11.42422639626805, 46.326495041794026], [11.404251378974125, 46.32497402407443], [11.396272761861693, 46.309726394570355], [11.384890727267939, 46.30244037362433], [11.364146884939414, 46.301710394264774], [11.38496610918891, 46.28594151425617], [11.397623886199133, 46.26483220151098], [11.370232320597006, 46.262453192119516], [11.336320726662436, 46.28963040817634], [11.322699860206633, 46.29126066495503], [11.310880403773465, 46.28128104928434], [11.315767050108626, 46.27302052907389], [11.305616482608775, 46.25876708298501], [11.294307760447085, 46.26090067277955], [11.275163979807413, 46.25190074904761], [11.239643500394713, 46.22843538376966], [11.206429176358762, 46.21977239692105], [11.174638615444174, 46.23266762860512], [11.183588206187533, 46.2512887821656], [11.165937128148892, 46.2629047508199], [11.14367165999033, 46.28839153409247], [11.162818848598265, 46.29142407748482], [11.178452232283355, 46.306818544945486], [11.203562197486463, 46.3423710339329], [11.191648815559494, 46.35994104377501], [11.214251714291548, 46.3983461536604], [11.205631534374646, 46.425957164243684], [11.217761096026553, 46.44188228036245], [11.21237046355527, 46.455358160054956], [11.220394708610664, 46.46029985168656], [11.206155587217136, 46.496960522025546], [11.187041957409084, 46.50876054674063], [11.179069246304408, 46.499121150433176], [11.149128932303768, 46.48559982085607], [11.130741349524255, 46.48209657493709], [11.113759522784276, 46.495439542066826], [11.089447390139197, 46.501847879491244], [11.08242575953532, 46.53137457877241], [11.054855800857927, 46.51630794201024], [11.049005948317753, 46.50704178361657], [11.061851094840845, 46.48667594136218], [11.07627478058167, 46.44592011111069], [11.041038504138799, 46.447434075325276], [11.031076864640731, 46.45962432840115], [11.005358553028719, 46.47704485325602], [10.988561601372249, 46.48345048454162], [10.963752949550331, 46.48016388619486], [10.955772969655316, 46.470157901759684], [10.935736943879473, 46.46520704951634], [10.932212670816632, 46.45355660785139], [10.915619438144853, 46.44533253872902], [10.892223004764366, 46.44465091783128], [10.884884530200909, 46.45005267286434], [10.861324047844814, 46.43613132781052], [10.797070112945027, 46.44483618349143], [10.764977286690723, 46.48595719087127], [10.745234646570283, 46.48501309767707], [10.71692179614968, 46.46304139823081], [10.683282502651547, 46.45040193500978], [10.664834727809634, 46.45149973065526], [10.638106990440564, 46.44550761480013], [10.62183400234232, 46.44796363770563], [10.616760687574654, 46.44389578387595], [10.619225938274763, 46.41439905485659], [10.630984331495778, 46.402286979355964], [10.598055279720734, 46.37738586228819], [10.566690202947926, 46.37777200054287], [10.537700784813651, 46.35412549757539], [10.519241273394357, 46.35531341431163], [10.515714830514044, 46.343217878670906], [10.563034440731984, 46.3272996950715], [10.564859945411689, 46.31301449787809], [10.579572499444174, 46.29882843410151], [10.563090650205051, 46.28741796631764], [10.576295929391097, 46.27266825305263], [10.585054170682982, 46.248696729252096], [10.568930970610058, 46.22926101593398], [10.570446972326113, 46.22206899022056], [10.549357254671747, 46.20462791366576], [10.54137877154291, 46.188625529361424], [10.554552364119603, 46.18026991268091], [10.56049314866557, 46.16341627468557], [10.549604369147511, 46.138295976090866], [10.550697542956343, 46.12370880728318], [10.541683786360252, 46.10402843682288], [10.509191437406512, 46.075232306232785], [10.489406254103239, 46.065056438712446], [10.482087891481163, 46.049738483296984], [10.485948295436614, 46.03005459074472], [10.45829212948825, 46.01042516759698], [10.453407896568327, 45.97655253507667], [10.489416997920976, 45.96377401148351], [10.483261814771453, 45.950527715890644], [10.49123592880267, 45.9332279632101], [10.50746477785615, 45.924837131297565], [10.505941800208797, 45.903030323260374], [10.495935598054876, 45.89974091628117], [10.49110595474364, 45.8822826359692], [10.503702059283155, 45.87356778624721], [10.501634242229882, 45.86094798626526], [10.50805687758852, 45.82390339893823], [10.524285303142378, 45.82712858963523], [10.543266768261445, 45.818364077500476], [10.533671455443525, 45.8006480045999], [10.532978035747288, 45.787961792565426], [10.553673584938238, 45.78393332165916], [10.611431089757959, 45.805162140931], [10.635147502135615, 45.806671748365765], [10.650744467676775, 45.81215277584596], [10.6560655540197, 45.83232392349103], [10.677074763561256, 45.83094347062179], [10.695621772501044, 45.83987336038549], [10.706802127027911, 45.83649914343479], [10.735926620558006, 45.84264107241741], [10.76034095413043, 45.83763913147229], [10.778144518065726, 45.84260357809294], [10.791214673849492, 45.83345736510794], [10.825861305378808, 45.83768802164843], [10.840150472097324, 45.83275599762336], [10.88159255636517, 45.81758069580788], [10.8727237285926, 45.78838368004843], [10.882284131944184, 45.77194468422884], [10.865244383969227, 45.76130128879313], [10.862627178511973, 45.74366131300408], [10.854808689500313, 45.741536807494114], [10.84383237642482, 45.71859281460763], [10.881473487679717, 45.717277200595724], [10.925998666824816, 45.6991725207443], [10.911997606236854, 45.688314670696236], [10.92207582206594, 45.679825283817344], [10.942900721596295, 45.67306256986462], [10.951232877752288, 45.68452234490019], [10.973125964700873, 45.68335087074298], [10.995473161396351, 45.69649848084163], [10.996113471044575, 45.707979283827065], [11.041376974820288, 45.70631909147232], [11.052757992366075, 45.71656709252312], [11.090033770710786, 45.696131380434636], [11.138512570862703, 45.69684979981406]]]}, "properties": {"name": "Trento", "code": "TN", "region": "Trentino-Alto Adige/Südtirol", "name_de": "Trient"}}, {"type": "Feature", "geometry": {"type": "Polygon", "coordinates": [[[11.487024281832309, 45.265953656845504], [11.489738565880824, 45.2801393576823], [11.440376546888565, 45.302880935913514], [11.452665157740864, 45.32357610010801], [11.42255512806593, 45.33928630775422], [11.39285917681494, 45.3479218901627], [11.35806213346383, 45.349186087278184], [11.353297406712299, 45.36819631136008], [11.334265974733567, 45.39604497820157], [11.345524728562923, 45.399308410341014], [11.340371346093226, 45.42125709146701], [11.320341086703516, 45.45560751162041], [11.329016221189372, 45.464081054650364], [11.328300620912325, 45.48255941381236], [11.320226212349588, 45.498955230511584], [11.295847595651953, 45.50407017203242], [11.277661347660827, 45.5235079118075], [11.252043891192006, 45.54192836271745], [11.243585371255836, 45.56048415748476], [11.246829444690839, 45.576604318895846], [11.233121752596857, 45.59583848466279], [11.222150988598592, 45.60114711727898], [11.20264756630568, 45.626034807394475], [11.1775651914512, 45.6206652403144], [11.149687993247001, 45.65411006810425], [11.154788427051512, 45.684338109238745], [11.138512570862703, 45.69684979981406], [11.090033770710786, 45.696131380434636], [11.052757992366075, 45.71656709252312], [11.041376974820288, 45.70631909147232], [10.996113471044575, 45.707979283827065], [10.995473161396351, 45.69649848084163], [10.973125964700873, 45.68335087074298], [10.951232877752288, 45.68452234490019], [10.942900721596295, 45.67306256986462], [10.92207582206594, 45.679825283817344], [10.911997606236854, 45.688314670696236], [10.925998666824816, 45.6991725207443], [10.881473487679717, 45.717277200595724], [10.84383237642482, 45.71859281460763], [10.854808689500313, 45.741536807494114], [10.862627178511973, 45.74366131300408], [10.865244383969227, 45.76130128879313], [10.882284131944184, 45.77194468422884], [10.8727237285926, 45.78838368004843], [10.88159255636517, 45.81758069580788], [10.840150472097324, 45.83275599762336], [10.834549782621911, 45.818192694873225], [10.814781320821238, 45.804044362602276], [10.77198570117388, 45.75077933180104], [10.702007049357494, 45.67273538486539], [10.631043073923806, 45.609508673381576], [10.628467659341535, 45.60205660926904], [10.64300770649911, 45.45756799568727], [10.647737085220971, 45.448536642430696], [10.647411970775641, 45.42375198010684], [10.654626059751227, 45.41582268398783], [10.66523409088153, 45.42771707206204], [10.702349758065635, 45.421357970043395], [10.716484394172532, 45.414979971986526], [10.716841881962349, 45.395567879694575], [10.699546363672532, 45.37596656731033], [10.714041050920656, 45.36715692293454], [10.685544412922736, 45.35368461620993], [10.686904802767392, 45.34264978273129], [10.715029519166658, 45.33386815070485], [10.712320274151228, 45.322396402593455], [10.7311508783499, 45.315190386446574], [10.728348037911491, 45.291302133185084], [10.737415845951581, 45.28724484925183], [10.782815303410473, 45.31542157934705], [10.816315773265066, 45.293393632710554], [10.840011189797265, 45.272894477685135], [10.84660810424607, 45.256568843798476], [10.876279594602662, 45.25274549516509], [10.899658321493959, 45.24567080885719], [10.901475086005037, 45.23787225702761], [10.936790161222216, 45.23293856638018], [10.93145531890578, 45.21761064555521], [10.94696015261513, 45.20656339943846], [10.96603245948601, 45.205608064773095], [10.990676637975449, 45.19566473246492], [10.998797238900599, 45.164701382322335], [10.993731462102502, 45.1515305504421], [11.011041062513062, 45.14887756031358], [11.028365545738662, 45.15923800594397], [11.042285360925112, 45.14394809033456], [11.04384765437478, 45.13427930662959], [11.028931481737866, 45.12787467676738], [11.038991766203669, 45.11400433112891], [11.07294249043036, 45.09874859437303], [11.09412483082287, 45.09970492556845], [11.105585505159842, 45.10820458807835], [11.127404591230142, 45.10322716954803], [11.137675732670422, 45.12333411606483], [11.145875541466344, 45.12600681456554], [11.187559252024815, 45.10994933877188], [11.205477521902996, 45.10949142085064], [11.205120543223657, 45.0996685529642], [11.22298190740124, 45.08438814894782], [11.244215695581401, 45.092463989960294], [11.276908158969109, 45.09305745667732], [11.3157140351008, 45.09005198010004], [11.320016929301042, 45.081142901256115], [11.356471703265893, 45.06803811017279], [11.360786467403983, 45.05731646021405], [11.402415588036847, 45.053000159855685], [11.41633322891659, 45.064291659665315], [11.434989497788177, 45.06824302589502], [11.445590745077045, 45.08033377003474], [11.440998719864922, 45.09599306281204], [11.410975212200933, 45.12158550158466], [11.416905620441902, 45.129332738020615], [11.428759458355454, 45.15048933281052], [11.421675030902845, 45.166428747904924], [11.409212369643823, 45.17486609810902], [11.403597362841616, 45.215797567786844], [11.39973172116626, 45.22569960648097], [11.406167829720669, 45.23807626375262], [11.402801802194395, 45.26489969571302], [11.423665099757565, 45.254249524880656], [11.45065823774109, 45.26131683289277], [11.481429438312562, 45.25888772040148], [11.487024281832309, 45.265953656845504]]]}, "properties": {"name": "Verona", "code": "VR", "region": "Veneto", "name_de": "Verona"}}, {"type": "Feature", "geometry": {"type": "Polygon", "coordinates": [[[11.487024281832309, 45.265953656845504], [11.5263090692906, 45.25866833020652], [11.570192425961329, 45.26151422843611], [11.590007748522947, 45.256367495644625], [11.617699632037192, 45.258526204685], [11.582538698761093, 45.27264945629298], [11.580467505551068, 45.301186007267724], [11.588302869200849, 45.31303454972017], [11.604122876749692, 45.31833661183562], [11.619779002388434, 45.33025630324362], [11.616876278408077, 45.33649787403937], [11.627444546509224, 45.35636424009425], [11.611341076624834, 45.37486260334554], [11.6156998565294, 45.38802181523067], [11.653196435689683, 45.41039785356164], [11.661630466282075, 45.421534171865616], [11.676224122729849, 45.423083208092606], [11.69004112266585, 45.43651242852192], [11.693005331145342, 45.44843167642977], [11.710038536682793, 45.462683209680165], [11.70607142248544, 45.473307409910234], [11.744361490970766, 45.47118843203358], [11.733999352397804, 45.51224881685644], [11.758414945603784, 45.52292021807966], [11.728766347727264, 45.56065637588288], [11.72294111764599, 45.544435713579794], [11.703442240065437, 45.542896987334295], [11.694519275564325, 45.550657825191834], [11.678994558321522, 45.54178523817929], [11.657733979511422, 45.5401719892795], [11.653062503410364, 45.550570706470886], [11.66546179365635, 45.55830466838719], [11.674266084987865, 45.5918749799101], [11.642927408818585, 45.598050525335246], [11.64905210017862, 45.62280106888105], [11.646551683486663, 45.63419589767704], [11.65618367988013, 45.64037303704172], [11.676678265820216, 45.640136282659505], [11.685840189339332, 45.65715121956773], [11.70992445277305, 45.667787959079405], [11.716676499849697, 45.681282890971396], [11.757949402812473, 45.6779055378467], [11.82167704147529, 45.68716942964951], [11.815480790739723, 45.695999396002776], [11.824020877789703, 45.70663263135003], [11.814066486392074, 45.74335021074018], [11.835001183430863, 45.74765675805056], [11.819218426124024, 45.78576598335383], [11.803241463344234, 45.79993674499639], [11.77920350933224, 45.79188267331809], [11.76252551110223, 45.80484388324278], [11.75033537625039, 45.82334613597741], [11.755751407623467, 45.84436384802178], [11.742668623808804, 45.85489843601415], [11.762010313263593, 45.858745289442616], [11.766621461455538, 45.86930689161794], [11.799200661667728, 45.87195758256807], [11.799565604681613, 45.880555945501534], [11.778187293689353, 45.88781969939381], [11.780288910949539, 45.906547361740415], [11.792038663178039, 45.915996253787156], [11.770298897368, 45.92199820682545], [11.746562657305438, 45.93519060818281], [11.727476205579457, 45.936350141796524], [11.727924010555713, 45.94810335472664], [11.710260759494627, 45.959756781563705], [11.70737866641781, 45.97583693391151], [11.684285782330186, 45.98407530524037], [11.685804473665499, 45.96928585004288], [11.666545430892246, 45.96410264375913], [11.627608408375838, 45.960640915020385], [11.600317541348334, 45.97134678623553], [11.58759202461227, 45.96899707300028], [11.577230061767603, 46.006520280160494], [11.552326915137353, 46.011668521229105], [11.510704083859327, 46.01199864713531], [11.494186145308266, 46.00965164752992], [11.465333087837257, 45.99454010507941], [11.44666384183682, 45.980922873381736], [11.39573119750858, 45.980477514169806], [11.37373991073995, 45.98350283156172], [11.372415417138011, 45.973232206182466], [11.38330759626698, 45.9510304014417], [11.364339148994665, 45.942420972695786], [11.358056942697678, 45.92529461924131], [11.336753902402572, 45.914483418160636], [11.313340122790427, 45.926579690101995], [11.303775776976844, 45.918236566424035], [11.275295947238606, 45.9196915399414], [11.261342017756775, 45.91574858969563], [11.251121140251863, 45.8961232123364], [11.239572113736772, 45.857025872790835], [11.218453818868406, 45.8439617532193], [11.218799213780787, 45.83260173191238], [11.19866509630058, 45.824188750225865], [11.189451776612799, 45.80488908283267], [11.202787776741248, 45.783372963614084], [11.173965663332288, 45.787082349416316], [11.180655934943479, 45.76290746457474], [11.174164040946474, 45.732525683186466], [11.138661960898613, 45.70931563019542], [11.138512570862703, 45.69684979981406], [11.154788427051512, 45.684338109238745], [11.149687993247001, 45.65411006810425], [11.1775651914512, 45.6206652403144], [11.20264756630568, 45.626034807394475], [11.222150988598592, 45.60114711727898], [11.233121752596857, 45.59583848466279], [11.246829444690839, 45.576604318895846], [11.243585371255836, 45.56048415748476], [11.252043891192006, 45.54192836271745], [11.277661347660827, 45.5235079118075], [11.295847595651953, 45.50407017203242], [11.320226212349588, 45.498955230511584], [11.328300620912325, 45.48255941381236], [11.329016221189372, 45.464081054650364], [11.320341086703516, 45.45560751162041], [11.340371346093226, 45.42125709146701], [11.345524728562923, 45.399308410341014], [11.334265974733567, 45.39604497820157], [11.353297406712299, 45.36819631136008], [11.35806213346383, 45.349186087278184], [11.39285917681494, 45.3479218901627], [11.42255512806593, 45.33928630775422], [11.452665157740864, 45.32357610010801], [11.440376546888565, 45.302880935913514], [11.489738565880824, 45.2801393576823], [11.487024281832309, 45.265953656845504]]]}, "properties": {"name": "Vicenza", "code": "VI", "region": "Veneto", "name_de": "Vicenza"}}, {"type": "Feature", "geometry": {"type": "Polygon", "coordinates": [[[11.828312394011084, 46.50891394061796], [11.810464012822367, 46.48507218815163], [11.813178632140252, 46.47817092634751], [11.871088273597168, 46.47319042645363], [11.88682569042737, 46.464566814041675], [11.888130602461134, 46.44177550055046], [11.869949236885073, 46.4331616473493], [11.850290218832246, 46.434159748868716], [11.838223186094199, 46.41523302549777], [11.84368945605753, 46.409919266855496], [11.832326379905126, 46.38759197604767], [11.813472448206385, 46.36760032614325], [11.790946272611476, 46.36666313277082], [11.774378551985945, 46.35824165458297], [11.799982833619376, 46.34422943274905], [11.802787900903919, 46.33432288443313], [11.831891161450791, 46.322661438730954], [11.841446209692396, 46.30634051743257], [11.826261275387683, 46.28497052595666], [11.840847491807969, 46.27007760051908], [11.88524794929762, 46.278808757467665], [11.886261588504, 46.25819042378501], [11.89431417817727, 46.25105310812051], [11.912619058761841, 46.252675152077074], [11.92481532295966, 46.2429533058101], [11.909569450361648, 46.22442755987473], [11.920150276044833, 46.21995579066535], [11.939554649438593, 46.19877337079593], [11.962440718737328, 46.19912915983882], [11.950825393949039, 46.17011371540331], [11.929449637105447, 46.17103904869568], [11.919492509152475, 46.14855177109419], [11.889658173368664, 46.1195878304609], [11.846338641752647, 46.112389786854536], [11.806583771209043, 46.10272345467673], [11.777158336199902, 46.10317662954732], [11.758691755194706, 46.09560120117372], [11.750770099622311, 46.105136998533894], [11.718022505478192, 46.10332868048852], [11.703456056282086, 46.09049420103712], [11.682347148772322, 46.08998654045165], [11.6864630306509, 46.06700277442263], [11.704308964275205, 46.05224081968116], [11.700224749873744, 46.04459378696731], [11.677298047180447, 46.044253317835405], [11.667225789984174, 46.03818185540229], [11.680591191989864, 46.02556646031566], [11.669174392977638, 46.017710373689575], [11.689624096436717, 45.988510341648684], [11.684285782330186, 45.98407530524037], [11.70737866641781, 45.97583693391151], [11.710260759494627, 45.959756781563705], [11.727924010555713, 45.94810335472664], [11.727476205579457, 45.936350141796524], [11.746562657305438, 45.93519060818281], [11.770298897368, 45.92199820682545], [11.792038663178039, 45.915996253787156], [11.780288910949539, 45.906547361740415], [11.778187293689353, 45.88781969939381], [11.799565604681613, 45.880555945501534], [11.825306738736057, 45.90809432537766], [11.839958427406536, 45.89974779381051], [11.849644995404587, 45.88433049077176], [11.87608574509075, 45.88122829127658], [11.9002813258246, 45.88923038908194], [11.950534451449565, 45.89579108958158], [11.945186740012879, 45.916045930835175], [11.951527855750678, 45.94756488931744], [11.961571107234573, 45.95467642435254], [12.006178703338465, 45.96820888197883], [12.03272235726461, 45.973616174993175], [12.049343812786427, 45.96119572048379], [12.059303416107046, 45.96206338027152], [12.09409909664908, 45.98198946479568], [12.109764788023377, 46.0028055958738], [12.153772493496113, 46.00128344702299], [12.177595949382898, 46.014259008353186], [12.192358533737877, 46.0047834331687], [12.226167116930894, 46.01311285975287], [12.25303359720769, 46.03396130233794], [12.278635706474395, 46.047738132319644], [12.302785497906017, 46.07634880526308], [12.322407569719555, 46.082241665220536], [12.391494360318458, 46.071344518775774], [12.399026472403897, 46.06238978374918], [12.400329518502547, 46.0419707494121], [12.435646276684064, 46.08312468245093], [12.472371936424084, 46.09601897168541], [12.485267474497205, 46.10652086361155], [12.4986270038005, 46.13845111462059], [12.489888356576385, 46.157227141768004], [12.462797724849684, 46.167570983031204], [12.44698327924313, 46.180341273702645], [12.44216011098481, 46.208542773479905], [12.407258982505981, 46.20702409913584], [12.408709239684564, 46.22234064415601], [12.401681084928581, 46.228996929654734], [12.376419780983282, 46.22294136738327], [12.34101024790817, 46.240199950828604], [12.323996836782024, 46.25615316181762], [12.320937971244497, 46.26890387281459], [12.329045257775453, 46.28278964724507], [12.351435608336335, 46.29380088862638], [12.35465666073827, 46.31968051521246], [12.374511513065563, 46.329251132295006], [12.412336169636205, 46.33234327762011], [12.428667181730416, 46.35159420613053], [12.461133816020315, 46.36933552856472], [12.455047618561473, 46.391668298963786], [12.469099845446083, 46.390037914520455], [12.498693635571806, 46.41219738603407], [12.492478162706604, 46.42426073984751], [12.504578172910229, 46.44001435818874], [12.524795346876767, 46.448573224035314], [12.568196843139308, 46.47571558478008], [12.59478380718377, 46.47076471074849], [12.606787802097015, 46.46428481138321], [12.620751490660869, 46.47536728332557], [12.662363382893748, 46.46796732206011], [12.654062834003472, 46.4843870368024], [12.630075179514028, 46.500825520846824], [12.629952593850973, 46.51426236367217], [12.619163995336317, 46.54003573841037], [12.636870726252521, 46.57202776322761], [12.6569589997246, 46.57279174047703], [12.690221138130614, 46.60062117860178], [12.707841350501878, 46.6020294568863], [12.70472096940657, 46.61839564476355], [12.73198089514063, 46.633812408853856], [12.716703565708075, 46.64757262595701], [12.686030678377271, 46.65603653082956], [12.666846046282501, 46.65715783129217], [12.642456312349967, 46.65193473514156], [12.631158643310508, 46.66053857867704], [12.602707622977812, 46.65558898089292], [12.578945560055052, 46.65620069177179], [12.564575110660204, 46.651105723858436], [12.54630887102234, 46.65932876564355], [12.526762663114745, 46.67428001737935], [12.51368407836494, 46.6781119635767], [12.477595181695758, 46.67981981749721], [12.437516045413755, 46.66892462031345], [12.40396790883985, 46.64302496104681], [12.379773553393605, 46.64290738956439], [12.385163328166872, 46.6227817180878], [12.359431910477232, 46.61974293184442], [12.34143032831318, 46.62995208853156], [12.315894614390443, 46.62999593483156], [12.305503735139903, 46.61917344939915], [12.286066742483852, 46.61791144880374], [12.255707256381404, 46.62715691358397], [12.232181730867172, 46.614045505297284], [12.19447447880672, 46.604746834254215], [12.194425893499089, 46.61951511981015], [12.171328320935338, 46.63410142367319], [12.14640744292712, 46.63417987702874], [12.07831081473601, 46.671707421006325], [12.067149681134225, 46.65395225248043], [12.071565557888377, 46.646087349539705], [12.065663776137859, 46.62699102593261], [12.046623601159906, 46.608081503349936], [12.049772304687142, 46.593759387403274], [12.043768888803461, 46.58192256338717], [11.998418884010851, 46.532855710212615], [11.987560564908225, 46.54529918203877], [11.949534260363345, 46.53923084758884], [11.93388747702731, 46.52789749052381], [11.911883946852067, 46.532960250903955], [11.888028692093116, 46.522843478483125], [11.85319532388609, 46.51820435928097], [11.828312394011084, 46.50891394061796]]]}, "properties": {"name": "Belluno", "code": "BL", "region": "Veneto", "name_de": "Belluno"}}, {"type": "Feature", "geometry": {"type": "Polygon", "coordinates": [[[11.799565604681613, 45.880555945501534], [11.799200661667728, 45.87195758256807], [11.766621461455538, 45.86930689161794], [11.762010313263593, 45.858745289442616], [11.742668623808804, 45.85489843601415], [11.755751407623467, 45.84436384802178], [11.75033537625039, 45.82334613597741], [11.76252551110223, 45.80484388324278], [11.77920350933224, 45.79188267331809], [11.803241463344234, 45.79993674499639], [11.819218426124024, 45.78576598335383], [11.835001183430863, 45.74765675805056], [11.814066486392074, 45.74335021074018], [11.824020877789703, 45.70663263135003], [11.815480790739723, 45.695999396002776], [11.82167704147529, 45.68716942964951], [11.84193178046458, 45.6833433485209], [11.883590459264886, 45.660615048247585], [11.901725517158058, 45.617589295963306], [11.92266474044185, 45.621159566184076], [11.932709861564948, 45.61552823705118], [11.965958584688316, 45.61267084541169], [11.986537079024789, 45.623169612043775], [12.005254448395846, 45.622430921405524], [12.006284647870844, 45.6407704445486], [12.015932429101731, 45.64605160407486], [12.049867219500399, 45.64529387537194], [12.060276437075483, 45.63831840532451], [12.074156913347634, 45.6416616348364], [12.08692980555288, 45.61711403776189], [12.092450930902592, 45.59833214399626], [12.121506988018032, 45.60965759489279], [12.123071544737211, 45.59996463537738], [12.144937403224336, 45.59520561769008], [12.161170818573488, 45.584504747136094], [12.166541361491298, 45.57401346158628], [12.191190098332347, 45.583543223247915], [12.193897281860261, 45.57413005990256], [12.212072370091718, 45.56265958294485], [12.204442468752841, 45.54324154220444], [12.216227906748944, 45.53740130212417], [12.23724529636466, 45.53776070294171], [12.248152606045865, 45.530578704521425], [12.277288710906113, 45.53598351584093], [12.279229801945519, 45.56680728122772], [12.295682857405888, 45.57465942063086], [12.321913412255828, 45.57000126702448], [12.335326347717672, 45.56184480974175], [12.352365612232504, 45.58786964711253], [12.380414484388865, 45.57804949113447], [12.387648157152775, 45.56896860302092], [12.443706545356832, 45.562933930270184], [12.45310785015887, 45.57184459036467], [12.437939571036397, 45.591875883359606], [12.442736990191603, 45.6043366277289], [12.424030885244473, 45.62080550921736], [12.43530768291406, 45.62706894920998], [12.437734426588753, 45.63967855699866], [12.481488448755508, 45.640669736330636], [12.49456105929704, 45.67395257735709], [12.518058169199469, 45.688640536402005], [12.533846415202254, 45.67916670690523], [12.555276144714156, 45.68459767990099], [12.575169179835475, 45.69715818288172], [12.602457770798793, 45.6800617103664], [12.61716813027356, 45.69584345001472], [12.645153522242358, 45.70161367232922], [12.670809083290663, 45.7168312176234], [12.670247550686343, 45.74339372785897], [12.65768501489973, 45.740948275804875], [12.665662560571247, 45.76694859622916], [12.656015195893163, 45.77813149213901], [12.661654791219364, 45.792433682489175], [12.64972909194013, 45.80187548360866], [12.646202175662191, 45.82057099711852], [12.611312037660703, 45.83266935234583], [12.59444198899238, 45.830766807842664], [12.595653892724334, 45.81682382181484], [12.564477568403275, 45.82921519285027], [12.549614667573593, 45.86069627367907], [12.535497411278088, 45.869271430048414], [12.532567969176926, 45.880266674884666], [12.500833953709316, 45.92520964121963], [12.466874615422428, 45.93200348874681], [12.45291845608102, 45.94714393097901], [12.426142477916622, 45.947009535182815], [12.426833129936156, 45.99639335060584], [12.415276300808278, 46.02685929497693], [12.400329518502547, 46.0419707494121], [12.399026472403897, 46.06238978374918], [12.391494360318458, 46.071344518775774], [12.322407569719555, 46.082241665220536], [12.302785497906017, 46.07634880526308], [12.278635706474395, 46.047738132319644], [12.25303359720769, 46.03396130233794], [12.226167116930894, 46.01311285975287], [12.192358533737877, 46.0047834331687], [12.177595949382898, 46.014259008353186], [12.153772493496113, 46.00128344702299], [12.109764788023377, 46.0028055958738], [12.09409909664908, 45.98198946479568], [12.059303416107046, 45.96206338027152], [12.049343812786427, 45.96119572048379], [12.03272235726461, 45.973616174993175], [12.006178703338465, 45.96820888197883], [11.961571107234573, 45.95467642435254], [11.951527855750678, 45.94756488931744], [11.945186740012879, 45.916045930835175], [11.950534451449565, 45.89579108958158], [11.9002813258246, 45.88923038908194], [11.87608574509075, 45.88122829127658], [11.849644995404587, 45.88433049077176], [11.839958427406536, 45.89974779381051], [11.825306738736057, 45.90809432537766], [11.799565604681613, 45.880555945501534]]]}, "properties": {"name": "Treviso", "code": "TV", "region": "Veneto", "name_de": "Treviso"}}, {"type": "Feature", "geometry": {"type": "Polygon", "coordinates": [[[12.661654791219364, 45.792433682489175], [12.656015195893163, 45.77813149213901], [12.665662560571247, 45.76694859622916], [12.65768501489973, 45.740948275804875], [12.670247550686343, 45.74339372785897], [12.670809083290663, 45.7168312176234], [12.645153522242358, 45.70161367232922], [12.61716813027356, 45.69584345001472], [12.602457770798793, 45.6800617103664], [12.575169179835475, 45.69715818288172], [12.555276144714156, 45.68459767990099], [12.533846415202254, 45.67916670690523], [12.518058169199469, 45.688640536402005], [12.49456105929704, 45.67395257735709], [12.481488448755508, 45.640669736330636], [12.437734426588753, 45.63967855699866], [12.43530768291406, 45.62706894920998], [12.424030885244473, 45.62080550921736], [12.442736990191603, 45.6043366277289], [12.437939571036397, 45.591875883359606], [12.45310785015887, 45.57184459036467], [12.443706545356832, 45.562933930270184], [12.387648157152775, 45.56896860302092], [12.380414484388865, 45.57804949113447], [12.352365612232504, 45.58786964711253], [12.335326347717672, 45.56184480974175], [12.321913412255828, 45.57000126702448], [12.295682857405888, 45.57465942063086], [12.279229801945519, 45.56680728122772], [12.277288710906113, 45.53598351584093], [12.248152606045865, 45.530578704521425], [12.23724529636466, 45.53776070294171], [12.216227906748944, 45.53740130212417], [12.204442468752841, 45.54324154220444], [12.212072370091718, 45.56265958294485], [12.193897281860261, 45.57413005990256], [12.191190098332347, 45.583543223247915], [12.166541361491298, 45.57401346158628], [12.161170818573488, 45.584504747136094], [12.144937403224336, 45.59520561769008], [12.123071544737211, 45.59996463537738], [12.121506988018032, 45.60965759489279], [12.092450930902592, 45.59833214399626], [12.0835920624166, 45.582005141375554], [12.038287753754345, 45.571235170657324], [12.033356911577178, 45.56273417884864], [12.031485793216381, 45.53509629204769], [12.007999506966204, 45.531963834115274], [12.003863135054573, 45.51034412627114], [11.99013761305657, 45.47345484123122], [11.977346037068132, 45.464245672303726], [11.982926869066999, 45.45243872952935], [12.009474071167574, 45.44709705498226], [12.026312508162155, 45.4484700337989], [12.01345027959861, 45.42416245432122], [11.979361023498967, 45.40758612826943], [11.97529609357633, 45.398089064440335], [11.991497034273596, 45.39394860571463], [11.99280478646635, 45.38093591696435], [12.026546856576598, 45.367325357548616], [12.030433638249468, 45.355819341434696], [12.013432842972408, 45.34308879553431], [12.021360864112252, 45.32216748130779], [12.048224955757467, 45.3128855100101], [12.068440463334987, 45.321519429158045], [12.07907423309123, 45.332074616397946], [12.094039164822044, 45.329176409451705], [12.112357129841062, 45.30599447743345], [12.13902277226594, 45.2996297307239], [12.185366071097011, 45.302233316082564], [12.191131968102514, 45.28497830446011], [12.206185998824918, 45.273124302579745], [12.192794114391196, 45.243262044451804], [12.193269729758859, 45.23384811432288], [12.154775056882869, 45.22183774894994], [12.152402825051961, 45.19422978210128], [12.123034573149337, 45.210369445579815], [12.046673525508979, 45.1972013555655], [11.977809462791857, 45.18714579388772], [11.976619452140806, 45.16262035532856], [11.961946117582983, 45.14931965243415], [11.968753694345935, 45.13399065390561], [11.99011484575519, 45.138953169409646], [12.022972936120391, 45.13858247002014], [12.040711953019333, 45.13325920283788], [12.025529585921888, 45.119602134623655], [12.046845648943927, 45.11543423392857], [12.04766649265973, 45.10536865733411], [12.110079970226549, 45.06416448292857], [12.139668932393075, 45.05592760112751], [12.157022353402274, 45.072156027025535], [12.167806783463005, 45.0939564004868], [12.187995219991127, 45.08906421883335], [12.202717155916158, 45.10508007625939], [12.237975575946244, 45.10638925656987], [12.280694360922327, 45.122938197084714], [12.28272044389556, 45.14338581216274], [12.314079432663043, 45.14566573914523], [12.33242293965535, 45.162772425274476], [12.306017764015243, 45.19531574570902], [12.30018942671574, 45.216178543232054], [12.304829298545663, 45.234754851760094], [12.298014699722454, 45.24560298642014], [12.306993620044578, 45.286496716110484], [12.32001628570985, 45.32044426046036], [12.330394350956855, 45.337170705533694], [12.332382736718413, 45.3543710772362], [12.360709047884551, 45.3960209717201], [12.378795204831404, 45.41389025684671], [12.401960499606124, 45.42866708609493], [12.427986605132896, 45.41850771329457], [12.451017986163809, 45.43718709596297], [12.467536365284223, 45.44477393254673], [12.584403872603493, 45.47873590540212], [12.644284296800182, 45.50284912808412], [12.703173298796838, 45.52207024226598], [12.71940677045108, 45.52548462648169], [12.757142654122791, 45.54054059178214], [12.787950549656776, 45.55657997818064], [12.866787358951173, 45.58825904297965], [12.917054971821436, 45.61163057164136], [12.974121707452237, 45.62501799139737], [13.064973341013967, 45.631116010447066], [13.097660026405727, 45.6352660736719], [13.100794338505287, 45.64339220462943], [13.084268436773025, 45.65732043165864], [13.061877843158996, 45.66291776977969], [13.066909003859218, 45.67086224578167], [13.044369701336223, 45.68430811824463], [13.036844276617435, 45.69938422708645], [13.038518535776415, 45.71723513812432], [13.016431979042306, 45.73061466872879], [13.015653635418973, 45.741340063839495], [13.001190728957033, 45.7492878353353], [13.006064031110101, 45.76590845025742], [12.977837250578336, 45.787941247934555], [12.974713010916272, 45.80804628833292], [12.979045768805639, 45.834041724327385], [12.961429600743742, 45.84687171033009], [12.95199521708525, 45.843518199767665], [12.952065062723852, 45.822206126791045], [12.929495523158936, 45.817351083562684], [12.920513095474496, 45.83134026131105], [12.89007490427202, 45.82052463518678], [12.86967133544591, 45.8337573879738], [12.87722514461866, 45.84319824510712], [12.861225759328955, 45.85061466572536], [12.843533905888135, 45.847756771853156], [12.818820796520004, 45.825011776732204], [12.801854979498673, 45.82289785043682], [12.80330700233444, 45.844965236946464], [12.774229327477187, 45.852625576691715], [12.742863984563344, 45.82661932201601], [12.728886510214833, 45.83660534902445], [12.696479911482793, 45.80747740705272], [12.674390897580599, 45.79213471837748], [12.661654791219364, 45.792433682489175]]]}, "properties": {"name": "Venezia", "code": "VE", "region": "Veneto", "name_de": "Venedig"}}, {"type": "Feature", "geometry": {"type": "Polygon", "coordinates": [[[11.968753694345935, 45.13399065390561], [11.961946117582983, 45.14931965243415], [11.976619452140806, 45.16262035532856], [11.977809462791857, 45.18714579388772], [12.046673525508979, 45.1972013555655], [12.123034573149337, 45.210369445579815], [12.152402825051961, 45.19422978210128], [12.154775056882869, 45.22183774894994], [12.193269729758859, 45.23384811432288], [12.192794114391196, 45.243262044451804], [12.206185998824918, 45.273124302579745], [12.191131968102514, 45.28497830446011], [12.185366071097011, 45.302233316082564], [12.13902277226594, 45.2996297307239], [12.112357129841062, 45.30599447743345], [12.094039164822044, 45.329176409451705], [12.07907423309123, 45.332074616397946], [12.068440463334987, 45.321519429158045], [12.048224955757467, 45.3128855100101], [12.021360864112252, 45.32216748130779], [12.013432842972408, 45.34308879553431], [12.030433638249468, 45.355819341434696], [12.026546856576598, 45.367325357548616], [11.99280478646635, 45.38093591696435], [11.991497034273596, 45.39394860571463], [11.97529609357633, 45.398089064440335], [11.979361023498967, 45.40758612826943], [12.01345027959861, 45.42416245432122], [12.026312508162155, 45.4484700337989], [12.009474071167574, 45.44709705498226], [11.982926869066999, 45.45243872952935], [11.977346037068132, 45.464245672303726], [11.99013761305657, 45.47345484123122], [12.003863135054573, 45.51034412627114], [12.007999506966204, 45.531963834115274], [12.031485793216381, 45.53509629204769], [12.033356911577178, 45.56273417884864], [12.038287753754345, 45.571235170657324], [12.0835920624166, 45.582005141375554], [12.092450930902592, 45.59833214399626], [12.08692980555288, 45.61711403776189], [12.074156913347634, 45.6416616348364], [12.060276437075483, 45.63831840532451], [12.049867219500399, 45.64529387537194], [12.015932429101731, 45.64605160407486], [12.006284647870844, 45.6407704445486], [12.005254448395846, 45.622430921405524], [11.986537079024789, 45.623169612043775], [11.965958584688316, 45.61267084541169], [11.932709861564948, 45.61552823705118], [11.92266474044185, 45.621159566184076], [11.901725517158058, 45.617589295963306], [11.883590459264886, 45.660615048247585], [11.84193178046458, 45.6833433485209], [11.82167704147529, 45.68716942964951], [11.757949402812473, 45.6779055378467], [11.716676499849697, 45.681282890971396], [11.70992445277305, 45.667787959079405], [11.685840189339332, 45.65715121956773], [11.676678265820216, 45.640136282659505], [11.65618367988013, 45.64037303704172], [11.646551683486663, 45.63419589767704], [11.64905210017862, 45.62280106888105], [11.642927408818585, 45.598050525335246], [11.674266084987865, 45.5918749799101], [11.66546179365635, 45.55830466838719], [11.653062503410364, 45.550570706470886], [11.657733979511422, 45.5401719892795], [11.678994558321522, 45.54178523817929], [11.694519275564325, 45.550657825191834], [11.703442240065437, 45.542896987334295], [11.72294111764599, 45.544435713579794], [11.728766347727264, 45.56065637588288], [11.758414945603784, 45.52292021807966], [11.733999352397804, 45.51224881685644], [11.744361490970766, 45.47118843203358], [11.70607142248544, 45.473307409910234], [11.710038536682793, 45.462683209680165], [11.693005331145342, 45.44843167642977], [11.69004112266585, 45.43651242852192], [11.676224122729849, 45.423083208092606], [11.661630466282075, 45.421534171865616], [11.653196435689683, 45.41039785356164], [11.6156998565294, 45.38802181523067], [11.611341076624834, 45.37486260334554], [11.627444546509224, 45.35636424009425], [11.616876278408077, 45.33649787403937], [11.619779002388434, 45.33025630324362], [11.604122876749692, 45.31833661183562], [11.588302869200849, 45.31303454972017], [11.580467505551068, 45.301186007267724], [11.582538698761093, 45.27264945629298], [11.617699632037192, 45.258526204685], [11.590007748522947, 45.256367495644625], [11.570192425961329, 45.26151422843611], [11.5263090692906, 45.25866833020652], [11.487024281832309, 45.265953656845504], [11.481429438312562, 45.25888772040148], [11.45065823774109, 45.26131683289277], [11.423665099757565, 45.254249524880656], [11.402801802194395, 45.26489969571302], [11.406167829720669, 45.23807626375262], [11.39973172116626, 45.22569960648097], [11.403597362841616, 45.215797567786844], [11.409212369643823, 45.17486609810902], [11.421675030902845, 45.166428747904924], [11.428759458355454, 45.15048933281052], [11.416905620441902, 45.129332738020615], [11.468015193002854, 45.10882237715277], [11.492981902657272, 45.1030700347277], [11.517540715981697, 45.11842798447253], [11.561189782743105, 45.120454390806344], [11.572551014165532, 45.124148355363296], [11.600811561981141, 45.11717290157881], [11.61064868204972, 45.10985495971599], [11.66996977088418, 45.105722742652446], [11.695905224916912, 45.09870909022071], [11.719607103266785, 45.09920893074247], [11.761249878646552, 45.095634437835336], [11.775687169848645, 45.0991706839376], [11.808027336218647, 45.121192080284985], [11.83338545121878, 45.122320606291275], [11.841833462850525, 45.128312700562915], [11.880066862048835, 45.13504157654276], [11.897184980775199, 45.13328499561991], [11.924471883280894, 45.143138905760765], [11.945533681884278, 45.13644001556797], [11.968753694345935, 45.13399065390561]]]}, "properties": {"name": "Padova", "code": "PD", "region": "Veneto", "name_de": "Padua"}}, {"type": "Feature", "geometry": {"type": "Polygon", "coordinates": [[[12.33242293965535, 45.162772425274476], [12.314079432663043, 45.14566573914523], [12.28272044389556, 45.14338581216274], [12.280694360922327, 45.122938197084714], [12.237975575946244, 45.10638925656987], [12.202717155916158, 45.10508007625939], [12.187995219991127, 45.08906421883335], [12.167806783463005, 45.0939564004868], [12.157022353402274, 45.072156027025535], [12.139668932393075, 45.05592760112751], [12.110079970226549, 45.06416448292857], [12.04766649265973, 45.10536865733411], [12.046845648943927, 45.11543423392857], [12.025529585921888, 45.119602134623655], [12.040711953019333, 45.13325920283788], [12.022972936120391, 45.13858247002014], [11.99011484575519, 45.138953169409646], [11.968753694345935, 45.13399065390561], [11.945533681884278, 45.13644001556797], [11.924471883280894, 45.143138905760765], [11.897184980775199, 45.13328499561991], [11.880066862048835, 45.13504157654276], [11.841833462850525, 45.128312700562915], [11.83338545121878, 45.122320606291275], [11.808027336218647, 45.121192080284985], [11.775687169848645, 45.0991706839376], [11.761249878646552, 45.095634437835336], [11.719607103266785, 45.09920893074247], [11.695905224916912, 45.09870909022071], [11.66996977088418, 45.105722742652446], [11.61064868204972, 45.10985495971599], [11.600811561981141, 45.11717290157881], [11.572551014165532, 45.124148355363296], [11.561189782743105, 45.120454390806344], [11.517540715981697, 45.11842798447253], [11.492981902657272, 45.1030700347277], [11.468015193002854, 45.10882237715277], [11.416905620441902, 45.129332738020615], [11.410975212200933, 45.12158550158466], [11.440998719864922, 45.09599306281204], [11.445590745077045, 45.08033377003474], [11.434989497788177, 45.06824302589502], [11.41633322891659, 45.064291659665315], [11.402415588036847, 45.053000159855685], [11.360786467403983, 45.05731646021405], [11.356471703265893, 45.06803811017279], [11.320016929301042, 45.081142901256115], [11.3157140351008, 45.09005198010004], [11.276908158969109, 45.09305745667732], [11.244215695581401, 45.092463989960294], [11.22298190740124, 45.08438814894782], [11.205120543223657, 45.0996685529642], [11.205477521902996, 45.10949142085064], [11.177508735685496, 45.09734496336883], [11.174295019231435, 45.06156136657682], [11.200548613230842, 45.06025747704263], [11.235031405169686, 45.04457212277956], [11.256959319765668, 45.05390759586699], [11.270369965902411, 45.04400972202854], [11.263142281622676, 45.033584948770695], [11.275497048376165, 45.0173117712426], [11.31321572350748, 45.00973021691534], [11.331854484850512, 44.99223393968608], [11.424416958497403, 44.9618954248628], [11.426742046083852, 44.950083466728024], [11.4249726712342, 44.93226281590194], [11.434076905604012, 44.929395440743434], [11.465820280978667, 44.935994532851396], [11.526873536904436, 44.937226009909715], [11.586428689769857, 44.91133916970738], [11.592083666137961, 44.892039226362876], [11.624808828323244, 44.88922311847733], [11.66959014760072, 44.91406269183622], [11.715532277408277, 44.926337589735446], [11.73293308175525, 44.9266093092433], [11.744746370619252, 44.93712779755403], [11.740404276430702, 44.951626217251736], [11.747036296701276, 44.95809666378717], [11.783826521663494, 44.964186081871226], [11.80471913689936, 44.97696126987197], [11.837927769578659, 44.972782511091786], [11.889778504569431, 44.97697232301912], [11.926377191085711, 44.9747928182357], [11.962678873126167, 44.98682771783861], [11.996561862324024, 44.98223864059132], [12.016908017108658, 44.97646338846002], [12.047486843196006, 44.976963507553144], [12.05688883055169, 44.97060124720032], [12.09156364635277, 44.97020708210518], [12.116183288325896, 44.95767280715198], [12.127579870893022, 44.93549529746031], [12.14443032274788, 44.928288739511686], [12.169144604547231, 44.942089931580846], [12.191272022438092, 44.92557573411923], [12.224971817956783, 44.92298072526755], [12.23544672988524, 44.93138495381728], [12.274488950945127, 44.9434718450525], [12.292279123038574, 44.931626405014526], [12.282185377923225, 44.91150988118601], [12.286650746142843, 44.87030537518716], [12.303835765720596, 44.85538777474906], [12.334391521436283, 44.852617319207376], [12.343452135297138, 44.84583466419225], [12.353282333911011, 44.81702709616781], [12.398107721854077, 44.792777500659106], [12.42236576588328, 44.811057833805044], [12.424355534262286, 44.827176499390696], [12.466072597184713, 44.84370049564692], [12.481404454506599, 44.86801158895799], [12.509930666768263, 44.92660584984226], [12.553530253073104, 44.96896618460345], [12.509264451446521, 44.99461163923971], [12.484937411471028, 44.99305885824029], [12.448606415325028, 45.01152606494145], [12.401169285159797, 45.0420916857034], [12.365648402929358, 45.072402242085424], [12.356621784559753, 45.07534110722957], [12.336948851946406, 45.09829362019169], [12.326755865427, 45.13675564843257], [12.33242293965535, 45.162772425274476]]]}, "properties": {"name": "Rovigo", "code": "RO", "region": "Veneto", "name_de": "Rovigo"}}, {"type": "Feature", "geometry": {"type": "Polygon", "coordinates": [[[13.245795622893402, 45.719502954191796], [13.24011763882001, 45.75141282478493], [13.27264811783619, 45.75209591940535], [13.315793524030202, 45.74427489269991], [13.32716981329066, 45.736925796666974], [13.355507464132076, 45.73747714773035], [13.384284748788728, 45.7251541145146], [13.405114944455777, 45.725048994883984], [13.403673358538176, 45.738773179344975], [13.449615825825445, 45.748020808252654], [13.433432926864048, 45.75998226830828], [13.419688022649188, 45.757538041611866], [13.440286426645674, 45.78568618473339], [13.426337282768033, 45.813228031539], [13.426086731071997, 45.83396782356982], [13.410728236161528, 45.856862377449694], [13.418689484546388, 45.874005511277836], [13.411794133838553, 45.88936530177537], [13.3996877099997, 45.8955905725776], [13.392834098363632, 45.91347708410894], [13.419497842295836, 45.927908780497546], [13.420219667622732, 45.9415344065429], [13.431136719806458, 45.95469946758911], [13.44231035440624, 45.957068731945654], [13.436635793712314, 45.97206513748825], [13.45223432495435, 45.98297887659377], [13.46494003127339, 45.984818013398], [13.466063767563686, 45.998311879108726], [13.479338762483188, 46.0376659349105], [13.496958191146161, 46.05135522220299], [13.500964166054882, 46.06166256637888], [13.52994504107333, 46.06769824917741], [13.543344575301735, 46.080715980817565], [13.572087859969077, 46.08861523861422], [13.582971239865959, 46.09965423917365], [13.646932118713128, 46.14043411560347], [13.663203299980257, 46.1801180739753], [13.645717508934458, 46.18834760938322], [13.614534741079328, 46.1844106360645], [13.58554026663801, 46.19027397872169], [13.565090797961545, 46.18781324510319], [13.561239296815794, 46.2043359222077], [13.529544160608356, 46.21701670882174], [13.497864703503435, 46.217475955278545], [13.48438569474781, 46.224552362162996], [13.444878545324272, 46.2238435749423], [13.446298745320906, 46.21284291042601], [13.423452384021717, 46.20633666263765], [13.410773966139478, 46.21229624213653], [13.422451260161159, 46.23433523804071], [13.406100121798517, 46.243440486270515], [13.396904526419798, 46.25808434341916], [13.39155188016571, 46.279756807947], [13.375547489950051, 46.29821771287604], [13.402797140161272, 46.299995497446], [13.418141789134395, 46.31817400070654], [13.447255734715048, 46.33039164731052], [13.437142377610412, 46.355191486194194], [13.447922530848286, 46.36282775517525], [13.467126300175376, 46.360853562011236], [13.481981005241812, 46.368997544073466], [13.516261177518786, 46.3767820627978], [13.569548152677225, 46.40169086748217], [13.576799471185224, 46.408895714284924], [13.582184857758136, 46.42986457381961], [13.598629458964618, 46.43903818848506], [13.647457367987759, 46.44597119281433], [13.68423557397087, 46.43741958011427], [13.697371563903925, 46.45429224624921], [13.694603883559855, 46.468191329486935], [13.70532796561728, 46.47734030958012], [13.703493876074571, 46.5013498235614], [13.71629740641716, 46.50832383493122], [13.713851953313034, 46.52308313815085], [13.674666909729082, 46.52330867325119], [13.62707414521953, 46.54152493408723], [13.591206580279595, 46.545593998757084], [13.569900813019602, 46.538883639972255], [13.564064345721437, 46.55052138871114], [13.54244345760152, 46.553620537079205], [13.519874580202755, 46.546960094632965], [13.504100246859077, 46.56607595956458], [13.475609479688199, 46.55841159447623], [13.427267603488906, 46.55763226580181], [13.407936943805575, 46.56162018754142], [13.405838324543828, 46.57212003558814], [13.3727504715915, 46.57935960154848], [13.363879607160944, 46.57005912749042], [13.346250800652049, 46.56876488570636], [13.320536575937703, 46.55209025667313], [13.300737725295557, 46.55858537243001], [13.266561500674204, 46.56007842526606], [13.237377309080111, 46.55318603376877], [13.214815414391127, 46.57013685381312], [13.196877605016292, 46.57162583899008], [13.163668655095915, 46.5886046867511], [13.142694412383669, 46.58900419295312], [13.082018747783538, 46.60044615534528], [13.044537065148946, 46.595762726778844], [13.023326641199217, 46.60136600543012], [12.987686738958592, 46.59942683357565], [12.934639979327326, 46.60827336638672], [12.867696052173988, 46.60916888874661], [12.85198949158423, 46.60507872636139], [12.833654244283936, 46.61065476698964], [12.837321296905547, 46.62742546691647], [12.802852710018694, 46.63375327102882], [12.791619458206151, 46.643014537530036], [12.761864394060021, 46.647809805786906], [12.73198089514063, 46.633812408853856], [12.70472096940657, 46.61839564476355], [12.707841350501878, 46.6020294568863], [12.690221138130614, 46.60062117860178], [12.6569589997246, 46.57279174047703], [12.636870726252521, 46.57202776322761], [12.619163995336317, 46.54003573841037], [12.629952593850973, 46.51426236367217], [12.630075179514028, 46.500825520846824], [12.654062834003472, 46.4843870368024], [12.662363382893748, 46.46796732206011], [12.620751490660869, 46.47536728332557], [12.606787802097015, 46.46428481138321], [12.59478380718377, 46.47076471074849], [12.568196843139308, 46.47571558478008], [12.524795346876767, 46.448573224035314], [12.504578172910229, 46.44001435818874], [12.492478162706604, 46.42426073984751], [12.498693635571806, 46.41219738603407], [12.51952522142382, 46.39810803789147], [12.525878637386098, 46.373255250016854], [12.541518530049292, 46.36026062110106], [12.557003695048312, 46.3690623230468], [12.587277921305146, 46.366162720998474], [12.604731802987029, 46.35469997184538], [12.610016644591497, 46.343498340552514], [12.626207067069332, 46.347760173303726], [12.636991670735853, 46.33937069968998], [12.662894518535904, 46.34625626663172], [12.693015955597874, 46.343191887001794], [12.708010246055709, 46.3252823311751], [12.73059634381924, 46.336664052526245], [12.77798036331759, 46.34585478475995], [12.781490117502535, 46.35577882006289], [12.811591562899947, 46.359102771494484], [12.835001448617067, 46.34368832412434], [12.861483446356605, 46.34542844946039], [12.880168487387449, 46.34181124901054], [12.889537502871676, 46.33067810460777], [12.906439604500827, 46.33476790703406], [12.915132006340247, 46.34676512692474], [12.935877206863376, 46.33396053972838], [12.961202974040825, 46.33700327285687], [12.9735556474267, 46.32824911871443], [12.975632636501745, 46.31744706509303], [12.9541417000254, 46.29987691177931], [12.965075304818708, 46.285159427193044], [12.990579028213261, 46.27324470872401], [12.976363935452309, 46.266999182548716], [12.974726409696563, 46.23560776361817], [12.95903198506446, 46.226575918999224], [12.954240907315919, 46.21421278213136], [12.959752770053383, 46.19139806217433], [12.947263368543032, 46.15365246371191], [12.93272796917464, 46.12199954642722], [12.927102530631366, 46.093588331734885], [12.91610229219798, 46.068646695450525], [12.916301313934035, 46.042213030725264], [12.91205425739088, 46.0007966564713], [12.9038608164984, 45.96327370462767], [12.915014704852906, 45.91469089842088], [12.930594086754223, 45.895161328027626], [12.97456949370808, 45.873448331193714], [12.980995752985368, 45.84896777538699], [12.979045768805639, 45.834041724327385], [12.974713010916272, 45.80804628833292], [12.977837250578336, 45.787941247934555], [13.006064031110101, 45.76590845025742], [13.001190728957033, 45.7492878353353], [13.015653635418973, 45.741340063839495], [13.016431979042306, 45.73061466872879], [13.038518535776415, 45.71723513812432], [13.036844276617435, 45.69938422708645], [13.044369701336223, 45.68430811824463], [13.066909003859218, 45.67086224578167], [13.061877843158996, 45.66291776977969], [13.084268436773025, 45.65732043165864], [13.100794338505287, 45.64339220462943], [13.109309870011232, 45.66288274098189], [13.15085524530421, 45.69192535782093], [13.152268656662967, 45.70050258002454], [13.170962332232163, 45.703083850431014], [13.185788890021344, 45.71115424211474], [13.24452333999311, 45.71325106719252], [13.245795622893402, 45.719502954191796]]]}, "properties": {"name": "Udine", "code": "UD", "region": "Friuli-Venezia Giulia", "name_de": "Udine"}}, {"type": "Feature", "geometry": {"type": "Polygon", "coordinates": [[[13.496958191146161, 46.05135522220299], [13.479338762483188, 46.0376659349105], [13.466063767563686, 45.998311879108726], [13.46494003127339, 45.984818013398], [13.45223432495435, 45.98297887659377], [13.436635793712314, 45.97206513748825], [13.44231035440624, 45.957068731945654], [13.431136719806458, 45.95469946758911], [13.420219667622732, 45.9415344065429], [13.419497842295836, 45.927908780497546], [13.392834098363632, 45.91347708410894], [13.3996877099997, 45.8955905725776], [13.411794133838553, 45.88936530177537], [13.418689484546388, 45.874005511277836], [13.410728236161528, 45.856862377449694], [13.426086731071997, 45.83396782356982], [13.426337282768033, 45.813228031539], [13.440286426645674, 45.78568618473339], [13.419688022649188, 45.757538041611866], [13.433432926864048, 45.75998226830828], [13.449615825825445, 45.748020808252654], [13.403673358538176, 45.738773179344975], [13.405114944455777, 45.725048994883984], [13.384284748788728, 45.7251541145146], [13.355507464132076, 45.73747714773035], [13.32716981329066, 45.736925796666974], [13.315793524030202, 45.74427489269991], [13.27264811783619, 45.75209591940535], [13.24011763882001, 45.75141282478493], [13.245795622893402, 45.719502954191796], [13.255485074006819, 45.70839062268254], [13.290640146671612, 45.70449165585323], [13.32319178100289, 45.68738787397164], [13.351624468745966, 45.6789887642625], [13.367729525545235, 45.682836030696876], [13.385727580775137, 45.674776903109134], [13.424151970137451, 45.67668574929257], [13.45487377207373, 45.6904828437587], [13.467905450428844, 45.70274097834644], [13.486836229909786, 45.704629217090634], [13.530563591182306, 45.72334677544986], [13.520831167487437, 45.762880136093465], [13.548557386521766, 45.7921887074272], [13.561908807254229, 45.7784227056263], [13.580891372289612, 45.7817621992292], [13.577077650385124, 45.793036597287774], [13.596289005839877, 45.80793968771222], [13.589321717581665, 45.83133621091684], [13.573642908493643, 45.84921705937255], [13.591045042446448, 45.873176957427795], [13.594993007257063, 45.89154400173787], [13.608855147862617, 45.899161068513635], [13.636272942434346, 45.934043006220634], [13.63456688825539, 45.953928711220165], [13.642027094648697, 45.98233797018419], [13.585099039133716, 45.98802576326907], [13.568710077918897, 45.969172967741336], [13.530576085306196, 45.96639177040572], [13.515930455927036, 45.97779966535277], [13.50029382745208, 45.981801497376466], [13.476190263760719, 46.00625385097461], [13.497049238734332, 46.01770651071827], [13.510016063414614, 46.04624599921496], [13.496958191146161, 46.05135522220299]]]}, "properties": {"name": "Gorizia", "code": "GO", "region": "Friuli-Venezia Giulia", "name_de": "Gorizia"}}, {"type": "Feature", "geometry": {"type": "Polygon", "coordinates": [[[13.596289005839877, 45.80793968771222], [13.577077650385124, 45.793036597287774], [13.580891372289612, 45.7817621992292], [13.59896269921799, 45.7728107440687], [13.631006710596429, 45.76807174595998], [13.643601666020574, 45.75634786325649], [13.676951796246957, 45.73698026534873], [13.753411006619773, 45.68047592709619], [13.769256894478781, 45.65295830892449], [13.747313019164832, 45.63947208420062], [13.773900874883447, 45.629807806793984], [13.783897864806404, 45.61302701481878], [13.77289454058001, 45.604537435588895], [13.739522789512142, 45.60960094013089], [13.720112161127412, 45.605842383415315], [13.723064029541876, 45.59478023725508], [13.745957698595541, 45.597797764140644], [13.781049571463964, 45.58411596435935], [13.810526938229005, 45.58092671614102], [13.84938031471965, 45.58477770719721], [13.8741158333707, 45.610428024821466], [13.918066019650006, 45.63114280404766], [13.903127543702844, 45.6425659268321], [13.879222014087627, 45.65201147506916], [13.858128814682207, 45.66566857769377], [13.831046190087337, 45.69269472364844], [13.834924550906726, 45.70075317757791], [13.827080698026188, 45.714263890227386], [13.811270611744884, 45.72283120136289], [13.796296436878556, 45.742703023159024], [13.73589395907163, 45.759648963782105], [13.729960985573616, 45.766637409804815], [13.704590434929104, 45.77705327277852], [13.670534642762073, 45.79816455723568], [13.623289531634434, 45.79824714277242], [13.596289005839877, 45.80793968771222]]]}, "properties": {"name": "Trieste", "code": "TS", "region": "Friuli-Venezia Giulia", "name_de": "Trieste"}}, {"type": "Feature", "geometry": {"type": "Polygon", "coordinates": [[[9.493338442500045, 44.55587663431659], [9.511220062022309, 44.56205177021214], [9.532981412321856, 44.58596652246147], [9.549981880596242, 44.58800150636866], [9.563284138167008, 44.60745407091703], [9.576162412450055, 44.60990150888536], [9.586875320063513, 44.62373775196201], [9.631795486551743, 44.64061171391415], [9.628161935961659, 44.662615634837685], [9.653555338012469, 44.67172757182478], [9.675212223867602, 44.68761676806967], [9.686661659084054, 44.6751072593725], [9.765156421183308, 44.681342080779984], [9.76216623593437, 44.70541630742632], [9.79005637117804, 44.72064778443659], [9.798204314362254, 44.731024769500046], [9.814820822181993, 44.73801012526795], [9.819542986015557, 44.76121906348329], [9.83646927761579, 44.75815371195171], [9.84926400123183, 44.765621180328495], [9.865007061133426, 44.76210918101983], [9.880165388500016, 44.76847496217706], [9.874379495922389, 44.78535344787301], [9.882127918850347, 44.8027580827071], [9.905236891307762, 44.810481545547574], [9.935430102523895, 44.83439949364995], [9.968893613112858, 44.83896361698015], [9.986681676208873, 44.845562900313176], [9.985054113502716, 44.85845898274872], [10.011017501687599, 44.876074139728466], [10.012340603645276, 44.88790009628161], [9.992729508075609, 44.91472715750554], [9.999124561716991, 44.92918260831724], [9.987408783415992, 44.935931787527196], [10.004420421399074, 44.96836653960533], [10.028010490815829, 44.9806422474002], [10.045459534256153, 45.02924725874181], [10.056893137698806, 45.0373422342772], [10.08347462673747, 45.04396380389568], [10.057349648053696, 45.041447330562576], [10.043509717025238, 45.063079868917384], [10.029668230025809, 45.06680624369474], [10.021316882238645, 45.07717925530018], [10.02923246730981, 45.094895553199656], [9.992727088452183, 45.12975822961339], [9.97119102528033, 45.132346843362015], [9.932122944864608, 45.102606813920985], [9.915208559028986, 45.10042126935197], [9.92625535757678, 45.13196407906793], [9.915507435512696, 45.13899102244558], [9.891076197631833, 45.130901234123755], [9.875712966604544, 45.122505976450334], [9.879389143358113, 45.11184676660849], [9.900628073534913, 45.095442155793016], [9.896772758322948, 45.080538642113176], [9.882843477358465, 45.07450798811221], [9.863435106560221, 45.09247080205792], [9.84400456279687, 45.096810845569124], [9.831248517978223, 45.08219559217636], [9.835160927538979, 45.06904251139725], [9.827112888672286, 45.05358204826483], [9.816559302572799, 45.05445917974249], [9.816841173656641, 45.070678442839395], [9.810098286039551, 45.079854274519846], [9.778962214974449, 45.08958407091466], [9.76665637498456, 45.10726567236622], [9.745053601629126, 45.105833397694234], [9.753101098271213, 45.086599442326815], [9.747724006933415, 45.07572470902722], [9.730062475555975, 45.06357857533418], [9.713726944733748, 45.058397804356915], [9.68227996829245, 45.0712104560333], [9.676892967312034, 45.07760824499195], [9.643383819821004, 45.08045595856354], [9.63141979153896, 45.087796124686506], [9.637168356202785, 45.10080768426207], [9.6383072182911, 45.12430470362939], [9.618412918391387, 45.13301976508851], [9.613324676140842, 45.113909656588476], [9.60188197969331, 45.10414069184723], [9.568583253854992, 45.107339289973986], [9.56079756752428, 45.12249721660026], [9.548661304684034, 45.13265151991728], [9.53721570468024, 45.12605375427937], [9.537442663283153, 45.11487708974785], [9.550611396063713, 45.095231170997124], [9.532026255051647, 45.07843206696922], [9.501469265097622, 45.103568062342596], [9.465896793630739, 45.09469000331588], [9.439006420205793, 45.093446279125565], [9.436962978020565, 45.08354191551815], [9.412650311405777, 45.08365169488176], [9.370820124791253, 45.04815383213946], [9.375605660530628, 45.01991804942658], [9.365870983735583, 45.00304264193521], [9.343107452579865, 44.99140641278932], [9.335462226545298, 44.9747397106698], [9.337548453147974, 44.965380524231485], [9.324591638837006, 44.956047103604035], [9.314532283072898, 44.93682015396609], [9.28634596693636, 44.933950556491325], [9.292966795842966, 44.920457848874406], [9.277409533167564, 44.89560893450794], [9.29011350921031, 44.88220651345404], [9.342381879846869, 44.8672714589423], [9.357650910933568, 44.81456221430972], [9.329870714868392, 44.799990279014224], [9.317871887543516, 44.78621492319925], [9.2869749960292, 44.77249641928369], [9.286512777191838, 44.75867913213141], [9.321199422679314, 44.7434180715101], [9.332580785900287, 44.73504034629492], [9.308480723548053, 44.70563453388732], [9.324637465427283, 44.69001562396267], [9.305599967641491, 44.688290291992374], [9.298507087502351, 44.68101424487876], [9.278606171219247, 44.68560003882242], [9.257588772314934, 44.68122020786007], [9.240010805568083, 44.71151535853423], [9.232259071635042, 44.703325651305455], [9.24213247814376, 44.687456688346344], [9.216803343674043, 44.683528531547374], [9.20031989688178, 44.68640483125319], [9.206386414083552, 44.66078977265744], [9.198819596883729, 44.65010834313302], [9.202973128494426, 44.61349420348926], [9.245502619879245, 44.619647809742226], [9.256360754592837, 44.61019838449781], [9.245485007230403, 44.60120628780507], [9.272485410111088, 44.59593908800048], [9.287163544419414, 44.6069562177364], [9.3004186269751, 44.60777398611881], [9.336341334122707, 44.582029090926625], [9.369424404416888, 44.58311971140508], [9.3810803430133, 44.57674963749112], [9.389368016943331, 44.59021945579736], [9.41907033342894, 44.595286279833566], [9.420871382729901, 44.577577917986694], [9.453358231042744, 44.56213406323986], [9.469641744258459, 44.565871828910666], [9.493338442500045, 44.55587663431659]]]}, "properties": {"name": "Piacenza", "code": "PC", "region": "Emilia-Romagna", "name_de": "Piacenza"}}, {"type": "Feature", "geometry": {"type": "Polygon", "coordinates": [[[9.68670044224306, 44.36593956090598], [9.716899232093878, 44.383174487705], [9.732073182545285, 44.379378523134854], [9.757396312008423, 44.390207651244346], [9.752882312546943, 44.400858543613886], [9.781162302857624, 44.42494008718182], [9.790479801592458, 44.43693065182975], [9.81086585367603, 44.45098342616568], [9.82555416445147, 44.46764345939098], [9.85514140725955, 44.47060776037689], [9.909226790945596, 44.4679617837425], [9.933099152693867, 44.47111111097801], [9.970712552532666, 44.464440015318246], [9.97144925822916, 44.452189748495464], [9.981068435228584, 44.44512246910038], [9.996040376641588, 44.44696342111089], [10.006431730247918, 44.432395958025865], [9.989284712433154, 44.40433116180693], [10.008398149983451, 44.390102928399116], [10.042236556859333, 44.37425003446712], [10.053178321835142, 44.373033354488015], [10.099247895313765, 44.34612192475095], [10.118317951668336, 44.35292299541782], [10.142034839972023, 44.35386772600725], [10.159942172981276, 44.38078640341005], [10.188846038859534, 44.38729462125367], [10.208920097014909, 44.39590660103469], [10.22315566077201, 44.40967328861618], [10.23171041932318, 44.43017062285053], [10.257145437252651, 44.453255492087855], [10.285430467152947, 44.45998061919106], [10.332172881919142, 44.48537245121022], [10.341484420413034, 44.524415727609444], [10.361456518509495, 44.54144626345548], [10.384752028566949, 44.54892631850405], [10.399876547488633, 44.560346160201725], [10.402610349692855, 44.61644298054872], [10.414409055249392, 44.62878735036881], [10.41386307844942, 44.66396285122905], [10.429263590856547, 44.695009243453455], [10.447337086741761, 44.7193308185752], [10.445903931573552, 44.7266768199698], [10.425122411860873, 44.74072050462765], [10.429607659762135, 44.752556374594484], [10.423178223355443, 44.795298074012344], [10.437459813570015, 44.80579572826831], [10.453468461578316, 44.84451370518813], [10.464692577114894, 44.85597843826678], [10.47056437252632, 44.878259566990984], [10.463385246475818, 44.89668892258438], [10.486812148137139, 44.90189998828282], [10.504315315736278, 44.92242769247364], [10.46400282366987, 44.93717896473519], [10.435668369655696, 44.94313646749744], [10.416767797084157, 44.977650005325934], [10.405673984357806, 44.98449428046796], [10.383365835763362, 44.979109045150565], [10.365288018618653, 44.966102852342566], [10.347273868536856, 44.96954851024028], [10.33076965438589, 44.980796379694205], [10.308900787022015, 44.987377474877306], [10.299856348362766, 45.000281446051], [10.27393413651919, 44.99852118914661], [10.254086164695122, 45.01865295877317], [10.211067550304056, 45.03403182115535], [10.193959022160142, 45.02815527243949], [10.177165250400575, 45.031889866954224], [10.157721351440088, 45.044079037354045], [10.147661966258195, 45.03548615257844], [10.106190803722413, 45.02213035147072], [10.092877607327747, 45.02376202643931], [10.08347462673747, 45.04396380389568], [10.056893137698806, 45.0373422342772], [10.045459534256153, 45.02924725874181], [10.028010490815829, 44.9806422474002], [10.004420421399074, 44.96836653960533], [9.987408783415992, 44.935931787527196], [9.999124561716991, 44.92918260831724], [9.992729508075609, 44.91472715750554], [10.012340603645276, 44.88790009628161], [10.011017501687599, 44.876074139728466], [9.985054113502716, 44.85845898274872], [9.986681676208873, 44.845562900313176], [9.968893613112858, 44.83896361698015], [9.935430102523895, 44.83439949364995], [9.905236891307762, 44.810481545547574], [9.882127918850347, 44.8027580827071], [9.874379495922389, 44.78535344787301], [9.880165388500016, 44.76847496217706], [9.865007061133426, 44.76210918101983], [9.84926400123183, 44.765621180328495], [9.83646927761579, 44.75815371195171], [9.819542986015557, 44.76121906348329], [9.814820822181993, 44.73801012526795], [9.798204314362254, 44.731024769500046], [9.79005637117804, 44.72064778443659], [9.76216623593437, 44.70541630742632], [9.765156421183308, 44.681342080779984], [9.686661659084054, 44.6751072593725], [9.675212223867602, 44.68761676806967], [9.653555338012469, 44.67172757182478], [9.628161935961659, 44.662615634837685], [9.631795486551743, 44.64061171391415], [9.586875320063513, 44.62373775196201], [9.576162412450055, 44.60990150888536], [9.563284138167008, 44.60745407091703], [9.549981880596242, 44.58800150636866], [9.532981412321856, 44.58596652246147], [9.511220062022309, 44.56205177021214], [9.493338442500045, 44.55587663431659], [9.488303701963424, 44.54835112462913], [9.504607670858661, 44.52995999519449], [9.49526286368508, 44.50254742924252], [9.496803434917794, 44.48273040451411], [9.470551456586316, 44.471952847073425], [9.452266108430836, 44.440431735743225], [9.439599637029765, 44.43007852604201], [9.44277791205419, 44.41658662389434], [9.472294714073172, 44.421935541706524], [9.479034390162825, 44.40925855440479], [9.492842222485015, 44.42331618030364], [9.550705868313731, 44.42802847692267], [9.554841077810453, 44.43799434922614], [9.584920735497475, 44.42840037393865], [9.598170779114204, 44.43674031652972], [9.612968477145792, 44.42585856720322], [9.642513684702761, 44.412408103629545], [9.654548650091195, 44.41174558118301], [9.663001451267288, 44.40065941231059], [9.671593776007434, 44.37044978231425], [9.68670044224306, 44.36593956090598]]]}, "properties": {"name": "Parma", "code": "PR", "region": "Emilia-Romagna", "name_de": "Parma"}}, {"type": "Feature", "geometry": {"type": "Polygon", "coordinates": [[[10.47012968806253, 44.22605542228657], [10.485046142713026, 44.236368940499005], [10.487043785449695, 44.262964833071045], [10.50986265819137, 44.27345078832682], [10.516001648754047, 44.28218339551564], [10.510930704424515, 44.29800562092037], [10.52534632176458, 44.328000588296426], [10.527705514768492, 44.34999893976028], [10.551223204354441, 44.35982806030318], [10.59692503602175, 44.36381653049268], [10.618950515972287, 44.37925223817457], [10.62402724354552, 44.390766686928494], [10.621522660649022, 44.405859335437], [10.631472538723733, 44.420833152096606], [10.650694685619401, 44.433003112031244], [10.657557443246443, 44.45836322119662], [10.67058583616852, 44.46917907005744], [10.684329456995137, 44.472344159728536], [10.702637674786748, 44.48803422880806], [10.729733057009774, 44.500874255508066], [10.742669021364518, 44.51248441493094], [10.766241051425801, 44.54196109186609], [10.775233018460758, 44.56404428339817], [10.77680114596972, 44.57976877059075], [10.786770717517328, 44.60596875546107], [10.781969388148017, 44.627767487851564], [10.793696280600741, 44.63973616315306], [10.796385461827313, 44.65248622946212], [10.812850290912651, 44.66121932074828], [10.817296746644084, 44.691833249179595], [10.80674390434553, 44.69662793602768], [10.819766530292773, 44.72968218342432], [10.815416026348313, 44.74161804335334], [10.818058912278795, 44.760201017109424], [10.838205725881119, 44.78300444633693], [10.836797784036728, 44.797791173387196], [10.814991997210496, 44.807226176181835], [10.850068425400574, 44.866518928398094], [10.872911538849916, 44.8658447136938], [10.880760027926243, 44.870616350273664], [10.877145792081778, 44.90188533081505], [10.88788583415674, 44.91427136838281], [10.840141360702255, 44.93194007375264], [10.80877522524444, 44.9360735595217], [10.744566559717319, 44.94892911554937], [10.74815550012184, 44.96269971431644], [10.731588859604356, 44.99140398242953], [10.711333272361674, 44.983000278991405], [10.710772560454512, 44.97308580963346], [10.678910041149047, 44.97639251764635], [10.66470377018788, 44.96890840880123], [10.650330078666032, 44.94807660720539], [10.6251804331523, 44.925624926866334], [10.598825415926266, 44.914744577798736], [10.566066976308235, 44.90846510920594], [10.51496925197712, 44.914411695292095], [10.504315315736278, 44.92242769247364], [10.486812148137139, 44.90189998828282], [10.463385246475818, 44.89668892258438], [10.47056437252632, 44.878259566990984], [10.464692577114894, 44.85597843826678], [10.453468461578316, 44.84451370518813], [10.437459813570015, 44.80579572826831], [10.423178223355443, 44.795298074012344], [10.429607659762135, 44.752556374594484], [10.425122411860873, 44.74072050462765], [10.445903931573552, 44.7266768199698], [10.447337086741761, 44.7193308185752], [10.429263590856547, 44.695009243453455], [10.41386307844942, 44.66396285122905], [10.414409055249392, 44.62878735036881], [10.402610349692855, 44.61644298054872], [10.399876547488633, 44.560346160201725], [10.384752028566949, 44.54892631850405], [10.361456518509495, 44.54144626345548], [10.341484420413034, 44.524415727609444], [10.332172881919142, 44.48537245121022], [10.285430467152947, 44.45998061919106], [10.257145437252651, 44.453255492087855], [10.23171041932318, 44.43017062285053], [10.22315566077201, 44.40967328861618], [10.208920097014909, 44.39590660103469], [10.188846038859534, 44.38729462125367], [10.159942172981276, 44.38078640341005], [10.142034839972023, 44.35386772600725], [10.159860099627956, 44.34471218534453], [10.167905837294612, 44.3299104848749], [10.218143924962895, 44.3046880125888], [10.236090214474673, 44.282755958189746], [10.253856660736478, 44.26858093254834], [10.29639696094244, 44.28517531851512], [10.337135125484401, 44.27150733711684], [10.360587926154745, 44.271518455721676], [10.377049988231486, 44.267083955424546], [10.407397256031848, 44.24930836248029], [10.41460423250653, 44.235362060531244], [10.430782667676324, 44.22664512592144], [10.466402780138202, 44.2296684924493], [10.47012968806253, 44.22605542228657]]]}, "properties": {"name": "Reggio nell'Emilia", "code": "RE", "region": "Emilia-Romagna", "name_de": "Reggio Emilia"}}, {"type": "Feature", "geometry": {"type": "Polygon", "coordinates": [[[10.88788583415674, 44.91427136838281], [10.877145792081778, 44.90188533081505], [10.880760027926243, 44.870616350273664], [10.872911538849916, 44.8658447136938], [10.850068425400574, 44.866518928398094], [10.814991997210496, 44.807226176181835], [10.836797784036728, 44.797791173387196], [10.838205725881119, 44.78300444633693], [10.818058912278795, 44.760201017109424], [10.815416026348313, 44.74161804335334], [10.819766530292773, 44.72968218342432], [10.80674390434553, 44.69662793602768], [10.817296746644084, 44.691833249179595], [10.812850290912651, 44.66121932074828], [10.796385461827313, 44.65248622946212], [10.793696280600741, 44.63973616315306], [10.781969388148017, 44.627767487851564], [10.786770717517328, 44.60596875546107], [10.77680114596972, 44.57976877059075], [10.775233018460758, 44.56404428339817], [10.766241051425801, 44.54196109186609], [10.742669021364518, 44.51248441493094], [10.729733057009774, 44.500874255508066], [10.702637674786748, 44.48803422880806], [10.684329456995137, 44.472344159728536], [10.67058583616852, 44.46917907005744], [10.657557443246443, 44.45836322119662], [10.650694685619401, 44.433003112031244], [10.631472538723733, 44.420833152096606], [10.621522660649022, 44.405859335437], [10.62402724354552, 44.390766686928494], [10.618950515972287, 44.37925223817457], [10.59692503602175, 44.36381653049268], [10.551223204354441, 44.35982806030318], [10.527705514768492, 44.34999893976028], [10.52534632176458, 44.328000588296426], [10.510930704424515, 44.29800562092037], [10.516001648754047, 44.28218339551564], [10.50986265819137, 44.27345078832682], [10.487043785449695, 44.262964833071045], [10.485046142713026, 44.236368940499005], [10.47012968806253, 44.22605542228657], [10.491787392108938, 44.217558166394376], [10.486892465366465, 44.202520658821676], [10.522938734123727, 44.174838429765494], [10.52493093005767, 44.15700374630545], [10.568806880190474, 44.136548676249255], [10.593103756892818, 44.11541513357501], [10.624055891542973, 44.12036613364534], [10.622564351306668, 44.141177052561446], [10.640993598748471, 44.15951994435189], [10.661620110696376, 44.15401563939102], [10.741611896805939, 44.1563994364019], [10.76050787370211, 44.15020786848757], [10.773259236534747, 44.13466038436828], [10.798093848017292, 44.12627279410696], [10.814762165206737, 44.11618506156943], [10.804465961461725, 44.139938092537285], [10.80778066748894, 44.15432660707167], [10.818543731991461, 44.1673855810278], [10.819785754084, 44.18077577147582], [10.832555456160119, 44.194787317403865], [10.855200102851715, 44.20738603674313], [10.850133861287338, 44.22745490629105], [10.86125055102999, 44.23219020527513], [10.889702972010804, 44.224466051833005], [10.893340223826375, 44.21295402391785], [10.907243291227426, 44.20543408374604], [10.942351465688839, 44.22611086399384], [10.957001873149405, 44.22628162906679], [10.966977707372232, 44.24341106832785], [10.967408703456273, 44.278724176814315], [10.949484355183728, 44.286877516656325], [10.964326309415792, 44.30128881946333], [10.993841028157966, 44.303135990905595], [11.004589310108935, 44.297190490519974], [11.026329568148652, 44.312814214148524], [11.039856844717608, 44.332499359799606], [11.037604247987048, 44.34258847759224], [11.023505725826727, 44.35541988392039], [11.02237365190635, 44.37352201104968], [11.049202770023784, 44.40823507590088], [11.036782404708534, 44.426602254303894], [10.99666571930112, 44.42954002601886], [10.9902296765126, 44.44050586366475], [11.0132881050026, 44.447161873097684], [11.026302084597798, 44.45966981311987], [11.047538771299692, 44.466952194327845], [11.064673826494158, 44.50339240156534], [11.058352625493244, 44.512886336655804], [11.068971609543484, 44.525280266433306], [11.087226291572998, 44.53009654109878], [11.108141993028442, 44.52467949956775], [11.104656148674122, 44.53949876103443], [11.140307968766205, 44.58253250316045], [11.150846077430298, 44.58740307564763], [11.142421390341527, 44.60504758946692], [11.118291759195174, 44.61784013296198], [11.12778175117261, 44.6313630755739], [11.078091325639647, 44.647030052313774], [11.116993520498776, 44.71043589173967], [11.129890247580684, 44.782919230141694], [11.177369981528829, 44.79246598351259], [11.207845255023024, 44.80430362753113], [11.29334731613743, 44.802807666262915], [11.309157212420631, 44.82477207578653], [11.32339557421638, 44.832554566339766], [11.340080564774587, 44.830764018106976], [11.366411734455202, 44.83730603133813], [11.356345858834137, 44.861513362742926], [11.34287383867238, 44.87251204099075], [11.328337640685211, 44.874912607946555], [11.264419263621983, 44.89763117472578], [11.245382600677225, 44.89825052111264], [11.234743628330696, 44.905975805721745], [11.260433768121338, 44.933101386278345], [11.246205691807146, 44.95143858598219], [11.231796383525866, 44.94484531180745], [11.20207912333205, 44.93948680911677], [11.142630035636262, 44.93767791558538], [11.11624980056462, 44.95489565450351], [11.072128018169451, 44.96171682639127], [11.05957084598631, 44.949248408467575], [10.998076384909526, 44.95485691998387], [10.966382345329743, 44.93451272871808], [10.950594927568739, 44.93332884803657], [10.941373627186426, 44.92191399460451], [10.913918554893385, 44.92313476927996], [10.88788583415674, 44.91427136838281]]]}, "properties": {"name": "Modena", "code": "MO", "region": "Emilia-Romagna", "name_de": "Modena"}}, {"type": "Feature", "geometry": {"type": "Polygon", "coordinates": [[[11.29334731613743, 44.802807666262915], [11.207845255023024, 44.80430362753113], [11.177369981528829, 44.79246598351259], [11.129890247580684, 44.782919230141694], [11.116993520498776, 44.71043589173967], [11.078091325639647, 44.647030052313774], [11.12778175117261, 44.6313630755739], [11.118291759195174, 44.61784013296198], [11.142421390341527, 44.60504758946692], [11.150846077430298, 44.58740307564763], [11.140307968766205, 44.58253250316045], [11.104656148674122, 44.53949876103443], [11.108141993028442, 44.52467949956775], [11.087226291572998, 44.53009654109878], [11.068971609543484, 44.525280266433306], [11.058352625493244, 44.512886336655804], [11.064673826494158, 44.50339240156534], [11.047538771299692, 44.466952194327845], [11.026302084597798, 44.45966981311987], [11.0132881050026, 44.447161873097684], [10.9902296765126, 44.44050586366475], [10.99666571930112, 44.42954002601886], [11.036782404708534, 44.426602254303894], [11.049202770023784, 44.40823507590088], [11.02237365190635, 44.37352201104968], [11.023505725826727, 44.35541988392039], [11.037604247987048, 44.34258847759224], [11.039856844717608, 44.332499359799606], [11.026329568148652, 44.312814214148524], [11.004589310108935, 44.297190490519974], [10.993841028157966, 44.303135990905595], [10.964326309415792, 44.30128881946333], [10.949484355183728, 44.286877516656325], [10.967408703456273, 44.278724176814315], [10.966977707372232, 44.24341106832785], [10.957001873149405, 44.22628162906679], [10.942351465688839, 44.22611086399384], [10.907243291227426, 44.20543408374604], [10.893340223826375, 44.21295402391785], [10.889702972010804, 44.224466051833005], [10.86125055102999, 44.23219020527513], [10.850133861287338, 44.22745490629105], [10.855200102851715, 44.20738603674313], [10.832555456160119, 44.194787317403865], [10.819785754084, 44.18077577147582], [10.818543731991461, 44.1673855810278], [10.80778066748894, 44.15432660707167], [10.804465961461725, 44.139938092537285], [10.814762165206737, 44.11618506156943], [10.842804301753228, 44.10962878571709], [10.849214631348804, 44.09814259714273], [10.875524784631539, 44.09999873375757], [10.901936064564019, 44.086349422843135], [10.899139510522117, 44.06647682425839], [10.917716630310512, 44.06277848222959], [10.92670745556618, 44.074877171126914], [10.944732538092424, 44.08167699676251], [10.964278657203108, 44.10195604617382], [10.971373316063618, 44.116269236098546], [11.006391387009621, 44.138833232618275], [11.01492934422946, 44.12521435483017], [11.002110623795222, 44.112351704096184], [11.0291073343004, 44.09581157881059], [11.049427124629327, 44.0902460680692], [11.09044950072995, 44.090684918746796], [11.125412519936198, 44.10761807556808], [11.154855738833971, 44.11181087818379], [11.202419324702387, 44.100737719843366], [11.229452065590793, 44.10204213751009], [11.241233195595711, 44.09765660298056], [11.263687992820769, 44.104272014305636], [11.248962923041457, 44.116816102999486], [11.195865332850323, 44.1430084380823], [11.234639635336679, 44.15841205013542], [11.281216425047374, 44.15629811922364], [11.295802798237045, 44.17239565042782], [11.311852313324655, 44.173696848803075], [11.322888570802624, 44.181733049485246], [11.324242510066433, 44.19293213814708], [11.346107779641205, 44.20500717632264], [11.380545126045057, 44.20000076225834], [11.393627841066404, 44.217134963355846], [11.420877407149439, 44.23822112125055], [11.451411079843192, 44.22063071059184], [11.447949786433512, 44.204930493387685], [11.467723316739516, 44.18580116206242], [11.482280015960376, 44.18491503552319], [11.499731128200356, 44.16612346105528], [11.524947078667022, 44.157663038727065], [11.535390408798417, 44.17913273137411], [11.53563487764641, 44.190389472307906], [11.562382699263969, 44.18766186195483], [11.549129099233049, 44.20502767634453], [11.551874124301388, 44.21989629446958], [11.565565668414838, 44.21827500785009], [11.590375406909727, 44.23640466142409], [11.627023439358817, 44.24777949396014], [11.63222498803667, 44.26308601959983], [11.64353761086413, 44.27368624173099], [11.665127352350186, 44.27840134603421], [11.671446724505072, 44.28901646566647], [11.667732057047877, 44.31190719302999], [11.675320960732451, 44.31583499241347], [11.697550934348088, 44.30933824361182], [11.692040632321069, 44.28942834226853], [11.735178226954064, 44.3079882039869], [11.785967266866772, 44.34805967533535], [11.787591921750137, 44.36009252053978], [11.798787779151398, 44.366953342563605], [11.814446684908225, 44.393503528004715], [11.840690837368417, 44.4171469038369], [11.82731909000623, 44.41774902349366], [11.781335617685393, 44.43626881717309], [11.798911788595962, 44.4607655658665], [11.781065683666784, 44.46699041848083], [11.795276382197656, 44.48456261647937], [11.749772866069303, 44.49756936588387], [11.76311273475099, 44.51035925137323], [11.77868851128975, 44.50351645739954], [11.780614447170352, 44.522556387452646], [11.789194843335915, 44.55434333288481], [11.78415389485194, 44.56828198925514], [11.76976338588145, 44.565775530541806], [11.751258372464612, 44.57994216498157], [11.78292185158313, 44.584969081126054], [11.794880389033281, 44.61837199174231], [11.806398931567553, 44.6235639093302], [11.794705647599669, 44.63547105314141], [11.771857873878984, 44.64079895200222], [11.757347979140494, 44.64907751427557], [11.726541042266911, 44.652301227766536], [11.722271922361712, 44.63586370474602], [11.69534669865044, 44.63516375558953], [11.688668818963304, 44.62932180249023], [11.667424810321432, 44.63856155073886], [11.592726703551781, 44.71169763569608], [11.583030502377252, 44.70718926393094], [11.556457976745751, 44.71956582440123], [11.474094682142148, 44.75004179858962], [11.45278108681559, 44.760508239870234], [11.43028073694499, 44.76084156632209], [11.399241075208389, 44.76857415688803], [11.391222496612139, 44.77711360896924], [11.374683511416299, 44.78016853725585], [11.358966363005962, 44.77365285959957], [11.341055103598935, 44.755166551658654], [11.309614918152716, 44.73664591404177], [11.289765396314849, 44.71393263535643], [11.275433873270329, 44.70557787957193], [11.253899202340484, 44.71746421123453], [11.271019303750005, 44.75103613662872], [11.246083166333133, 44.75838260173041], [11.29334731613743, 44.802807666262915]]]}, "properties": {"name": "Bologna", "code": "BO", "region": "Emilia-Romagna", "name_de": "Bologna"}}, {"type": "Feature", "geometry": {"type": "Polygon", "coordinates": [[[11.29334731613743, 44.802807666262915], [11.246083166333133, 44.75838260173041], [11.271019303750005, 44.75103613662872], [11.253899202340484, 44.71746421123453], [11.275433873270329, 44.70557787957193], [11.289765396314849, 44.71393263535643], [11.309614918152716, 44.73664591404177], [11.341055103598935, 44.755166551658654], [11.358966363005962, 44.77365285959957], [11.374683511416299, 44.78016853725585], [11.391222496612139, 44.77711360896924], [11.399241075208389, 44.76857415688803], [11.43028073694499, 44.76084156632209], [11.45278108681559, 44.760508239870234], [11.474094682142148, 44.75004179858962], [11.556457976745751, 44.71956582440123], [11.583030502377252, 44.70718926393094], [11.592726703551781, 44.71169763569608], [11.667424810321432, 44.63856155073886], [11.688668818963304, 44.62932180249023], [11.69534669865044, 44.63516375558953], [11.722271922361712, 44.63586370474602], [11.726541042266911, 44.652301227766536], [11.757347979140494, 44.64907751427557], [11.771857873878984, 44.64079895200222], [11.794705647599669, 44.63547105314141], [11.806398931567553, 44.6235639093302], [11.794880389033281, 44.61837199174231], [11.78292185158313, 44.584969081126054], [11.751258372464612, 44.57994216498157], [11.76976338588145, 44.565775530541806], [11.78415389485194, 44.56828198925514], [11.789194843335915, 44.55434333288481], [11.831861939264543, 44.56158940486059], [11.844403153738245, 44.555798112215115], [11.860322358130652, 44.55979139744015], [11.870507044389486, 44.57761681226833], [11.997221341957605, 44.599556488517834], [12.005988746561025, 44.58450458618495], [12.02703337001461, 44.5768034695091], [12.028321514475987, 44.56041384475745], [12.059542820589586, 44.548506305881446], [12.069199108037695, 44.56000397704632], [12.091277895524245, 44.55909334206228], [12.114136003784997, 44.5472273807111], [12.153781130578484, 44.54845202314361], [12.236276881545916, 44.61989766382096], [12.2677737429913, 44.6283934266482], [12.250599179032905, 44.6619762407062], [12.252362329816538, 44.67558831366296], [12.240243724811627, 44.69100454228249], [12.244081228363896, 44.740299610899804], [12.2571763921868, 44.78006947345075], [12.284675797912858, 44.815603071574365], [12.258928508708575, 44.815625815204186], [12.289715319392016, 44.841647153589015], [12.316929113212204, 44.84126417310364], [12.335466370331083, 44.82389607758242], [12.372760490167348, 44.79639088367125], [12.381349119988878, 44.78550675965422], [12.398107721854077, 44.792777500659106], [12.353282333911011, 44.81702709616781], [12.343452135297138, 44.84583466419225], [12.334391521436283, 44.852617319207376], [12.303835765720596, 44.85538777474906], [12.286650746142843, 44.87030537518716], [12.282185377923225, 44.91150988118601], [12.292279123038574, 44.931626405014526], [12.274488950945127, 44.9434718450525], [12.23544672988524, 44.93138495381728], [12.224971817956783, 44.92298072526755], [12.191272022438092, 44.92557573411923], [12.169144604547231, 44.942089931580846], [12.14443032274788, 44.928288739511686], [12.127579870893022, 44.93549529746031], [12.116183288325896, 44.95767280715198], [12.09156364635277, 44.97020708210518], [12.05688883055169, 44.97060124720032], [12.047486843196006, 44.976963507553144], [12.016908017108658, 44.97646338846002], [11.996561862324024, 44.98223864059132], [11.962678873126167, 44.98682771783861], [11.926377191085711, 44.9747928182357], [11.889778504569431, 44.97697232301912], [11.837927769578659, 44.972782511091786], [11.80471913689936, 44.97696126987197], [11.783826521663494, 44.964186081871226], [11.747036296701276, 44.95809666378717], [11.740404276430702, 44.951626217251736], [11.744746370619252, 44.93712779755403], [11.73293308175525, 44.9266093092433], [11.715532277408277, 44.926337589735446], [11.66959014760072, 44.91406269183622], [11.624808828323244, 44.88922311847733], [11.592083666137961, 44.892039226362876], [11.586428689769857, 44.91133916970738], [11.526873536904436, 44.937226009909715], [11.465820280978667, 44.935994532851396], [11.434076905604012, 44.929395440743434], [11.4249726712342, 44.93226281590194], [11.426742046083852, 44.950083466728024], [11.405733531378337, 44.9486887133124], [11.378192849001184, 44.957926024414945], [11.357155454240198, 44.950080507927886], [11.322796388049413, 44.96116411655121], [11.285372897893724, 44.95676128968645], [11.27225723428784, 44.93832271740273], [11.246205691807146, 44.95143858598219], [11.260433768121338, 44.933101386278345], [11.234743628330696, 44.905975805721745], [11.245382600677225, 44.89825052111264], [11.264419263621983, 44.89763117472578], [11.328337640685211, 44.874912607946555], [11.34287383867238, 44.87251204099075], [11.356345858834137, 44.861513362742926], [11.366411734455202, 44.83730603133813], [11.340080564774587, 44.830764018106976], [11.32339557421638, 44.832554566339766], [11.309157212420631, 44.82477207578653], [11.29334731613743, 44.802807666262915]]]}, "properties": {"name": "Ferrara", "code": "FE", "region": "Emilia-Romagna", "name_de": "Ferrara"}}, {"type": "Feature", "geometry": {"type": "Polygon", "coordinates": [[[12.2677737429913, 44.6283934266482], [12.236276881545916, 44.61989766382096], [12.153781130578484, 44.54845202314361], [12.114136003784997, 44.5472273807111], [12.091277895524245, 44.55909334206228], [12.069199108037695, 44.56000397704632], [12.059542820589586, 44.548506305881446], [12.028321514475987, 44.56041384475745], [12.02703337001461, 44.5768034695091], [12.005988746561025, 44.58450458618495], [11.997221341957605, 44.599556488517834], [11.870507044389486, 44.57761681226833], [11.860322358130652, 44.55979139744015], [11.844403153738245, 44.555798112215115], [11.831861939264543, 44.56158940486059], [11.789194843335915, 44.55434333288481], [11.780614447170352, 44.522556387452646], [11.77868851128975, 44.50351645739954], [11.76311273475099, 44.51035925137323], [11.749772866069303, 44.49756936588387], [11.795276382197656, 44.48456261647937], [11.781065683666784, 44.46699041848083], [11.798911788595962, 44.4607655658665], [11.781335617685393, 44.43626881717309], [11.82731909000623, 44.41774902349366], [11.840690837368417, 44.4171469038369], [11.814446684908225, 44.393503528004715], [11.798787779151398, 44.366953342563605], [11.787591921750137, 44.36009252053978], [11.785967266866772, 44.34805967533535], [11.735178226954064, 44.3079882039869], [11.692040632321069, 44.28942834226853], [11.697550934348088, 44.30933824361182], [11.675320960732451, 44.31583499241347], [11.667732057047877, 44.31190719302999], [11.671446724505072, 44.28901646566647], [11.665127352350186, 44.27840134603421], [11.64353761086413, 44.27368624173099], [11.63222498803667, 44.26308601959983], [11.627023439358817, 44.24777949396014], [11.590375406909727, 44.23640466142409], [11.565565668414838, 44.21827500785009], [11.551874124301388, 44.21989629446958], [11.549129099233049, 44.20502767634453], [11.562382699263969, 44.18766186195483], [11.53563487764641, 44.190389472307906], [11.535390408798417, 44.17913273137411], [11.524947078667022, 44.157663038727065], [11.544818944330869, 44.15260863335991], [11.55297560903347, 44.16574281839318], [11.604152449811838, 44.15844401992562], [11.617832993643525, 44.145713077624066], [11.603612762843262, 44.13721483411794], [11.599715136189484, 44.125150758454346], [11.638746380964337, 44.11152252979982], [11.65257375820234, 44.100857410280774], [11.681737638833672, 44.12269631679523], [11.715893788492476, 44.12254661158948], [11.72107330098738, 44.137645708913915], [11.719710258158614, 44.156395193376426], [11.727564919116164, 44.168901847356885], [11.756696038019157, 44.19489555260388], [11.771794177560952, 44.19823008242676], [11.780759023112159, 44.18047441168872], [11.806689978889892, 44.199439026845056], [11.832247011243188, 44.19743943929328], [11.864288441983927, 44.180074593147], [11.888610204872585, 44.17065694213059], [11.913984987749307, 44.208309958059374], [11.92942648759506, 44.21905569412466], [11.925549437365657, 44.24004589403676], [11.947628267393004, 44.23607031220361], [11.978915780933646, 44.25984886646842], [12.005496487551282, 44.29960090114298], [12.026499039381045, 44.32091327817469], [12.042057261208607, 44.32843081311792], [12.049901485707512, 44.31153069435207], [12.061096450646339, 44.30306556974306], [12.086938372485555, 44.3005239591759], [12.107966657190621, 44.28841627527904], [12.103246735383193, 44.271975346496106], [12.166339991303591, 44.24769449059106], [12.208819507972411, 44.25560559904062], [12.209978861742755, 44.23801786473807], [12.200834623172964, 44.230118310261496], [12.207271559623738, 44.22046679538462], [12.226441753015894, 44.21356816468172], [12.237613663784824, 44.21753935627993], [12.247126378686746, 44.23079679243155], [12.280241363505688, 44.233189339739845], [12.349336141560478, 44.190732369491045], [12.383913025453465, 44.22461879398052], [12.36787342503071, 44.249409843694714], [12.351403320602081, 44.286428932722224], [12.34283960286314, 44.3188350578524], [12.330048446045483, 44.345856700908676], [12.315123022759401, 44.406622961296456], [12.292055908569457, 44.45457924941097], [12.280674849018547, 44.511642457619715], [12.28328677644602, 44.55855194771945], [12.282515642656078, 44.5867970512581], [12.275787448955949, 44.61479259414888], [12.2677737429913, 44.6283934266482]]]}, "properties": {"name": "Ravenna", "code": "RA", "region": "Emilia-Romagna", "name_de": "Ravenna"}}, {"type": "Feature", "geometry": {"type": "Polygon", "coordinates": [[[11.710166734969004, 43.877445943278914], [11.732021554276123, 43.86338505387151], [11.784168361967314, 43.847648062661904], [11.820910038302532, 43.81603060697692], [11.841673810374619, 43.80802399677731], [11.856060657552266, 43.81590077691467], [11.897594733849456, 43.808210516064904], [11.910378086319703, 43.81343989562988], [11.916980522220744, 43.796137629237556], [11.948284669297454, 43.79038147104506], [11.951462645670915, 43.77757201379106], [11.986510523157142, 43.76192759247721], [12.009565117510432, 43.76465501187306], [12.06039680796726, 43.753625554092864], [12.064590688837072, 43.74290887988362], [12.077060609425697, 43.74065395075143], [12.107443242772554, 43.75377371937857], [12.096191032714025, 43.76530397550124], [12.102893045615122, 43.792270705232426], [12.11400025913419, 43.79610074374323], [12.121089054026, 43.81412952383746], [12.13235658787879, 43.82685983016831], [12.15034208018409, 43.836862454054845], [12.13825980672935, 43.84764096255158], [12.142081690931965, 43.86095755435628], [12.152658849109324, 43.868993866956366], [12.167160407873267, 43.89582698404913], [12.158151487940438, 43.910053548650474], [12.159497751094975, 43.92174748652063], [12.203198766622307, 43.916488714927034], [12.212468514275768, 43.909478772454655], [12.256159837718423, 43.92092879490013], [12.271472310138707, 43.92908604863525], [12.29476206175997, 43.928189694348035], [12.312525850694245, 43.94023477436147], [12.325601060109458, 43.96450145457745], [12.347849635562559, 43.97717987944243], [12.352872529721663, 43.986062331460396], [12.369096991695104, 43.98951431182861], [12.384417961821422, 44.00850275113501], [12.395291402540396, 44.030245864511265], [12.359062751957607, 44.0542288129102], [12.370473929077244, 44.06603119705647], [12.392115544147103, 44.06380386755875], [12.425310806934394, 44.088496971649455], [12.4520800248696, 44.08719977815194], [12.453523969935784, 44.114709059032315], [12.439389567054144, 44.12756880246636], [12.441244207335354, 44.138401676309094], [12.428911687755997, 44.14759557378999], [12.450623965404901, 44.16224983011729], [12.419811743862125, 44.18811806187546], [12.383913025453465, 44.22461879398052], [12.349336141560478, 44.190732369491045], [12.280241363505688, 44.233189339739845], [12.247126378686746, 44.23079679243155], [12.237613663784824, 44.21753935627993], [12.226441753015894, 44.21356816468172], [12.207271559623738, 44.22046679538462], [12.200834623172964, 44.230118310261496], [12.209978861742755, 44.23801786473807], [12.208819507972411, 44.25560559904062], [12.166339991303591, 44.24769449059106], [12.103246735383193, 44.271975346496106], [12.107966657190621, 44.28841627527904], [12.086938372485555, 44.3005239591759], [12.061096450646339, 44.30306556974306], [12.049901485707512, 44.31153069435207], [12.042057261208607, 44.32843081311792], [12.026499039381045, 44.32091327817469], [12.005496487551282, 44.29960090114298], [11.978915780933646, 44.25984886646842], [11.947628267393004, 44.23607031220361], [11.925549437365657, 44.24004589403676], [11.92942648759506, 44.21905569412466], [11.913984987749307, 44.208309958059374], [11.888610204872585, 44.17065694213059], [11.864288441983927, 44.180074593147], [11.832247011243188, 44.19743943929328], [11.806689978889892, 44.199439026845056], [11.780759023112159, 44.18047441168872], [11.771794177560952, 44.19823008242676], [11.756696038019157, 44.19489555260388], [11.727564919116164, 44.168901847356885], [11.719710258158614, 44.156395193376426], [11.72107330098738, 44.137645708913915], [11.715893788492476, 44.12254661158948], [11.745004769762977, 44.12596942267987], [11.752937176671084, 44.12053625367707], [11.733401797990785, 44.08470722072543], [11.700695303734994, 44.05555900292783], [11.695828390755317, 44.039099433400885], [11.681888778409146, 44.02120405839899], [11.662877422983446, 44.020340587912635], [11.663854374717653, 44.006198481217076], [11.650145118158267, 44.002992246941425], [11.646191152566832, 43.98832211070506], [11.660253889621352, 43.97462316915682], [11.692599679132648, 43.953239658768915], [11.682381493391523, 43.93826638327529], [11.691595803169793, 43.9308199669927], [11.717031647445062, 43.92181760366623], [11.710166734969004, 43.877445943278914]]]}, "properties": {"name": "Forlì-Cesena", "code": "FC", "region": "Emilia-Romagna", "name_de": "Forlì-Cesena"}}, {"type": "Feature", "geometry": {"type": "Polygon", "coordinates": [[[12.213832684495852, 43.61088614381951], [12.225045289093668, 43.59435436531626], [12.26146452561508, 43.58889604366985], [12.272089953352753, 43.593872558868014], [12.305540965884536, 43.58892746825445], [12.311105952763961, 43.599189434693976], [12.334449220589747, 43.609904653243106], [12.350119338395995, 43.607877829337085], [12.357118154644427, 43.61717902170316], [12.371296963586925, 43.61116541133346], [12.361792359345133, 43.595185976337966], [12.366927548405673, 43.57721419173641], [12.340848439304429, 43.552673996551384], [12.31979391304628, 43.553167346547085], [12.312906823049843, 43.54309686417492], [12.33323973618084, 43.5235804728778], [12.34967681120011, 43.52178332306759], [12.36488811144434, 43.53258356069634], [12.39904499779886, 43.51321936751903], [12.416513866354874, 43.53360517838932], [12.437908149142224, 43.537673531470496], [12.457519912441976, 43.516813637421556], [12.473554302806104, 43.518605552708266], [12.484045455673668, 43.52723419723634], [12.517747236797153, 43.508072819355746], [12.52418452992818, 43.49616103033418], [12.562858094623861, 43.46112198690292], [12.584193940621848, 43.445927465398405], [12.604760707817103, 43.437982925869214], [12.621963352910054, 43.42467640349527], [12.663176593427977, 43.43683082556802], [12.686501657316478, 43.4287113479855], [12.708812508608416, 43.42584235237626], [12.715265426602539, 43.4460854932369], [12.734616211800155, 43.46434458580205], [12.767446102401285, 43.45984788323254], [12.774355145710466, 43.47151446658236], [12.79922068668546, 43.47962997218681], [12.799082449839354, 43.49466539627657], [12.814144957364533, 43.50800107150618], [12.829087716792987, 43.50878833899878], [12.845281124534157, 43.52539505470325], [12.876779727348252, 43.53614633667208], [12.907261260782976, 43.558789714758454], [12.92167076980081, 43.575023258982206], [12.917764977881818, 43.58238232529075], [12.941113861189436, 43.59641553001455], [12.961407334833751, 43.59829238471505], [12.97794069287406, 43.62210646145879], [12.987986629726114, 43.64977760126575], [13.015360514525241, 43.66508355204614], [13.026369408613029, 43.675939534090496], [13.038735339103347, 43.67615739784979], [13.06976313050886, 43.69303989821902], [13.07709440560505, 43.70138456237611], [13.068080654271478, 43.72384878991205], [13.09755539775212, 43.72913665588601], [13.127548420329074, 43.73024204653078], [13.17273469914378, 43.75047202399872], [13.138205363857509, 43.77090549027311], [13.102136888301064, 43.79538348941855], [13.066457555840367, 43.82246494423746], [13.022133465668466, 43.849754811233225], [13.002707836663232, 43.85578560679309], [12.964044393505473, 43.88092755641739], [12.907332209037733, 43.923002444232786], [12.891590060126985, 43.923695773102], [12.877658288080136, 43.931113497834794], [12.797592693266992, 43.96517440149651], [12.750621442736197, 43.96854450415858], [12.753526516296112, 43.960029023615256], [12.734217847124013, 43.9335236383441], [12.727118104351284, 43.911704980832106], [12.734831139879375, 43.89602482281171], [12.7230926950776, 43.87916556508099], [12.733992573781011, 43.87025902640682], [12.721862889030177, 43.860986796108925], [12.697083157807207, 43.85301492403809], [12.682458969723864, 43.85286546050517], [12.674984930426286, 43.82503754322491], [12.642953491445754, 43.8266360753043], [12.624301207311456, 43.821047135107996], [12.611227565064954, 43.83078262753674], [12.592508162384418, 43.8651044526244], [12.590343175326598, 43.88298938137987], [12.567251215376812, 43.88241932762758], [12.560289340498608, 43.86903325087253], [12.541125963265783, 43.86453307125284], [12.521664710176156, 43.87374046983132], [12.501844066789081, 43.87541717397719], [12.488628378858557, 43.88333035412742], [12.487404303904652, 43.89646930815672], [12.462394027032948, 43.89377138161097], [12.445805813793793, 43.87124828446005], [12.403542918411718, 43.87491113022036], [12.391469382026989, 43.84699202673034], [12.398544440439906, 43.8263582202131], [12.387966892197527, 43.816787276019134], [12.368304720688853, 43.8128946106322], [12.34979439810827, 43.79960153575757], [12.319444446667921, 43.80567835504585], [12.286199790110153, 43.7948596128393], [12.28907287414975, 43.78595378169259], [12.283780955023417, 43.76491721240244], [12.301364060689941, 43.756014677228336], [12.32707417098214, 43.75100981677612], [12.334574723109766, 43.73992419467235], [12.367377352818291, 43.71565219733094], [12.357324790356024, 43.70202482551905], [12.345696658609667, 43.70898800844047], [12.330116779814407, 43.70704414198259], [12.336244269595047, 43.67813153289437], [12.305766701328102, 43.69793827367576], [12.293353927892822, 43.68461475662193], [12.271551455123205, 43.6765506099755], [12.261383167881936, 43.68050588543504], [12.233343891664248, 43.65649538079958], [12.208290045878456, 43.65088741032721], [12.185508575456431, 43.64182823694129], [12.18966730500061, 43.63288294756282], [12.209575802654891, 43.62126904526821], [12.213832684495852, 43.61088614381951]], [[12.40780556538273, 43.602136242994085], [12.430628737427103, 43.60640433555553], [12.424592918986166, 43.59252419301494], [12.40780556538273, 43.602136242994085]]]}, "properties": {"name": "Pesaro e Urbino", "code": "PU", "region": "Marche", "name_de": "Pesaro e Urbino"}}, {"type": "Feature", "geometry": {"type": "Polygon", "coordinates": [[[13.642298598045896, 43.47423718470241], [13.626854988010436, 43.49608162874372], [13.621723072916025, 43.534737825848865], [13.625544336472823, 43.550333115801386], [13.60906922671731, 43.55903704918495], [13.579231089495872, 43.56697939060715], [13.55169189570406, 43.60289258318337], [13.52621277233321, 43.62157633715723], [13.481587780449741, 43.606808718028475], [13.436823252750482, 43.61527032417717], [13.397137731402362, 43.63131015340396], [13.372782526152546, 43.644828318495215], [13.355105515536955, 43.64814825362928], [13.307963179919463, 43.66841842975102], [13.26960243126188, 43.68822831532043], [13.17273469914378, 43.75047202399872], [13.127548420329074, 43.73024204653078], [13.09755539775212, 43.72913665588601], [13.068080654271478, 43.72384878991205], [13.07709440560505, 43.70138456237611], [13.06976313050886, 43.69303989821902], [13.038735339103347, 43.67615739784979], [13.026369408613029, 43.675939534090496], [13.015360514525241, 43.66508355204614], [12.987986629726114, 43.64977760126575], [12.97794069287406, 43.62210646145879], [12.961407334833751, 43.59829238471505], [12.941113861189436, 43.59641553001455], [12.917764977881818, 43.58238232529075], [12.92167076980081, 43.575023258982206], [12.907261260782976, 43.558789714758454], [12.876779727348252, 43.53614633667208], [12.845281124534157, 43.52539505470325], [12.829087716792987, 43.50878833899878], [12.814144957364533, 43.50800107150618], [12.799082449839354, 43.49466539627657], [12.79922068668546, 43.47962997218681], [12.774355145710466, 43.47151446658236], [12.767446102401285, 43.45984788323254], [12.76591229864488, 43.426038765839955], [12.780839177057603, 43.41481409034439], [12.771717336375586, 43.40095496936022], [12.751397725238753, 43.39500608623212], [12.749611113518313, 43.380878989689265], [12.759341455625089, 43.364354064234135], [12.794108068869573, 43.33404796774332], [12.802427387825073, 43.30470913670011], [12.799589896084552, 43.29078053073262], [12.789238655616401, 43.28290881788528], [12.803681804288514, 43.27125543585605], [12.82349549278939, 43.26684202590504], [12.8257453281414, 43.24848013881359], [12.836604773462021, 43.21753429715102], [12.862344817930078, 43.21125200738112], [12.877258656975993, 43.22189454313281], [12.897588499582907, 43.228952293850924], [12.883997131780085, 43.253418196311685], [12.882033813180874, 43.26703946648874], [12.89701932886113, 43.27307905388236], [12.911795033662617, 43.27018355555627], [12.969458832426643, 43.28251364096946], [12.985498851560893, 43.29280165499402], [12.988295726434192, 43.301824289885836], [13.015814627901191, 43.31128559235084], [13.02690332360596, 43.32794714621105], [13.040517623188066, 43.336059746300116], [13.046946035834175, 43.35597666390642], [13.062246891523783, 43.366844795980036], [13.062185944063522, 43.381161939841476], [13.079909664739603, 43.38904241006534], [13.086477510164006, 43.39808070572342], [13.071283077560874, 43.41140216896852], [13.091823041838301, 43.43588222450854], [13.125571967425307, 43.427658675062915], [13.133975067185455, 43.418315621297054], [13.150192526765572, 43.41359929268744], [13.161659285391401, 43.41836758891499], [13.210748356312283, 43.41704006477306], [13.244370017644217, 43.45938724344852], [13.271479564632479, 43.455350933691875], [13.283207367287055, 43.44276196795715], [13.28868021618826, 43.42315061274361], [13.311096632409656, 43.40200900888588], [13.335869454404937, 43.39147803802717], [13.351038037343383, 43.39495665245436], [13.359799414559683, 43.40593928177519], [13.401167822304872, 43.42328437117242], [13.413864142467421, 43.435609649594646], [13.430052959489757, 43.43360495530658], [13.448039636036842, 43.44580189390487], [13.460180870238318, 43.43826529930413], [13.480853512687714, 43.43642915275094], [13.517260394949936, 43.443704023197796], [13.530074203997213, 43.44012160986975], [13.594734984142477, 43.444531449388194], [13.579951857097099, 43.42884880893334], [13.588049409293353, 43.41963327714929], [13.62724975268747, 43.418811132346754], [13.658362500798216, 43.43410117287829], [13.6556114754259, 43.4472943723408], [13.634503375832253, 43.44502975710142], [13.60617907036063, 43.46284080290783], [13.642298598045896, 43.47423718470241]]]}, "properties": {"name": "Ancona", "code": "AN", "region": "Marche", "name_de": "Ancona"}}, {"type": "Feature", "geometry": {"type": "Polygon", "coordinates": [[[13.642298598045896, 43.47423718470241], [13.60617907036063, 43.46284080290783], [13.634503375832253, 43.44502975710142], [13.6556114754259, 43.4472943723408], [13.658362500798216, 43.43410117287829], [13.62724975268747, 43.418811132346754], [13.588049409293353, 43.41963327714929], [13.579951857097099, 43.42884880893334], [13.594734984142477, 43.444531449388194], [13.530074203997213, 43.44012160986975], [13.517260394949936, 43.443704023197796], [13.480853512687714, 43.43642915275094], [13.460180870238318, 43.43826529930413], [13.448039636036842, 43.44580189390487], [13.430052959489757, 43.43360495530658], [13.413864142467421, 43.435609649594646], [13.401167822304872, 43.42328437117242], [13.359799414559683, 43.40593928177519], [13.351038037343383, 43.39495665245436], [13.335869454404937, 43.39147803802717], [13.311096632409656, 43.40200900888588], [13.28868021618826, 43.42315061274361], [13.283207367287055, 43.44276196795715], [13.271479564632479, 43.455350933691875], [13.244370017644217, 43.45938724344852], [13.210748356312283, 43.41704006477306], [13.161659285391401, 43.41836758891499], [13.150192526765572, 43.41359929268744], [13.133975067185455, 43.418315621297054], [13.125571967425307, 43.427658675062915], [13.091823041838301, 43.43588222450854], [13.071283077560874, 43.41140216896852], [13.086477510164006, 43.39808070572342], [13.079909664739603, 43.38904241006534], [13.062185944063522, 43.381161939841476], [13.062246891523783, 43.366844795980036], [13.046946035834175, 43.35597666390642], [13.040517623188066, 43.336059746300116], [13.02690332360596, 43.32794714621105], [13.015814627901191, 43.31128559235084], [12.988295726434192, 43.301824289885836], [12.985498851560893, 43.29280165499402], [12.969458832426643, 43.28251364096946], [12.911795033662617, 43.27018355555627], [12.89701932886113, 43.27307905388236], [12.882033813180874, 43.26703946648874], [12.883997131780085, 43.253418196311685], [12.897588499582907, 43.228952293850924], [12.877258656975993, 43.22189454313281], [12.862344817930078, 43.21125200738112], [12.86819921886344, 43.19505689734775], [12.862635100297256, 43.16738819038408], [12.850772229897848, 43.1532301054501], [12.833749469107453, 43.14765774519574], [12.843003018875677, 43.12234421476787], [12.875466372959595, 43.12344449733621], [12.883406252109964, 43.11703003217339], [12.885026190521305, 43.09964328373662], [12.897221714672524, 43.091723520429724], [12.88993480927263, 43.058884072287334], [12.892135736989728, 43.04771676842612], [12.906604395048669, 43.03549518283299], [12.888539394054504, 43.01222578749923], [12.908166385591155, 42.98487047891731], [12.895822070507807, 42.964592015074615], [12.925991360795466, 42.954513916173205], [12.949334930234734, 42.92995884012509], [12.976787223906632, 42.92568003825685], [12.969056143978337, 42.90366495887038], [12.976154918743942, 42.869803443045086], [12.990364245400125, 42.872141623732176], [13.000129742565596, 42.890777715212685], [12.996984014569193, 42.90326974889395], [13.024946050004322, 42.902573654109375], [13.054705136634626, 42.919438741866784], [13.081185817185306, 42.899665183580154], [13.112248684827245, 42.88933184766667], [13.121747538643122, 42.87389848345168], [13.140408929554983, 42.855068473006476], [13.15429817932237, 42.83541861214453], [13.18805683722553, 42.834653845589926], [13.210800683022999, 42.84147584394947], [13.232210885135219, 42.85623367255983], [13.235253310630453, 42.86769995579697], [13.241755324392116, 42.89199973920434], [13.229749959414965, 42.92378991798555], [13.21765753275253, 42.9360582901428], [13.216122808275475, 42.951116748744404], [13.242928231353417, 42.9672848163658], [13.261758670533284, 42.970646712684335], [13.29503094078475, 42.991143605044186], [13.305712001175252, 43.00173449403951], [13.320772782562377, 43.00471311976531], [13.331624393702619, 43.02385486060103], [13.381175878823717, 43.040495818436305], [13.383987471853464, 43.021319276331404], [13.392392041313226, 43.01108843510457], [13.41128458328104, 43.00838872171116], [13.430572089650159, 43.022389325675185], [13.459718883490362, 43.02041997260812], [13.466878036280173, 43.04439450414171], [13.463944553846693, 43.06610304588167], [13.433753757299113, 43.085154702875315], [13.432247057745853, 43.11563903460801], [13.440836966142065, 43.12441189485004], [13.43372038835407, 43.137360206306525], [13.462109841707155, 43.163639296082046], [13.492357120866224, 43.164076030139306], [13.49671778021703, 43.17048097645049], [13.518293330667216, 43.17382915622917], [13.525868359991305, 43.1981026584134], [13.521106285250113, 43.209207380844305], [13.573254999799689, 43.21598458508775], [13.589782225345116, 43.20831256478477], [13.607779497565664, 43.236941346180224], [13.600978734796783, 43.267789314227485], [13.61493098345587, 43.271858004179315], [13.631922282259971, 43.26822582566359], [13.653848677681454, 43.27484223912633], [13.681426260293541, 43.27728401946665], [13.705522935710558, 43.28615956271453], [13.743189507192698, 43.29476670081015], [13.735905646828328, 43.30780183319194], [13.709885246198573, 43.33681179608762], [13.66995790868388, 43.42554363260336], [13.642298598045896, 43.47423718470241]]]}, "properties": {"name": "Macerata", "code": "MC", "region": "Marche", "name_de": "Macerata"}}, {"type": "Feature", "geometry": {"type": "Polygon", "coordinates": [[[13.35775555727035, 42.69409814775866], [13.397760022270415, 42.68899428262644], [13.427396931384672, 42.706425289434854], [13.452108473475942, 42.733911381310214], [13.482361182636762, 42.732088952796296], [13.493443724449023, 42.73661538711566], [13.50399646717945, 42.75046900544668], [13.502316526769478, 42.77096910720842], [13.519288797038724, 42.79143268586049], [13.529733288707689, 42.79598925389701], [13.535003302135314, 42.81679698527445], [13.55324553817324, 42.80555586938421], [13.574701490274267, 42.800813021969915], [13.600068949092496, 42.806345515668504], [13.620956814148446, 42.81570517339113], [13.641412270622418, 42.802971319087455], [13.663599847036707, 42.80712738737428], [13.69930327955229, 42.822615585162495], [13.71088477813112, 42.84335747453311], [13.726626407514631, 42.85564666764085], [13.773790610613398, 42.85944796675109], [13.799335748081424, 42.866723029786456], [13.8161233059174, 42.8775238894932], [13.856629903582013, 42.884581911853026], [13.880537536676108, 42.891813072059506], [13.916207129906372, 42.89459082545183], [13.89301573986566, 42.93715725079935], [13.881477737302397, 42.964131470454895], [13.862477940809688, 43.02035174319072], [13.849747341693094, 43.066678477061686], [13.838153289823559, 43.063995965080125], [13.793150575510289, 43.063454434308404], [13.78516855467852, 43.07977820544221], [13.72064785270446, 43.05975022105312], [13.698268636872596, 43.04779977707047], [13.676929144583431, 43.041607404036476], [13.656894805732772, 43.042093383603856], [13.631133886904463, 43.032846172350084], [13.598399189701365, 43.00912365861915], [13.583283681298298, 43.011116771166066], [13.565876872383322, 42.991881324418124], [13.551478411984101, 42.98843644899719], [13.5246889976761, 42.992737146830216], [13.478944999439927, 42.984346254928816], [13.454822507503518, 42.96589017344596], [13.417249845558915, 42.97672595886002], [13.39250242583623, 42.96686964445335], [13.393489977183247, 42.93785940521437], [13.41046368350987, 42.9289557821474], [13.399338808413841, 42.912654950922494], [13.379988662239143, 42.904017016534766], [13.37397158053895, 42.89108027593737], [13.359053786879866, 42.913748831851954], [13.325637599806534, 42.921334582924594], [13.290669558388004, 42.92478231752851], [13.281160261354554, 42.91163404633376], [13.26007613059509, 42.90806443197685], [13.258465697901151, 42.89967482790261], [13.241755324392116, 42.89199973920434], [13.235253310630453, 42.86769995579697], [13.248058470490507, 42.84889448547471], [13.255296493538633, 42.82258293160704], [13.264029084760987, 42.808243684575835], [13.250796084310807, 42.78869948561348], [13.245617073691207, 42.76776540256013], [13.216185998600745, 42.771173086978244], [13.19533136132135, 42.761977993262065], [13.198924841646907, 42.748045278086884], [13.189209909626415, 42.73358686128668], [13.239211951094518, 42.726117250576465], [13.25384355435244, 42.72157167454477], [13.264502464842277, 42.74018117079792], [13.287952350448384, 42.73853838346969], [13.296659546493458, 42.72972572216152], [13.31845147332808, 42.7233944936299], [13.341935168866504, 42.70146852471002], [13.35775555727035, 42.69409814775866]]]}, "properties": {"name": "Ascoli Piceno", "code": "AP", "region": "Marche", "name_de": "Ascoli Piceno"}}, {"type": "Feature", "geometry": {"type": "Polygon", "coordinates": [[[9.68670044224306, 44.36593956090598], [9.70630125394109, 44.36618914929451], [9.715253248610722, 44.357318725035846], [9.729455177038464, 44.328330588695316], [9.758314290220238, 44.31835197618851], [9.769486524932114, 44.302211531228096], [9.806400913546463, 44.282760177491255], [9.8147841397766, 44.286214250643454], [9.854430116631237, 44.26805816152147], [9.863463785966438, 44.22820139007928], [9.875356615451444, 44.22394276093366], [9.85755040667854, 44.19350756537493], [9.872828182483731, 44.19464778412026], [9.89139264201512, 44.205381152865435], [9.909482844433908, 44.20432831861546], [9.921582045044627, 44.189762181084895], [9.892365187459818, 44.168021659712046], [9.89785886995794, 44.16359257925189], [9.921841620418526, 44.17001736351364], [9.955025411927837, 44.164973093172485], [9.966170785833066, 44.16920087723794], [9.97853571380479, 44.161303386863565], [9.977281823315728, 44.14008018686704], [9.983598092588613, 44.124756568380846], [10.002127617007922, 44.10765147859572], [10.018610566860138, 44.11924714229608], [10.047384560772496, 44.11512331386591], [10.068780579836226, 44.09828269869192], [10.059960245483524, 44.07935450976679], [10.028991370493427, 44.0596719698373], [10.018772970142269, 44.04447690754418], [10.035283164526133, 44.034679165403084], [10.060305733904045, 44.02932086956346], [10.090782019849572, 44.01258635106045], [10.143143886883387, 43.97563324546987], [10.166817164339488, 43.98234366657963], [10.184177757427234, 44.01163591432661], [10.205588090790277, 44.02408879377013], [10.204738171136235, 44.03817904882595], [10.22392180145577, 44.051561008471445], [10.22863350258139, 44.06691503369242], [10.23910827975082, 44.07162763944673], [10.242029103544288, 44.0841014275619], [10.232978451187282, 44.10747729363064], [10.214462562357033, 44.11748520937293], [10.186692743383068, 44.12463692340611], [10.184570401789616, 44.13820422119365], [10.197939070979883, 44.17055268720055], [10.186734165022877, 44.2062011086565], [10.211037271017116, 44.21602041618303], [10.230046375960521, 44.227883428665], [10.253856660736478, 44.26858093254834], [10.236090214474673, 44.282755958189746], [10.218143924962895, 44.3046880125888], [10.167905837294612, 44.3299104848749], [10.159860099627956, 44.34471218534453], [10.142034839972023, 44.35386772600725], [10.118317951668336, 44.35292299541782], [10.099247895313765, 44.34612192475095], [10.053178321835142, 44.373033354488015], [10.042236556859333, 44.37425003446712], [10.008398149983451, 44.390102928399116], [9.989284712433154, 44.40433116180693], [10.006431730247918, 44.432395958025865], [9.996040376641588, 44.44696342111089], [9.981068435228584, 44.44512246910038], [9.97144925822916, 44.452189748495464], [9.970712552532666, 44.464440015318246], [9.933099152693867, 44.47111111097801], [9.909226790945596, 44.4679617837425], [9.85514140725955, 44.47060776037689], [9.82555416445147, 44.46764345939098], [9.81086585367603, 44.45098342616568], [9.790479801592458, 44.43693065182975], [9.781162302857624, 44.42494008718182], [9.752882312546943, 44.400858543613886], [9.757396312008423, 44.390207651244346], [9.732073182545285, 44.379378523134854], [9.716899232093878, 44.383174487705], [9.68670044224306, 44.36593956090598]]]}, "properties": {"name": "Massa-Carrara", "code": "MS", "region": "Toscana", "name_de": "Massa-Carrara"}}, {"type": "Feature", "geometry": {"type": "Polygon", "coordinates": [[[10.727755195216652, 43.814168617994895], [10.721117155711797, 43.831096392124216], [10.705355064165511, 43.842693403875835], [10.68072258684297, 43.87369009050409], [10.67078464357998, 43.86655035187118], [10.652861829550908, 43.867934388080755], [10.650055279856815, 43.88089851817243], [10.658209545469093, 43.89002275659897], [10.647748706418557, 43.90931657610425], [10.657927625100799, 43.916087297171636], [10.671112329572873, 43.95099279204375], [10.671083308459986, 43.97578615513687], [10.711033151519816, 44.01758221096141], [10.737797612558657, 44.02493902918413], [10.730670616329476, 44.03865025499374], [10.719034720236209, 44.04427585106463], [10.725086879025959, 44.063782483769394], [10.722322293679365, 44.08297397066855], [10.663110856393384, 44.109393457602614], [10.641857987840353, 44.10856654799366], [10.624055891542973, 44.12036613364534], [10.593103756892818, 44.11541513357501], [10.568806880190474, 44.136548676249255], [10.52493093005767, 44.15700374630545], [10.522938734123727, 44.174838429765494], [10.486892465366465, 44.202520658821676], [10.491787392108938, 44.217558166394376], [10.47012968806253, 44.22605542228657], [10.466402780138202, 44.2296684924493], [10.430782667676324, 44.22664512592144], [10.41460423250653, 44.235362060531244], [10.407397256031848, 44.24930836248029], [10.377049988231486, 44.267083955424546], [10.360587926154745, 44.271518455721676], [10.337135125484401, 44.27150733711684], [10.29639696094244, 44.28517531851512], [10.253856660736478, 44.26858093254834], [10.230046375960521, 44.227883428665], [10.211037271017116, 44.21602041618303], [10.186734165022877, 44.2062011086565], [10.197939070979883, 44.17055268720055], [10.184570401789616, 44.13820422119365], [10.186692743383068, 44.12463692340611], [10.214462562357033, 44.11748520937293], [10.232978451187282, 44.10747729363064], [10.242029103544288, 44.0841014275619], [10.23910827975082, 44.07162763944673], [10.22863350258139, 44.06691503369242], [10.22392180145577, 44.051561008471445], [10.204738171136235, 44.03817904882595], [10.205588090790277, 44.02408879377013], [10.184177757427234, 44.01163591432661], [10.166817164339488, 43.98234366657963], [10.143143886883387, 43.97563324546987], [10.181487305646078, 43.94199681452141], [10.209922476150048, 43.910567042528804], [10.238126065843034, 43.872942169492056], [10.238332919476237, 43.85558330415208], [10.257885435528493, 43.81569582326982], [10.30705100581752, 43.82943903373743], [10.320267731772802, 43.822632096673956], [10.38068183300542, 43.81276694790588], [10.42695428435589, 43.83287138330689], [10.435368370413265, 43.812748175280795], [10.452010802098544, 43.80445961503164], [10.43904749987997, 43.78746718071671], [10.45197928623299, 43.76701249109722], [10.495105118320577, 43.758165289330655], [10.500855971017952, 43.75329543601012], [10.526057840541021, 43.76156045440962], [10.552942816759588, 43.751922708252955], [10.589579540733665, 43.76014210082677], [10.62244160298778, 43.75656813857055], [10.636283732079521, 43.774222203092904], [10.645873818374028, 43.795871527136676], [10.667094906351787, 43.80493189063534], [10.692483222542291, 43.800898387270834], [10.71108908731824, 43.78635070595857], [10.727755195216652, 43.814168617994895]]]}, "properties": {"name": "Lucca", "code": "LU", "region": "Toscana", "name_de": "Lucca"}}, {"type": "Feature", "geometry": {"type": "Polygon", "coordinates": [[[10.964114436947819, 43.81248327474456], [10.9842251075951, 43.82578520792627], [11.013115904475436, 43.83372930886073], [11.028212622590933, 43.841992163220446], [11.025741881956263, 43.85556230792701], [11.013332502310924, 43.869516550516785], [11.024797232526263, 43.896353305316225], [11.018565012806883, 43.91029305806375], [11.03091100178507, 43.94409827804263], [11.0468138169638, 43.96002139310372], [11.06088474352304, 43.965897928766346], [11.062819618468858, 43.98433766449096], [11.020988842457404, 44.00904319092141], [11.038025166038146, 44.0289287605821], [11.04016732626429, 44.04503993972585], [11.054160555004202, 44.072301845058206], [11.049427124629327, 44.0902460680692], [11.0291073343004, 44.09581157881059], [11.002110623795222, 44.112351704096184], [11.01492934422946, 44.12521435483017], [11.006391387009621, 44.138833232618275], [10.971373316063618, 44.116269236098546], [10.964278657203108, 44.10195604617382], [10.944732538092424, 44.08167699676251], [10.92670745556618, 44.074877171126914], [10.917716630310512, 44.06277848222959], [10.899139510522117, 44.06647682425839], [10.901936064564019, 44.086349422843135], [10.875524784631539, 44.09999873375757], [10.849214631348804, 44.09814259714273], [10.842804301753228, 44.10962878571709], [10.814762165206737, 44.11618506156943], [10.798093848017292, 44.12627279410696], [10.773259236534747, 44.13466038436828], [10.76050787370211, 44.15020786848757], [10.741611896805939, 44.1563994364019], [10.661620110696376, 44.15401563939102], [10.640993598748471, 44.15951994435189], [10.622564351306668, 44.141177052561446], [10.624055891542973, 44.12036613364534], [10.641857987840353, 44.10856654799366], [10.663110856393384, 44.109393457602614], [10.722322293679365, 44.08297397066855], [10.725086879025959, 44.063782483769394], [10.719034720236209, 44.04427585106463], [10.730670616329476, 44.03865025499374], [10.737797612558657, 44.02493902918413], [10.711033151519816, 44.01758221096141], [10.671083308459986, 43.97578615513687], [10.671112329572873, 43.95099279204375], [10.657927625100799, 43.916087297171636], [10.647748706418557, 43.90931657610425], [10.658209545469093, 43.89002275659897], [10.650055279856815, 43.88089851817243], [10.652861829550908, 43.867934388080755], [10.67078464357998, 43.86655035187118], [10.68072258684297, 43.87369009050409], [10.705355064165511, 43.842693403875835], [10.721117155711797, 43.831096392124216], [10.727755195216652, 43.814168617994895], [10.769996985958713, 43.800007569582554], [10.787744871865483, 43.79877625076863], [10.81567034576998, 43.80870858004706], [10.812728682243234, 43.788830456587554], [10.845581048508356, 43.802292065537245], [10.871331623712967, 43.794922304720004], [10.893726222891965, 43.79537888805946], [10.917521963438048, 43.8010571559174], [10.941989738838195, 43.82341375015138], [10.964114436947819, 43.81248327474456]]]}, "properties": {"name": "Pistoia", "code": "PT", "region": "Toscana", "name_de": "Pistoia"}}, {"type": "Feature", "geometry": {"type": "Polygon", "coordinates": [[[11.202419324702387, 44.100737719843366], [11.198241029289957, 44.0827863324252], [11.185678990581284, 44.071161376927556], [11.18652370974867, 44.05756400892583], [11.179420089769218, 44.04229389248364], [11.19157020123976, 44.02980512663948], [11.185608497201626, 44.016396616597476], [11.175015615804227, 44.01125545991491], [11.179111897934833, 43.99435039164536], [11.171058770830967, 43.98040629549548], [11.173092812234195, 43.945585402715224], [11.160751578922744, 43.9353322825529], [11.1693445313919, 43.918611828635726], [11.141645974595567, 43.9068720252229], [11.147331155993065, 43.901516342938734], [11.13441822151422, 43.88420113636312], [11.14847639241117, 43.86551513807852], [11.14417112627118, 43.858573353640075], [11.123848778014066, 43.851960204616894], [11.101198962212328, 43.824229455178966], [11.085651689330133, 43.81832542911723], [11.069557746041538, 43.825054712973184], [11.061345459269571, 43.81434475179229], [11.065736193786694, 43.800284409944666], [11.056157806649063, 43.78056702658246], [11.062151349394977, 43.77417452653901], [11.05729418058009, 43.759352223668074], [11.034755024498908, 43.766895695287786], [11.028661354387678, 43.77884372604728], [10.998255765927441, 43.777029670187645], [10.977817078002273, 43.78538098541777], [10.9796879360473, 43.79386542320315], [10.964114436947819, 43.81248327474456], [10.941989738838195, 43.82341375015138], [10.917521963438048, 43.8010571559174], [10.893726222891965, 43.79537888805946], [10.871331623712967, 43.794922304720004], [10.845581048508356, 43.802292065537245], [10.812728682243234, 43.788830456587554], [10.81567034576998, 43.80870858004706], [10.787744871865483, 43.79877625076863], [10.769996985958713, 43.800007569582554], [10.727755195216652, 43.814168617994895], [10.71108908731824, 43.78635070595857], [10.71607145815204, 43.775775493698305], [10.739601285945056, 43.75308313577501], [10.779450144862823, 43.73620302621199], [10.793201743983333, 43.71828674672861], [10.79799344783538, 43.70469019967374], [10.823563587100354, 43.70357365664545], [10.824514685730968, 43.71283226981919], [10.854683731184878, 43.71906332027843], [10.877219410828882, 43.719199480739896], [10.891276560437943, 43.69290202947666], [10.909008820638638, 43.68039815540436], [10.916275035906208, 43.66235026273013], [10.934047228554839, 43.65773203981272], [10.90298714013789, 43.634714568347235], [10.89020559741795, 43.63983375846528], [10.871112890354105, 43.61665709096254], [10.850090377797512, 43.6266338821477], [10.82240034703927, 43.613914891323425], [10.834435508507115, 43.60464032582655], [10.840306068717046, 43.57981345153095], [10.833963944181374, 43.55548660851335], [10.825330760205077, 43.540747577172525], [10.84580232254684, 43.51070585689079], [10.847215561128788, 43.49742013951004], [10.86067265440411, 43.48715791912806], [10.874041699349615, 43.46005351794457], [10.888855079572854, 43.45956210277653], [10.910843522925967, 43.466289769468844], [10.91943287620127, 43.457134878113145], [10.951509577788247, 43.451440706990965], [10.961205820718854, 43.482103567730846], [10.954094781988791, 43.49484150502143], [10.964370444426574, 43.511556754453565], [10.999844489867122, 43.526886871783304], [11.032822164326392, 43.544651056230876], [11.039401731015715, 43.535768569623876], [11.070607667171952, 43.526887868962454], [11.081204862381911, 43.51462967851268], [11.110353626663475, 43.498834063940016], [11.124727059799444, 43.47558976558709], [11.150552358240763, 43.48736771141015], [11.15961773699256, 43.50715175383958], [11.182957102241355, 43.52214994743722], [11.194438452293722, 43.51495207516922], [11.174881035622075, 43.49091643502415], [11.195680034974131, 43.48799071965661], [11.205509113171868, 43.48058727258328], [11.245150609366378, 43.498264330243444], [11.27240422349268, 43.53048216553976], [11.290795301745913, 43.53239235971043], [11.307246373440865, 43.518222542386155], [11.331256431746702, 43.526441922874795], [11.367163462028694, 43.527526746302236], [11.38038180099279, 43.532517205715436], [11.385916519938199, 43.54722888194458], [11.397508981017268, 43.548244510849784], [11.408041205912978, 43.56071879327859], [11.43915889181145, 43.563553948587845], [11.45154852175275, 43.57717248532892], [11.469975769046732, 43.585626225735545], [11.488758868341314, 43.580050515010626], [11.521507755889894, 43.58109353783038], [11.515994654986716, 43.59670516163858], [11.494233240495094, 43.62321164238032], [11.507957647194592, 43.640607860173915], [11.540514353213613, 43.64354833434824], [11.540190713414656, 43.66203983856239], [11.575779575431667, 43.675540409337074], [11.61109573102517, 43.694411362729085], [11.5937743407869, 43.71600918283827], [11.577142328941752, 43.723570414662724], [11.572303793374086, 43.73495179709808], [11.588955726354618, 43.74860425488836], [11.582945563056857, 43.76810623452168], [11.602176384619147, 43.78386590369442], [11.604819508932957, 43.81022600646243], [11.622528081314195, 43.814727635253476], [11.629107319339939, 43.84506599031681], [11.650939054874325, 43.84434959553376], [11.650107062324627, 43.85867512876839], [11.670404991455422, 43.876832369081995], [11.692016076313593, 43.87270790134492], [11.710166734969004, 43.877445943278914], [11.717031647445062, 43.92181760366623], [11.691595803169793, 43.9308199669927], [11.682381493391523, 43.93826638327529], [11.692599679132648, 43.953239658768915], [11.660253889621352, 43.97462316915682], [11.646191152566832, 43.98832211070506], [11.650145118158267, 44.002992246941425], [11.663854374717653, 44.006198481217076], [11.662877422983446, 44.020340587912635], [11.681888778409146, 44.02120405839899], [11.695828390755317, 44.039099433400885], [11.700695303734994, 44.05555900292783], [11.733401797990785, 44.08470722072543], [11.752937176671084, 44.12053625367707], [11.745004769762977, 44.12596942267987], [11.715893788492476, 44.12254661158948], [11.681737638833672, 44.12269631679523], [11.65257375820234, 44.100857410280774], [11.638746380964337, 44.11152252979982], [11.599715136189484, 44.125150758454346], [11.603612762843262, 44.13721483411794], [11.617832993643525, 44.145713077624066], [11.604152449811838, 44.15844401992562], [11.55297560903347, 44.16574281839318], [11.544818944330869, 44.15260863335991], [11.524947078667022, 44.157663038727065], [11.499731128200356, 44.16612346105528], [11.482280015960376, 44.18491503552319], [11.467723316739516, 44.18580116206242], [11.447949786433512, 44.204930493387685], [11.451411079843192, 44.22063071059184], [11.420877407149439, 44.23822112125055], [11.393627841066404, 44.217134963355846], [11.380545126045057, 44.20000076225834], [11.346107779641205, 44.20500717632264], [11.324242510066433, 44.19293213814708], [11.322888570802624, 44.181733049485246], [11.311852313324655, 44.173696848803075], [11.295802798237045, 44.17239565042782], [11.281216425047374, 44.15629811922364], [11.234639635336679, 44.15841205013542], [11.195865332850323, 44.1430084380823], [11.248962923041457, 44.116816102999486], [11.263687992820769, 44.104272014305636], [11.241233195595711, 44.09765660298056], [11.229452065590793, 44.10204213751009], [11.202419324702387, 44.100737719843366]]]}, "properties": {"name": "Firenze", "code": "FI", "region": "Toscana", "name_de": "Florenz"}}, {"type": "Feature", "geometry": {"type": "MultiPolygon", "coordinates": [[[[10.717503302290398, 43.10876087370816], [10.71745799127755, 43.124442375534116], [10.703464795105363, 43.12385923755465], [10.688999390285762, 43.14274911150449], [10.66282426889139, 43.14609510133433], [10.663201863720017, 43.17259728724768], [10.648461818954907, 43.17265921402614], [10.644764860859771, 43.19213511510723], [10.68132900643271, 43.196654967209945], [10.690447478815518, 43.208429145711584], [10.687715578358613, 43.219386993907904], [10.671238387358441, 43.221961103501044], [10.671982887417045, 43.24693749092974], [10.66715145861997, 43.26534093886457], [10.696354182687143, 43.28066632785761], [10.697009944716344, 43.29473310568286], [10.684353580721826, 43.3007887512325], [10.651847606071762, 43.28353571471221], [10.616265748974186, 43.28265695906567], [10.566344989812933, 43.297305893710416], [10.561802715777667, 43.308311205962035], [10.540460557047268, 43.31312275522002], [10.531939074035472, 43.3235935082977], [10.535850205735327, 43.348939714970136], [10.53055596296467, 43.367926655526844], [10.507790800168799, 43.36477272220797], [10.49879406309974, 43.39533458599011], [10.490954247789256, 43.40596275555663], [10.501449853545687, 43.41488365545296], [10.506853602991438, 43.43156029665721], [10.49268701558198, 43.45584135289583], [10.491030356664048, 43.470144880984265], [10.473840919143198, 43.50482491518744], [10.464346682804536, 43.54037786999612], [10.479671953747427, 43.56071989701693], [10.47520594879151, 43.58404477571249], [10.485670631021534, 43.58643988735902], [10.49709779012895, 43.60835665573734], [10.500353416044215, 43.62987940608092], [10.470373314953946, 43.63443667369237], [10.433827458048079, 43.63337930420241], [10.409243734271174, 43.620584411590436], [10.36573268451346, 43.603751709626614], [10.306175609811126, 43.5861981350455], [10.298982129524173, 43.58145399213607], [10.294402695453604, 43.56065024788389], [10.303839209046487, 43.54881227680102], [10.295578797105144, 43.54136584984002], [10.312543176647896, 43.520239103294536], [10.321888176976508, 43.49571317462431], [10.33142448744343, 43.48403469634086], [10.330446321020137, 43.473835405573816], [10.379101626161091, 43.448867180371785], [10.399852338967294, 43.42235548452509], [10.40498065667801, 43.405192215068226], [10.42549023562366, 43.3991215780911], [10.440744863970293, 43.37076059479092], [10.444221784327091, 43.35421197445672], [10.454786953024588, 43.34464146445821], [10.455187827749064, 43.32862669734063], [10.462952754854042, 43.31815687817881], [10.500501442156509, 43.29182129970377], [10.521373583259072, 43.252118483645724], [10.530324128157597, 43.22214147817984], [10.53843879958246, 43.169617858355956], [10.539777367587437, 43.13413935993065], [10.536571771951808, 43.08394124214847], [10.531808168280516, 43.053251717013225], [10.522048241141132, 43.02054381276472], [10.510878397141639, 43.01146624691567], [10.516062146828093, 42.99908413774571], [10.505988593576097, 42.99036093367], [10.48525759346475, 42.990325724391234], [10.484510056187965, 42.96601787018769], [10.498628590963383, 42.936441961855124], [10.525444202295917, 42.920441680035886], [10.545151917526042, 42.92164967943072], [10.54606625903574, 42.935428260075355], [10.563485656004179, 42.95146338435367], [10.59386153202876, 42.95427709490523], [10.645768283414055, 42.95311535321979], [10.67652452648938, 42.94967601814416], [10.706263575073404, 42.94193060127187], [10.714444854347422, 42.959116603979275], [10.731397422011508, 42.968622539680815], [10.75106166872136, 42.990087790239954], [10.737864193509443, 43.001436846269634], [10.740928500326891, 43.012195916724664], [10.784925058246083, 43.011572050417655], [10.77301306880697, 43.041931911474144], [10.782903978004656, 43.05662684805985], [10.771726282265066, 43.068020254986486], [10.753806784172253, 43.07488847488839], [10.72744238196137, 43.066707471570545], [10.714855812006434, 43.07100449201124], [10.72504540204218, 43.08398201250234], [10.724863212905042, 43.09924157823664], [10.717503302290398, 43.10876087370816]]], [[[10.079652079118201, 42.61935464916133], [10.082867402723709, 42.60411926980508], [10.065977128764004, 42.58722389502401], [10.053533843041373, 42.588994763968074], [10.0521341804565, 42.5738691983245], [10.087566551311749, 42.56819579416144], [10.099933369206738, 42.5746945534659], [10.098257105619258, 42.58852962769469], [10.086891206838866, 42.60143711071009], [10.079652079118201, 42.61935464916133]]], [[[10.26537231849995, 42.74474394753268], [10.269911910601076, 42.73789248018452], [10.289953755983271, 42.73884140054197], [10.290650841131667, 42.7525327596814], [10.34485642650216, 42.763876322673795], [10.37168793385072, 42.73236003788232], [10.377052935519089, 42.719357370403685], [10.398171621451635, 42.71213365823893], [10.409695664928833, 42.71642745968436], [10.42006454345257, 42.70772643298371], [10.431663015906643, 42.71260011187088], [10.434341004048536, 42.72585180692371], [10.42332205363953, 42.74195200054879], [10.411015070720183, 42.74379158741699], [10.40236646652481, 42.75686306083316], [10.388081606414715, 42.761404638143716], [10.431529986467533, 42.774773640164554], [10.434281118344677, 42.802862358474755], [10.428623559547145, 42.816134393368735], [10.442206574270307, 42.84815722238565], [10.408756501290819, 42.871337462252576], [10.390500325897278, 42.85130036608229], [10.379518049195726, 42.82843208109353], [10.359380981897747, 42.812830697861024], [10.358195371168557, 42.799861860291124], [10.34104565526435, 42.796522661890776], [10.317641632701845, 42.80460193353628], [10.316879623203315, 42.819709831651366], [10.274976418467418, 42.81939400013736], [10.265218206623587, 42.79960769387177], [10.248232423754768, 42.799454086677535], [10.241861514677668, 42.78738889167213], [10.222037676399522, 42.7927261370235], [10.206042195235616, 42.807096900594786], [10.136577497029686, 42.80741581911685], [10.10935581138541, 42.79371799764275], [10.103175501933428, 42.783628890999026], [10.103747360234152, 42.7679654588813], [10.122151658900984, 42.74195948077966], [10.152231240741251, 42.72997125715224], [10.187873646294722, 42.735878986631455], [10.20653536980677, 42.73445990227579], [10.23670405044494, 42.72604703587333], [10.237560403529839, 42.747920579890085], [10.26537231849995, 42.74474394753268]]], [[[9.825725602504791, 43.07268679305507], [9.800855398775614, 43.05285701127314], [9.793173698101825, 43.0206009361561], [9.811691807627069, 43.00304964266382], [9.838714741818276, 43.02672376220165], [9.8469669935228, 43.04577586674812], [9.825725602504791, 43.07268679305507]]], [[[9.901799380445757, 43.43933326185424], [9.88976090302846, 43.423012265209934], [9.901666635559529, 43.41992108863886], [9.901799380445757, 43.43933326185424]]], [[[10.313468621056153, 42.35099504960274], [10.298436260269812, 42.35004138355048], [10.288853383691395, 42.326243508138546], [10.29692242396229, 42.31583299253827], [10.316752660297723, 42.31495710985458], [10.329867211948162, 42.322032943875506], [10.325621914348197, 42.34395278897477], [10.313468621056153, 42.35099504960274]]]]}, "properties": {"name": "Livorno", "code": "LI", "region": "Toscana", "name_de": "Livorno"}}, {"type": "Feature", "geometry": {"type": "Polygon", "coordinates": [[[10.71108908731824, 43.78635070595857], [10.692483222542291, 43.800898387270834], [10.667094906351787, 43.80493189063534], [10.645873818374028, 43.795871527136676], [10.636283732079521, 43.774222203092904], [10.62244160298778, 43.75656813857055], [10.589579540733665, 43.76014210082677], [10.552942816759588, 43.751922708252955], [10.526057840541021, 43.76156045440962], [10.500855971017952, 43.75329543601012], [10.495105118320577, 43.758165289330655], [10.45197928623299, 43.76701249109722], [10.43904749987997, 43.78746718071671], [10.452010802098544, 43.80445961503164], [10.435368370413265, 43.812748175280795], [10.42695428435589, 43.83287138330689], [10.38068183300542, 43.81276694790588], [10.320267731772802, 43.822632096673956], [10.30705100581752, 43.82943903373743], [10.257885435528493, 43.81569582326982], [10.27741394180014, 43.73842737283754], [10.276919164350563, 43.7136815697256], [10.282452009168722, 43.69286129703297], [10.269709602352254, 43.67690027590943], [10.28559810217175, 43.64218602023132], [10.292272460546936, 43.594351696352206], [10.298982129524173, 43.58145399213607], [10.306175609811126, 43.5861981350455], [10.36573268451346, 43.603751709626614], [10.409243734271174, 43.620584411590436], [10.433827458048079, 43.63337930420241], [10.470373314953946, 43.63443667369237], [10.500353416044215, 43.62987940608092], [10.49709779012895, 43.60835665573734], [10.485670631021534, 43.58643988735902], [10.47520594879151, 43.58404477571249], [10.479671953747427, 43.56071989701693], [10.464346682804536, 43.54037786999612], [10.473840919143198, 43.50482491518744], [10.491030356664048, 43.470144880984265], [10.49268701558198, 43.45584135289583], [10.506853602991438, 43.43156029665721], [10.501449853545687, 43.41488365545296], [10.490954247789256, 43.40596275555663], [10.49879406309974, 43.39533458599011], [10.507790800168799, 43.36477272220797], [10.53055596296467, 43.367926655526844], [10.535850205735327, 43.348939714970136], [10.531939074035472, 43.3235935082977], [10.540460557047268, 43.31312275522002], [10.561802715777667, 43.308311205962035], [10.566344989812933, 43.297305893710416], [10.616265748974186, 43.28265695906567], [10.651847606071762, 43.28353571471221], [10.684353580721826, 43.3007887512325], [10.697009944716344, 43.29473310568286], [10.696354182687143, 43.28066632785761], [10.66715145861997, 43.26534093886457], [10.671982887417045, 43.24693749092974], [10.671238387358441, 43.221961103501044], [10.687715578358613, 43.219386993907904], [10.690447478815518, 43.208429145711584], [10.68132900643271, 43.196654967209945], [10.644764860859771, 43.19213511510723], [10.648461818954907, 43.17265921402614], [10.663201863720017, 43.17259728724768], [10.66282426889139, 43.14609510133433], [10.688999390285762, 43.14274911150449], [10.703464795105363, 43.12385923755465], [10.71745799127755, 43.124442375534116], [10.717503302290398, 43.10876087370816], [10.74752664908515, 43.12279683178647], [10.75543954417736, 43.15008694384112], [10.769785602558144, 43.144011955955], [10.799694310526222, 43.16244650815671], [10.81802367435047, 43.15129721901038], [10.837448868363886, 43.15696442613883], [10.84529890320027, 43.16482499944511], [10.87514010037084, 43.15714510056946], [10.911537143474503, 43.16262839090117], [10.910899600422738, 43.1804434112812], [10.939354309124468, 43.200182185477686], [10.93811453774371, 43.22741144758674], [10.927711206985808, 43.232152485366015], [10.943047049308955, 43.24642367199635], [10.958507134495767, 43.236293359148306], [10.989795553967552, 43.231971523749294], [10.993473833519841, 43.267016336841635], [10.984311875680007, 43.28842917184719], [10.952061782186972, 43.302045364742874], [10.954025389450043, 43.31678709726656], [10.969780255340895, 43.313626418898465], [10.973258772072437, 43.34436967983962], [10.997709811269345, 43.34404409330913], [11.011864877820521, 43.3622019781817], [10.999745235463442, 43.39773604311433], [10.979218038216903, 43.40664675799886], [10.978723120699529, 43.41955854325711], [10.951509577788247, 43.451440706990965], [10.91943287620127, 43.457134878113145], [10.910843522925967, 43.466289769468844], [10.888855079572854, 43.45956210277653], [10.874041699349615, 43.46005351794457], [10.86067265440411, 43.48715791912806], [10.847215561128788, 43.49742013951004], [10.84580232254684, 43.51070585689079], [10.825330760205077, 43.540747577172525], [10.833963944181374, 43.55548660851335], [10.840306068717046, 43.57981345153095], [10.834435508507115, 43.60464032582655], [10.82240034703927, 43.613914891323425], [10.850090377797512, 43.6266338821477], [10.871112890354105, 43.61665709096254], [10.89020559741795, 43.63983375846528], [10.90298714013789, 43.634714568347235], [10.934047228554839, 43.65773203981272], [10.916275035906208, 43.66235026273013], [10.909008820638638, 43.68039815540436], [10.891276560437943, 43.69290202947666], [10.877219410828882, 43.719199480739896], [10.854683731184878, 43.71906332027843], [10.824514685730968, 43.71283226981919], [10.823563587100354, 43.70357365664545], [10.79799344783538, 43.70469019967374], [10.793201743983333, 43.71828674672861], [10.779450144862823, 43.73620302621199], [10.739601285945056, 43.75308313577501], [10.71607145815204, 43.775775493698305], [10.71108908731824, 43.78635070595857]]]}, "properties": {"name": "Pisa", "code": "PI", "region": "Toscana", "name_de": "Pisa"}}, {"type": "Feature", "geometry": {"type": "MultiPolygon", "coordinates": [[[[11.961246984682312, 43.166907685355675], [11.987846050754765, 43.180832845741016], [12.006424276135117, 43.180525965915585], [12.026053385524794, 43.19034190108627], [12.039042257270626, 43.22884773343311], [12.033837719901332, 43.246021252539485], [12.049598171055564, 43.2527715534452], [12.085921448752385, 43.236334310820546], [12.100856383445992, 43.24101139645793], [12.121822610421045, 43.25519400516217], [12.148771051405951, 43.254751688555466], [12.174705074068857, 43.27308752041104], [12.210063635522662, 43.2827279606869], [12.223708113502322, 43.296262862482116], [12.195082321335502, 43.3142239504759], [12.183162297454732, 43.300835326686325], [12.177310846684431, 43.282017784224756], [12.133834264124653, 43.29252135772187], [12.126833807872334, 43.308175556579975], [12.134322356233726, 43.31624306802425], [12.135430090332148, 43.34065403235318], [12.118769209677568, 43.36435900771241], [12.101061620661838, 43.37261867929126], [12.088996167309258, 43.36624838313568], [12.073026257932668, 43.37041506723192], [12.077786827719715, 43.39799701800422], [12.07096070495525, 43.404995143846314], [12.052104621920465, 43.39831888519763], [12.033664382830379, 43.40023624860141], [12.025210449791935, 43.41557388429967], [12.060503150544202, 43.43840984874804], [12.080287761254503, 43.43384446538628], [12.096577378047577, 43.445648559985436], [12.10455231164047, 43.46058823248858], [12.143244515841328, 43.47029294184471], [12.144825776964026, 43.479574035121416], [12.091212843162442, 43.50296578310757], [12.095345906373415, 43.52179781263637], [12.1027280475681, 43.52993264432839], [12.143101129900463, 43.53406658473027], [12.15323667941088, 43.5287054407653], [12.16266220141282, 43.5613666660541], [12.189793160259777, 43.58661475611707], [12.196268539495454, 43.59929267567575], [12.213832684495852, 43.61088614381951], [12.209575802654891, 43.62126904526821], [12.18966730500061, 43.63288294756282], [12.185508575456431, 43.64182823694129], [12.208290045878456, 43.65088741032721], [12.233343891664248, 43.65649538079958], [12.261383167881936, 43.68050588543504], [12.271551455123205, 43.6765506099755], [12.293353927892822, 43.68461475662193], [12.305766701328102, 43.69793827367576], [12.336244269595047, 43.67813153289437], [12.330116779814407, 43.70704414198259], [12.345696658609667, 43.70898800844047], [12.357324790356024, 43.70202482551905], [12.367377352818291, 43.71565219733094], [12.334574723109766, 43.73992419467235], [12.32707417098214, 43.75100981677612], [12.301364060689941, 43.756014677228336], [12.283780955023417, 43.76491721240244], [12.258026786609523, 43.76042742546586], [12.253098767783412, 43.752632970993744], [12.228089328324812, 43.759596636283334], [12.209292502823955, 43.75505645233998], [12.194632657386748, 43.731924322771306], [12.160047018822546, 43.761688042269476], [12.123577437369459, 43.74915048372766], [12.107443242772554, 43.75377371937857], [12.077060609425697, 43.74065395075143], [12.064590688837072, 43.74290887988362], [12.06039680796726, 43.753625554092864], [12.009565117510432, 43.76465501187306], [11.986510523157142, 43.76192759247721], [11.951462645670915, 43.77757201379106], [11.948284669297454, 43.79038147104506], [11.916980522220744, 43.796137629237556], [11.910378086319703, 43.81343989562988], [11.897594733849456, 43.808210516064904], [11.856060657552266, 43.81590077691467], [11.841673810374619, 43.80802399677731], [11.820910038302532, 43.81603060697692], [11.784168361967314, 43.847648062661904], [11.732021554276123, 43.86338505387151], [11.710166734969004, 43.877445943278914], [11.692016076313593, 43.87270790134492], [11.670404991455422, 43.876832369081995], [11.650107062324627, 43.85867512876839], [11.650939054874325, 43.84434959553376], [11.629107319339939, 43.84506599031681], [11.622528081314195, 43.814727635253476], [11.604819508932957, 43.81022600646243], [11.602176384619147, 43.78386590369442], [11.582945563056857, 43.76810623452168], [11.588955726354618, 43.74860425488836], [11.572303793374086, 43.73495179709808], [11.577142328941752, 43.723570414662724], [11.5937743407869, 43.71600918283827], [11.61109573102517, 43.694411362729085], [11.575779575431667, 43.675540409337074], [11.540190713414656, 43.66203983856239], [11.540514353213613, 43.64354833434824], [11.507957647194592, 43.640607860173915], [11.494233240495094, 43.62321164238032], [11.515994654986716, 43.59670516163858], [11.521507755889894, 43.58109353783038], [11.488758868341314, 43.580050515010626], [11.469975769046732, 43.585626225735545], [11.45154852175275, 43.57717248532892], [11.43915889181145, 43.563553948587845], [11.408041205912978, 43.56071879327859], [11.397508981017268, 43.548244510849784], [11.425159415828158, 43.529718786681485], [11.43587719905122, 43.51161383937904], [11.45976973050786, 43.510493811060634], [11.460141838262457, 43.499861803115735], [11.479006647081777, 43.4793756511151], [11.48927920463617, 43.476910394281965], [11.500688526876381, 43.46170805589781], [11.518644036293813, 43.467398206407694], [11.528480499653599, 43.456934651624394], [11.550632877244007, 43.45957945132824], [11.541983402437449, 43.442625147296866], [11.546411551971733, 43.42623862591454], [11.530478798327458, 43.39932199792727], [11.531876647776162, 43.39199570426351], [11.569212129964058, 43.36305232367136], [11.62601503416363, 43.342708941432036], [11.658915665396247, 43.32093322123243], [11.65860690217737, 43.31438862554748], [11.67805294793039, 43.285524030212414], [11.696831536705238, 43.283740996930575], [11.712812806484324, 43.27658568315757], [11.719686460922755, 43.25459740937178], [11.750056484110862, 43.23524438545501], [11.774921889425963, 43.23805866434846], [11.79585746889601, 43.222079606087846], [11.833729396769053, 43.22446949270794], [11.838381666235332, 43.20535575787392], [11.857643961378342, 43.17790879718455], [11.8873513118301, 43.15709634104153], [11.903418082401771, 43.174498693653305], [11.919491681339263, 43.16776347440416], [11.935479086832439, 43.174940428321996], [11.961246984682312, 43.166907685355675]]], [[[12.224258787733152, 43.80985927727829], [12.218027808886943, 43.80278975595545], [12.169755043524868, 43.80462521762354], [12.187734075964636, 43.773738964808715], [12.240246053105087, 43.79060016548385], [12.232508599118264, 43.807056758114264], [12.224258787733152, 43.80985927727829]]]]}, "properties": {"name": "Arezzo", "code": "AR", "region": "Toscana", "name_de": "Arezzo"}}, {"type": "Feature", "geometry": {"type": "Polygon", "coordinates": [[[10.911537143474503, 43.16262839090117], [10.944517010106212, 43.16152571366597], [10.978201779798601, 43.17620150104162], [11.015608095283522, 43.17857383606498], [11.025022150552998, 43.187619489194965], [11.05706878572668, 43.17738536640094], [11.062479432156557, 43.139649594316026], [11.071118688343626, 43.12348361974835], [11.064766738700605, 43.11079416769233], [11.083446049121562, 43.084027336784345], [11.125423485821587, 43.09105289049336], [11.127605599867154, 43.08559163992607], [11.16650729748033, 43.078477286796065], [11.183049255658878, 43.09012063060768], [11.22423082871081, 43.09016925765616], [11.243894304166886, 43.084872756744716], [11.297986108357717, 43.07738747905365], [11.307223173488099, 43.0874520685681], [11.320443443698352, 43.084939476826406], [11.33241644130365, 43.091611288075825], [11.348959564445687, 43.08244843815153], [11.363919996625434, 43.08112271011722], [11.36569733837387, 43.06091615315854], [11.355123113399499, 43.02943178457416], [11.363355259271778, 43.021184680196534], [11.361090258134526, 43.00998326742791], [11.379101400023044, 42.99820143340221], [11.374737516962092, 42.978545280493364], [11.361686378198959, 42.97838334792248], [11.358015972557826, 42.96747346012407], [11.415153323958496, 42.9599423001959], [11.4540389273575, 42.958424230774284], [11.485539967176207, 42.96368424849218], [11.49732597572157, 42.975574553453654], [11.51910212664106, 42.98091380451955], [11.5384051105384, 42.9636303339264], [11.56830909446547, 42.97041006770504], [11.59522024625194, 42.95137964938154], [11.608803053166962, 42.95169199051678], [11.623026230705523, 42.9295670264054], [11.626796747954945, 42.911613446089184], [11.624769745167416, 42.88810652576864], [11.619685838461459, 42.88140665083602], [11.624604894764612, 42.86516684676423], [11.636214564793127, 42.858463959656824], [11.63222088627671, 42.82719985997552], [11.635219730137456, 42.819756100343405], [11.628337370323498, 42.797051762043495], [11.641337634436676, 42.799696927205545], [11.664853614079348, 42.788346209117606], [11.682249682053227, 42.79001983309152], [11.69728092902382, 42.79809478288934], [11.738226862641126, 42.78978319881394], [11.74601785992857, 42.7857596544892], [11.753349305397183, 42.802236015438744], [11.775874034047321, 42.820673629179346], [11.803285564167808, 42.80119808626421], [11.81369934119374, 42.82267092908837], [11.83287055292987, 42.827414378508706], [11.847437642203165, 42.83765564177715], [11.894965120763246, 42.834669882566736], [11.891888767786366, 42.84288070697271], [11.909228388930286, 42.849147046812305], [11.93329773186595, 42.86934734098203], [11.95859411131263, 42.87432450044346], [11.958798290173082, 42.89156141659877], [11.952084228253106, 42.90098940594731], [11.933493825906721, 42.909914377576555], [11.93909623724309, 42.932516352959716], [11.951666575341777, 42.94840060544977], [11.948553546226202, 42.96196319024159], [11.980821982646829, 43.05636931546026], [11.9565888365665, 43.06867678500588], [11.947840043481019, 43.05549623950155], [11.936380398740788, 43.05563071198292], [11.923135496075949, 43.0800357585703], [11.931214709698146, 43.09091645829575], [11.918985691281168, 43.12013989451102], [11.924029184452776, 43.14777835053108], [11.94033008932617, 43.159128809510136], [11.961246984682312, 43.166907685355675], [11.935479086832439, 43.174940428321996], [11.919491681339263, 43.16776347440416], [11.903418082401771, 43.174498693653305], [11.8873513118301, 43.15709634104153], [11.857643961378342, 43.17790879718455], [11.838381666235332, 43.20535575787392], [11.833729396769053, 43.22446949270794], [11.79585746889601, 43.222079606087846], [11.774921889425963, 43.23805866434846], [11.750056484110862, 43.23524438545501], [11.719686460922755, 43.25459740937178], [11.712812806484324, 43.27658568315757], [11.696831536705238, 43.283740996930575], [11.67805294793039, 43.285524030212414], [11.65860690217737, 43.31438862554748], [11.658915665396247, 43.32093322123243], [11.62601503416363, 43.342708941432036], [11.569212129964058, 43.36305232367136], [11.531876647776162, 43.39199570426351], [11.530478798327458, 43.39932199792727], [11.546411551971733, 43.42623862591454], [11.541983402437449, 43.442625147296866], [11.550632877244007, 43.45957945132824], [11.528480499653599, 43.456934651624394], [11.518644036293813, 43.467398206407694], [11.500688526876381, 43.46170805589781], [11.48927920463617, 43.476910394281965], [11.479006647081777, 43.4793756511151], [11.460141838262457, 43.499861803115735], [11.45976973050786, 43.510493811060634], [11.43587719905122, 43.51161383937904], [11.425159415828158, 43.529718786681485], [11.397508981017268, 43.548244510849784], [11.385916519938199, 43.54722888194458], [11.38038180099279, 43.532517205715436], [11.367163462028694, 43.527526746302236], [11.331256431746702, 43.526441922874795], [11.307246373440865, 43.518222542386155], [11.290795301745913, 43.53239235971043], [11.27240422349268, 43.53048216553976], [11.245150609366378, 43.498264330243444], [11.205509113171868, 43.48058727258328], [11.195680034974131, 43.48799071965661], [11.174881035622075, 43.49091643502415], [11.194438452293722, 43.51495207516922], [11.182957102241355, 43.52214994743722], [11.15961773699256, 43.50715175383958], [11.150552358240763, 43.48736771141015], [11.124727059799444, 43.47558976558709], [11.110353626663475, 43.498834063940016], [11.081204862381911, 43.51462967851268], [11.070607667171952, 43.526887868962454], [11.039401731015715, 43.535768569623876], [11.032822164326392, 43.544651056230876], [10.999844489867122, 43.526886871783304], [10.964370444426574, 43.511556754453565], [10.954094781988791, 43.49484150502143], [10.961205820718854, 43.482103567730846], [10.951509577788247, 43.451440706990965], [10.978723120699529, 43.41955854325711], [10.979218038216903, 43.40664675799886], [10.999745235463442, 43.39773604311433], [11.011864877820521, 43.3622019781817], [10.997709811269345, 43.34404409330913], [10.973258772072437, 43.34436967983962], [10.969780255340895, 43.313626418898465], [10.954025389450043, 43.31678709726656], [10.952061782186972, 43.302045364742874], [10.984311875680007, 43.28842917184719], [10.993473833519841, 43.267016336841635], [10.989795553967552, 43.231971523749294], [10.958507134495767, 43.236293359148306], [10.943047049308955, 43.24642367199635], [10.927711206985808, 43.232152485366015], [10.93811453774371, 43.22741144758674], [10.939354309124468, 43.200182185477686], [10.910899600422738, 43.1804434112812], [10.911537143474503, 43.16262839090117]]]}, "properties": {"name": "Siena", "code": "SI", "region": "Toscana", "name_de": "Siena"}}, {"type": "Feature", "geometry": {"type": "MultiPolygon", "coordinates": [[[[11.44985198639534, 42.37754018126047], [11.450807831843118, 42.395047803425115], [11.476852938151673, 42.41404756917091], [11.481032194157057, 42.433601882760456], [11.488888402081715, 42.43937035650826], [11.518129588374514, 42.43358496834801], [11.543511318154492, 42.44211478359435], [11.554520788376223, 42.43876754527667], [11.617709304356001, 42.43604425110956], [11.616172167898888, 42.48862647498215], [11.592827020304412, 42.49536578833898], [11.580541319969065, 42.508770242547236], [11.560857026110689, 42.5170281357544], [11.570117917026293, 42.53448871067382], [11.58584315756647, 42.54176188823665], [11.57855719816654, 42.56621097371801], [11.589243629522974, 42.57140128897914], [11.605181650507038, 42.567867365026494], [11.643761703181951, 42.5666996891223], [11.65841752085793, 42.57704482667137], [11.68577997134707, 42.58483210737922], [11.67985146801979, 42.59524602816589], [11.700422388008402, 42.60137389221306], [11.710291878922865, 42.610022117493926], [11.733129579825617, 42.60606187741], [11.751830313557972, 42.62559542856614], [11.74975657852777, 42.63964887022539], [11.780886173733109, 42.63468291084056], [11.804776157679273, 42.643999159210196], [11.808941181739822, 42.65866675014054], [11.79993850077995, 42.66845235461018], [11.786191004757594, 42.670593754768646], [11.781442408587939, 42.70745704267993], [11.801555697526368, 42.707191578337714], [11.808809051484658, 42.731303666725914], [11.818944108716895, 42.74290413326728], [11.80864374370872, 42.75317244861734], [11.77941952196435, 42.758017663939654], [11.76452663930407, 42.778971495796675], [11.74601785992857, 42.7857596544892], [11.738226862641126, 42.78978319881394], [11.69728092902382, 42.79809478288934], [11.682249682053227, 42.79001983309152], [11.664853614079348, 42.788346209117606], [11.641337634436676, 42.799696927205545], [11.628337370323498, 42.797051762043495], [11.635219730137456, 42.819756100343405], [11.63222088627671, 42.82719985997552], [11.636214564793127, 42.858463959656824], [11.624604894764612, 42.86516684676423], [11.619685838461459, 42.88140665083602], [11.624769745167416, 42.88810652576864], [11.626796747954945, 42.911613446089184], [11.623026230705523, 42.9295670264054], [11.608803053166962, 42.95169199051678], [11.59522024625194, 42.95137964938154], [11.56830909446547, 42.97041006770504], [11.5384051105384, 42.9636303339264], [11.51910212664106, 42.98091380451955], [11.49732597572157, 42.975574553453654], [11.485539967176207, 42.96368424849218], [11.4540389273575, 42.958424230774284], [11.415153323958496, 42.9599423001959], [11.358015972557826, 42.96747346012407], [11.361686378198959, 42.97838334792248], [11.374737516962092, 42.978545280493364], [11.379101400023044, 42.99820143340221], [11.361090258134526, 43.00998326742791], [11.363355259271778, 43.021184680196534], [11.355123113399499, 43.02943178457416], [11.36569733837387, 43.06091615315854], [11.363919996625434, 43.08112271011722], [11.348959564445687, 43.08244843815153], [11.33241644130365, 43.091611288075825], [11.320443443698352, 43.084939476826406], [11.307223173488099, 43.0874520685681], [11.297986108357717, 43.07738747905365], [11.243894304166886, 43.084872756744716], [11.22423082871081, 43.09016925765616], [11.183049255658878, 43.09012063060768], [11.16650729748033, 43.078477286796065], [11.127605599867154, 43.08559163992607], [11.125423485821587, 43.09105289049336], [11.083446049121562, 43.084027336784345], [11.064766738700605, 43.11079416769233], [11.071118688343626, 43.12348361974835], [11.062479432156557, 43.139649594316026], [11.05706878572668, 43.17738536640094], [11.025022150552998, 43.187619489194965], [11.015608095283522, 43.17857383606498], [10.978201779798601, 43.17620150104162], [10.944517010106212, 43.16152571366597], [10.911537143474503, 43.16262839090117], [10.87514010037084, 43.15714510056946], [10.84529890320027, 43.16482499944511], [10.837448868363886, 43.15696442613883], [10.81802367435047, 43.15129721901038], [10.799694310526222, 43.16244650815671], [10.769785602558144, 43.144011955955], [10.75543954417736, 43.15008694384112], [10.74752664908515, 43.12279683178647], [10.717503302290398, 43.10876087370816], [10.724863212905042, 43.09924157823664], [10.72504540204218, 43.08398201250234], [10.714855812006434, 43.07100449201124], [10.72744238196137, 43.066707471570545], [10.753806784172253, 43.07488847488839], [10.771726282265066, 43.068020254986486], [10.782903978004656, 43.05662684805985], [10.77301306880697, 43.041931911474144], [10.784925058246083, 43.011572050417655], [10.740928500326891, 43.012195916724664], [10.737864193509443, 43.001436846269634], [10.75106166872136, 42.990087790239954], [10.731397422011508, 42.968622539680815], [10.714444854347422, 42.959116603979275], [10.706263575073404, 42.94193060127187], [10.754287443534519, 42.92158633266239], [10.77549249471678, 42.90703840821922], [10.786623989436103, 42.88836921166514], [10.772204078295825, 42.872420704422844], [10.769855948707752, 42.862551608875116], [10.776017609807568, 42.84371240218935], [10.764770456992743, 42.815833677258276], [10.742881779401612, 42.79820773071069], [10.784965355463772, 42.77483344780151], [10.813236019077005, 42.77440311072261], [10.846454044196092, 42.7689936011848], [10.920868622137553, 42.75028925268348], [10.95154518277184, 42.73689365593148], [10.980254123491868, 42.71570773190993], [10.990916664957219, 42.70006244590668], [11.013565603766068, 42.657021636246284], [11.07080279880946, 42.635433665475134], [11.086222523022693, 42.625822035348946], [11.082466522282274, 42.613472356973304], [11.099390469560996, 42.60454545309205], [11.109542182618545, 42.57864247161226], [11.122715534001019, 42.55848468491052], [11.158172324298086, 42.56205138924133], [11.178189820498254, 42.539283636226166], [11.189384672792613, 42.519886992677435], [11.19207083501031, 42.50134565095842], [11.186826849364575, 42.47115456087572], [11.178614807557665, 42.452796616132154], [11.156852611722144, 42.4340221280519], [11.122354852877992, 42.43470679970415], [11.103529541174591, 42.44659878702412], [11.08855535280337, 42.42725847642261], [11.09047956980864, 42.40893403005259], [11.09806825831378, 42.393252006463456], [11.126098554394334, 42.38640457100352], [11.15089552133595, 42.370893417468224], [11.165707842810878, 42.368003242786095], [11.188137825152626, 42.37201712048875], [11.191957396610466, 42.37935525422856], [11.212516838400663, 42.38719107526855], [11.21024986725909, 42.40855677176367], [11.25265638844865, 42.41954179605705], [11.279116615671574, 42.4160512612478], [11.289860227968019, 42.40545395245513], [11.30409720311522, 42.407496405506876], [11.381135424556605, 42.395387385267796], [11.44985198639534, 42.37754018126047]]], [[[10.886903977100776, 42.38936352244198], [10.88158733608778, 42.367623598822824], [10.865675222699966, 42.364436842988944], [10.866778851893676, 42.354341631055135], [10.882941194995452, 42.350947813576944], [10.904895369656723, 42.3259322452688], [10.920862559408725, 42.31812584231876], [10.931630434679162, 42.338693771571215], [10.906931741687139, 42.38035054795734], [10.886903977100776, 42.38936352244198]]]]}, "properties": {"name": "Grosseto", "code": "GR", "region": "Toscana", "name_de": "Grosseto"}}, {"type": "Feature", "geometry": {"type": "MultiPolygon", "coordinates": [[[[12.896337521900788, 42.616442828845855], [12.930122751129419, 42.602882292374154], [12.937451514948979, 42.61535720192663], [12.953388667539825, 42.61902127360896], [13.004317775108376, 42.615237360676936], [13.023378543811633, 42.638766370029586], [13.037871937470008, 42.62737008945127], [13.058573747249861, 42.622842289156004], [13.109528869733557, 42.64225791266479], [13.116837825323636, 42.65709866184582], [13.131078829385977, 42.658079673438095], [13.146551423859666, 42.64698518758919], [13.173554275926278, 42.665374736056386], [13.17946637902072, 42.68340385747887], [13.173334867092581, 42.687313914942656], [13.189238462733572, 42.70807677833763], [13.189209909626415, 42.73358686128668], [13.198924841646907, 42.748045278086884], [13.19533136132135, 42.761977993262065], [13.216185998600745, 42.771173086978244], [13.245617073691207, 42.76776540256013], [13.250796084310807, 42.78869948561348], [13.264029084760987, 42.808243684575835], [13.255296493538633, 42.82258293160704], [13.248058470490507, 42.84889448547471], [13.235253310630453, 42.86769995579697], [13.232210885135219, 42.85623367255983], [13.210800683022999, 42.84147584394947], [13.18805683722553, 42.834653845589926], [13.15429817932237, 42.83541861214453], [13.140408929554983, 42.855068473006476], [13.121747538643122, 42.87389848345168], [13.112248684827245, 42.88933184766667], [13.081185817185306, 42.899665183580154], [13.054705136634626, 42.919438741866784], [13.024946050004322, 42.902573654109375], [12.996984014569193, 42.90326974889395], [13.000129742565596, 42.890777715212685], [12.990364245400125, 42.872141623732176], [12.976154918743942, 42.869803443045086], [12.969056143978337, 42.90366495887038], [12.976787223906632, 42.92568003825685], [12.949334930234734, 42.92995884012509], [12.925991360795466, 42.954513916173205], [12.895822070507807, 42.964592015074615], [12.908166385591155, 42.98487047891731], [12.888539394054504, 43.01222578749923], [12.906604395048669, 43.03549518283299], [12.892135736989728, 43.04771676842612], [12.88993480927263, 43.058884072287334], [12.897221714672524, 43.091723520429724], [12.885026190521305, 43.09964328373662], [12.883406252109964, 43.11703003217339], [12.875466372959595, 43.12344449733621], [12.843003018875677, 43.12234421476787], [12.833749469107453, 43.14765774519574], [12.850772229897848, 43.1532301054501], [12.862635100297256, 43.16738819038408], [12.86819921886344, 43.19505689734775], [12.862344817930078, 43.21125200738112], [12.836604773462021, 43.21753429715102], [12.8257453281414, 43.24848013881359], [12.82349549278939, 43.26684202590504], [12.803681804288514, 43.27125543585605], [12.789238655616401, 43.28290881788528], [12.799589896084552, 43.29078053073262], [12.802427387825073, 43.30470913670011], [12.794108068869573, 43.33404796774332], [12.759341455625089, 43.364354064234135], [12.749611113518313, 43.380878989689265], [12.751397725238753, 43.39500608623212], [12.771717336375586, 43.40095496936022], [12.780839177057603, 43.41481409034439], [12.76591229864488, 43.426038765839955], [12.767446102401285, 43.45984788323254], [12.734616211800155, 43.46434458580205], [12.715265426602539, 43.4460854932369], [12.708812508608416, 43.42584235237626], [12.686501657316478, 43.4287113479855], [12.663176593427977, 43.43683082556802], [12.621963352910054, 43.42467640349527], [12.604760707817103, 43.437982925869214], [12.584193940621848, 43.445927465398405], [12.562858094623861, 43.46112198690292], [12.52418452992818, 43.49616103033418], [12.517747236797153, 43.508072819355746], [12.484045455673668, 43.52723419723634], [12.473554302806104, 43.518605552708266], [12.457519912441976, 43.516813637421556], [12.437908149142224, 43.537673531470496], [12.416513866354874, 43.53360517838932], [12.39904499779886, 43.51321936751903], [12.36488811144434, 43.53258356069634], [12.34967681120011, 43.52178332306759], [12.33323973618084, 43.5235804728778], [12.312906823049843, 43.54309686417492], [12.31979391304628, 43.553167346547085], [12.340848439304429, 43.552673996551384], [12.366927548405673, 43.57721419173641], [12.361792359345133, 43.595185976337966], [12.371296963586925, 43.61116541133346], [12.357118154644427, 43.61717902170316], [12.350119338395995, 43.607877829337085], [12.334449220589747, 43.609904653243106], [12.311105952763961, 43.599189434693976], [12.305540965884536, 43.58892746825445], [12.272089953352753, 43.593872558868014], [12.26146452561508, 43.58889604366985], [12.225045289093668, 43.59435436531626], [12.213832684495852, 43.61088614381951], [12.196268539495454, 43.59929267567575], [12.189793160259777, 43.58661475611707], [12.16266220141282, 43.5613666660541], [12.15323667941088, 43.5287054407653], [12.143101129900463, 43.53406658473027], [12.1027280475681, 43.52993264432839], [12.095345906373415, 43.52179781263637], [12.091212843162442, 43.50296578310757], [12.144825776964026, 43.479574035121416], [12.143244515841328, 43.47029294184471], [12.10455231164047, 43.46058823248858], [12.096577378047577, 43.445648559985436], [12.080287761254503, 43.43384446538628], [12.060503150544202, 43.43840984874804], [12.025210449791935, 43.41557388429967], [12.033664382830379, 43.40023624860141], [12.052104621920465, 43.39831888519763], [12.07096070495525, 43.404995143846314], [12.077786827719715, 43.39799701800422], [12.073026257932668, 43.37041506723192], [12.088996167309258, 43.36624838313568], [12.101061620661838, 43.37261867929126], [12.118769209677568, 43.36435900771241], [12.135430090332148, 43.34065403235318], [12.134322356233726, 43.31624306802425], [12.126833807872334, 43.308175556579975], [12.133834264124653, 43.29252135772187], [12.177310846684431, 43.282017784224756], [12.183162297454732, 43.300835326686325], [12.195082321335502, 43.3142239504759], [12.223708113502322, 43.296262862482116], [12.210063635522662, 43.2827279606869], [12.174705074068857, 43.27308752041104], [12.148771051405951, 43.254751688555466], [12.121822610421045, 43.25519400516217], [12.100856383445992, 43.24101139645793], [12.085921448752385, 43.236334310820546], [12.049598171055564, 43.2527715534452], [12.033837719901332, 43.246021252539485], [12.039042257270626, 43.22884773343311], [12.026053385524794, 43.19034190108627], [12.006424276135117, 43.180525965915585], [11.987846050754765, 43.180832845741016], [11.961246984682312, 43.166907685355675], [11.94033008932617, 43.159128809510136], [11.924029184452776, 43.14777835053108], [11.918985691281168, 43.12013989451102], [11.931214709698146, 43.09091645829575], [11.923135496075949, 43.0800357585703], [11.936380398740788, 43.05563071198292], [11.947840043481019, 43.05549623950155], [11.9565888365665, 43.06867678500588], [11.980821982646829, 43.05636931546026], [11.948553546226202, 42.96196319024159], [11.951666575341777, 42.94840060544977], [11.93909623724309, 42.932516352959716], [11.933493825906721, 42.909914377576555], [11.952084228253106, 42.90098940594731], [11.966668290381241, 42.9121033081383], [11.998428371526504, 42.90933717868936], [11.98315858801459, 42.89110866161726], [11.974694575266666, 42.88980736593369], [11.95859411131263, 42.87432450044346], [11.93329773186595, 42.86934734098203], [11.936892874501098, 42.862740292613516], [11.95839499529598, 42.86347830148032], [12.01493264001293, 42.88002870524397], [12.009828443106613, 42.89235490472677], [12.01542336902973, 42.90886538871094], [12.027587369394908, 42.924094381854985], [12.049757195071779, 42.93586811669664], [12.061471653703395, 42.93415620032554], [12.089459625596227, 42.94139348270085], [12.1306810179699, 42.940947733425894], [12.17246467166721, 42.93351135090501], [12.187367078125353, 42.938481417565065], [12.202090102462114, 42.935990152112815], [12.21260116028277, 42.924048538063964], [12.23315079647248, 42.92142552770763], [12.266992511320247, 42.92487113922777], [12.292351943444556, 42.915441405926316], [12.316926150666045, 42.91535996909414], [12.319953169084489, 42.89116985143004], [12.329537604817826, 42.877909109220944], [12.322740609342757, 42.86285210727337], [12.327284340323592, 42.85037988714974], [12.314502790527394, 42.83436804798697], [12.299913575697277, 42.79590759547143], [12.299851577298368, 42.78104723806131], [12.291215725820189, 42.76741015355276], [12.297307474041851, 42.74894267269859], [12.315631866543674, 42.74084051465963], [12.332550271920816, 42.750928878718696], [12.359825980266548, 42.71917009412637], [12.37450222113104, 42.710553309889036], [12.368705939639744, 42.68693046575002], [12.396362658318557, 42.67673057572946], [12.40164698974662, 42.69952968588032], [12.413799225709043, 42.69689417025297], [12.415603954491695, 42.680700277725535], [12.450138937875458, 42.702282535980004], [12.46252669848606, 42.70470409185419], [12.495009029670411, 42.73457345870848], [12.51519871901783, 42.72912404855653], [12.515428632323822, 42.718757784333654], [12.532079601390757, 42.71124873500638], [12.543993010810537, 42.71569295913785], [12.573312552204005, 42.71377681557398], [12.580500009747437, 42.719296654605316], [12.576622627954583, 42.738862165924], [12.591032826849283, 42.74877429367439], [12.603621786755973, 42.74137772313456], [12.616877119513763, 42.70754995755673], [12.595860203094102, 42.711138876291336], [12.579885067234265, 42.705548709378235], [12.583596591359498, 42.68859039740236], [12.613261772374205, 42.694369759358935], [12.622231517138866, 42.67348933597023], [12.659371822054288, 42.66063806904282], [12.67559095128332, 42.643852309894584], [12.698024970173453, 42.63716418547159], [12.714486876821558, 42.616907555248105], [12.719388367247035, 42.597547201645234], [12.736260131039824, 42.611259851041154], [12.733817328367222, 42.62414330714959], [12.751800379029076, 42.634053639280374], [12.775062416146387, 42.635967032270855], [12.791786318458092, 42.66204305246439], [12.80806302018221, 42.65686531953342], [12.828089034052343, 42.67103079257676], [12.861254710284923, 42.665112419352624], [12.892308270716681, 42.63546363635474], [12.884311168654605, 42.624917326329616], [12.896337521900788, 42.616442828845855]]], [[[12.40780556538273, 43.602136242994085], [12.424592918986166, 43.59252419301494], [12.430628737427103, 43.60640433555553], [12.40780556538273, 43.602136242994085]]]]}, "properties": {"name": "Perugia", "code": "PG", "region": "Umbria", "name_de": "Perugia"}}, {"type": "Feature", "geometry": {"type": "MultiPolygon", "coordinates": [[[[12.896337521900788, 42.616442828845855], [12.884311168654605, 42.624917326329616], [12.892308270716681, 42.63546363635474], [12.861254710284923, 42.665112419352624], [12.828089034052343, 42.67103079257676], [12.80806302018221, 42.65686531953342], [12.791786318458092, 42.66204305246439], [12.775062416146387, 42.635967032270855], [12.751800379029076, 42.634053639280374], [12.733817328367222, 42.62414330714959], [12.736260131039824, 42.611259851041154], [12.719388367247035, 42.597547201645234], [12.714486876821558, 42.616907555248105], [12.698024970173453, 42.63716418547159], [12.67559095128332, 42.643852309894584], [12.659371822054288, 42.66063806904282], [12.622231517138866, 42.67348933597023], [12.613261772374205, 42.694369759358935], [12.583596591359498, 42.68859039740236], [12.579885067234265, 42.705548709378235], [12.595860203094102, 42.711138876291336], [12.616877119513763, 42.70754995755673], [12.603621786755973, 42.74137772313456], [12.591032826849283, 42.74877429367439], [12.576622627954583, 42.738862165924], [12.580500009747437, 42.719296654605316], [12.573312552204005, 42.71377681557398], [12.543993010810537, 42.71569295913785], [12.532079601390757, 42.71124873500638], [12.515428632323822, 42.718757784333654], [12.51519871901783, 42.72912404855653], [12.495009029670411, 42.73457345870848], [12.46252669848606, 42.70470409185419], [12.450138937875458, 42.702282535980004], [12.415603954491695, 42.680700277725535], [12.413799225709043, 42.69689417025297], [12.40164698974662, 42.69952968588032], [12.396362658318557, 42.67673057572946], [12.368705939639744, 42.68693046575002], [12.37450222113104, 42.710553309889036], [12.359825980266548, 42.71917009412637], [12.332550271920816, 42.750928878718696], [12.315631866543674, 42.74084051465963], [12.297307474041851, 42.74894267269859], [12.291215725820189, 42.76741015355276], [12.299851577298368, 42.78104723806131], [12.299913575697277, 42.79590759547143], [12.314502790527394, 42.83436804798697], [12.327284340323592, 42.85037988714974], [12.322740609342757, 42.86285210727337], [12.329537604817826, 42.877909109220944], [12.319953169084489, 42.89116985143004], [12.316926150666045, 42.91535996909414], [12.292351943444556, 42.915441405926316], [12.266992511320247, 42.92487113922777], [12.23315079647248, 42.92142552770763], [12.21260116028277, 42.924048538063964], [12.202090102462114, 42.935990152112815], [12.187367078125353, 42.938481417565065], [12.17246467166721, 42.93351135090501], [12.1306810179699, 42.940947733425894], [12.089459625596227, 42.94139348270085], [12.061471653703395, 42.93415620032554], [12.049757195071779, 42.93586811669664], [12.027587369394908, 42.924094381854985], [12.01542336902973, 42.90886538871094], [12.009828443106613, 42.89235490472677], [12.01493264001293, 42.88002870524397], [11.95839499529598, 42.86347830148032], [11.936892874501098, 42.862740292613516], [11.93329773186595, 42.86934734098203], [11.909228388930286, 42.849147046812305], [11.891888767786366, 42.84288070697271], [11.894965120763246, 42.834669882566736], [11.903939965440008, 42.832151740077336], [11.907920579554185, 42.81684670131165], [11.925320088900067, 42.78379813255921], [11.979481851528892, 42.764585325193615], [11.978301611532176, 42.7514695729377], [11.960586654899531, 42.7281530203749], [11.94538182323366, 42.72529024996888], [11.92654306612585, 42.703572941056386], [11.948764350586485, 42.696010808279986], [11.941059394941593, 42.683666710111034], [11.977979596573434, 42.67552682252637], [12.029934804868782, 42.650157615150704], [12.094508629610619, 42.65548890592098], [12.106734258049164, 42.664672632616856], [12.117199717689571, 42.65097410535875], [12.132326791106559, 42.66166805562609], [12.140774526263604, 42.656302482610684], [12.16092755243055, 42.67669035941293], [12.197280584856289, 42.66384550854029], [12.226918704883419, 42.64347857932623], [12.225652362857396, 42.63554868533235], [12.243340616409421, 42.62809172985628], [12.229194600919511, 42.61040198507376], [12.24613742570292, 42.60088439636652], [12.2358540090841, 42.58331090875449], [12.242205145540439, 42.569489421150365], [12.261559631718066, 42.560686988029545], [12.275043311117134, 42.559914796633194], [12.27899900585807, 42.54882063510463], [12.26716929248984, 42.53261767170185], [12.279227105256828, 42.50650209174598], [12.289790666743889, 42.50896786582668], [12.316442080204416, 42.48838006401246], [12.324921320440092, 42.49487843506512], [12.338907613300485, 42.48787067490904], [12.351225579377545, 42.47365330146908], [12.401796297323001, 42.49909398675952], [12.427825180213157, 42.486940491744335], [12.41365052430099, 42.479107001763076], [12.412747604206613, 42.45262488861744], [12.422269540701635, 42.421603943165714], [12.464297711844988, 42.428426061351], [12.458636317950603, 42.406558205103785], [12.444693806113522, 42.3988164341585], [12.466255889688734, 42.394888895097495], [12.488055130151452, 42.39867505784283], [12.511129430169598, 42.40356674103982], [12.514098016998505, 42.377656728120854], [12.529999210926997, 42.36423120409706], [12.552161680343856, 42.381769023709666], [12.57502297546801, 42.387563574038815], [12.614891055940731, 42.41448174841636], [12.610989313480701, 42.42797130038529], [12.619514643437071, 42.45190640526501], [12.621374634737744, 42.468667329735155], [12.642612601019266, 42.46422295444229], [12.6498556548124, 42.44309094878169], [12.665982781062585, 42.44097335195175], [12.690647657573164, 42.44938686982266], [12.702784550862459, 42.46089742966357], [12.724693968306251, 42.460406307116656], [12.741568091100568, 42.47053250287632], [12.716775786152805, 42.48996094852641], [12.711133827418559, 42.500797029967664], [12.72758699214973, 42.50913922345496], [12.773542706748898, 42.51309398241815], [12.773202346053736, 42.5312799413716], [12.820352388232289, 42.53593320979406], [12.857680584585056, 42.55611441985768], [12.892729024243579, 42.563497433896494], [12.893442808015571, 42.57942092439405], [12.880089879635921, 42.60236178249888], [12.896337521900788, 42.616442828845855]]], [[[11.952084228253106, 42.90098940594731], [11.958798290173082, 42.89156141659877], [11.95859411131263, 42.87432450044346], [11.974694575266666, 42.88980736593369], [11.98315858801459, 42.89110866161726], [11.998428371526504, 42.90933717868936], [11.966668290381241, 42.9121033081383], [11.952084228253106, 42.90098940594731]]]]}, "properties": {"name": "Terni", "code": "TR", "region": "Umbria", "name_de": "Terni"}}, {"type": "Feature", "geometry": {"type": "MultiPolygon", "coordinates": [[[[11.894965120763246, 42.834669882566736], [11.847437642203165, 42.83765564177715], [11.83287055292987, 42.827414378508706], [11.81369934119374, 42.82267092908837], [11.803285564167808, 42.80119808626421], [11.775874034047321, 42.820673629179346], [11.753349305397183, 42.802236015438744], [11.74601785992857, 42.7857596544892], [11.76452663930407, 42.778971495796675], [11.77941952196435, 42.758017663939654], [11.80864374370872, 42.75317244861734], [11.818944108716895, 42.74290413326728], [11.808809051484658, 42.731303666725914], [11.801555697526368, 42.707191578337714], [11.781442408587939, 42.70745704267993], [11.786191004757594, 42.670593754768646], [11.79993850077995, 42.66845235461018], [11.808941181739822, 42.65866675014054], [11.804776157679273, 42.643999159210196], [11.780886173733109, 42.63468291084056], [11.74975657852777, 42.63964887022539], [11.751830313557972, 42.62559542856614], [11.733129579825617, 42.60606187741], [11.710291878922865, 42.610022117493926], [11.700422388008402, 42.60137389221306], [11.67985146801979, 42.59524602816589], [11.68577997134707, 42.58483210737922], [11.65841752085793, 42.57704482667137], [11.643761703181951, 42.5666996891223], [11.605181650507038, 42.567867365026494], [11.589243629522974, 42.57140128897914], [11.57855719816654, 42.56621097371801], [11.58584315756647, 42.54176188823665], [11.570117917026293, 42.53448871067382], [11.560857026110689, 42.5170281357544], [11.580541319969065, 42.508770242547236], [11.592827020304412, 42.49536578833898], [11.616172167898888, 42.48862647498215], [11.617709304356001, 42.43604425110956], [11.554520788376223, 42.43876754527667], [11.543511318154492, 42.44211478359435], [11.518129588374514, 42.43358496834801], [11.488888402081715, 42.43937035650826], [11.481032194157057, 42.433601882760456], [11.476852938151673, 42.41404756917091], [11.450807831843118, 42.395047803425115], [11.44985198639534, 42.37754018126047], [11.49253863029616, 42.36357136660513], [11.562410480748207, 42.335046468188324], [11.598073217344027, 42.31317329972476], [11.631939327183964, 42.295202028086315], [11.665353731375108, 42.267590734047], [11.679634699117889, 42.24740138953468], [11.694061873946884, 42.23557186135738], [11.705847987815192, 42.218764497592986], [11.720843055294814, 42.189215537932135], [11.739830422123296, 42.1685238256805], [11.733766964828694, 42.158058104284066], [11.772231053736409, 42.16382535724283], [11.803606695737015, 42.155790572817146], [11.82280759287945, 42.146485232194664], [11.831021107971976, 42.15730511360767], [11.828011356122369, 42.16689793134159], [11.8663989254379, 42.19713392067179], [11.87347726540244, 42.218690618796956], [11.897625105920834, 42.23740760131538], [11.913141605447997, 42.233340147345466], [11.95504618974155, 42.21213257745874], [11.974368058029654, 42.21101158765313], [11.986489702101828, 42.19403167001407], [12.002266234239382, 42.15846364969207], [12.034751291475713, 42.15157929111196], [12.055808982239748, 42.15481548360689], [12.05772723029056, 42.16405713408525], [12.116517962707949, 42.16095221780802], [12.139485440284975, 42.14929878286264], [12.168848620325381, 42.175301673335106], [12.195491858744223, 42.178498370141476], [12.215740516589534, 42.18673627685897], [12.23527442336046, 42.17715254946959], [12.271424278143927, 42.181916232721505], [12.306621433951646, 42.159668342254804], [12.30253631854352, 42.153514258275145], [12.329549369749182, 42.146258171660925], [12.373741123079922, 42.18083176593132], [12.371798556576174, 42.211518574764234], [12.386770929587593, 42.216632876762816], [12.397798897371974, 42.231807947781704], [12.419318378937282, 42.234589462572984], [12.420633500899557, 42.20751368736616], [12.411494522382613, 42.18220379705853], [12.425907389085506, 42.18131004544757], [12.435251214385922, 42.20030095904496], [12.462140248398569, 42.20736167081738], [12.470284151358413, 42.23245880465586], [12.483768201701618, 42.24136480426041], [12.477101777295308, 42.24827125254053], [12.490529435412457, 42.269780019884415], [12.50070690617448, 42.27153598591744], [12.519593754586445, 42.294761698610124], [12.489116055843946, 42.29622444110049], [12.476190611209923, 42.313708054170085], [12.48342106817287, 42.32406868196676], [12.46772415257752, 42.32875014454246], [12.454649313076533, 42.35742848872275], [12.456200001626408, 42.38189641211782], [12.438253078253782, 42.38394494533643], [12.444693806113522, 42.3988164341585], [12.458636317950603, 42.406558205103785], [12.464297711844988, 42.428426061351], [12.422269540701635, 42.421603943165714], [12.412747604206613, 42.45262488861744], [12.41365052430099, 42.479107001763076], [12.427825180213157, 42.486940491744335], [12.401796297323001, 42.49909398675952], [12.351225579377545, 42.47365330146908], [12.338907613300485, 42.48787067490904], [12.324921320440092, 42.49487843506512], [12.316442080204416, 42.48838006401246], [12.289790666743889, 42.50896786582668], [12.279227105256828, 42.50650209174598], [12.26716929248984, 42.53261767170185], [12.27899900585807, 42.54882063510463], [12.275043311117134, 42.559914796633194], [12.261559631718066, 42.560686988029545], [12.242205145540439, 42.569489421150365], [12.2358540090841, 42.58331090875449], [12.24613742570292, 42.60088439636652], [12.229194600919511, 42.61040198507376], [12.243340616409421, 42.62809172985628], [12.225652362857396, 42.63554868533235], [12.226918704883419, 42.64347857932623], [12.197280584856289, 42.66384550854029], [12.16092755243055, 42.67669035941293], [12.140774526263604, 42.656302482610684], [12.132326791106559, 42.66166805562609], [12.117199717689571, 42.65097410535875], [12.106734258049164, 42.664672632616856], [12.094508629610619, 42.65548890592098], [12.029934804868782, 42.650157615150704], [11.977979596573434, 42.67552682252637], [11.941059394941593, 42.683666710111034], [11.948764350586485, 42.696010808279986], [11.92654306612585, 42.703572941056386], [11.94538182323366, 42.72529024996888], [11.960586654899531, 42.7281530203749], [11.978301611532176, 42.7514695729377], [11.979481851528892, 42.764585325193615], [11.925320088900067, 42.78379813255921], [11.907920579554185, 42.81684670131165], [11.903939965440008, 42.832151740077336], [11.894965120763246, 42.834669882566736]]], [[[12.488055130151452, 42.39867505784283], [12.466255889688734, 42.394888895097495], [12.474461801166576, 42.38748479844112], [12.488055130151452, 42.39867505784283]]]]}, "properties": {"name": "Viterbo", "code": "VT", "region": "Lazio", "name_de": "Viterbo"}}, {"type": "Feature", "geometry": {"type": "Polygon", "coordinates": [[[13.189209909626415, 42.73358686128668], [13.189238462733572, 42.70807677833763], [13.173334867092581, 42.687313914942656], [13.17946637902072, 42.68340385747887], [13.173554275926278, 42.665374736056386], [13.146551423859666, 42.64698518758919], [13.131078829385977, 42.658079673438095], [13.116837825323636, 42.65709866184582], [13.109528869733557, 42.64225791266479], [13.058573747249861, 42.622842289156004], [13.037871937470008, 42.62737008945127], [13.023378543811633, 42.638766370029586], [13.004317775108376, 42.615237360676936], [12.953388667539825, 42.61902127360896], [12.937451514948979, 42.61535720192663], [12.930122751129419, 42.602882292374154], [12.896337521900788, 42.616442828845855], [12.880089879635921, 42.60236178249888], [12.893442808015571, 42.57942092439405], [12.892729024243579, 42.563497433896494], [12.857680584585056, 42.55611441985768], [12.820352388232289, 42.53593320979406], [12.773202346053736, 42.5312799413716], [12.773542706748898, 42.51309398241815], [12.72758699214973, 42.50913922345496], [12.711133827418559, 42.500797029967664], [12.716775786152805, 42.48996094852641], [12.741568091100568, 42.47053250287632], [12.724693968306251, 42.460406307116656], [12.702784550862459, 42.46089742966357], [12.690647657573164, 42.44938686982266], [12.665982781062585, 42.44097335195175], [12.6498556548124, 42.44309094878169], [12.642612601019266, 42.46422295444229], [12.621374634737744, 42.468667329735155], [12.619514643437071, 42.45190640526501], [12.610989313480701, 42.42797130038529], [12.614891055940731, 42.41448174841636], [12.57502297546801, 42.387563574038815], [12.552161680343856, 42.381769023709666], [12.529999210926997, 42.36423120409706], [12.514098016998505, 42.377656728120854], [12.511129430169598, 42.40356674103982], [12.488055130151452, 42.39867505784283], [12.474461801166576, 42.38748479844112], [12.466255889688734, 42.394888895097495], [12.444693806113522, 42.3988164341585], [12.438253078253782, 42.38394494533643], [12.456200001626408, 42.38189641211782], [12.454649313076533, 42.35742848872275], [12.46772415257752, 42.32875014454246], [12.48342106817287, 42.32406868196676], [12.476190611209923, 42.313708054170085], [12.489116055843946, 42.29622444110049], [12.519593754586445, 42.294761698610124], [12.535460755575674, 42.29601433135307], [12.557274480886392, 42.28963903538854], [12.562501110830942, 42.27141359588844], [12.576225126271256, 42.27463272948213], [12.581651551416167, 42.26400448553083], [12.605047890693594, 42.274318953588754], [12.605440271239798, 42.2604397451234], [12.632529936478097, 42.24436180415116], [12.641743444975189, 42.23327740619112], [12.637232855146278, 42.2080056066914], [12.613185636840011, 42.20196821569366], [12.61364415226131, 42.18109475552772], [12.645259843500254, 42.164411854541115], [12.656563034422065, 42.15104464119045], [12.672390359795548, 42.15905670847132], [12.705639590980624, 42.15202066328702], [12.719841742967391, 42.1625155627773], [12.737320768574989, 42.166708825595286], [12.768188926606115, 42.188393200494176], [12.795185165986306, 42.1806046556126], [12.781286776023514, 42.166711293988044], [12.819094351629689, 42.15219822702859], [12.849543363159475, 42.14331834521363], [12.86678749041105, 42.103645338216545], [12.895920242983177, 42.100353334255516], [12.911115250093426, 42.11461502625654], [12.930193170967387, 42.108857890174576], [12.94861391710812, 42.08934160447586], [12.956808915955406, 42.0972913340925], [12.967376596984886, 42.120052289178716], [12.97841336587958, 42.13040582438994], [12.993300794684558, 42.12914620404989], [13.01666909001275, 42.11660130047331], [13.030553573335599, 42.11537615158376], [13.057295240996444, 42.12286884161205], [13.085924217896201, 42.143915468366465], [13.093481311860097, 42.160651805298166], [13.087057347985148, 42.177870759505794], [13.11989245661835, 42.17669963807176], [13.168144103433649, 42.15349981775232], [13.195411125766759, 42.15779392337555], [13.205697498949709, 42.14844109438685], [13.22334924132395, 42.14333635923057], [13.237228456524198, 42.129130988148276], [13.248776536850924, 42.127426871160836], [13.26950621755567, 42.13754618025579], [13.28490040943734, 42.134276037113466], [13.305290679349655, 42.138256333478594], [13.323194369636886, 42.16141250320905], [13.34742938614471, 42.17594856983276], [13.369967242872415, 42.18026699091986], [13.331894121785933, 42.20817946746228], [13.335618670675853, 42.22240437626168], [13.32136570414074, 42.22916071478312], [13.297224209382206, 42.23107783164364], [13.275646175019965, 42.2424699066964], [13.269816344802456, 42.255056063196726], [13.243172237219154, 42.269707868899644], [13.2281042466275, 42.29120359750029], [13.226462286398265, 42.31933047425804], [13.191351073766267, 42.33233424925877], [13.171649352224442, 42.34872905918243], [13.153348998662173, 42.356994100512324], [13.189398304075564, 42.38111143228264], [13.189201942906477, 42.40022011538033], [13.155167147613234, 42.41421630855634], [13.142899442866236, 42.4280340564118], [13.116168379918774, 42.4439097748152], [13.13997196969142, 42.462724443514865], [13.154053330946248, 42.46233242055449], [13.178420260844334, 42.479339245168696], [13.171405092738613, 42.48512233697103], [13.177769482588591, 42.51263623044236], [13.166878754168607, 42.51554475008288], [13.157760173665194, 42.52843388432394], [13.176056849072847, 42.55285412505396], [13.17427231110228, 42.567512892365514], [13.192273727830111, 42.577968191724615], [13.191362655554935, 42.58751765225024], [13.219112373002222, 42.58243361092353], [13.245935296288426, 42.572705795839326], [13.253326277725703, 42.58118188230903], [13.278209120356363, 42.5834225442926], [13.291260371727711, 42.57053736307119], [13.321679222647266, 42.578625355744045], [13.344617629301972, 42.57580125624473], [13.373878158814117, 42.58085062881904], [13.394013456244922, 42.59125860818771], [13.38916985803572, 42.60231561986753], [13.394681469856499, 42.621701455948006], [13.405402511896902, 42.628320273853475], [13.40828330182437, 42.642863525260864], [13.37261705391078, 42.6493590485437], [13.348794335979015, 42.66861210674404], [13.35775555727035, 42.69409814775866], [13.341935168866504, 42.70146852471002], [13.31845147332808, 42.7233944936299], [13.296659546493458, 42.72972572216152], [13.287952350448384, 42.73853838346969], [13.264502464842277, 42.74018117079792], [13.25384355435244, 42.72157167454477], [13.239211951094518, 42.726117250576465], [13.189209909626415, 42.73358686128668]]]}, "properties": {"name": "Rieti", "code": "RI", "region": "Lazio", "name_de": "Rieti"}}, {"type": "Feature", "geometry": {"type": "Polygon", "coordinates": [[[12.519593754586445, 42.294761698610124], [12.50070690617448, 42.27153598591744], [12.490529435412457, 42.269780019884415], [12.477101777295308, 42.24827125254053], [12.483768201701618, 42.24136480426041], [12.470284151358413, 42.23245880465586], [12.462140248398569, 42.20736167081738], [12.435251214385922, 42.20030095904496], [12.425907389085506, 42.18131004544757], [12.411494522382613, 42.18220379705853], [12.420633500899557, 42.20751368736616], [12.419318378937282, 42.234589462572984], [12.397798897371974, 42.231807947781704], [12.386770929587593, 42.216632876762816], [12.371798556576174, 42.211518574764234], [12.373741123079922, 42.18083176593132], [12.329549369749182, 42.146258171660925], [12.30253631854352, 42.153514258275145], [12.306621433951646, 42.159668342254804], [12.271424278143927, 42.181916232721505], [12.23527442336046, 42.17715254946959], [12.215740516589534, 42.18673627685897], [12.195491858744223, 42.178498370141476], [12.168848620325381, 42.175301673335106], [12.139485440284975, 42.14929878286264], [12.116517962707949, 42.16095221780802], [12.05772723029056, 42.16405713408525], [12.055808982239748, 42.15481548360689], [12.034751291475713, 42.15157929111196], [12.002266234239382, 42.15846364969207], [11.986489702101828, 42.19403167001407], [11.974368058029654, 42.21101158765313], [11.95504618974155, 42.21213257745874], [11.913141605447997, 42.233340147345466], [11.897625105920834, 42.23740760131538], [11.87347726540244, 42.218690618796956], [11.8663989254379, 42.19713392067179], [11.828011356122369, 42.16689793134159], [11.831021107971976, 42.15730511360767], [11.82280759287945, 42.146485232194664], [11.803606695737015, 42.155790572817146], [11.772231053736409, 42.16382535724283], [11.733766964828694, 42.158058104284066], [11.759944430451867, 42.114621870576585], [11.79843861024896, 42.086367754677255], [11.807295018421668, 42.07525255955102], [11.833095866719862, 42.03041464750697], [11.844994669303437, 42.02990847202965], [11.87849780394467, 42.037749109653284], [11.912926236813616, 42.0398883473835], [11.96389318444076, 42.014262216745465], [11.978806710191193, 41.996923341894934], [12.00674277961412, 41.991391315943694], [12.025173783392935, 41.98185644590438], [12.051686293045966, 41.955678579174375], [12.074577735669447, 41.94786982096304], [12.09039431373715, 41.936748166953166], [12.120920190853234, 41.92830615718617], [12.1406129448179, 41.91545453734917], [12.163348354912273, 41.89166786186169], [12.184290653042357, 41.86314372944445], [12.199476739134976, 41.837882775578876], [12.224014960894676, 41.78122325595497], [12.220491758373807, 41.76838973217892], [12.2272773276713, 41.745662923964495], [12.282238357951446, 41.72657540811997], [12.3209722129127, 41.71075403408678], [12.365178824056212, 41.688646580522374], [12.409128592532236, 41.66033226243837], [12.439564798181836, 41.63839927430863], [12.484512417781179, 41.599540493156745], [12.541539419442984, 41.54552572683089], [12.569212245817091, 41.51537147544182], [12.614778956208013, 41.45723547452186], [12.61804115714434, 41.446419961975096], [12.63109694272082, 41.44440419524768], [12.640898397909025, 41.452889708671336], [12.66397821417455, 41.45652149490577], [12.695021309059346, 41.449695305618896], [12.71315002099029, 41.44103788622157], [12.763838062231288, 41.41043305744336], [12.773219149622554, 41.41629647327641], [12.767151523869272, 41.43545392719889], [12.754224905289606, 41.445715107019325], [12.738689297605344, 41.447180808857745], [12.747582278596253, 41.474194333972264], [12.726700115247018, 41.484072403012355], [12.719219468551861, 41.505413703411214], [12.68060155337639, 41.508161620532526], [12.673708320430483, 41.52297956304544], [12.645645219973447, 41.53642241687717], [12.620965949251953, 41.538022676979885], [12.616839173281003, 41.54462740225438], [12.587881885317488, 41.542194832884654], [12.570285831076887, 41.57763416615097], [12.540235205324338, 41.59673657108422], [12.551313513309866, 41.60551218273697], [12.550155543339315, 41.61742127475901], [12.595142870557982, 41.64504919618445], [12.607026285450683, 41.6567972048149], [12.633906603573289, 41.67193448015877], [12.652892562050038, 41.662158943227396], [12.654857897925213, 41.64020428085619], [12.653362063496482, 41.605771959579165], [12.661781394855653, 41.59818346896909], [12.697488475417675, 41.61003151768697], [12.703180514106311, 41.59532927365941], [12.719261087744941, 41.59353075832502], [12.734427202232322, 41.604155031212485], [12.74034093904232, 41.5931209698434], [12.73268818411007, 41.58083925905487], [12.752297390085548, 41.57778224855843], [12.767068800231403, 41.58406797186839], [12.785782702841976, 41.61849259934406], [12.810084273423431, 41.62257913315997], [12.809251875401648, 41.63544217721189], [12.82371238451368, 41.64060736488602], [12.818848832397224, 41.650611529329154], [12.839751028798617, 41.664781581941824], [12.84954506060395, 41.67682988954243], [12.85391219233484, 41.6976012515687], [12.836588903261577, 41.70390425991616], [12.850919421574305, 41.71483293202137], [12.876606968583518, 41.70401350154401], [12.895978671437627, 41.711403033641155], [12.908291429886077, 41.70716181294747], [12.93779436551973, 41.71290651370888], [12.94875409411924, 41.696335116955474], [12.943127558792204, 41.67417467265527], [12.980882590849463, 41.64702118196432], [13.004615707952778, 41.619869019863565], [13.021543391189269, 41.609543190819736], [13.025097296175396, 41.5996603882488], [13.008310092962153, 41.58095279535598], [13.034814110183321, 41.571685979055935], [13.054018100825276, 41.577605187301934], [13.095640726756008, 41.55423314816643], [13.11284279200067, 41.553618106497645], [13.166838422111175, 41.573839599192574], [13.175065869784769, 41.58356857833477], [13.15584052475035, 41.58691204761696], [13.149948728419444, 41.596201689924165], [13.158529343590589, 41.61502456849206], [13.158380370891127, 41.63593897403439], [13.146986217105374, 41.660271411955364], [13.12337382543455, 41.664039819924966], [13.090840210075363, 41.689480292241655], [13.095804066828515, 41.703710233528426], [13.086901823609569, 41.719011032693956], [13.070125152822333, 41.72404215115743], [13.055996127996238, 41.73969251249895], [13.034368155393654, 41.74327781076801], [13.005237701105823, 41.770056473708316], [12.994249009946717, 41.76938583332304], [13.005966000931851, 41.80549733796828], [13.009344069263138, 41.82521970524084], [13.02565357611077, 41.82370559404658], [13.033995030744, 41.83092000628175], [13.065410146740499, 41.83137493211605], [13.071642798453203, 41.85420483069092], [13.101463331808237, 41.86045343564977], [13.121864367013876, 41.84743106150885], [13.154482165717672, 41.84368312290943], [13.171435202200245, 41.84975318060326], [13.184152517186673, 41.84603027923887], [13.195686708177186, 41.86881672408445], [13.235093927047627, 41.888874184701386], [13.24541530696384, 41.900166160187396], [13.243378728444194, 41.91549895450837], [13.263797462433335, 41.915799153527665], [13.296272796672023, 41.9486122321537], [13.286035099245902, 41.95036889665016], [13.262330893402446, 41.9680364361128], [13.238895454012866, 41.97327267299348], [13.226662790328938, 41.983502885426155], [13.202130999514216, 41.98600332611486], [13.169733273580778, 41.99779010113607], [13.146966493861564, 42.011972840757295], [13.102187325686316, 42.02657763440103], [13.10102480580006, 42.00798966584797], [13.077798386936148, 42.00939929677141], [13.054533460356609, 42.01637017244101], [13.046478186704698, 42.03531611487425], [13.026621710268131, 42.05002764094058], [13.019335867107753, 42.07912391310533], [13.031930184996366, 42.105847575753465], [13.030553573335599, 42.11537615158376], [13.01666909001275, 42.11660130047331], [12.993300794684558, 42.12914620404989], [12.97841336587958, 42.13040582438994], [12.967376596984886, 42.120052289178716], [12.956808915955406, 42.0972913340925], [12.94861391710812, 42.08934160447586], [12.930193170967387, 42.108857890174576], [12.911115250093426, 42.11461502625654], [12.895920242983177, 42.100353334255516], [12.86678749041105, 42.103645338216545], [12.849543363159475, 42.14331834521363], [12.819094351629689, 42.15219822702859], [12.781286776023514, 42.166711293988044], [12.795185165986306, 42.1806046556126], [12.768188926606115, 42.188393200494176], [12.737320768574989, 42.166708825595286], [12.719841742967391, 42.1625155627773], [12.705639590980624, 42.15202066328702], [12.672390359795548, 42.15905670847132], [12.656563034422065, 42.15104464119045], [12.645259843500254, 42.164411854541115], [12.61364415226131, 42.18109475552772], [12.613185636840011, 42.20196821569366], [12.637232855146278, 42.2080056066914], [12.641743444975189, 42.23327740619112], [12.632529936478097, 42.24436180415116], [12.605440271239798, 42.2604397451234], [12.605047890693594, 42.274318953588754], [12.581651551416167, 42.26400448553083], [12.576225126271256, 42.27463272948213], [12.562501110830942, 42.27141359588844], [12.557274480886392, 42.28963903538854], [12.535460755575674, 42.29601433135307], [12.519593754586445, 42.294761698610124]]]}, "properties": {"name": "Roma", "code": "RM", "region": "Lazio", "name_de": "Rom"}}, {"type": "Feature", "geometry": {"type": "MultiPolygon", "coordinates": [[[[13.175065869784769, 41.58356857833477], [13.166838422111175, 41.573839599192574], [13.11284279200067, 41.553618106497645], [13.095640726756008, 41.55423314816643], [13.054018100825276, 41.577605187301934], [13.034814110183321, 41.571685979055935], [13.008310092962153, 41.58095279535598], [13.025097296175396, 41.5996603882488], [13.021543391189269, 41.609543190819736], [13.004615707952778, 41.619869019863565], [12.980882590849463, 41.64702118196432], [12.943127558792204, 41.67417467265527], [12.94875409411924, 41.696335116955474], [12.93779436551973, 41.71290651370888], [12.908291429886077, 41.70716181294747], [12.895978671437627, 41.711403033641155], [12.876606968583518, 41.70401350154401], [12.850919421574305, 41.71483293202137], [12.836588903261577, 41.70390425991616], [12.85391219233484, 41.6976012515687], [12.84954506060395, 41.67682988954243], [12.839751028798617, 41.664781581941824], [12.818848832397224, 41.650611529329154], [12.82371238451368, 41.64060736488602], [12.809251875401648, 41.63544217721189], [12.810084273423431, 41.62257913315997], [12.785782702841976, 41.61849259934406], [12.767068800231403, 41.58406797186839], [12.752297390085548, 41.57778224855843], [12.73268818411007, 41.58083925905487], [12.74034093904232, 41.5931209698434], [12.734427202232322, 41.604155031212485], [12.719261087744941, 41.59353075832502], [12.703180514106311, 41.59532927365941], [12.697488475417675, 41.61003151768697], [12.661781394855653, 41.59818346896909], [12.653362063496482, 41.605771959579165], [12.654857897925213, 41.64020428085619], [12.652892562050038, 41.662158943227396], [12.633906603573289, 41.67193448015877], [12.607026285450683, 41.6567972048149], [12.595142870557982, 41.64504919618445], [12.550155543339315, 41.61742127475901], [12.551313513309866, 41.60551218273697], [12.540235205324338, 41.59673657108422], [12.570285831076887, 41.57763416615097], [12.587881885317488, 41.542194832884654], [12.616839173281003, 41.54462740225438], [12.620965949251953, 41.538022676979885], [12.645645219973447, 41.53642241687717], [12.673708320430483, 41.52297956304544], [12.68060155337639, 41.508161620532526], [12.719219468551861, 41.505413703411214], [12.726700115247018, 41.484072403012355], [12.747582278596253, 41.474194333972264], [12.738689297605344, 41.447180808857745], [12.754224905289606, 41.445715107019325], [12.767151523869272, 41.43545392719889], [12.773219149622554, 41.41629647327641], [12.806890824948402, 41.41391922035927], [12.836264239931438, 41.41486780599617], [12.868123945886653, 41.40674314297346], [12.900882719989545, 41.391656123268206], [12.947612839603545, 41.36358324784367], [12.970340680529462, 41.34553310933972], [12.998572866947036, 41.3137208793521], [13.02853551230123, 41.265126110626156], [13.03363788353924, 41.240983451753785], [13.046287884330184, 41.226633153077756], [13.072947726203331, 41.2225453267069], [13.093645410686497, 41.22528523166364], [13.106666681467168, 41.24198853175761], [13.146259135689622, 41.26387313851914], [13.17185366407254, 41.27514487177027], [13.206327178533327, 41.28313378679256], [13.25756318243221, 41.28295367700005], [13.266050674632472, 41.29447507270487], [13.281284716139474, 41.29715120940322], [13.318244524434787, 41.29438261062564], [13.355454936198942, 41.28676542516557], [13.408487665232725, 41.269154490313156], [13.446425712434023, 41.2519079101891], [13.471647228119446, 41.23732289511153], [13.48490722086341, 41.23805992813975], [13.510311638907739, 41.221426265551386], [13.529303695289281, 41.21999195367324], [13.545601383605636, 41.20940468521465], [13.55965780808705, 41.21064082914764], [13.575299369524004, 41.20414257004685], [13.570126215340258, 41.23258557575275], [13.584674692079561, 41.247188531718564], [13.620171708419585, 41.260156312679605], [13.651273049312517, 41.25710273020128], [13.683653136410568, 41.244475711445965], [13.707350083125128, 41.25329371413734], [13.722466229922466, 41.246669988567895], [13.76211259143099, 41.22259672209143], [13.771976358571022, 41.24210551108709], [13.815043891339943, 41.244547142877494], [13.839991510130531, 41.2623683429952], [13.828712931314769, 41.269728526982675], [13.82842954375652, 41.281034479487225], [13.851059682468223, 41.289571043275764], [13.882337479670879, 41.2909420935823], [13.894814806396141, 41.31163655142557], [13.873696526862792, 41.33832956510894], [13.843754066943712, 41.33069239137032], [13.820617528051704, 41.338022557028005], [13.814836809424934, 41.320073408287634], [13.79653547276762, 41.317976179179006], [13.791477995869963, 41.31007536170041], [13.763334009136956, 41.30456965455891], [13.733049438742539, 41.32951499355511], [13.712398316145322, 41.34114174110319], [13.704185770141551, 41.358648609274915], [13.68237196656927, 41.339511312493535], [13.668171954604052, 41.343123713843404], [13.657735842611233, 41.33775821449325], [13.651347442146003, 41.31797435282572], [13.623798595781288, 41.316777307992126], [13.582609268105443, 41.359576100738785], [13.560546229879016, 41.36804035132734], [13.579014674326698, 41.380257456720756], [13.548194038627292, 41.419582605472485], [13.53933761769041, 41.423939865862664], [13.511498739678874, 41.423624340191054], [13.512487041636364, 41.43218801507739], [13.493653735312233, 41.436114131672404], [13.454841104451093, 41.45011984210926], [13.445339947121761, 41.46499369628849], [13.432001349013285, 41.45847271924642], [13.429404140042744, 41.44901510449487], [13.438796381900032, 41.42679039517906], [13.427285796451816, 41.3972877803233], [13.40886487669254, 41.397822914027365], [13.38652545329943, 41.404478873208234], [13.366096554443203, 41.39726561515562], [13.349185590436724, 41.40457098910525], [13.32368479385508, 41.406749498011074], [13.306500586305349, 41.40255584825179], [13.292983466212851, 41.41920257821453], [13.254682335826141, 41.43257732335822], [13.265562896261189, 41.45204329765961], [13.297409627661287, 41.46927913281017], [13.293768668193644, 41.482382595857246], [13.279181939553133, 41.50044058521028], [13.273183082695823, 41.52058152970654], [13.264032154721624, 41.53024126658826], [13.24280437326962, 41.539104740519036], [13.221737278236354, 41.538834233852086], [13.202133143906199, 41.55485476259745], [13.197319764475177, 41.587090894532025], [13.175065869784769, 41.58356857833477]]], [[[12.968842779148904, 40.922191209686275], [12.949202459078043, 40.919530127010034], [12.942931382740325, 40.89721395206003], [12.954031965051131, 40.877577135649325], [12.96924468918024, 40.89389649978097], [12.960330741639376, 40.89813775800244], [12.968842779148904, 40.922191209686275]]]]}, "properties": {"name": "Latina", "code": "LT", "region": "Lazio", "name_de": "Latina"}}, {"type": "Feature", "geometry": {"type": "Polygon", "coordinates": [[[13.977906070736527, 41.46248746495421], [13.99277641913699, 41.4820817684955], [13.972906886423884, 41.4940364092972], [13.993251025158925, 41.51133054108558], [14.010538576471939, 41.51479473229126], [14.024201167897033, 41.52666649829187], [14.009393791331831, 41.53411600937316], [14.020702036904193, 41.542363525480745], [14.023774798127254, 41.56070350622026], [14.00449838916645, 41.566380997390105], [13.997814195499949, 41.579429231301965], [14.010174245208496, 41.59256161556308], [14.011129810293324, 41.607789092604335], [13.99666649261803, 41.62413979380389], [13.98683397723975, 41.656407438069785], [13.967914696327686, 41.67316441107298], [13.941015151497899, 41.68797275205532], [13.932868033787098, 41.693048794892064], [13.919701407059476, 41.71724357343433], [13.904455075305519, 41.7181912888925], [13.89763893666388, 41.732134250830306], [13.879218901275092, 41.72870638324012], [13.856446415042088, 41.731234291152475], [13.844806594501797, 41.73816542371659], [13.82348080895488, 41.740884301111805], [13.815031103515555, 41.75278471770841], [13.790142013905864, 41.74296950386552], [13.76717218665437, 41.74887499300783], [13.749373002699693, 41.76124193862308], [13.748649331481744, 41.773587426530746], [13.716492035257419, 41.79739751777479], [13.707355541460108, 41.7876099926438], [13.692708064866416, 41.79152296208715], [13.681101286502106, 41.80425165654462], [13.660925600826983, 41.81125864172999], [13.6384592877065, 41.804317941523664], [13.642891247975388, 41.792870914213985], [13.6312724080088, 41.78264551148704], [13.58609949339445, 41.766434808698016], [13.57622950443238, 41.75501880400952], [13.545324279231737, 41.76236069175868], [13.520435067732505, 41.772965382110726], [13.50641337815961, 41.80063075227942], [13.464583429036452, 41.8091388010772], [13.451554357077649, 41.822817932527286], [13.407463065711381, 41.8374644577306], [13.396301202443496, 41.834032264810325], [13.390989219488182, 41.81926580944895], [13.379517174372994, 41.81745784000338], [13.366833910463473, 41.83306813028909], [13.366592617996604, 41.86425195886084], [13.358982149539152, 41.869314831417284], [13.382735776757231, 41.90079289709852], [13.37835137751651, 41.91179671727622], [13.356555605420832, 41.925738613364956], [13.338691353031061, 41.92553544110518], [13.321350398878362, 41.94566211882506], [13.3084159998643, 41.95305929947052], [13.296272796672023, 41.9486122321537], [13.263797462433335, 41.915799153527665], [13.243378728444194, 41.91549895450837], [13.24541530696384, 41.900166160187396], [13.235093927047627, 41.888874184701386], [13.195686708177186, 41.86881672408445], [13.184152517186673, 41.84603027923887], [13.171435202200245, 41.84975318060326], [13.154482165717672, 41.84368312290943], [13.121864367013876, 41.84743106150885], [13.101463331808237, 41.86045343564977], [13.071642798453203, 41.85420483069092], [13.065410146740499, 41.83137493211605], [13.033995030744, 41.83092000628175], [13.02565357611077, 41.82370559404658], [13.009344069263138, 41.82521970524084], [13.005966000931851, 41.80549733796828], [12.994249009946717, 41.76938583332304], [13.005237701105823, 41.770056473708316], [13.034368155393654, 41.74327781076801], [13.055996127996238, 41.73969251249895], [13.070125152822333, 41.72404215115743], [13.086901823609569, 41.719011032693956], [13.095804066828515, 41.703710233528426], [13.090840210075363, 41.689480292241655], [13.12337382543455, 41.664039819924966], [13.146986217105374, 41.660271411955364], [13.158380370891127, 41.63593897403439], [13.158529343590589, 41.61502456849206], [13.149948728419444, 41.596201689924165], [13.15584052475035, 41.58691204761696], [13.175065869784769, 41.58356857833477], [13.197319764475177, 41.587090894532025], [13.202133143906199, 41.55485476259745], [13.221737278236354, 41.538834233852086], [13.24280437326962, 41.539104740519036], [13.264032154721624, 41.53024126658826], [13.273183082695823, 41.52058152970654], [13.279181939553133, 41.50044058521028], [13.293768668193644, 41.482382595857246], [13.297409627661287, 41.46927913281017], [13.265562896261189, 41.45204329765961], [13.254682335826141, 41.43257732335822], [13.292983466212851, 41.41920257821453], [13.306500586305349, 41.40255584825179], [13.32368479385508, 41.406749498011074], [13.349185590436724, 41.40457098910525], [13.366096554443203, 41.39726561515562], [13.38652545329943, 41.404478873208234], [13.40886487669254, 41.397822914027365], [13.427285796451816, 41.3972877803233], [13.438796381900032, 41.42679039517906], [13.429404140042744, 41.44901510449487], [13.432001349013285, 41.45847271924642], [13.445339947121761, 41.46499369628849], [13.454841104451093, 41.45011984210926], [13.493653735312233, 41.436114131672404], [13.512487041636364, 41.43218801507739], [13.511498739678874, 41.423624340191054], [13.53933761769041, 41.423939865862664], [13.548194038627292, 41.419582605472485], [13.579014674326698, 41.380257456720756], [13.560546229879016, 41.36804035132734], [13.582609268105443, 41.359576100738785], [13.623798595781288, 41.316777307992126], [13.651347442146003, 41.31797435282572], [13.657735842611233, 41.33775821449325], [13.668171954604052, 41.343123713843404], [13.68237196656927, 41.339511312493535], [13.704185770141551, 41.358648609274915], [13.712398316145322, 41.34114174110319], [13.733049438742539, 41.32951499355511], [13.763334009136956, 41.30456965455891], [13.791477995869963, 41.31007536170041], [13.79653547276762, 41.317976179179006], [13.814836809424934, 41.320073408287634], [13.820617528051704, 41.338022557028005], [13.843754066943712, 41.33069239137032], [13.873696526862792, 41.33832956510894], [13.870752555677017, 41.36468146685815], [13.884136706669079, 41.38324962419498], [13.879635116495189, 41.403095553989154], [13.861205065527976, 41.416568033566804], [13.87657492788081, 41.426217514832736], [13.903937708359075, 41.42559838169524], [13.928430490934158, 41.43842231392273], [13.960497963675188, 41.46286343299925], [13.977906070736527, 41.46248746495421]]]}, "properties": {"name": "Frosinone", "code": "FR", "region": "Lazio", "name_de": "Frosinone"}}, {"type": "Feature", "geometry": {"type": "Polygon", "coordinates": [[[14.53116685238039, 41.01334997695438], [14.516452375140647, 41.039110800252814], [14.5182327227779, 41.04876079740476], [14.50719776063779, 41.05569547201609], [14.491435384965571, 41.04720389263733], [14.455824017723424, 41.04273956371674], [14.418622407923554, 41.054449010396375], [14.421778126982266, 41.06366026713058], [14.439830945654236, 41.07105319759936], [14.432330079032695, 41.07955539896499], [14.436985697248005, 41.0962465939538], [14.43417071585443, 41.10779472708343], [14.393762917310637, 41.11584276735219], [14.388203844300518, 41.13434363609797], [14.358503714277205, 41.1437634143303], [14.355411444586249, 41.15657436756792], [14.378417157709698, 41.16136000084295], [14.404126202856133, 41.14299423640652], [14.429897697919557, 41.13904194537755], [14.439244066505397, 41.15548383676112], [14.458627585729982, 41.16356593428277], [14.461026408196105, 41.18643123408267], [14.44798296362696, 41.19666782030565], [14.43341520295425, 41.22333695650174], [14.418176129886978, 41.22227015677541], [14.421367313986272, 41.256648182767655], [14.432603371529398, 41.26476878650444], [14.438753256911218, 41.28227383086523], [14.453670291024144, 41.29374789778852], [14.489100824846135, 41.30064763740805], [14.477411974967545, 41.320934880919786], [14.475039805493187, 41.33818413049294], [14.439154239332067, 41.345904458782336], [14.456138920229193, 41.37177673381597], [14.477838220455771, 41.37979460338216], [14.494906216360892, 41.374274613043134], [14.504878081432272, 41.38263271742561], [14.488605935148769, 41.39070841403451], [14.477989481199847, 41.41017189707472], [14.453967491325301, 41.42791330663134], [14.4307053531129, 41.42872700455122], [14.412514471100991, 41.441224116113936], [14.400940952816804, 41.43719849181006], [14.382495821875368, 41.44325389948542], [14.342178753777278, 41.454080394968514], [14.327161977787553, 41.45343741450766], [14.279130701922298, 41.486378297590015], [14.247164876487435, 41.48596056980208], [14.240745764167876, 41.49719692334067], [14.19079272309787, 41.4964660779541], [14.172413802690217, 41.49918309602958], [14.157387769134615, 41.480273195400834], [14.119506905818342, 41.50651666162949], [14.1119182976092, 41.488905541151155], [14.094822921257324, 41.472586298130906], [14.080141135839472, 41.444115498725985], [14.106996437954065, 41.41754832535284], [14.103892993757478, 41.40562232959095], [14.111440628616982, 41.38643403284909], [14.082078450568025, 41.40000022801752], [14.042388564886636, 41.39278042803386], [14.026578771220446, 41.41668723379929], [14.000706720401988, 41.4309321917924], [14.007582848619245, 41.43854960549758], [14.00578124179605, 41.45283356251458], [13.977906070736527, 41.46248746495421], [13.960497963675188, 41.46286343299925], [13.928430490934158, 41.43842231392273], [13.903937708359075, 41.42559838169524], [13.87657492788081, 41.426217514832736], [13.861205065527976, 41.416568033566804], [13.879635116495189, 41.403095553989154], [13.884136706669079, 41.38324962419498], [13.870752555677017, 41.36468146685815], [13.873696526862792, 41.33832956510894], [13.894814806396141, 41.31163655142557], [13.882337479670879, 41.2909420935823], [13.851059682468223, 41.289571043275764], [13.82842954375652, 41.281034479487225], [13.828712931314769, 41.269728526982675], [13.839991510130531, 41.2623683429952], [13.815043891339943, 41.244547142877494], [13.771976358571022, 41.24210551108709], [13.76211259143099, 41.22259672209143], [13.813692027616753, 41.18435025842323], [13.83171593285515, 41.16738571139567], [13.84710507456633, 41.14675742350574], [13.886417798232348, 41.10066120148674], [13.90224468793032, 41.07553026842364], [13.916285164397534, 41.04554511909186], [13.921956617402358, 41.02630280154184], [13.954874636063757, 40.99777877656844], [13.973308327477266, 40.97601976614571], [13.984759731563532, 40.967744894016825], [14.006906384035055, 40.941843405474785], [14.031933606288893, 40.898777801826256], [14.028814847772068, 40.92485421326935], [14.01799836302217, 40.94791155318876], [14.034688177203172, 40.948879235247006], [14.047371081521622, 40.959221792057456], [14.093002590178035, 40.96018494910004], [14.112212053976178, 40.97898689656445], [14.140274206288787, 40.97914415777339], [14.146874705905674, 40.95943872597236], [14.129699723774236, 40.949861629691995], [14.144357769800582, 40.94362937390388], [14.156522602660496, 40.95113326693589], [14.197171326312366, 40.95390369136612], [14.214346705916393, 40.94929082491863], [14.241277675607163, 40.95477800922764], [14.252248617845762, 40.94608472338139], [14.263505996912139, 40.9615590326031], [14.284480878055755, 40.960304241526586], [14.293020464148402, 40.96970644968943], [14.29131547043918, 40.99351634909285], [14.297616302169846, 41.004749703447224], [14.326640882755072, 41.00014972306858], [14.406155770713372, 41.00139898500137], [14.40482669294331, 40.98609277177803], [14.42624607986602, 40.980942372098966], [14.433261879143416, 40.98478811383629], [14.47705842611551, 40.98146248630408], [14.491997015837661, 40.99424868238775], [14.522421912493618, 40.98919871425557], [14.534441515168865, 40.99769032416241], [14.53116685238039, 41.01334997695438]]]}, "properties": {"name": "Caserta", "code": "CE", "region": "Campania", "name_de": "Caserta"}}, {"type": "Feature", "geometry": {"type": "MultiPolygon", "coordinates": [[[[14.571931947192423, 41.0095206341892], [14.568463103895443, 41.020640546884536], [14.58717366861454, 41.033864735697655], [14.59664453807621, 41.05882648487684], [14.640148849378154, 41.04254315345095], [14.676578662250161, 41.0547825455541], [14.701376028849575, 41.05542675755561], [14.709001297286145, 41.06143485509089], [14.726303534199136, 41.047516289394835], [14.736312025320933, 41.0172251497184], [14.754206817744365, 41.008971165652], [14.769813989956337, 41.011019403988854], [14.776540570593621, 41.040832871903376], [14.806003142293777, 41.05881354571274], [14.806272732317565, 41.040841459212736], [14.832653248306741, 41.03465737883236], [14.847767204986525, 41.04769734932122], [14.919161599923587, 41.076269521180556], [14.927044658215541, 41.084022696347866], [14.945169317912553, 41.08024942964977], [14.951198751515442, 41.08834962080382], [14.972626923487343, 41.09263269563092], [14.98823592080395, 41.105781118798284], [15.010854730063253, 41.118096404384296], [14.99698770699547, 41.134749582809576], [14.996688572221274, 41.146129393280575], [14.981708244628765, 41.15147482837852], [14.95692370942503, 41.14739004033955], [14.96340173954843, 41.17791100212138], [14.996363670717827, 41.19769704147478], [15.004903197591425, 41.20817235861046], [14.99917930290032, 41.22191198381917], [14.984561002782282, 41.239044437410776], [14.981331993689338, 41.25983949368992], [14.986126771287058, 41.271147167694906], [15.034693533095997, 41.26422317242071], [15.050960766089107, 41.258226457616274], [15.066493851746873, 41.27093362176463], [15.08174001760547, 41.2528496604966], [15.101327174211423, 41.26054498969519], [15.122914767580669, 41.256550230507415], [15.138057798083386, 41.264822891102064], [15.14915609928184, 41.28044553459124], [15.137726199946686, 41.28638302241777], [15.126770584658185, 41.302951898715634], [15.130560168099061, 41.317185580111044], [15.113169635776616, 41.31934872611806], [15.099931840905558, 41.32770468890304], [15.072190194700093, 41.33246032269299], [15.058467623811858, 41.372134698943626], [15.079947326508975, 41.38811106698528], [15.098313051453454, 41.39056853693038], [15.08655287457286, 41.40415331131618], [15.091718888797946, 41.41792279495065], [15.10303595180293, 41.42086305398615], [15.09834231962932, 41.43402677931628], [15.076251391983904, 41.43277811223607], [15.050486960418423, 41.44335799045534], [15.030299323886748, 41.45538945781601], [15.023291190861096, 41.47732580652608], [15.007617814612411, 41.486388782917835], [14.989665455573707, 41.47986681826435], [14.982266957714886, 41.46906612368072], [14.964407104650304, 41.465827128334176], [14.946414266746316, 41.45597406931516], [14.908276468743988, 41.450960960791505], [14.885497898491968, 41.44494948798982], [14.867695140582462, 41.42782284602101], [14.843115388017877, 41.42660726680209], [14.788517032095967, 41.45280396042302], [14.774556540553583, 41.445905956034586], [14.764700380188915, 41.417368057138184], [14.748125795157762, 41.408449621301955], [14.717278570337314, 41.40082780725153], [14.699623563504588, 41.41084351916328], [14.66605936789271, 41.406533999368904], [14.633779784223261, 41.3874326640416], [14.614635221784058, 41.368239976212884], [14.591622861937552, 41.36940754486122], [14.584884672455267, 41.381542311426145], [14.566325762324063, 41.39213064467122], [14.551293858683001, 41.379463787477086], [14.522299814340023, 41.3852205725387], [14.504878081432272, 41.38263271742561], [14.494906216360892, 41.374274613043134], [14.477838220455771, 41.37979460338216], [14.456138920229193, 41.37177673381597], [14.439154239332067, 41.345904458782336], [14.475039805493187, 41.33818413049294], [14.477411974967545, 41.320934880919786], [14.489100824846135, 41.30064763740805], [14.453670291024144, 41.29374789778852], [14.438753256911218, 41.28227383086523], [14.432603371529398, 41.26476878650444], [14.421367313986272, 41.256648182767655], [14.418176129886978, 41.22227015677541], [14.43341520295425, 41.22333695650174], [14.44798296362696, 41.19666782030565], [14.461026408196105, 41.18643123408267], [14.458627585729982, 41.16356593428277], [14.439244066505397, 41.15548383676112], [14.429897697919557, 41.13904194537755], [14.404126202856133, 41.14299423640652], [14.378417157709698, 41.16136000084295], [14.355411444586249, 41.15657436756792], [14.358503714277205, 41.1437634143303], [14.388203844300518, 41.13434363609797], [14.393762917310637, 41.11584276735219], [14.43417071585443, 41.10779472708343], [14.436985697248005, 41.0962465939538], [14.432330079032695, 41.07955539896499], [14.439830945654236, 41.07105319759936], [14.421778126982266, 41.06366026713058], [14.418622407923554, 41.054449010396375], [14.455824017723424, 41.04273956371674], [14.491435384965571, 41.04720389263733], [14.50719776063779, 41.05569547201609], [14.5182327227779, 41.04876079740476], [14.516452375140647, 41.039110800252814], [14.53116685238039, 41.01334997695438], [14.540565038824447, 41.019846980117556], [14.563124500664417, 41.016681898214244], [14.571931947192423, 41.0095206341892]]], [[[14.71563791965419, 41.007025719186686], [14.705065551817743, 41.02350270282724], [14.692538112355159, 41.02767000366109], [14.67886786531861, 41.01950304885676], [14.679776688584123, 40.981672209858296], [14.690810781765391, 40.976017616121766], [14.705758151008821, 40.989771979969525], [14.71563791965419, 41.007025719186686]]]]}, "properties": {"name": "Benevento", "code": "BN", "region": "Campania", "name_de": "Benevento"}}, {"type": "Feature", "geometry": {"type": "MultiPolygon", "coordinates": [[[[14.53116685238039, 41.01334997695438], [14.534441515168865, 40.99769032416241], [14.522421912493618, 40.98919871425557], [14.491997015837661, 40.99424868238775], [14.47705842611551, 40.98146248630408], [14.433261879143416, 40.98478811383629], [14.42624607986602, 40.980942372098966], [14.40482669294331, 40.98609277177803], [14.406155770713372, 41.00139898500137], [14.326640882755072, 41.00014972306858], [14.297616302169846, 41.004749703447224], [14.29131547043918, 40.99351634909285], [14.293020464148402, 40.96970644968943], [14.284480878055755, 40.960304241526586], [14.263505996912139, 40.9615590326031], [14.252248617845762, 40.94608472338139], [14.241277675607163, 40.95477800922764], [14.214346705916393, 40.94929082491863], [14.197171326312366, 40.95390369136612], [14.156522602660496, 40.95113326693589], [14.144357769800582, 40.94362937390388], [14.129699723774236, 40.949861629691995], [14.146874705905674, 40.95943872597236], [14.140274206288787, 40.97914415777339], [14.112212053976178, 40.97898689656445], [14.093002590178035, 40.96018494910004], [14.047371081521622, 40.959221792057456], [14.034688177203172, 40.948879235247006], [14.01799836302217, 40.94791155318876], [14.028814847772068, 40.92485421326935], [14.031933606288893, 40.898777801826256], [14.042222989570773, 40.871651019912804], [14.048001812045436, 40.83563802032423], [14.041014364022743, 40.794214821624536], [14.047873944236503, 40.789500656070146], [14.077080987055345, 40.7874600855706], [14.087607173129253, 40.7943482079803], [14.082021694158515, 40.811751083359404], [14.072417384361799, 40.81864852291779], [14.089161093190645, 40.83069582252342], [14.108566414049193, 40.831181437796175], [14.124586180042966, 40.82034587537198], [14.158855805081677, 40.81707350109005], [14.172425925135068, 40.79913278942594], [14.190260212101792, 40.793859825115995], [14.205739159645537, 40.80774087643945], [14.221252673153534, 40.82787228630216], [14.250401209340247, 40.829967133959826], [14.264551460872733, 40.84377094347114], [14.308399384333494, 40.82952449396833], [14.33210329894333, 40.813733360105374], [14.35371881510448, 40.791518424629096], [14.408899841074739, 40.75422735170686], [14.448637639395688, 40.75291179120799], [14.470517478209524, 40.72884083424837], [14.48203081177317, 40.70323244156394], [14.439007790901252, 40.681837646126375], [14.43087700787625, 40.66639931952192], [14.408689373625513, 40.65971984528666], [14.405588620173482, 40.6436039533715], [14.377816452275097, 40.629003868024796], [14.35372986244325, 40.633321802017974], [14.329571461042642, 40.606191680580814], [14.32336166212583, 40.59021077552436], [14.323470346475448, 40.569959829315735], [14.404352619747119, 40.59876795589557], [14.41890763621647, 40.61029152185935], [14.456322546466586, 40.619706223966176], [14.468666802880728, 40.6201858095677], [14.465832463604716, 40.63418277702714], [14.48212279387032, 40.647489568802015], [14.51101147943173, 40.64500294365995], [14.513026458400962, 40.62787846104946], [14.523562684805713, 40.62118427144719], [14.544499329767373, 40.62136642832147], [14.556512730894994, 40.628457008002314], [14.577421356107537, 40.62793203423525], [14.555217272726907, 40.66510038418825], [14.57228039614495, 40.670091033995334], [14.580492764812346, 40.68558961951238], [14.575443439658542, 40.71038946520725], [14.560384782680249, 40.731604236098924], [14.542684545010058, 40.74016728816835], [14.520487483769086, 40.73478580026023], [14.513823909122845, 40.74477678293094], [14.507017250586543, 40.77296968442816], [14.522078599927411, 40.77779318540192], [14.544854561610329, 40.77814700415619], [14.552719739945124, 40.79268892446636], [14.575941261916263, 40.786875444233786], [14.57423501092983, 40.80026679023633], [14.588129026922463, 40.80560272873196], [14.590272708973936, 40.81818552022716], [14.565508509637766, 40.83276106978907], [14.571131878468183, 40.84717595640667], [14.605544601228106, 40.847613531727376], [14.587071623451992, 40.872622888676126], [14.559463459143801, 40.88798036333235], [14.572738040696606, 40.89624265680443], [14.57717923435143, 40.91051183967127], [14.592169714773, 40.914149658318294], [14.669663455744848, 40.90494776647092], [14.664518523568358, 40.91521171358191], [14.620706776036675, 40.911718064316275], [14.614613353012254, 40.92844028154253], [14.585302044660407, 40.93396163114195], [14.578247834870304, 40.967205525199724], [14.581100612116273, 40.99333547377649], [14.571931947192423, 41.0095206341892], [14.563124500664417, 41.016681898214244], [14.540565038824447, 41.019846980117556], [14.53116685238039, 41.01334997695438]]], [[[14.231071088343006, 40.541695011714026], [14.253382491193573, 40.54318315678139], [14.266354339555624, 40.556603589714676], [14.24171588858411, 40.5557667482064], [14.211763511893624, 40.56194704926578], [14.198171756956626, 40.55936697565639], [14.200840765013103, 40.53654841887484], [14.231071088343006, 40.541695011714026]]], [[[13.954163744359493, 40.70728161679084], [13.964638505219384, 40.71204336100193], [13.955118250334444, 40.74048273759237], [13.923948589446058, 40.750800103805055], [13.908373104794167, 40.74895322674497], [13.870682835633811, 40.76110166954377], [13.865156572153039, 40.74319264104325], [13.85467688439236, 40.73743827735536], [13.861309427033811, 40.71768187955788], [13.852538149800045, 40.70986666070008], [13.872791249025642, 40.69806742217748], [13.905198506820986, 40.701528522692065], [13.923729680694208, 40.69758899699704], [13.936956246719282, 40.70616140170739], [13.954163744359493, 40.70728161679084]]]]}, "properties": {"name": "Napoli", "code": "NA", "region": "Campania", "name_de": "Neapel"}}, {"type": "Feature", "geometry": {"type": "Polygon", "coordinates": [[[15.14915609928184, 41.28044553459124], [15.138057798083386, 41.264822891102064], [15.122914767580669, 41.256550230507415], [15.101327174211423, 41.26054498969519], [15.08174001760547, 41.2528496604966], [15.066493851746873, 41.27093362176463], [15.050960766089107, 41.258226457616274], [15.034693533095997, 41.26422317242071], [14.986126771287058, 41.271147167694906], [14.981331993689338, 41.25983949368992], [14.984561002782282, 41.239044437410776], [14.99917930290032, 41.22191198381917], [15.004903197591425, 41.20817235861046], [14.996363670717827, 41.19769704147478], [14.96340173954843, 41.17791100212138], [14.95692370942503, 41.14739004033955], [14.981708244628765, 41.15147482837852], [14.996688572221274, 41.146129393280575], [14.99698770699547, 41.134749582809576], [15.010854730063253, 41.118096404384296], [14.98823592080395, 41.105781118798284], [14.972626923487343, 41.09263269563092], [14.951198751515442, 41.08834962080382], [14.945169317912553, 41.08024942964977], [14.927044658215541, 41.084022696347866], [14.919161599923587, 41.076269521180556], [14.847767204986525, 41.04769734932122], [14.832653248306741, 41.03465737883236], [14.806272732317565, 41.040841459212736], [14.806003142293777, 41.05881354571274], [14.776540570593621, 41.040832871903376], [14.769813989956337, 41.011019403988854], [14.754206817744365, 41.008971165652], [14.736312025320933, 41.0172251497184], [14.726303534199136, 41.047516289394835], [14.709001297286145, 41.06143485509089], [14.701376028849575, 41.05542675755561], [14.676578662250161, 41.0547825455541], [14.640148849378154, 41.04254315345095], [14.59664453807621, 41.05882648487684], [14.58717366861454, 41.033864735697655], [14.568463103895443, 41.020640546884536], [14.571931947192423, 41.0095206341892], [14.581100612116273, 40.99333547377649], [14.578247834870304, 40.967205525199724], [14.585302044660407, 40.93396163114195], [14.614613353012254, 40.92844028154253], [14.620706776036675, 40.911718064316275], [14.664518523568358, 40.91521171358191], [14.669663455744848, 40.90494776647092], [14.592169714773, 40.914149658318294], [14.57717923435143, 40.91051183967127], [14.572738040696606, 40.89624265680443], [14.559463459143801, 40.88798036333235], [14.587071623451992, 40.872622888676126], [14.605544601228106, 40.847613531727376], [14.646046239380253, 40.83600076721709], [14.654291513659103, 40.82655755287474], [14.67368454449115, 40.82837046726557], [14.685935198896356, 40.84101629332526], [14.701690672573895, 40.837981583372475], [14.734219172851661, 40.83951859422489], [14.74173550034587, 40.828480767322375], [14.730223790086628, 40.82137192736134], [14.747605439511863, 40.803288358237374], [14.774449897537, 40.80542268701746], [14.794507517558886, 40.79843651798491], [14.812899953662615, 40.80451154610757], [14.827160287113372, 40.79406817245641], [14.844578807112425, 40.79965258835119], [14.870356515510492, 40.796349050299405], [14.900471417722784, 40.80676158971054], [14.94769670489922, 40.78856222181706], [14.97923684776821, 40.78588662418725], [15.012670427392377, 40.77427828232808], [15.028706564155152, 40.78161611949955], [15.05284178110476, 40.773831151945465], [15.076644530339255, 40.77118033275064], [15.127896819664715, 40.76071906145655], [15.139688461166081, 40.756408556089895], [15.152919644087893, 40.71979148199668], [15.168977085633596, 40.70664495966275], [15.197731065774647, 40.710625252936886], [15.214588141446354, 40.717456866816306], [15.247077877943209, 40.7176805072155], [15.238909799582915, 40.75740000331192], [15.241432757119744, 40.775596752233845], [15.251800398708541, 40.78651295615257], [15.277766420206296, 40.79693475393796], [15.295546677276546, 40.8381487324798], [15.310800854032413, 40.83952817265614], [15.33496982470563, 40.83487966572484], [15.37832983663609, 40.84074999650361], [15.374122906873524, 40.86012287307707], [15.377951870853927, 40.86764139290045], [15.354892065543089, 40.871163011917936], [15.354164326597393, 40.8826523757939], [15.372630912763565, 40.88572098017563], [15.383948557533683, 40.8763278542085], [15.40876377339559, 40.88031384278146], [15.444724741536994, 40.876822672257205], [15.460563519913466, 40.86711705005809], [15.473139274862877, 40.87493938109446], [15.467629370552485, 40.889602789191194], [15.502576250056677, 40.9018341357882], [15.526729714631292, 40.907587540968095], [15.53491447972619, 40.919737424101264], [15.543744392122557, 40.94766108379493], [15.566614594890362, 40.96878041030638], [15.570283241762327, 40.99354863351197], [15.559614270703195, 41.01788415777962], [15.562987309986868, 41.03123397229638], [15.553157993036264, 41.03790919950318], [15.542874539481751, 41.05585506744804], [15.489571853405192, 41.07002672002933], [15.477859427191449, 41.07860820702791], [15.446099997851654, 41.07801446141303], [15.426192568960309, 41.095099904030036], [15.412379900392681, 41.096624232073104], [15.400787977047923, 41.106038679824515], [15.366397705709483, 41.08489107086001], [15.34897219948843, 41.09512945117263], [15.314357191772658, 41.10388567515993], [15.29780449535781, 41.09440289506393], [15.262140891724412, 41.107621700430784], [15.263784206245282, 41.113445157672146], [15.235735540445175, 41.14014397062239], [15.210788467464324, 41.148670648690484], [15.210432312968813, 41.164450456118146], [15.223535577089322, 41.18194162233367], [15.261339732297383, 41.20258737763144], [15.24920843714762, 41.21758529525782], [15.246175054399968, 41.23611112740353], [15.27726822710104, 41.24100023572603], [15.274063698018832, 41.25049307236681], [15.253673176336195, 41.268306461791916], [15.216282562751633, 41.275235901217115], [15.201002928597662, 41.28627197434336], [15.14915609928184, 41.28044553459124]], [[14.71563791965419, 41.007025719186686], [14.705758151008821, 40.989771979969525], [14.690810781765391, 40.976017616121766], [14.679776688584123, 40.981672209858296], [14.67886786531861, 41.01950304885676], [14.692538112355159, 41.02767000366109], [14.705065551817743, 41.02350270282724], [14.71563791965419, 41.007025719186686]]]}, "properties": {"name": "Avellino", "code": "AV", "region": "Campania", "name_de": "Avellino"}}, {"type": "Feature", "geometry": {"type": "Polygon", "coordinates": [[[15.33496982470563, 40.83487966572484], [15.310800854032413, 40.83952817265614], [15.295546677276546, 40.8381487324798], [15.277766420206296, 40.79693475393796], [15.251800398708541, 40.78651295615257], [15.241432757119744, 40.775596752233845], [15.238909799582915, 40.75740000331192], [15.247077877943209, 40.7176805072155], [15.214588141446354, 40.717456866816306], [15.197731065774647, 40.710625252936886], [15.168977085633596, 40.70664495966275], [15.152919644087893, 40.71979148199668], [15.139688461166081, 40.756408556089895], [15.127896819664715, 40.76071906145655], [15.076644530339255, 40.77118033275064], [15.05284178110476, 40.773831151945465], [15.028706564155152, 40.78161611949955], [15.012670427392377, 40.77427828232808], [14.97923684776821, 40.78588662418725], [14.94769670489922, 40.78856222181706], [14.900471417722784, 40.80676158971054], [14.870356515510492, 40.796349050299405], [14.844578807112425, 40.79965258835119], [14.827160287113372, 40.79406817245641], [14.812899953662615, 40.80451154610757], [14.794507517558886, 40.79843651798491], [14.774449897537, 40.80542268701746], [14.747605439511863, 40.803288358237374], [14.730223790086628, 40.82137192736134], [14.74173550034587, 40.828480767322375], [14.734219172851661, 40.83951859422489], [14.701690672573895, 40.837981583372475], [14.685935198896356, 40.84101629332526], [14.67368454449115, 40.82837046726557], [14.654291513659103, 40.82655755287474], [14.646046239380253, 40.83600076721709], [14.605544601228106, 40.847613531727376], [14.571131878468183, 40.84717595640667], [14.565508509637766, 40.83276106978907], [14.590272708973936, 40.81818552022716], [14.588129026922463, 40.80560272873196], [14.57423501092983, 40.80026679023633], [14.575941261916263, 40.786875444233786], [14.552719739945124, 40.79268892446636], [14.544854561610329, 40.77814700415619], [14.522078599927411, 40.77779318540192], [14.507017250586543, 40.77296968442816], [14.513823909122845, 40.74477678293094], [14.520487483769086, 40.73478580026023], [14.542684545010058, 40.74016728816835], [14.560384782680249, 40.731604236098924], [14.575443439658542, 40.71038946520725], [14.580492764812346, 40.68558961951238], [14.57228039614495, 40.670091033995334], [14.555217272726907, 40.66510038418825], [14.577421356107537, 40.62793203423525], [14.556512730894994, 40.628457008002314], [14.544499329767373, 40.62136642832147], [14.523562684805713, 40.62118427144719], [14.513026458400962, 40.62787846104946], [14.51101147943173, 40.64500294365995], [14.48212279387032, 40.647489568802015], [14.465832463604716, 40.63418277702714], [14.468666802880728, 40.6201858095677], [14.486300574446794, 40.62739421572292], [14.510873727833756, 40.620023361084286], [14.527841173324358, 40.60673227235123], [14.539270643026995, 40.613308747958435], [14.577143538542327, 40.618103905415666], [14.619088662224545, 40.644927238102156], [14.633734621165866, 40.64856167722884], [14.681647093858478, 40.63321923925679], [14.693483528709882, 40.635288642991085], [14.718341875716781, 40.66603542093128], [14.758709508075633, 40.67738229496741], [14.78841673947676, 40.66556668699098], [14.808796186384532, 40.651887711697846], [14.845704544549855, 40.62017056870894], [14.882847893386685, 40.580043091104976], [14.897559655008136, 40.560856680731696], [14.916817048006587, 40.528943251531004], [14.941167270501756, 40.4832110780014], [14.978374057566747, 40.431363103892735], [14.993905140961925, 40.40178179894198], [15.000889123379991, 40.380310393177616], [14.998599928237555, 40.35902393803223], [14.978897839489454, 40.35210628427966], [14.968225040832882, 40.34037725796079], [14.945638952440307, 40.33688376749407], [14.939311609727575, 40.319325313205454], [14.946793201900196, 40.298083336784195], [14.943202134794955, 40.27519539480046], [14.904860399615199, 40.25325744374103], [14.909979687291052, 40.24351685032073], [14.926378232020724, 40.2319681310892], [14.952613895004227, 40.23302053787474], [14.968697436494638, 40.22203708817833], [14.990941474340222, 40.21889282307497], [15.011821655222114, 40.20210856294236], [15.025405297599455, 40.17883114830232], [15.034907244425597, 40.17222922044508], [15.065719200131706, 40.16451070542335], [15.084655118931519, 40.172926060120844], [15.116771353848028, 40.17694275662528], [15.132933253060536, 40.170922297303136], [15.150017303963782, 40.156917254692424], [15.177622003578334, 40.12805126977267], [15.204352718359313, 40.123674375107356], [15.22973166633256, 40.100550488841634], [15.263835264736157, 40.08154007572551], [15.28191823788772, 40.055081379813366], [15.285297479080077, 40.02282340239619], [15.31452394354046, 40.031637144185616], [15.342737739771271, 40.00480368177974], [15.359710386552928, 39.99857986067328], [15.424578609286257, 39.993949084068454], [15.432499278947683, 40.006448820833974], [15.464393433320176, 40.03512728575899], [15.480623566137835, 40.03942881896665], [15.504858680469866, 40.06455728229101], [15.532223535361522, 40.073653733361525], [15.575242143365863, 40.07793931454825], [15.617396867251024, 40.06844418350298], [15.645341929781498, 40.04296346957591], [15.676164400157576, 40.05489897953552], [15.675761277956347, 40.06416866097395], [15.661778289835405, 40.07931748297569], [15.676982773423076, 40.08446761537923], [15.705826583556266, 40.11773411295622], [15.708898916826005, 40.13631727829837], [15.701737980888886, 40.161468003334335], [15.715491724265512, 40.16841118260422], [15.712527127545663, 40.178443995190996], [15.728010512100903, 40.18589520047817], [15.734476853585246, 40.201675320596834], [15.751207349177776, 40.20179862261846], [15.77316395180635, 40.21684763265195], [15.791156678469788, 40.21790314600071], [15.790709190427984, 40.244053436236435], [15.803853148781148, 40.2506793855308], [15.80009848807587, 40.2697628701588], [15.789702511526041, 40.29002547907146], [15.749161817131998, 40.298734972443], [15.72687982947469, 40.3154453232505], [15.726164282047135, 40.32228600706598], [15.70451907405578, 40.34401712196761], [15.704359283352707, 40.36372132129444], [15.709811879865743, 40.37593961649596], [15.70063854197736, 40.3838394651429], [15.670988073496423, 40.398265058252676], [15.662731850282634, 40.3924932885874], [15.634288975084923, 40.42193402811734], [15.586733833148232, 40.443602199187836], [15.57589744057986, 40.46958793694744], [15.544105525670906, 40.48624379793969], [15.535228012819736, 40.499640690331084], [15.550473600695211, 40.509246863271436], [15.535312639248554, 40.522261336369155], [15.541997216097586, 40.5324032186821], [15.528817754386422, 40.556397756700136], [15.53934024884785, 40.56806384068497], [15.519889042260964, 40.570487590230755], [15.5101283892828, 40.58574632207149], [15.490875128969192, 40.58684799517669], [15.472259596712565, 40.59351747397451], [15.451764775609616, 40.610855661981965], [15.464851017150728, 40.627923939125246], [15.46777685317091, 40.639236152520255], [15.489441720414868, 40.64620017644871], [15.503593814473147, 40.662939359862484], [15.487195976149227, 40.67284114392119], [15.469451595693197, 40.67366986465915], [15.443059535910416, 40.68879168184035], [15.430350647341262, 40.692068017056464], [15.409887154940547, 40.712870358938254], [15.381476270245313, 40.72414975924115], [15.379057820737874, 40.75092947090119], [15.389024282398475, 40.76762498785315], [15.381342921227358, 40.781669275315764], [15.387704702852961, 40.79345726559153], [15.366111770974962, 40.80048483988754], [15.366457219462493, 40.812137683232606], [15.356669947940505, 40.823641887953904], [15.33496982470563, 40.83487966572484]]]}, "properties": {"name": "Salerno", "code": "SA", "region": "Campania", "name_de": "Salerno"}}, {"type": "Feature", "geometry": {"type": "Polygon", "coordinates": [[[13.941015151497899, 41.68797275205532], [13.956438325869762, 41.69566941904147], [13.9949215773906, 41.69315725655092], [14.019180263771531, 41.68236080304816], [14.0318958147942, 41.70206024728823], [14.053246215396413, 41.701698678120415], [14.05303530832393, 41.718573642287666], [14.069570901173552, 41.73722537803215], [14.086723518785304, 41.73912720270784], [14.105097400010722, 41.71656347227498], [14.11681803966954, 41.71488851442757], [14.123413964438752, 41.726541418207866], [14.115431350075715, 41.735449759510125], [14.120719878290947, 41.7451846003846], [14.152198263186705, 41.74618549133399], [14.170046225675115, 41.76520672816034], [14.178706739824438, 41.74921325483451], [14.190197365733285, 41.748189686144116], [14.201202485852606, 41.7675053824988], [14.170691872608787, 41.77970814326294], [14.164774043723371, 41.80726280478528], [14.147157881831246, 41.827297314866975], [14.155834686839361, 41.83708228403393], [14.178022583245033, 41.845412594712556], [14.195015538974815, 41.84153008714862], [14.21338810435289, 41.8539393407098], [14.229730484349629, 41.87708446442196], [14.211404721063984, 41.89060481120692], [14.18323948999506, 41.90351460232855], [14.16772011085874, 41.900936709724704], [14.138340746878168, 41.887229121271574], [14.10625553252029, 41.893356154742904], [14.094880505950853, 41.922262360466576], [14.081824549149887, 41.93941230416918], [14.097877527969587, 41.94582692857172], [14.089925985834052, 41.99754422143241], [14.081038573966316, 42.001724697374186], [14.081525262263886, 42.01829990612027], [14.09049243079617, 42.04078905212163], [14.103912802224071, 42.04875766989243], [14.100190840770994, 42.07467167616592], [14.085227835540298, 42.08672379345727], [14.030541649682455, 42.08290809743222], [14.009123750160954, 42.073070841020474], [13.98086904049491, 42.09831023035173], [13.962009484009261, 42.12473615418195], [13.932983477217434, 42.13133188990771], [13.905852287973566, 42.147017708291266], [13.898899166332953, 42.16557422332738], [13.860047363072782, 42.159739607513444], [13.852731145410058, 42.14601415823114], [13.831175820552797, 42.143520121687786], [13.789224893128115, 42.153933320428884], [13.799411413567608, 42.16817286974166], [13.798315444447752, 42.18572828072704], [13.807512176562714, 42.226119449770636], [13.804075858838221, 42.23776789207547], [13.820725338186488, 42.25323922845522], [13.832958347289033, 42.24653804048676], [13.842427969620987, 42.25645410631966], [13.84432692021595, 42.28108159400907], [13.828499737793702, 42.293564976296025], [13.824487426974791, 42.31616772725471], [13.805350705706447, 42.3382477000476], [13.807186881928189, 42.34626642509829], [13.799115090121582, 42.365831495642965], [13.808588566192245, 42.37874470036745], [13.786761358977973, 42.39385365395169], [13.776409529280972, 42.413899707315196], [13.765261422260702, 42.4201442934328], [13.759082637882447, 42.428392292980696], [13.722979008431928, 42.44267342598857], [13.68310581457673, 42.44235040332261], [13.665342507952921, 42.43829115920494], [13.623656516347332, 42.450360199825205], [13.56034614481895, 42.456903970218164], [13.552050993579416, 42.447983468117904], [13.524686420053609, 42.450730329091314], [13.525709161053953, 42.47240148530603], [13.502108476262071, 42.47509753803523], [13.47201427981241, 42.485938790847335], [13.45213162998153, 42.49659569248326], [13.448368143278918, 42.503818826826695], [13.426055520192984, 42.51901342062529], [13.409671672566468, 42.53820238629631], [13.402265479769632, 42.56162204672539], [13.404149235458885, 42.57232211893181], [13.394013456244922, 42.59125860818771], [13.373878158814117, 42.58085062881904], [13.344617629301972, 42.57580125624473], [13.321679222647266, 42.578625355744045], [13.291260371727711, 42.57053736307119], [13.278209120356363, 42.5834225442926], [13.253326277725703, 42.58118188230903], [13.245935296288426, 42.572705795839326], [13.219112373002222, 42.58243361092353], [13.191362655554935, 42.58751765225024], [13.192273727830111, 42.577968191724615], [13.17427231110228, 42.567512892365514], [13.176056849072847, 42.55285412505396], [13.157760173665194, 42.52843388432394], [13.166878754168607, 42.51554475008288], [13.177769482588591, 42.51263623044236], [13.171405092738613, 42.48512233697103], [13.178420260844334, 42.479339245168696], [13.154053330946248, 42.46233242055449], [13.13997196969142, 42.462724443514865], [13.116168379918774, 42.4439097748152], [13.142899442866236, 42.4280340564118], [13.155167147613234, 42.41421630855634], [13.189201942906477, 42.40022011538033], [13.189398304075564, 42.38111143228264], [13.153348998662173, 42.356994100512324], [13.171649352224442, 42.34872905918243], [13.191351073766267, 42.33233424925877], [13.226462286398265, 42.31933047425804], [13.2281042466275, 42.29120359750029], [13.243172237219154, 42.269707868899644], [13.269816344802456, 42.255056063196726], [13.275646175019965, 42.2424699066964], [13.297224209382206, 42.23107783164364], [13.32136570414074, 42.22916071478312], [13.335618670675853, 42.22240437626168], [13.331894121785933, 42.20817946746228], [13.369967242872415, 42.18026699091986], [13.34742938614471, 42.17594856983276], [13.323194369636886, 42.16141250320905], [13.305290679349655, 42.138256333478594], [13.28490040943734, 42.134276037113466], [13.26950621755567, 42.13754618025579], [13.248776536850924, 42.127426871160836], [13.237228456524198, 42.129130988148276], [13.22334924132395, 42.14333635923057], [13.205697498949709, 42.14844109438685], [13.195411125766759, 42.15779392337555], [13.168144103433649, 42.15349981775232], [13.11989245661835, 42.17669963807176], [13.087057347985148, 42.177870759505794], [13.093481311860097, 42.160651805298166], [13.085924217896201, 42.143915468366465], [13.057295240996444, 42.12286884161205], [13.030553573335599, 42.11537615158376], [13.031930184996366, 42.105847575753465], [13.019335867107753, 42.07912391310533], [13.026621710268131, 42.05002764094058], [13.046478186704698, 42.03531611487425], [13.054533460356609, 42.01637017244101], [13.077798386936148, 42.00939929677141], [13.10102480580006, 42.00798966584797], [13.102187325686316, 42.02657763440103], [13.146966493861564, 42.011972840757295], [13.169733273580778, 41.99779010113607], [13.202130999514216, 41.98600332611486], [13.226662790328938, 41.983502885426155], [13.238895454012866, 41.97327267299348], [13.262330893402446, 41.9680364361128], [13.286035099245902, 41.95036889665016], [13.296272796672023, 41.9486122321537], [13.3084159998643, 41.95305929947052], [13.321350398878362, 41.94566211882506], [13.338691353031061, 41.92553544110518], [13.356555605420832, 41.925738613364956], [13.37835137751651, 41.91179671727622], [13.382735776757231, 41.90079289709852], [13.358982149539152, 41.869314831417284], [13.366592617996604, 41.86425195886084], [13.366833910463473, 41.83306813028909], [13.379517174372994, 41.81745784000338], [13.390989219488182, 41.81926580944895], [13.396301202443496, 41.834032264810325], [13.407463065711381, 41.8374644577306], [13.451554357077649, 41.822817932527286], [13.464583429036452, 41.8091388010772], [13.50641337815961, 41.80063075227942], [13.520435067732505, 41.772965382110726], [13.545324279231737, 41.76236069175868], [13.57622950443238, 41.75501880400952], [13.58609949339445, 41.766434808698016], [13.6312724080088, 41.78264551148704], [13.642891247975388, 41.792870914213985], [13.6384592877065, 41.804317941523664], [13.660925600826983, 41.81125864172999], [13.681101286502106, 41.80425165654462], [13.692708064866416, 41.79152296208715], [13.707355541460108, 41.7876099926438], [13.716492035257419, 41.79739751777479], [13.748649331481744, 41.773587426530746], [13.749373002699693, 41.76124193862308], [13.76717218665437, 41.74887499300783], [13.790142013905864, 41.74296950386552], [13.815031103515555, 41.75278471770841], [13.82348080895488, 41.740884301111805], [13.844806594501797, 41.73816542371659], [13.856446415042088, 41.731234291152475], [13.879218901275092, 41.72870638324012], [13.89763893666388, 41.732134250830306], [13.904455075305519, 41.7181912888925], [13.919701407059476, 41.71724357343433], [13.932868033787098, 41.693048794892064], [13.941015151497899, 41.68797275205532]]]}, "properties": {"name": "L'Aquila", "code": "AQ", "region": "Abruzzo", "name_de": "L'Aquila"}}, {"type": "Feature", "geometry": {"type": "Polygon", "coordinates": [[[14.146257504547167, 42.53061743988337], [14.10938869998047, 42.563231828742346], [14.062599718645519, 42.617390382090605], [14.039828311388918, 42.65329810704054], [14.0258583017565, 42.667773156240706], [13.992881179726876, 42.713484742176554], [13.976513069465971, 42.746875245567715], [13.950716510143994, 42.78988125573739], [13.93021072495051, 42.84389554085929], [13.916207129906372, 42.89459082545183], [13.880537536676108, 42.891813072059506], [13.856629903582013, 42.884581911853026], [13.8161233059174, 42.8775238894932], [13.799335748081424, 42.866723029786456], [13.773790610613398, 42.85944796675109], [13.726626407514631, 42.85564666764085], [13.71088477813112, 42.84335747453311], [13.69930327955229, 42.822615585162495], [13.663599847036707, 42.80712738737428], [13.641412270622418, 42.802971319087455], [13.620956814148446, 42.81570517339113], [13.600068949092496, 42.806345515668504], [13.574701490274267, 42.800813021969915], [13.55324553817324, 42.80555586938421], [13.535003302135314, 42.81679698527445], [13.529733288707689, 42.79598925389701], [13.519288797038724, 42.79143268586049], [13.502316526769478, 42.77096910720842], [13.50399646717945, 42.75046900544668], [13.493443724449023, 42.73661538711566], [13.482361182636762, 42.732088952796296], [13.452108473475942, 42.733911381310214], [13.427396931384672, 42.706425289434854], [13.397760022270415, 42.68899428262644], [13.35775555727035, 42.69409814775866], [13.348794335979015, 42.66861210674404], [13.37261705391078, 42.6493590485437], [13.40828330182437, 42.642863525260864], [13.405402511896902, 42.628320273853475], [13.394681469856499, 42.621701455948006], [13.38916985803572, 42.60231561986753], [13.394013456244922, 42.59125860818771], [13.404149235458885, 42.57232211893181], [13.402265479769632, 42.56162204672539], [13.409671672566468, 42.53820238629631], [13.426055520192984, 42.51901342062529], [13.448368143278918, 42.503818826826695], [13.45213162998153, 42.49659569248326], [13.47201427981241, 42.485938790847335], [13.502108476262071, 42.47509753803523], [13.525709161053953, 42.47240148530603], [13.524686420053609, 42.450730329091314], [13.552050993579416, 42.447983468117904], [13.56034614481895, 42.456903970218164], [13.623656516347332, 42.450360199825205], [13.665342507952921, 42.43829115920494], [13.68310581457673, 42.44235040332261], [13.722979008431928, 42.44267342598857], [13.759082637882447, 42.428392292980696], [13.765261422260702, 42.4201442934328], [13.771954582131697, 42.437851629185495], [13.79003597559942, 42.45172121582984], [13.79287697822283, 42.46336243869926], [13.805856156744683, 42.47405349923784], [13.810645442136638, 42.49287102272182], [13.83784612516064, 42.497939912995776], [13.859835992799791, 42.487941327596396], [13.884084528367534, 42.489374860615605], [13.880808040205478, 42.50254655260377], [13.89301809563902, 42.51208541172067], [13.910778436293796, 42.50638578625409], [13.927080805586408, 42.514624218413736], [13.950244213199497, 42.506038608582784], [13.95885764231951, 42.5100541943815], [13.951858401372846, 42.52974074767285], [13.973297133949227, 42.53280726979253], [13.989979057597127, 42.54187080222442], [14.031450699632147, 42.534601573884885], [14.060056595143381, 42.53207386298843], [14.06666542961578, 42.54452894082333], [14.087046822605524, 42.54322747079669], [14.098677440638141, 42.53297729456381], [14.129457821519795, 42.527067150780546], [14.146257504547167, 42.53061743988337]]]}, "properties": {"name": "Teramo", "code": "TE", "region": "Abruzzo", "name_de": "Teramo"}}, {"type": "Feature", "geometry": {"type": "Polygon", "coordinates": [[[13.765261422260702, 42.4201442934328], [13.776409529280972, 42.413899707315196], [13.786761358977973, 42.39385365395169], [13.808588566192245, 42.37874470036745], [13.799115090121582, 42.365831495642965], [13.807186881928189, 42.34626642509829], [13.805350705706447, 42.3382477000476], [13.824487426974791, 42.31616772725471], [13.828499737793702, 42.293564976296025], [13.84432692021595, 42.28108159400907], [13.842427969620987, 42.25645410631966], [13.832958347289033, 42.24653804048676], [13.820725338186488, 42.25323922845522], [13.804075858838221, 42.23776789207547], [13.807512176562714, 42.226119449770636], [13.798315444447752, 42.18572828072704], [13.799411413567608, 42.16817286974166], [13.789224893128115, 42.153933320428884], [13.831175820552797, 42.143520121687786], [13.852731145410058, 42.14601415823114], [13.860047363072782, 42.159739607513444], [13.898899166332953, 42.16557422332738], [13.905852287973566, 42.147017708291266], [13.932983477217434, 42.13133188990771], [13.962009484009261, 42.12473615418195], [13.98086904049491, 42.09831023035173], [14.009123750160954, 42.073070841020474], [14.030541649682455, 42.08290809743222], [14.085227835540298, 42.08672379345727], [14.090206419992324, 42.09868332942576], [14.106785715742843, 42.09890805252676], [14.114917578944027, 42.10718759927904], [14.109553948310076, 42.13790168427688], [14.113900127433649, 42.148929517734764], [14.12917249617558, 42.15877468936033], [14.096079435730811, 42.185920340768114], [14.093623417246652, 42.200919150566314], [14.129346943522398, 42.22560594303526], [14.111350611117826, 42.24071696317767], [14.10571421905398, 42.25742750280037], [14.113660289217803, 42.27442983807154], [14.092187791342566, 42.28095151126933], [14.111325017768287, 42.291387365596194], [14.079450591563667, 42.31682678595222], [14.075664755404624, 42.325092862968745], [14.094356811402175, 42.33442137002163], [14.111341708954143, 42.33173690187842], [14.12704279404149, 42.34868837099018], [14.12969840918737, 42.38090202657803], [14.13609682348524, 42.38878067231031], [14.156376377270437, 42.39308944207649], [14.155263024593454, 42.408084047399434], [14.168748799132338, 42.42595305862986], [14.192247102173079, 42.43383506452297], [14.22871329703792, 42.41549016231774], [14.25429208761231, 42.44486453138127], [14.228183864414886, 42.468139297341125], [14.220239406697196, 42.46987751770455], [14.188796332177997, 42.491760958670795], [14.146257504547167, 42.53061743988337], [14.129457821519795, 42.527067150780546], [14.098677440638141, 42.53297729456381], [14.087046822605524, 42.54322747079669], [14.06666542961578, 42.54452894082333], [14.060056595143381, 42.53207386298843], [14.031450699632147, 42.534601573884885], [13.989979057597127, 42.54187080222442], [13.973297133949227, 42.53280726979253], [13.951858401372846, 42.52974074767285], [13.95885764231951, 42.5100541943815], [13.950244213199497, 42.506038608582784], [13.927080805586408, 42.514624218413736], [13.910778436293796, 42.50638578625409], [13.89301809563902, 42.51208541172067], [13.880808040205478, 42.50254655260377], [13.884084528367534, 42.489374860615605], [13.859835992799791, 42.487941327596396], [13.83784612516064, 42.497939912995776], [13.810645442136638, 42.49287102272182], [13.805856156744683, 42.47405349923784], [13.79287697822283, 42.46336243869926], [13.79003597559942, 42.45172121582984], [13.771954582131697, 42.437851629185495], [13.765261422260702, 42.4201442934328]]]}, "properties": {"name": "Pescara", "code": "PE", "region": "Abruzzo", "name_de": "Pescara"}}, {"type": "Feature", "geometry": {"type": "Polygon", "coordinates": [[[14.229730484349629, 41.87708446442196], [14.244782213361656, 41.88190139511568], [14.279300986184564, 41.90951829167794], [14.328479218657883, 41.884870419806575], [14.343301573926475, 41.868555834049076], [14.361094534268068, 41.87429602815732], [14.377256669798113, 41.868087199069564], [14.397448049503367, 41.86974345340012], [14.420675130453825, 41.85527917633719], [14.433690864163548, 41.84152177635905], [14.445696540932373, 41.83782314561916], [14.45474416439695, 41.795807637864876], [14.464419328141522, 41.77700714631401], [14.454618412408927, 41.76518158704033], [14.485330061601715, 41.759651900014276], [14.504716163659584, 41.776049150047825], [14.529986196717227, 41.78832676254376], [14.532731041621515, 41.798393722295415], [14.554065056595057, 41.81746229169295], [14.567978706411555, 41.81812102533748], [14.58366587955569, 41.8407837118351], [14.598641690141474, 41.85346554091508], [14.599349095572945, 41.86373386701517], [14.614244509479818, 41.88918843360648], [14.641649336758945, 41.900398604200184], [14.663763349714984, 41.91628905701482], [14.668636502023867, 41.946630590034616], [14.680230323914998, 41.95611278074116], [14.727161081236838, 42.00324614149301], [14.766155999653854, 42.018449401149546], [14.782246956281249, 42.03510521497168], [14.762302120448853, 42.044595918484646], [14.779167628640167, 42.07024694082255], [14.751524635955032, 42.08059219269841], [14.724250996850252, 42.098805259795284], [14.717765754078059, 42.10771749401494], [14.722626591885142, 42.12440472970361], [14.718809740569107, 42.135875068565895], [14.717219248968776, 42.1702046428934], [14.695836670559421, 42.17558145138582], [14.608945949901461, 42.203696074649606], [14.56302470172285, 42.223775528022415], [14.508265462366754, 42.25250303420297], [14.499504967451792, 42.27367263551983], [14.441203222912824, 42.31231511021761], [14.425339874946527, 42.326735401194995], [14.411453372523441, 42.35740285535567], [14.390978097401508, 42.37256477364004], [14.372954809765575, 42.37857435392521], [14.31562626300742, 42.40773783611683], [14.25429208761231, 42.44486453138127], [14.22871329703792, 42.41549016231774], [14.192247102173079, 42.43383506452297], [14.168748799132338, 42.42595305862986], [14.155263024593454, 42.408084047399434], [14.156376377270437, 42.39308944207649], [14.13609682348524, 42.38878067231031], [14.12969840918737, 42.38090202657803], [14.12704279404149, 42.34868837099018], [14.111341708954143, 42.33173690187842], [14.094356811402175, 42.33442137002163], [14.075664755404624, 42.325092862968745], [14.079450591563667, 42.31682678595222], [14.111325017768287, 42.291387365596194], [14.092187791342566, 42.28095151126933], [14.113660289217803, 42.27442983807154], [14.10571421905398, 42.25742750280037], [14.111350611117826, 42.24071696317767], [14.129346943522398, 42.22560594303526], [14.093623417246652, 42.200919150566314], [14.096079435730811, 42.185920340768114], [14.12917249617558, 42.15877468936033], [14.113900127433649, 42.148929517734764], [14.109553948310076, 42.13790168427688], [14.114917578944027, 42.10718759927904], [14.106785715742843, 42.09890805252676], [14.090206419992324, 42.09868332942576], [14.085227835540298, 42.08672379345727], [14.100190840770994, 42.07467167616592], [14.103912802224071, 42.04875766989243], [14.09049243079617, 42.04078905212163], [14.081525262263886, 42.01829990612027], [14.081038573966316, 42.001724697374186], [14.089925985834052, 41.99754422143241], [14.097877527969587, 41.94582692857172], [14.081824549149887, 41.93941230416918], [14.094880505950853, 41.922262360466576], [14.10625553252029, 41.893356154742904], [14.138340746878168, 41.887229121271574], [14.16772011085874, 41.900936709724704], [14.18323948999506, 41.90351460232855], [14.211404721063984, 41.89060481120692], [14.229730484349629, 41.87708446442196]]]}, "properties": {"name": "Chieti", "code": "CH", "region": "Abruzzo", "name_de": "Chieti"}}, {"type": "Feature", "geometry": {"type": "Polygon", "coordinates": [[[14.382495821875368, 41.44325389948542], [14.400940952816804, 41.43719849181006], [14.412514471100991, 41.441224116113936], [14.4307053531129, 41.42872700455122], [14.453967491325301, 41.42791330663134], [14.477989481199847, 41.41017189707472], [14.488605935148769, 41.39070841403451], [14.504878081432272, 41.38263271742561], [14.522299814340023, 41.3852205725387], [14.551293858683001, 41.379463787477086], [14.566325762324063, 41.39213064467122], [14.584884672455267, 41.381542311426145], [14.591622861937552, 41.36940754486122], [14.614635221784058, 41.368239976212884], [14.633779784223261, 41.3874326640416], [14.66605936789271, 41.406533999368904], [14.699623563504588, 41.41084351916328], [14.717278570337314, 41.40082780725153], [14.748125795157762, 41.408449621301955], [14.764700380188915, 41.417368057138184], [14.774556540553583, 41.445905956034586], [14.788517032095967, 41.45280396042302], [14.843115388017877, 41.42660726680209], [14.867695140582462, 41.42782284602101], [14.885497898491968, 41.44494948798982], [14.908276468743988, 41.450960960791505], [14.946414266746316, 41.45597406931516], [14.964407104650304, 41.465827128334176], [14.982266957714886, 41.46906612368072], [14.989665455573707, 41.47986681826435], [15.007617814612411, 41.486388782917835], [14.979282422487822, 41.505685226546746], [14.966394418441656, 41.519007312314606], [14.94511540949664, 41.52183321186426], [14.937030620060101, 41.527855824476305], [14.935876668588554, 41.5424350386814], [14.945549488585463, 41.56327606698533], [14.949518649957367, 41.59178476894258], [14.947357770930285, 41.6076991017576], [14.936793882710145, 41.62320311164931], [14.964028188132389, 41.6433888096771], [14.988700160050154, 41.63780787928756], [15.006340815140257, 41.62306140140429], [15.025958542328857, 41.62259736412603], [15.025461011336713, 41.63410026484868], [15.044698165995927, 41.64034608894312], [15.048312448851648, 41.65552051680532], [15.105201762519577, 41.675981148702995], [15.117753368052629, 41.69411015211347], [15.155288220480132, 41.70673741392491], [15.12091551807112, 41.7207511744008], [15.102843248811396, 41.74127574207628], [15.115258210033453, 41.75092853623116], [15.098608801925694, 41.76517468952733], [15.102427759136935, 41.782411036075125], [15.114677138513935, 41.789165234468285], [15.116446439598569, 41.81453531322535], [15.100464047875438, 41.83355554658563], [15.105944375194044, 41.84952124575406], [15.114666362549855, 41.85077919773505], [15.12972346196007, 41.87370495535199], [15.140590333913094, 41.87909916755049], [15.13166644294392, 41.90342659199874], [15.138045719326364, 41.926645124441066], [15.0905113755851, 41.93768464803172], [15.076668854212695, 41.944146552024584], [15.053565676323295, 41.96377595268122], [15.022432736069936, 41.983953745577], [15.003543392354432, 41.99187419959578], [14.994222450328909, 42.00512723049026], [14.954624072479644, 42.01052902508689], [14.88919490002553, 42.02439849279997], [14.827926227330208, 42.04681248019647], [14.794370169676954, 42.06566496482905], [14.779167628640167, 42.07024694082255], [14.762302120448853, 42.044595918484646], [14.782246956281249, 42.03510521497168], [14.766155999653854, 42.018449401149546], [14.727161081236838, 42.00324614149301], [14.680230323914998, 41.95611278074116], [14.668636502023867, 41.946630590034616], [14.663763349714984, 41.91628905701482], [14.641649336758945, 41.900398604200184], [14.614244509479818, 41.88918843360648], [14.599349095572945, 41.86373386701517], [14.598641690141474, 41.85346554091508], [14.58366587955569, 41.8407837118351], [14.567978706411555, 41.81812102533748], [14.554065056595057, 41.81746229169295], [14.532731041621515, 41.798393722295415], [14.529986196717227, 41.78832676254376], [14.504716163659584, 41.776049150047825], [14.485330061601715, 41.759651900014276], [14.478087070919234, 41.74530973214994], [14.513903454045934, 41.730686505578916], [14.52009518866809, 41.72455933565263], [14.52076523845368, 41.698911109563234], [14.501181616214545, 41.68571954227715], [14.469118398528872, 41.677955339796895], [14.45491623705062, 41.6649214961245], [14.430145179531358, 41.669293877601476], [14.427250310859804, 41.637308110025515], [14.45187488670424, 41.64245224414159], [14.480770648521403, 41.62961447897194], [14.481529004357066, 41.61631721540376], [14.497959176183937, 41.61654295624742], [14.512484088588426, 41.600428805892264], [14.49440740611986, 41.59169134256418], [14.4934181172731, 41.57237026268479], [14.457538373989655, 41.54613847940757], [14.446224252498057, 41.518667767109974], [14.428080548764656, 41.52474461609763], [14.408045906932289, 41.51130582229989], [14.391763890095547, 41.50724723320353], [14.387325990732812, 41.47957499563561], [14.377760436722667, 41.452885764497985], [14.382495821875368, 41.44325389948542]]]}, "properties": {"name": "Campobasso", "code": "CB", "region": "Molise", "name_de": "Campobasso"}}, {"type": "Feature", "geometry": {"type": "Polygon", "coordinates": [[[15.007617814612411, 41.486388782917835], [15.023291190861096, 41.47732580652608], [15.030299323886748, 41.45538945781601], [15.050486960418423, 41.44335799045534], [15.076251391983904, 41.43277811223607], [15.09834231962932, 41.43402677931628], [15.10303595180293, 41.42086305398615], [15.091718888797946, 41.41792279495065], [15.08655287457286, 41.40415331131618], [15.098313051453454, 41.39056853693038], [15.079947326508975, 41.38811106698528], [15.058467623811858, 41.372134698943626], [15.072190194700093, 41.33246032269299], [15.099931840905558, 41.32770468890304], [15.113169635776616, 41.31934872611806], [15.130560168099061, 41.317185580111044], [15.126770584658185, 41.302951898715634], [15.137726199946686, 41.28638302241777], [15.14915609928184, 41.28044553459124], [15.201002928597662, 41.28627197434336], [15.216282562751633, 41.275235901217115], [15.253673176336195, 41.268306461791916], [15.274063698018832, 41.25049307236681], [15.27726822710104, 41.24100023572603], [15.246175054399968, 41.23611112740353], [15.24920843714762, 41.21758529525782], [15.261339732297383, 41.20258737763144], [15.223535577089322, 41.18194162233367], [15.210432312968813, 41.164450456118146], [15.210788467464324, 41.148670648690484], [15.235735540445175, 41.14014397062239], [15.263784206245282, 41.113445157672146], [15.262140891724412, 41.107621700430784], [15.29780449535781, 41.09440289506393], [15.314357191772658, 41.10388567515993], [15.34897219948843, 41.09512945117263], [15.366397705709483, 41.08489107086001], [15.400787977047923, 41.106038679824515], [15.412379900392681, 41.096624232073104], [15.426192568960309, 41.095099904030036], [15.446099997851654, 41.07801446141303], [15.477859427191449, 41.07860820702791], [15.489571853405192, 41.07002672002933], [15.542874539481751, 41.05585506744804], [15.54227486701523, 41.067081565957416], [15.558909817322785, 41.0873874630032], [15.58573850488291, 41.09826124818335], [15.630800396070054, 41.096690859355654], [15.684053692845051, 41.086745365693126], [15.720318817334467, 41.090093444376194], [15.732203806435933, 41.098919762930514], [15.751186596090397, 41.09789779550071], [15.768399287755704, 41.083190965726814], [15.798732708618763, 41.09198463005214], [15.803571825107282, 41.11089348062781], [15.82507898898659, 41.118380783663206], [15.834426842230506, 41.13025645734192], [15.845476161466323, 41.12445306750794], [15.870254521937609, 41.13992127113453], [15.892879380762949, 41.15400139223268], [15.932025809085902, 41.182965241714186], [15.950463270071726, 41.183389063641556], [15.991613273477414, 41.195401465177014], [15.995423368647986, 41.206005394656565], [16.012925436402934, 41.21179979425486], [16.0204074079631, 41.22050301545354], [16.01751163125426, 41.23914529530894], [16.04024235312796, 41.26990744894236], [16.01253257331737, 41.26428029040665], [15.98758785997392, 41.30462403015763], [15.983402852383463, 41.30468803905457], [15.98192573751531, 41.36078905916053], [15.99213535763446, 41.36100731506254], [16.031094200092358, 41.373915880402606], [16.037272654337535, 41.383417304529345], [16.017673214613815, 41.3899073296106], [15.980221206627306, 41.41126620330476], [15.937464573135982, 41.42472300767696], [15.952206109179704, 41.441206253445905], [15.979191401451258, 41.438331291456315], [16.02478012510915, 41.425760554187995], [15.99641762604581, 41.437500205361204], [15.962240098811884, 41.45779189366062], [15.933363869934285, 41.48401398368066], [15.918874430405296, 41.504334099178166], [15.903678994316847, 41.534586076059895], [15.894230122616248, 41.575554973532185], [15.90137541706503, 41.6148330223566], [15.913984020174818, 41.625333420384976], [15.945734196702196, 41.643159345768915], [16.038973542700496, 41.680259900077985], [16.065376059516534, 41.695708084306986], [16.073371954265507, 41.710570720880284], [16.08774685415468, 41.71436894521135], [16.104728063657607, 41.72959814583326], [16.143769139272397, 41.74308088029981], [16.162167143287967, 41.75428084514032], [16.167597793213115, 41.766354708916474], [16.18999559826531, 41.77739356529965], [16.195444039030157, 41.796133224751586], [16.196669286229046, 41.82233797758965], [16.17668511482067, 41.85511456032517], [16.178878278439093, 41.887220928140074], [16.161062038436395, 41.89192652060944], [16.140937880927755, 41.914396467602614], [16.118143308980052, 41.91656609555852], [16.089591600478613, 41.93867053966022], [16.05934042621777, 41.947692715373435], [16.024003509475303, 41.94594172327624], [16.009597869330396, 41.9498851481582], [15.980403473582347, 41.94210523202819], [15.927042166957706, 41.933505757396034], [15.799764908410124, 41.92044843964942], [15.73769747537327, 41.9157700643186], [15.68343821594529, 41.91440974932149], [15.619834081169088, 41.928720854615754], [15.612845788500502, 41.9255184560999], [15.501953061008589, 41.90869846617207], [15.416306477126678, 41.90087269309925], [15.373557254795458, 41.90174445072976], [15.355885463748395, 41.905371981706026], [15.340713789608941, 41.917174431992194], [15.293278293353163, 41.92032854436475], [15.211868554354876, 41.919133413201145], [15.168242087006217, 41.92223190452135], [15.138045719326364, 41.926645124441066], [15.13166644294392, 41.90342659199874], [15.140590333913094, 41.87909916755049], [15.12972346196007, 41.87370495535199], [15.114666362549855, 41.85077919773505], [15.105944375194044, 41.84952124575406], [15.100464047875438, 41.83355554658563], [15.116446439598569, 41.81453531322535], [15.114677138513935, 41.789165234468285], [15.102427759136935, 41.782411036075125], [15.098608801925694, 41.76517468952733], [15.115258210033453, 41.75092853623116], [15.102843248811396, 41.74127574207628], [15.12091551807112, 41.7207511744008], [15.155288220480132, 41.70673741392491], [15.117753368052629, 41.69411015211347], [15.105201762519577, 41.675981148702995], [15.048312448851648, 41.65552051680532], [15.044698165995927, 41.64034608894312], [15.025461011336713, 41.63410026484868], [15.025958542328857, 41.62259736412603], [15.006340815140257, 41.62306140140429], [14.988700160050154, 41.63780787928756], [14.964028188132389, 41.6433888096771], [14.936793882710145, 41.62320311164931], [14.947357770930285, 41.6076991017576], [14.949518649957367, 41.59178476894258], [14.945549488585463, 41.56327606698533], [14.935876668588554, 41.5424350386814], [14.937030620060101, 41.527855824476305], [14.94511540949664, 41.52183321186426], [14.966394418441656, 41.519007312314606], [14.979282422487822, 41.505685226546746], [15.007617814612411, 41.486388782917835]]]}, "properties": {"name": "Foggia", "code": "FG", "region": "Puglia", "name_de": "Foggia"}}, {"type": "Feature", "geometry": {"type": "Polygon", "coordinates": [[[17.353611426229623, 40.7485922039423], [17.39448041674979, 40.75020994119906], [17.387346163931706, 40.77095385683143], [17.39975456385112, 40.78448107716129], [17.364911653325027, 40.786360690894945], [17.332998828626224, 40.806805916997774], [17.295721438186494, 40.8169995591251], [17.354739947979713, 40.87681666815281], [17.38921361133982, 40.89225276527451], [17.351542370865975, 40.9050510734623], [17.328353435949, 40.935074415187906], [17.305776158146134, 40.95061650003775], [17.30176617731456, 40.95827976583432], [17.237863246867764, 40.99217712025351], [17.20599382232835, 41.001334982950496], [17.176223996441966, 41.02851254619725], [17.146266071175866, 41.03558033974306], [17.09074953705232, 41.06329163312319], [17.058257981209874, 41.07601901554927], [16.96017045120993, 41.0972647928012], [16.9274016775362, 41.11157155112691], [16.890785268644446, 41.11877965311653], [16.86547170773396, 41.13046082099836], [16.851587644887683, 41.130141903912794], [16.835002622437116, 41.13698119624048], [16.81149982566494, 41.14012357710097], [16.7926615686459, 41.148024706240804], [16.778805820134753, 41.159747685485904], [16.762873349947004, 41.16054131938292], [16.682331492620555, 41.182210016507604], [16.674939278164054, 41.18900620789527], [16.62795217262595, 41.19410584617256], [16.584262099388734, 41.21191358923845], [16.559721720086383, 41.224587440743754], [16.54226126158003, 41.22947315972181], [16.533803639235376, 41.20739180403915], [16.510886217764362, 41.18301643098294], [16.516964849346298, 41.17246716533928], [16.503842503466203, 41.15133710382189], [16.48271041045256, 41.153646712817206], [16.470458675288846, 41.14888586300082], [16.456460004542407, 41.17387631727819], [16.428783542610514, 41.190319075248794], [16.415475912765395, 41.187094972530296], [16.387871649201294, 41.19473147831491], [16.381235260541352, 41.18169601589985], [16.358723256876914, 41.164271039898765], [16.3399717852174, 41.16651792051263], [16.340434894986878, 41.1430327359883], [16.35170331441153, 41.1347220854865], [16.343697894502508, 41.12149990479412], [16.322777232734296, 41.10678172592041], [16.312996141110965, 41.09024982297519], [16.298745036306947, 41.08451480185569], [16.29868340203622, 41.073590433489905], [16.278699157264484, 41.05402600848263], [16.263162401618622, 41.033190849407326], [16.26662253377728, 41.02389156762112], [16.254039928160683, 41.01478001637118], [16.26642464006205, 41.00534610312511], [16.25188725547315, 40.96217980798191], [16.232509511342354, 40.951530415724655], [16.209110189822987, 40.92856433922426], [16.20246420581977, 40.91753153345664], [16.214030792150822, 40.905030468108755], [16.22660712420986, 40.87956581064416], [16.23099721532855, 40.85687139020967], [16.2440502765427, 40.83803066586126], [16.284381494610926, 40.79919615368761], [16.316226504959886, 40.783106700328], [16.346885473182294, 40.75199087752449], [16.380389755247663, 40.73639888441584], [16.400152372193414, 40.7074063832394], [16.413779054517114, 40.701861931056534], [16.429998357862704, 40.70397318493123], [16.461999768624203, 40.72392417336054], [16.481670949176596, 40.73917510474515], [16.496471596384218, 40.758589173832384], [16.522660604929616, 40.74605035551157], [16.523516753619933, 40.73543450392596], [16.53837675901169, 40.725405174068705], [16.537645836485915, 40.7532858887548], [16.566870379389403, 40.753332678758014], [16.585584742241032, 40.76259166623099], [16.5943595529013, 40.7526410808016], [16.606688295490997, 40.75549511405654], [16.639102975256993, 40.75083572117675], [16.66151941445732, 40.73683085103377], [16.677511655258847, 40.7361441448442], [16.724904272569372, 40.71382995979363], [16.73512529438381, 40.71102316581353], [16.786111919198408, 40.73244722177323], [16.800071524199296, 40.69500827357491], [16.821843455659426, 40.69385434508159], [16.818040710351276, 40.70621352117681], [16.84214123516855, 40.712791056312355], [16.850684700571687, 40.72163017120874], [16.892351659284618, 40.71511529286335], [16.911945334980356, 40.70708889246115], [16.930714865089143, 40.712856694724316], [16.92305903462094, 40.7260026565797], [16.925930778274527, 40.736829118752084], [16.950485610689693, 40.743144443595796], [16.971527745298772, 40.74132826451028], [17.005899195569093, 40.75464170008245], [17.01885446053307, 40.750008857821086], [17.000945273654864, 40.73139915257781], [17.022570837491998, 40.713079805071125], [17.033691642949346, 40.71207188345979], [17.06295941536199, 40.721100211322955], [17.08262148730779, 40.71983734943556], [17.08690088707625, 40.71090447525196], [17.11295789920377, 40.71353898423246], [17.124896565694474, 40.7070805290999], [17.149494395951805, 40.71075898270238], [17.156046428871765, 40.73988294305736], [17.20128308881351, 40.76166643382036], [17.23097869925315, 40.75806471226717], [17.24610803573041, 40.76557997757669], [17.25058753200182, 40.77666516182774], [17.243547974313955, 40.79887140708701], [17.286188479047613, 40.797635161486724], [17.30166905817168, 40.802082397012136], [17.31040273493806, 40.790403520568894], [17.289116761226698, 40.78212746684365], [17.282978027710538, 40.767620027930676], [17.306815186189315, 40.74463708167881], [17.341049642184, 40.74291887155191], [17.353611426229623, 40.7485922039423]]]}, "properties": {"name": "Bari", "code": "BA", "region": "Puglia", "name_de": "Bari"}}, {"type": "Feature", "geometry": {"type": "Polygon", "coordinates": [[[17.798333818069736, 40.37964954277531], [17.78959562322856, 40.39136630054031], [17.76822647013686, 40.39588848551194], [17.733410942000557, 40.391502813974846], [17.71866485293324, 40.40538352672692], [17.693918200088067, 40.41176835072133], [17.68376477674678, 40.43072097250152], [17.652140738704635, 40.45108752883652], [17.62710323908659, 40.46185848156378], [17.583799553631913, 40.46020186661888], [17.59023089946576, 40.449440360367234], [17.57727611188428, 40.438506947865974], [17.54958165168328, 40.446491606968586], [17.532260337176552, 40.44770004680923], [17.5198968225771, 40.460621258978975], [17.510274865194287, 40.47883185376183], [17.486993912077534, 40.48215734788221], [17.47963418707603, 40.50336678456812], [17.472036863385824, 40.509853005665406], [17.448303367320474, 40.55493622403048], [17.457540220136767, 40.58101209108424], [17.473299242962646, 40.59579994653108], [17.47339459458637, 40.61057903072414], [17.43860072775681, 40.62399212574878], [17.426856171319166, 40.63432236027684], [17.418785636187152, 40.67763810912475], [17.396750152926302, 40.69500365977117], [17.389941704189184, 40.717079963643414], [17.349836285667458, 40.73289373771897], [17.353611426229623, 40.7485922039423], [17.341049642184, 40.74291887155191], [17.306815186189315, 40.74463708167881], [17.282978027710538, 40.767620027930676], [17.289116761226698, 40.78212746684365], [17.31040273493806, 40.790403520568894], [17.30166905817168, 40.802082397012136], [17.286188479047613, 40.797635161486724], [17.243547974313955, 40.79887140708701], [17.25058753200182, 40.77666516182774], [17.24610803573041, 40.76557997757669], [17.23097869925315, 40.75806471226717], [17.20128308881351, 40.76166643382036], [17.156046428871765, 40.73988294305736], [17.149494395951805, 40.71075898270238], [17.124896565694474, 40.7070805290999], [17.11295789920377, 40.71353898423246], [17.08690088707625, 40.71090447525196], [17.08262148730779, 40.71983734943556], [17.06295941536199, 40.721100211322955], [17.033691642949346, 40.71207188345979], [17.022570837491998, 40.713079805071125], [17.000945273654864, 40.73139915257781], [17.01885446053307, 40.750008857821086], [17.005899195569093, 40.75464170008245], [16.971527745298772, 40.74132826451028], [16.950485610689693, 40.743144443595796], [16.925930778274527, 40.736829118752084], [16.92305903462094, 40.7260026565797], [16.930714865089143, 40.712856694724316], [16.911945334980356, 40.70708889246115], [16.892351659284618, 40.71511529286335], [16.850684700571687, 40.72163017120874], [16.84214123516855, 40.712791056312355], [16.818040710351276, 40.70621352117681], [16.821843455659426, 40.69385434508159], [16.800071524199296, 40.69500827357491], [16.786111919198408, 40.73244722177323], [16.73512529438381, 40.71102316581353], [16.724904272569372, 40.71382995979363], [16.696623063572257, 40.702082111126195], [16.70909388591771, 40.69301118858027], [16.727200292138647, 40.68837754655697], [16.72565477322702, 40.6775999030817], [16.710140979963544, 40.63021533932204], [16.714227265902398, 40.6142824120123], [16.723970701046873, 40.60244465880374], [16.707810512001842, 40.564580670551244], [16.705687206415465, 40.550189455066764], [16.722479778170648, 40.533514532221034], [16.71669958164959, 40.52360340438599], [16.737195830614482, 40.50506076599898], [16.719587760837346, 40.48141002881591], [16.743740860788336, 40.46472322501312], [16.785470410676453, 40.46287997398355], [16.802815741866986, 40.45744378289772], [16.81015527529045, 40.4330427822607], [16.833729259441025, 40.41236658927921], [16.86717341806744, 40.39785064358539], [16.902517744404367, 40.43571930665631], [16.94609094163101, 40.467653437039026], [16.996160447787187, 40.49523715019387], [17.04391632536609, 40.512128905195596], [17.0857023543601, 40.51987489837179], [17.129621857662027, 40.51715855634939], [17.149300191458345, 40.505217223058594], [17.16263986072245, 40.5061110213307], [17.1818726246628, 40.48177115268522], [17.192082074139112, 40.47700209215677], [17.226635669270586, 40.479516272743226], [17.249163011913733, 40.458813458859495], [17.25038648827284, 40.44254103732129], [17.23048314680672, 40.4239781244817], [17.211654992157218, 40.42291420928773], [17.205762256795506, 40.40851355800303], [17.22282483958381, 40.408882739010714], [17.23518501488555, 40.40135227109581], [17.29605206153819, 40.37889454815975], [17.32431221751634, 40.361710023775636], [17.340130464993223, 40.36172024433492], [17.348768419424957, 40.35492267508178], [17.37548133953977, 40.34808026180202], [17.395642811140647, 40.33225614392184], [17.442842604671668, 40.329805198289584], [17.458034177657833, 40.31697766463807], [17.494765178677007, 40.30995631069513], [17.51015570501027, 40.294634325470895], [17.598994909131058, 40.299756544646804], [17.657031440047295, 40.30418793678791], [17.69446827833075, 40.303642902770235], [17.763855451080577, 40.296143104904196], [17.767954717268218, 40.31160490369216], [17.78531114315454, 40.310734056883085], [17.781083251511017, 40.32433659517636], [17.79203906610226, 40.33672145935247], [17.799229879980043, 40.3535165082192], [17.798333818069736, 40.37964954277531]]]}, "properties": {"name": "Taranto", "code": "TA", "region": "Puglia", "name_de": "Taranto"}}, {"type": "Feature", "geometry": {"type": "Polygon", "coordinates": [[[18.097367144399367, 40.51536716916184], [18.07977836330825, 40.526329493684415], [18.074250754806496, 40.53901191361251], [18.054989469664896, 40.548623998591786], [18.03501467849081, 40.56884132281819], [18.044843929635675, 40.597631006992316], [18.020920369540338, 40.61849353091743], [18.016873329979507, 40.63973023486452], [17.99861189762493, 40.64903288589411], [17.98210111033294, 40.64407188066875], [17.960314592185426, 40.65506395837182], [17.941952461401126, 40.682003857778376], [17.925820407430397, 40.67946301526265], [17.843482272998703, 40.690116641156834], [17.814016341744495, 40.70150373479861], [17.798595237692997, 40.714720188658795], [17.77468882306527, 40.720543842002094], [17.7484503522608, 40.73306563771169], [17.70862546175601, 40.75762009334758], [17.67688436488549, 40.76866787105717], [17.62263938784684, 40.78317766794754], [17.601434638766232, 40.787106219622714], [17.515019584402225, 40.814388077238654], [17.47281270138644, 40.832214880371836], [17.465607790623253, 40.84386486416096], [17.42185508730595, 40.86575248852253], [17.38921361133982, 40.89225276527451], [17.354739947979713, 40.87681666815281], [17.295721438186494, 40.8169995591251], [17.332998828626224, 40.806805916997774], [17.364911653325027, 40.786360690894945], [17.39975456385112, 40.78448107716129], [17.387346163931706, 40.77095385683143], [17.39448041674979, 40.75020994119906], [17.353611426229623, 40.7485922039423], [17.349836285667458, 40.73289373771897], [17.389941704189184, 40.717079963643414], [17.396750152926302, 40.69500365977117], [17.418785636187152, 40.67763810912475], [17.426856171319166, 40.63432236027684], [17.43860072775681, 40.62399212574878], [17.47339459458637, 40.61057903072414], [17.473299242962646, 40.59579994653108], [17.457540220136767, 40.58101209108424], [17.448303367320474, 40.55493622403048], [17.472036863385824, 40.509853005665406], [17.47963418707603, 40.50336678456812], [17.486993912077534, 40.48215734788221], [17.510274865194287, 40.47883185376183], [17.5198968225771, 40.460621258978975], [17.532260337176552, 40.44770004680923], [17.54958165168328, 40.446491606968586], [17.57727611188428, 40.438506947865974], [17.59023089946576, 40.449440360367234], [17.583799553631913, 40.46020186661888], [17.62710323908659, 40.46185848156378], [17.652140738704635, 40.45108752883652], [17.68376477674678, 40.43072097250152], [17.693918200088067, 40.41176835072133], [17.71866485293324, 40.40538352672692], [17.733410942000557, 40.391502813974846], [17.76822647013686, 40.39588848551194], [17.78959562322856, 40.39136630054031], [17.798333818069736, 40.37964954277531], [17.819700926478948, 40.394613349879336], [17.82253901825419, 40.40341512574427], [17.88637674825819, 40.4226557458091], [17.93559429073773, 40.42886797227743], [17.953309692926624, 40.457618199047154], [17.97553030220819, 40.454579096352106], [17.99351732806945, 40.467693551134836], [18.019443107838626, 40.46382690719681], [18.026553912376478, 40.47737504898633], [18.040057506750284, 40.487825389490816], [18.049811065761393, 40.473873604882854], [18.069107956018904, 40.460424927615094], [18.07418714707547, 40.4758577476987], [18.05888571936741, 40.47964787271297], [18.079782929112053, 40.492105460981676], [18.097367144399367, 40.51536716916184]]]}, "properties": {"name": "Brindisi", "code": "BR", "region": "Puglia", "name_de": "Brindisi"}}, {"type": "Feature", "geometry": {"type": "Polygon", "coordinates": [[[17.763855451080577, 40.296143104904196], [17.81746143930905, 40.28911750887479], [17.8388271821542, 40.28169904007809], [17.852508557490243, 40.2860533584488], [17.87901485322587, 40.27202867125675], [17.909391847090266, 40.2481507714187], [17.911288092573, 40.233755323723486], [17.92459359699892, 40.22384189591015], [17.918285431873677, 40.194369228164604], [17.938423408645903, 40.17063036630713], [17.961275003867424, 40.15203295670658], [17.98605009994094, 40.13979629278251], [18.00991871875473, 40.10905993899599], [18.011354094790438, 40.08591922575187], [18.001070237975146, 40.06692108469709], [17.988949460039873, 40.05859314947977], [18.01249252491858, 40.03950890152819], [18.02055577410127, 40.01572047391449], [18.00905444658294, 39.99718912608382], [17.995114618886625, 39.99437635798108], [18.015188014582435, 39.96803915342091], [18.024370083061864, 39.964079830192986], [18.029587162606983, 39.949480798343515], [18.05035360985463, 39.9276778306349], [18.062919902501772, 39.92173879501729], [18.088200068285886, 39.89927935555046], [18.11998259720317, 39.88450831967139], [18.148008150722507, 39.86302033957486], [18.202709892051022, 39.83925065328766], [18.237794720908024, 39.83462980534237], [18.265629756803836, 39.83568569319666], [18.301361052196693, 39.81939092500169], [18.314975215871236, 39.80816959390376], [18.325515645447723, 39.807452443120354], [18.333989691327556, 39.79579852092941], [18.346199596002553, 39.791152967201], [18.368994127480008, 39.79376448969114], [18.390875704021372, 39.81733789575137], [18.384638634359924, 39.841002471079], [18.397647999089102, 39.871477630839664], [18.397269141925392, 39.89593910636095], [18.390417458854415, 39.90810834051753], [18.40140946057995, 39.945808491907655], [18.403089813632363, 39.96009110980511], [18.4166709143109, 39.993984023497156], [18.430935365618158, 40.00949715121441], [18.4356911415006, 40.02466667070638], [18.47444411538552, 40.04368465146243], [18.48481485162186, 40.078518860264374], [18.520381593345082, 40.10708236526139], [18.506841139083367, 40.12789817782429], [18.50618051719014, 40.144403552035506], [18.48970456772338, 40.14704725046209], [18.47774103393723, 40.17986933417329], [18.46381792389813, 40.19277919096706], [18.45842622230078, 40.21179831756399], [18.464533101679816, 40.22218973896222], [18.461055437177116, 40.23305506208574], [18.445222056630946, 40.25464074853293], [18.441120258027002, 40.26881056548879], [18.430352227458172, 40.27262981093977], [18.424774250354346, 40.29145965399607], [18.38884595518841, 40.31260803772183], [18.35145736565574, 40.3517928785907], [18.31491129450831, 40.37450228109616], [18.300995953279294, 40.394548581136675], [18.27896114509538, 40.40731449450094], [18.24878119017201, 40.43758686563476], [18.20273750371841, 40.46732550288357], [18.185812776442134, 40.46930391083676], [18.166377630386048, 40.480712422199176], [18.12683167251918, 40.492933204613465], [18.11609487386294, 40.50463536210748], [18.097367144399367, 40.51536716916184], [18.079782929112053, 40.492105460981676], [18.05888571936741, 40.47964787271297], [18.07418714707547, 40.4758577476987], [18.069107956018904, 40.460424927615094], [18.049811065761393, 40.473873604882854], [18.040057506750284, 40.487825389490816], [18.026553912376478, 40.47737504898633], [18.019443107838626, 40.46382690719681], [17.99351732806945, 40.467693551134836], [17.97553030220819, 40.454579096352106], [17.953309692926624, 40.457618199047154], [17.93559429073773, 40.42886797227743], [17.88637674825819, 40.4226557458091], [17.82253901825419, 40.40341512574427], [17.819700926478948, 40.394613349879336], [17.798333818069736, 40.37964954277531], [17.799229879980043, 40.3535165082192], [17.79203906610226, 40.33672145935247], [17.781083251511017, 40.32433659517636], [17.78531114315454, 40.310734056883085], [17.767954717268218, 40.31160490369216], [17.763855451080577, 40.296143104904196]]]}, "properties": {"name": "Lecce", "code": "LE", "region": "Puglia", "name_de": "Lecce"}}, {"type": "Feature", "geometry": {"type": "Polygon", "coordinates": [[[16.398588083895348, 40.055650392567856], [16.38678508888783, 40.05977278488983], [16.380590595697203, 40.0717848035151], [16.365614710460274, 40.07938641408169], [16.366255807196783, 40.09439288330392], [16.375596496063856, 40.109022548841246], [16.35922063374871, 40.11402872337828], [16.350519041956222, 40.12330253917864], [16.361828880064063, 40.13826651749431], [16.38354558238956, 40.151613245953], [16.396492964753655, 40.153765911248364], [16.39733972978372, 40.16700497347862], [16.37027799999959, 40.183656021017036], [16.359402264528836, 40.186232139314235], [16.349115532805612, 40.204712600234444], [16.348951473895305, 40.21546569441131], [16.358722159106502, 40.22453142284644], [16.362113492468936, 40.2436584354016], [16.369832197894702, 40.249759587783245], [16.372721868220776, 40.27064105300038], [16.364013078666808, 40.28794247819209], [16.374809116700995, 40.29643712015603], [16.37563296979878, 40.31041765918232], [16.352190456479484, 40.30978357982311], [16.333351438045742, 40.30445387877835], [16.31928938313026, 40.28021070237058], [16.31017173326494, 40.27340343381198], [16.28103694011077, 40.2690556904564], [16.258372616909796, 40.27413129790322], [16.23796514458665, 40.26627948267625], [16.19548230822779, 40.265393547701706], [16.187574886190028, 40.29065389510686], [16.172781630253404, 40.29973332299182], [16.17098989142907, 40.318115073507855], [16.18844864244193, 40.316928747010586], [16.155486411385272, 40.36352079636977], [16.153881626648047, 40.374472106855514], [16.119902458994982, 40.39589888075898], [16.105897588967338, 40.4105994402106], [16.11470366272563, 40.42952248058778], [16.127902060953136, 40.43034290981367], [16.140722423806174, 40.453873828979326], [16.11920936024571, 40.458010611605296], [16.09684474697028, 40.482378889725894], [16.116350945149144, 40.49972297162442], [16.110875977984715, 40.508304066264735], [16.07633203795529, 40.54512165680929], [16.10519840943169, 40.559982095531865], [16.115169357575983, 40.5830069663354], [16.097963014013512, 40.596416665378], [16.079437490646868, 40.60267052288237], [16.07077615413758, 40.6206246795401], [16.0482247364116, 40.63557089609345], [16.057940480510165, 40.65846044381876], [16.074231436921593, 40.66072484055365], [16.10141805754866, 40.67307134584765], [16.12834598988676, 40.69465944006629], [16.14585749635485, 40.6957037781246], [16.149331915619392, 40.73055372269113], [16.134749380030353, 40.74198877931478], [16.12102000607239, 40.76309190311518], [16.12143237652662, 40.796112899224795], [16.13395060787042, 40.80158495975557], [16.168789198709156, 40.80568617653886], [16.20322257208303, 40.821054269220454], [16.212394038275384, 40.82836063542204], [16.2440502765427, 40.83803066586126], [16.23099721532855, 40.85687139020967], [16.22660712420986, 40.87956581064416], [16.214030792150822, 40.905030468108755], [16.20246420581977, 40.91753153345664], [16.162971136555218, 40.92857993083574], [16.13806772810134, 40.91835332440871], [16.134975335258492, 40.907585570097986], [16.12129829051467, 40.89923889985898], [16.091877267245835, 40.92097584423012], [16.061840731181796, 40.92853042692925], [16.026063591114553, 40.94353037658776], [15.983166405250207, 40.95446496268735], [15.971811625659637, 40.97213165561904], [16.002854826574396, 40.970209271768816], [16.03117592964757, 40.998019857044035], [16.027934812272722, 41.02408113891279], [16.039896510861553, 41.03413935042139], [16.026889636458282, 41.047870656134606], [16.00937332721993, 41.05724171449174], [15.998686561582556, 41.05477439435903], [15.980152018838748, 41.08158728573463], [15.976254063824044, 41.094166681886726], [15.959956307374183, 41.10005271642458], [15.952202172780693, 41.110561674960195], [15.921401543034937, 41.11153672190818], [15.900786617962662, 41.12641091629071], [15.894357805253991, 41.123252003945105], [15.870254521937609, 41.13992127113453], [15.845476161466323, 41.12445306750794], [15.834426842230506, 41.13025645734192], [15.82507898898659, 41.118380783663206], [15.803571825107282, 41.11089348062781], [15.798732708618763, 41.09198463005214], [15.768399287755704, 41.083190965726814], [15.751186596090397, 41.09789779550071], [15.732203806435933, 41.098919762930514], [15.720318817334467, 41.090093444376194], [15.684053692845051, 41.086745365693126], [15.630800396070054, 41.096690859355654], [15.58573850488291, 41.09826124818335], [15.558909817322785, 41.0873874630032], [15.54227486701523, 41.067081565957416], [15.542874539481751, 41.05585506744804], [15.553157993036264, 41.03790919950318], [15.562987309986868, 41.03123397229638], [15.559614270703195, 41.01788415777962], [15.570283241762327, 40.99354863351197], [15.566614594890362, 40.96878041030638], [15.543744392122557, 40.94766108379493], [15.53491447972619, 40.919737424101264], [15.526729714631292, 40.907587540968095], [15.502576250056677, 40.9018341357882], [15.467629370552485, 40.889602789191194], [15.473139274862877, 40.87493938109446], [15.460563519913466, 40.86711705005809], [15.444724741536994, 40.876822672257205], [15.40876377339559, 40.88031384278146], [15.383948557533683, 40.8763278542085], [15.372630912763565, 40.88572098017563], [15.354164326597393, 40.8826523757939], [15.354892065543089, 40.871163011917936], [15.377951870853927, 40.86764139290045], [15.374122906873524, 40.86012287307707], [15.37832983663609, 40.84074999650361], [15.33496982470563, 40.83487966572484], [15.356669947940505, 40.823641887953904], [15.366457219462493, 40.812137683232606], [15.366111770974962, 40.80048483988754], [15.387704702852961, 40.79345726559153], [15.381342921227358, 40.781669275315764], [15.389024282398475, 40.76762498785315], [15.379057820737874, 40.75092947090119], [15.381476270245313, 40.72414975924115], [15.409887154940547, 40.712870358938254], [15.430350647341262, 40.692068017056464], [15.443059535910416, 40.68879168184035], [15.469451595693197, 40.67366986465915], [15.487195976149227, 40.67284114392119], [15.503593814473147, 40.662939359862484], [15.489441720414868, 40.64620017644871], [15.46777685317091, 40.639236152520255], [15.464851017150728, 40.627923939125246], [15.451764775609616, 40.610855661981965], [15.472259596712565, 40.59351747397451], [15.490875128969192, 40.58684799517669], [15.5101283892828, 40.58574632207149], [15.519889042260964, 40.570487590230755], [15.53934024884785, 40.56806384068497], [15.528817754386422, 40.556397756700136], [15.541997216097586, 40.5324032186821], [15.535312639248554, 40.522261336369155], [15.550473600695211, 40.509246863271436], [15.535228012819736, 40.499640690331084], [15.544105525670906, 40.48624379793969], [15.57589744057986, 40.46958793694744], [15.586733833148232, 40.443602199187836], [15.634288975084923, 40.42193402811734], [15.662731850282634, 40.3924932885874], [15.670988073496423, 40.398265058252676], [15.70063854197736, 40.3838394651429], [15.709811879865743, 40.37593961649596], [15.704359283352707, 40.36372132129444], [15.70451907405578, 40.34401712196761], [15.726164282047135, 40.32228600706598], [15.72687982947469, 40.3154453232505], [15.749161817131998, 40.298734972443], [15.789702511526041, 40.29002547907146], [15.80009848807587, 40.2697628701588], [15.803853148781148, 40.2506793855308], [15.790709190427984, 40.244053436236435], [15.791156678469788, 40.21790314600071], [15.77316395180635, 40.21684763265195], [15.751207349177776, 40.20179862261846], [15.734476853585246, 40.201675320596834], [15.728010512100903, 40.18589520047817], [15.712527127545663, 40.178443995190996], [15.715491724265512, 40.16841118260422], [15.701737980888886, 40.161468003334335], [15.708898916826005, 40.13631727829837], [15.705826583556266, 40.11773411295622], [15.676982773423076, 40.08446761537923], [15.661778289835405, 40.07931748297569], [15.675761277956347, 40.06416866097395], [15.676164400157576, 40.05489897953552], [15.645341929781498, 40.04296346957591], [15.66446127270854, 40.039578456947666], [15.675331636791013, 40.03000918781879], [15.67505264462663, 40.01460526622241], [15.686164949117678, 40.00206377380859], [15.710380133914377, 39.98644832561872], [15.732412070415263, 39.96237942647514], [15.736166048782632, 39.94228506867347], [15.755916190209602, 39.923556276222804], [15.76585507210935, 39.93060421488064], [15.771186311041808, 39.95718900673813], [15.79511897232586, 39.971655854316914], [15.820051160118142, 40.001869104894915], [15.847745934032204, 40.00592420737989], [15.868350190986837, 39.98803826688953], [15.889673098575404, 39.994581775334865], [15.898017363977967, 39.98168300880199], [15.928020911555791, 40.001071723656395], [15.964255522105667, 39.99133526979817], [15.978213441502419, 39.983742922564005], [16.002236263584788, 39.98817702524712], [16.008598194362733, 39.996481672212234], [16.030200793872208, 39.993488615078675], [16.023375885390365, 39.97753249696866], [16.006878981678696, 39.956936193583395], [16.021752923938813, 39.93446343337483], [16.01841913633644, 39.92431860762643], [16.036336529889333, 39.916681190321604], [16.04430712239912, 39.90209508617356], [16.053499444819717, 39.89814129797295], [16.08325986420997, 39.89687594982037], [16.101369274675587, 39.90641600795312], [16.128424842526922, 39.906164529397316], [16.137973711315666, 39.901412706268545], [16.158037227495388, 39.919676164205846], [16.21469213041515, 39.89597930526136], [16.220806877271798, 39.927932557950946], [16.237999815877583, 39.925469244795835], [16.26672687668779, 39.934882212782924], [16.283305653813485, 39.93090774507908], [16.305390462380224, 39.93353745060636], [16.316238233885052, 39.92911544214873], [16.349753824280327, 39.898810377017426], [16.359663854939807, 39.91960417752662], [16.339847477369872, 39.93294963885839], [16.346897368902216, 39.94937495188684], [16.35808789959126, 39.95409992871017], [16.36075547200962, 39.966412888213256], [16.37627243681328, 39.98863282428621], [16.389305254491667, 40.001037706042986], [16.398432519002895, 40.01896682080968], [16.394049827025395, 40.03089255061011], [16.398588083895348, 40.055650392567856]], [[15.983997103353774, 40.605774865117425], [15.954788065436606, 40.610758695525796], [15.9515570615938, 40.62675594905373], [15.94142174664887, 40.63793315638325], [15.9535626275783, 40.64835757293426], [15.973340016059211, 40.645885694710586], [15.980685872754691, 40.639586011866676], [15.983997103353774, 40.605774865117425]]]}, "properties": {"name": "Potenza", "code": "PZ", "region": "Basilicata", "name_de": "Potenza"}}, {"type": "Feature", "geometry": {"type": "MultiPolygon", "coordinates": [[[[16.2440502765427, 40.83803066586126], [16.212394038275384, 40.82836063542204], [16.20322257208303, 40.821054269220454], [16.168789198709156, 40.80568617653886], [16.13395060787042, 40.80158495975557], [16.12143237652662, 40.796112899224795], [16.12102000607239, 40.76309190311518], [16.134749380030353, 40.74198877931478], [16.149331915619392, 40.73055372269113], [16.14585749635485, 40.6957037781246], [16.12834598988676, 40.69465944006629], [16.10141805754866, 40.67307134584765], [16.074231436921593, 40.66072484055365], [16.057940480510165, 40.65846044381876], [16.0482247364116, 40.63557089609345], [16.07077615413758, 40.6206246795401], [16.079437490646868, 40.60267052288237], [16.097963014013512, 40.596416665378], [16.115169357575983, 40.5830069663354], [16.10519840943169, 40.559982095531865], [16.07633203795529, 40.54512165680929], [16.110875977984715, 40.508304066264735], [16.116350945149144, 40.49972297162442], [16.09684474697028, 40.482378889725894], [16.11920936024571, 40.458010611605296], [16.140722423806174, 40.453873828979326], [16.127902060953136, 40.43034290981367], [16.11470366272563, 40.42952248058778], [16.105897588967338, 40.4105994402106], [16.119902458994982, 40.39589888075898], [16.153881626648047, 40.374472106855514], [16.155486411385272, 40.36352079636977], [16.18844864244193, 40.316928747010586], [16.17098989142907, 40.318115073507855], [16.172781630253404, 40.29973332299182], [16.187574886190028, 40.29065389510686], [16.19548230822779, 40.265393547701706], [16.23796514458665, 40.26627948267625], [16.258372616909796, 40.27413129790322], [16.28103694011077, 40.2690556904564], [16.31017173326494, 40.27340343381198], [16.31928938313026, 40.28021070237058], [16.333351438045742, 40.30445387877835], [16.352190456479484, 40.30978357982311], [16.37563296979878, 40.31041765918232], [16.374809116700995, 40.29643712015603], [16.364013078666808, 40.28794247819209], [16.372721868220776, 40.27064105300038], [16.369832197894702, 40.249759587783245], [16.362113492468936, 40.2436584354016], [16.358722159106502, 40.22453142284644], [16.348951473895305, 40.21546569441131], [16.349115532805612, 40.204712600234444], [16.359402264528836, 40.186232139314235], [16.37027799999959, 40.183656021017036], [16.39733972978372, 40.16700497347862], [16.396492964753655, 40.153765911248364], [16.38354558238956, 40.151613245953], [16.361828880064063, 40.13826651749431], [16.350519041956222, 40.12330253917864], [16.35922063374871, 40.11402872337828], [16.375596496063856, 40.109022548841246], [16.366255807196783, 40.09439288330392], [16.365614710460274, 40.07938641408169], [16.380590595697203, 40.0717848035151], [16.38678508888783, 40.05977278488983], [16.398588083895348, 40.055650392567856], [16.414240099004893, 40.080684593208744], [16.415299231696096, 40.10396768706039], [16.40973995912853, 40.11999147883175], [16.41992368698438, 40.12852249885676], [16.452504174828608, 40.13462466978306], [16.4702685890499, 40.134076409900146], [16.4945470906122, 40.12466716015276], [16.517715552450873, 40.128705914741545], [16.530885528808184, 40.11827100182824], [16.561860042535564, 40.12987943577846], [16.58566188147178, 40.133374057912356], [16.609714877536117, 40.128997820314304], [16.62011000026414, 40.13185025361001], [16.643873558085115, 40.11903864231132], [16.685725330628422, 40.147377960952156], [16.732544028730324, 40.20282231138513], [16.752097614921883, 40.24916573721945], [16.78741934185962, 40.3031299008359], [16.81352751554156, 40.3305872287565], [16.857740773560025, 40.38393240472574], [16.86717341806744, 40.39785064358539], [16.833729259441025, 40.41236658927921], [16.81015527529045, 40.4330427822607], [16.802815741866986, 40.45744378289772], [16.785470410676453, 40.46287997398355], [16.743740860788336, 40.46472322501312], [16.719587760837346, 40.48141002881591], [16.737195830614482, 40.50506076599898], [16.71669958164959, 40.52360340438599], [16.722479778170648, 40.533514532221034], [16.705687206415465, 40.550189455066764], [16.707810512001842, 40.564580670551244], [16.723970701046873, 40.60244465880374], [16.714227265902398, 40.6142824120123], [16.710140979963544, 40.63021533932204], [16.72565477322702, 40.6775999030817], [16.727200292138647, 40.68837754655697], [16.70909388591771, 40.69301118858027], [16.696623063572257, 40.702082111126195], [16.724904272569372, 40.71382995979363], [16.677511655258847, 40.7361441448442], [16.66151941445732, 40.73683085103377], [16.639102975256993, 40.75083572117675], [16.606688295490997, 40.75549511405654], [16.5943595529013, 40.7526410808016], [16.585584742241032, 40.76259166623099], [16.566870379389403, 40.753332678758014], [16.537645836485915, 40.7532858887548], [16.53837675901169, 40.725405174068705], [16.523516753619933, 40.73543450392596], [16.522660604929616, 40.74605035551157], [16.496471596384218, 40.758589173832384], [16.481670949176596, 40.73917510474515], [16.461999768624203, 40.72392417336054], [16.429998357862704, 40.70397318493123], [16.413779054517114, 40.701861931056534], [16.400152372193414, 40.7074063832394], [16.380389755247663, 40.73639888441584], [16.346885473182294, 40.75199087752449], [16.316226504959886, 40.783106700328], [16.284381494610926, 40.79919615368761], [16.2440502765427, 40.83803066586126]]], [[[15.983997103353774, 40.605774865117425], [15.980685872754691, 40.639586011866676], [15.973340016059211, 40.645885694710586], [15.9535626275783, 40.64835757293426], [15.94142174664887, 40.63793315638325], [15.9515570615938, 40.62675594905373], [15.954788065436606, 40.610758695525796], [15.983997103353774, 40.605774865117425]]]]}, "properties": {"name": "Matera", "code": "MT", "region": "Basilicata", "name_de": "Matera"}}, {"type": "Feature", "geometry": {"type": "Polygon", "coordinates": [[[15.755916190209602, 39.923556276222804], [15.778979629128397, 39.8936720678219], [15.79216212936383, 39.86019875526464], [15.76915360741513, 39.836921624397824], [15.786409014009182, 39.8133694224323], [15.793344017721767, 39.77926704117793], [15.804492793052752, 39.74369738863139], [15.80588351920078, 39.713225928864816], [15.816282253245669, 39.679740872609806], [15.831839765226164, 39.667770335609546], [15.844288323630032, 39.62765192913369], [15.851345483738886, 39.61862028719087], [15.872071099741897, 39.55952853227253], [15.88127744763414, 39.54495659902961], [15.925195587219765, 39.52653182885439], [15.949419000009675, 39.495903666775185], [15.961880174051252, 39.475064763251844], [15.97944134765102, 39.462430857589275], [15.998918076579265, 39.43531713051866], [16.038608247841903, 39.34069086574879], [16.04399960283602, 39.31343094150134], [16.05344621043729, 39.28642890654178], [16.063123463628585, 39.15975651187051], [16.067826992994593, 39.13379800966457], [16.08217756887754, 39.09477291536064], [16.09608748482516, 39.04891768353266], [16.124116956475177, 39.058760721837665], [16.14373883355394, 39.04914247549733], [16.157434476671238, 39.06126436247566], [16.182191451262113, 39.0697233493632], [16.19718422119153, 39.080624467704055], [16.212771366085462, 39.082202246967064], [16.21387356903405, 39.099924499396195], [16.23248617824103, 39.09219404718572], [16.252358920785788, 39.101266702691596], [16.25881358983616, 39.11262419513075], [16.287794614176022, 39.10198693282627], [16.30422946377509, 39.100183733522414], [16.326391194797434, 39.10976527162694], [16.347288900427486, 39.10660312511502], [16.358151148584795, 39.09649554440552], [16.38343511627854, 39.105082009324455], [16.425703476739738, 39.06084391669381], [16.447643828572172, 39.06099717360909], [16.470511315219472, 39.051313364715234], [16.48161343710445, 39.05890494748211], [16.475019942749313, 39.091582757425925], [16.479871275344873, 39.12149564684536], [16.488328408902305, 39.139192473463496], [16.501237667818216, 39.14171724352466], [16.503383235518555, 39.1604148757953], [16.52381492966104, 39.161545146971996], [16.53533296252244, 39.14634612418984], [16.572243921641512, 39.16912195125414], [16.585115512124514, 39.16965617418577], [16.589144416566242, 39.18456686264002], [16.613021372309092, 39.194239134880114], [16.637156513823015, 39.2008631075892], [16.65278700937951, 39.19832463473025], [16.680306930662702, 39.20577195163053], [16.694884929720594, 39.20188083498416], [16.698182016906028, 39.19305824928871], [16.71936199293085, 39.1974229214593], [16.746201400191076, 39.18986960931356], [16.770437050003945, 39.19730774500465], [16.76623901707081, 39.21834885210314], [16.746903332039594, 39.245039957146005], [16.75868058884025, 39.265420176151906], [16.752421209317387, 39.28587961238609], [16.761046889908286, 39.29188740100454], [16.732222623496803, 39.31397679937041], [16.70851679516796, 39.32078009255334], [16.70487454055911, 39.354627594270575], [16.732920632861774, 39.35349363848337], [16.76424944880153, 39.361599449142375], [16.77356096884325, 39.34790928772409], [16.79443993928508, 39.3525352916552], [16.833964739958507, 39.34544241555056], [16.846762819071746, 39.355526834927325], [16.86812929680481, 39.356831888333055], [16.879660533414086, 39.373409287906206], [16.89041643144057, 39.37415173473698], [16.915175383699136, 39.38635992635774], [16.920136603925535, 39.408963851104446], [16.941620072114972, 39.39577955650757], [16.95227293689197, 39.39419277335284], [16.956273159368603, 39.41485037455953], [16.95325632963983, 39.428719873904825], [16.978263093933332, 39.452705428449526], [16.99785192285373, 39.45989798719886], [17.02374080545589, 39.48238621610765], [17.014052386418324, 39.486872249483206], [16.980355293729446, 39.491056220917535], [16.94422377186109, 39.5016332892653], [16.942302466180223, 39.506793052729456], [16.912220591276277, 39.517931750443786], [16.901813429810787, 39.52492320862929], [16.866595006362754, 39.53861861577565], [16.844681765832377, 39.55261539072809], [16.825374041520938, 39.56984618202323], [16.8176506453335, 39.58808470422653], [16.79139559758746, 39.60470154746918], [16.778779041021696, 39.616352739244604], [16.75580618458274, 39.624426002350866], [16.737920739364455, 39.616631639489434], [16.685188409168205, 39.62113067658338], [16.63032196693586, 39.62030496732591], [16.60568248808627, 39.62507266134585], [16.566590495790443, 39.64125839879843], [16.539781126629652, 39.656306079271175], [16.52922997074556, 39.66648848086671], [16.52558536614459, 39.680096667969686], [16.529399828488323, 39.724435548817354], [16.499863607380306, 39.74137687642833], [16.488210876159382, 39.76431775799731], [16.48711867895206, 39.78675738475282], [16.492208327939952, 39.807562277277384], [16.502295789199767, 39.8259351388359], [16.518859101264475, 39.84373221972882], [16.53825602205578, 39.87075519098013], [16.55845468880851, 39.891822442087744], [16.582994858257763, 39.910746069229454], [16.62752733774956, 39.958804739808976], [16.62888407302342, 39.96737864420563], [16.618170016292762, 39.97757818016841], [16.61125445055875, 39.99602290971157], [16.60956021153394, 40.01486867755069], [16.5996381267242, 40.03589958861405], [16.605705361743027, 40.08005515431971], [16.643873558085115, 40.11903864231132], [16.62011000026414, 40.13185025361001], [16.609714877536117, 40.128997820314304], [16.58566188147178, 40.133374057912356], [16.561860042535564, 40.12987943577846], [16.530885528808184, 40.11827100182824], [16.517715552450873, 40.128705914741545], [16.4945470906122, 40.12466716015276], [16.4702685890499, 40.134076409900146], [16.452504174828608, 40.13462466978306], [16.41992368698438, 40.12852249885676], [16.40973995912853, 40.11999147883175], [16.415299231696096, 40.10396768706039], [16.414240099004893, 40.080684593208744], [16.398588083895348, 40.055650392567856], [16.394049827025395, 40.03089255061011], [16.398432519002895, 40.01896682080968], [16.389305254491667, 40.001037706042986], [16.37627243681328, 39.98863282428621], [16.36075547200962, 39.966412888213256], [16.35808789959126, 39.95409992871017], [16.346897368902216, 39.94937495188684], [16.339847477369872, 39.93294963885839], [16.359663854939807, 39.91960417752662], [16.349753824280327, 39.898810377017426], [16.316238233885052, 39.92911544214873], [16.305390462380224, 39.93353745060636], [16.283305653813485, 39.93090774507908], [16.26672687668779, 39.934882212782924], [16.237999815877583, 39.925469244795835], [16.220806877271798, 39.927932557950946], [16.21469213041515, 39.89597930526136], [16.158037227495388, 39.919676164205846], [16.137973711315666, 39.901412706268545], [16.128424842526922, 39.906164529397316], [16.101369274675587, 39.90641600795312], [16.08325986420997, 39.89687594982037], [16.053499444819717, 39.89814129797295], [16.04430712239912, 39.90209508617356], [16.036336529889333, 39.916681190321604], [16.01841913633644, 39.92431860762643], [16.021752923938813, 39.93446343337483], [16.006878981678696, 39.956936193583395], [16.023375885390365, 39.97753249696866], [16.030200793872208, 39.993488615078675], [16.008598194362733, 39.996481672212234], [16.002236263584788, 39.98817702524712], [15.978213441502419, 39.983742922564005], [15.964255522105667, 39.99133526979817], [15.928020911555791, 40.001071723656395], [15.898017363977967, 39.98168300880199], [15.889673098575404, 39.994581775334865], [15.868350190986837, 39.98803826688953], [15.847745934032204, 40.00592420737989], [15.820051160118142, 40.001869104894915], [15.79511897232586, 39.971655854316914], [15.771186311041808, 39.95718900673813], [15.76585507210935, 39.93060421488064], [15.755916190209602, 39.923556276222804]]]}, "properties": {"name": "Cosenza", "code": "CS", "region": "Calabria", "name_de": "Cosenza"}}, {"type": "Feature", "geometry": {"type": "Polygon", "coordinates": [[[16.213037340819188, 38.810597204732154], [16.22775130973471, 38.812390292523986], [16.252391036081914, 38.80749031103427], [16.27600273644158, 38.79208877157602], [16.27421557595936, 38.81506839032437], [16.280747904045665, 38.82420417034785], [16.296212191814245, 38.82131341339809], [16.31887281261998, 38.80578737080393], [16.3599500788013, 38.78480534753448], [16.35572351485422, 38.77898745026654], [16.370178374388413, 38.74204420130072], [16.349829380050554, 38.734372884279644], [16.338470500508645, 38.72062542121444], [16.348717521094933, 38.70656573730528], [16.33911036211796, 38.700178262657815], [16.33715791555822, 38.68553053260109], [16.32634768471372, 38.67783278943055], [16.344572073457645, 38.6683175873445], [16.345628107468155, 38.65831099837611], [16.33075260487375, 38.64569285221209], [16.333241611005832, 38.636059091839286], [16.357323285924895, 38.63107138483138], [16.376585444317207, 38.62102293765337], [16.369589258864107, 38.61229061795475], [16.38400233963945, 38.60099196109795], [16.408052281074436, 38.59937348645502], [16.418740226558068, 38.58581525707027], [16.431952191492854, 38.579273722925215], [16.419835193888115, 38.553976657545896], [16.440045521426292, 38.53841816145498], [16.420583118557605, 38.52845679860271], [16.42036435594191, 38.51030051887373], [16.455554532614443, 38.51264472855554], [16.48621875588754, 38.499586728283326], [16.48651891576809, 38.490842419667324], [16.541013866821928, 38.46334733324273], [16.581979647970822, 38.470054819580724], [16.57960774565488, 38.50267405196099], [16.571879701666564, 38.53501836094326], [16.573113729646582, 38.563922051557995], [16.570971207732093, 38.58897677887555], [16.561626443152782, 38.61627931221196], [16.556437235929227, 38.65499374273564], [16.558734255178493, 38.68134893598434], [16.555451564292742, 38.69015127449242], [16.536654302279107, 38.70244924303734], [16.534803662193276, 38.71241273429546], [16.542563057703706, 38.72699342021385], [16.57030037865572, 38.75526373325637], [16.566793327442287, 38.76513282507155], [16.604698170364458, 38.81061372739738], [16.624298709965835, 38.82508710990917], [16.637168205210905, 38.82651123251651], [16.676312174159072, 38.84535193918396], [16.700295322304555, 38.859451873825186], [16.751441946480234, 38.88470937893982], [16.7842441877572, 38.89877279524704], [16.84381088971802, 38.91712868397371], [16.890582599184633, 38.92799536924294], [16.903457538000062, 38.93568031752368], [16.907278871404895, 38.945629440337626], [16.920261244714396, 38.95211163120269], [16.891227058222473, 38.973787076021715], [16.89502634514925, 39.00282746460165], [16.872808762446834, 39.01859542813793], [16.864880579793084, 39.01842310899482], [16.840254917113313, 39.04203643702669], [16.817354322904368, 39.051493530117426], [16.760875361033026, 39.06658138869035], [16.733814215533833, 39.058941649004744], [16.698032324168654, 39.09019164970027], [16.679673618395118, 39.09322209923981], [16.651596447250483, 39.126754459510316], [16.666669081167104, 39.1335971062621], [16.668823985709583, 39.1547946267045], [16.649756469511722, 39.15298357631239], [16.62858214214532, 39.16270467854552], [16.613021372309092, 39.194239134880114], [16.589144416566242, 39.18456686264002], [16.585115512124514, 39.16965617418577], [16.572243921641512, 39.16912195125414], [16.53533296252244, 39.14634612418984], [16.52381492966104, 39.161545146971996], [16.503383235518555, 39.1604148757953], [16.501237667818216, 39.14171724352466], [16.488328408902305, 39.139192473463496], [16.479871275344873, 39.12149564684536], [16.475019942749313, 39.091582757425925], [16.48161343710445, 39.05890494748211], [16.470511315219472, 39.051313364715234], [16.447643828572172, 39.06099717360909], [16.425703476739738, 39.06084391669381], [16.38343511627854, 39.105082009324455], [16.358151148584795, 39.09649554440552], [16.347288900427486, 39.10660312511502], [16.326391194797434, 39.10976527162694], [16.30422946377509, 39.100183733522414], [16.287794614176022, 39.10198693282627], [16.25881358983616, 39.11262419513075], [16.252358920785788, 39.101266702691596], [16.23248617824103, 39.09219404718572], [16.21387356903405, 39.099924499396195], [16.212771366085462, 39.082202246967064], [16.19718422119153, 39.080624467704055], [16.182191451262113, 39.0697233493632], [16.157434476671238, 39.06126436247566], [16.14373883355394, 39.04914247549733], [16.124116956475177, 39.058760721837665], [16.09608748482516, 39.04891768353266], [16.098370470855688, 39.03182327002654], [16.12227937719709, 39.002851376823145], [16.135500245652523, 38.990997176897814], [16.159268060261205, 38.94928464548188], [16.170179771210467, 38.94844675568879], [16.18965012007246, 38.93498980197859], [16.211212757994733, 38.93082680985919], [16.218986310135215, 38.91693192446241], [16.221331830785015, 38.8663340452203], [16.219515654139542, 38.839008172453454], [16.213037340819188, 38.810597204732154]]]}, "properties": {"name": "Catanzaro", "code": "CZ", "region": "Calabria", "name_de": "Catanzaro"}}, {"type": "Feature", "geometry": {"type": "Polygon", "coordinates": [[[15.918568326337965, 38.50676845378449], [15.910527518592163, 38.47755187946701], [15.898369019834265, 38.45150210958106], [15.875959875377786, 38.42225248044125], [15.860533130965253, 38.3918362227877], [15.857453206270817, 38.37941194877905], [15.833000307800672, 38.35612583664744], [15.827938812895953, 38.322442906884824], [15.814745599799057, 38.29878714754166], [15.793509414751526, 38.28013769270334], [15.750196241212512, 38.257425703510954], [15.729126122813009, 38.252841303663736], [15.71393686997649, 38.25479786894697], [15.679131945416403, 38.2468916818185], [15.671329041459302, 38.24079911246848], [15.635926168192338, 38.23174978898901], [15.632805194412635, 38.2222527497403], [15.634007233510834, 38.18584072137298], [15.640971605614462, 38.16858209854954], [15.650721463013378, 38.159206326522174], [15.656316943135245, 38.134953021774315], [15.647918691067892, 38.11613361772053], [15.631200597699461, 38.10262256100268], [15.635691672925804, 38.07489051979641], [15.651324977938252, 38.0669062991743], [15.648131764346758, 38.05492366720552], [15.656954865044781, 38.03899992480673], [15.65406426126403, 38.030693436921126], [15.63443551481659, 38.019901652980714], [15.645926182985296, 37.99138365217401], [15.677673281555844, 37.954514772512276], [15.696749170723974, 37.9490624679665], [15.707130167354492, 37.93840707819042], [15.733300304047162, 37.92565199795632], [15.743294272408912, 37.925860817721095], [15.764318551502516, 37.91637438041718], [15.78751963274742, 37.91633122290945], [15.811409406052595, 37.92022876257802], [15.827884237390746, 37.91832506440613], [15.883048394607888, 37.92692336549396], [15.92015668212719, 37.929696563911875], [15.953122404148425, 37.9209918260869], [16.000512223769416, 37.91676670764639], [16.01981931914696, 37.92262068529987], [16.047391401152595, 37.92224866102407], [16.06445539446747, 37.92563475058235], [16.096618303815493, 37.95603667326303], [16.114226634073564, 37.97802735288807], [16.144315657604373, 38.031642799515545], [16.15718275603152, 38.09537999040722], [16.16128245324915, 38.12805436756076], [16.1719514726603, 38.14286079894538], [16.19272678703009, 38.15783313815221], [16.232214295159263, 38.19938415838789], [16.273263557603208, 38.239696516997185], [16.284900359092493, 38.25484605015723], [16.31522465748893, 38.284871646492654], [16.33508636600641, 38.30011080957294], [16.36560486537993, 38.30722954267207], [16.418917966863212, 38.324648178855455], [16.439670451800545, 38.3288228158875], [16.473843501329032, 38.344387941020884], [16.498837635660283, 38.361422399700125], [16.553354407736983, 38.40854298695444], [16.57268173640323, 38.429267777998255], [16.58189394800876, 38.45197233164012], [16.581979647970822, 38.470054819580724], [16.541013866821928, 38.46334733324273], [16.48651891576809, 38.490842419667324], [16.48621875588754, 38.499586728283326], [16.455554532614443, 38.51264472855554], [16.42036435594191, 38.51030051887373], [16.420583118557605, 38.52845679860271], [16.440045521426292, 38.53841816145498], [16.419835193888115, 38.553976657545896], [16.392506679673918, 38.57376657111358], [16.370280480426946, 38.5646968319202], [16.359703021567256, 38.55399128284049], [16.359687077899643, 38.543278250411035], [16.349272567111562, 38.53736040532715], [16.345781200055416, 38.51585661663263], [16.355616330026628, 38.49531594957522], [16.374039772432482, 38.48071149585332], [16.39179941433526, 38.4437489476951], [16.378369824460087, 38.44344827517011], [16.369430332140208, 38.43392179196779], [16.339809445272756, 38.42999407358327], [16.31272215799861, 38.43350485764723], [16.266193931531607, 38.445950255325734], [16.266177292401945, 38.464730072918904], [16.25352324537031, 38.48436926013857], [16.233270867768447, 38.500849562983404], [16.21093111016326, 38.4968458805309], [16.193208381041188, 38.497811101415955], [16.179543219286675, 38.510143016147225], [16.15947740265823, 38.516770447738644], [16.133402108669294, 38.53554361346043], [16.120066503707957, 38.53687741051966], [16.097894471929404, 38.547973873117364], [16.07999625521761, 38.56209051394576], [16.070884594043815, 38.552828585226585], [16.044988166730107, 38.54393048768003], [16.03796902800518, 38.53267138013035], [16.0199542987023, 38.52929584999614], [16.004486795645242, 38.516722382667275], [15.960075596766792, 38.52564129321207], [15.951836388995662, 38.514801223644], [15.918568326337965, 38.50676845378449]]]}, "properties": {"name": "Reggio Calabria", "code": "RC", "region": "Calabria", "name_de": "Reggio Calabria"}}, {"type": "Feature", "geometry": {"type": "MultiPolygon", "coordinates": [[[[13.012110268223445, 37.74261366812467], [13.027948855776426, 37.75407109606447], [13.039425922945453, 37.75329841316525], [13.050148211298591, 37.76380417615453], [13.063948429870639, 37.75741710837122], [13.081449706936251, 37.76716536093603], [13.098745710917983, 37.77001384530406], [13.090617551329935, 37.781012195581155], [13.07499235190846, 37.78864717402778], [13.080958751537722, 37.803111136280556], [13.093862200062485, 37.8081106221523], [13.079550506900997, 37.81861971512582], [13.058619919032022, 37.810533404547066], [13.025013335566223, 37.818655137985516], [12.97067842840447, 37.8238393378318], [12.963507009772623, 37.835917417894784], [12.942912389470875, 37.84487784411521], [12.958239189414652, 37.8633657233972], [12.947954621808421, 37.881619761834806], [12.93107449796211, 37.885310716175574], [12.938581864589382, 37.90422549554712], [12.955387752120574, 37.89742524708043], [13.016211389504695, 37.90105508974375], [13.046915342665743, 37.91738588927079], [13.040523904253703, 37.923032154969654], [13.045894990977766, 37.941208187562296], [13.04638031880848, 37.96134374788728], [13.037052999153099, 37.97054153416349], [13.003826464997873, 37.991905348573546], [13.004722193461621, 38.00293147681637], [12.987287464244538, 38.01688877255238], [12.98351702051126, 38.03576012745393], [12.977148452426349, 38.04029069545354], [12.94773057765218, 38.03148820695495], [12.912163888735781, 38.025270081744075], [12.892724564647331, 38.02441236582693], [12.871156399824075, 38.03707849239731], [12.859102038029995, 38.04837845129414], [12.827132474288343, 38.066288216745825], [12.81096159602356, 38.081299694765356], [12.790081079089681, 38.11191862186898], [12.790889846012295, 38.13474969539227], [12.779655401456653, 38.15044063140138], [12.770128145073512, 38.151101085060766], [12.766006538098619, 38.180244557616746], [12.738567863085468, 38.175876318322544], [12.726803438695525, 38.18784347419951], [12.716087160998738, 38.17828782791088], [12.717772817932076, 38.16855072163234], [12.736227106261667, 38.13707680434343], [12.709985596230984, 38.10878730519495], [12.689034387460254, 38.1055689116569], [12.671438098395862, 38.114141484081976], [12.65678612454996, 38.10731119233103], [12.66210118630251, 38.09303860431881], [12.644932211753192, 38.07860468395902], [12.625890501448342, 38.070306498144014], [12.600151521344067, 38.065126586426814], [12.57774749849419, 38.07040900475243], [12.560308633183274, 38.06472702629849], [12.552228024273425, 38.04976781780354], [12.512058364007018, 38.01821044328182], [12.505259705436785, 37.99364906249657], [12.494394991210408, 37.98402959547794], [12.498526376562097, 37.96607862102357], [12.479417313637791, 37.931846118114464], [12.458778610948263, 37.90873178545219], [12.466753636850582, 37.89178455940819], [12.48239985754303, 37.881635455432935], [12.485139523265794, 37.87350921738375], [12.471439121104977, 37.84971958774862], [12.464737903109858, 37.84746709012041], [12.468036209743994, 37.827853016736725], [12.458266001829113, 37.81464799387385], [12.438795460625782, 37.81251065032561], [12.425430396994976, 37.80125617678859], [12.443437575455212, 37.78783316148381], [12.470065947660249, 37.74704313299902], [12.472391691829708, 37.73568540602557], [12.470457059611809, 37.704905821105704], [12.489931089134796, 37.69006109746825], [12.50129304774748, 37.67463925876218], [12.535029875196981, 37.65799549131591], [12.554141777302707, 37.663354551200285], [12.568099697161788, 37.65993523105903], [12.578568625616931, 37.6500389018757], [12.595794508203412, 37.64717555551921], [12.61408625988, 37.63473751419196], [12.619864562695906, 37.616473794677695], [12.649232384592581, 37.578109416979494], [12.66284548756406, 37.566168625456235], [12.679448659891069, 37.55947259897179], [12.76481089162551, 37.57884639072982], [12.782295897406252, 37.58091391963993], [12.858299601033272, 37.58262798821563], [12.896519091672035, 37.577112386252786], [12.907426319117478, 37.595051181667436], [12.90580675413423, 37.60510190473468], [12.911882696315917, 37.6450915676706], [12.88710603736321, 37.643561986385045], [12.901512668927827, 37.66402246762671], [12.91425035279543, 37.675157720394374], [12.917840863896961, 37.68927288417138], [12.958640954498899, 37.72007923029452], [12.959684893317837, 37.727495819415374], [13.000552742859858, 37.7359637085171], [13.012110268223445, 37.74261366812467]]], [[[12.308116564743825, 37.95567356037806], [12.289816982173406, 37.94295549749006], [12.273303156501758, 37.93723566834801], [12.287677188199932, 37.91536900355015], [12.308870610937134, 37.91934033667706], [12.337267537415261, 37.91979847587846], [12.35073485964249, 37.90733990312914], [12.365811576751955, 37.90616749123752], [12.370581115164006, 37.91847141555917], [12.344375012996903, 37.93662244681615], [12.322969152948543, 37.931205318583004], [12.308116564743825, 37.95567356037806]]], [[[12.063167013830446, 37.9932746203296], [12.03822914560398, 37.99302381726817], [12.033774747461178, 37.98863403074553], [12.045066818914355, 37.960016992807724], [12.054772218312214, 37.95311783493145], [12.075669018701307, 37.94943969202883], [12.077801368699348, 37.96166429129318], [12.064607667699814, 37.979489318081164], [12.063167013830446, 37.9932746203296]]], [[[12.335688232795066, 38.02035593723263], [12.320184485899324, 38.00118951277157], [12.329994222730614, 37.98687768269116], [12.351418623382905, 37.988856704682874], [12.335688232795066, 38.02035593723263]]], [[[12.455374158790969, 37.904886196934136], [12.429270007002549, 37.89275592262408], [12.436835974246128, 37.88090558327182], [12.451830764068118, 37.873733879861454], [12.447731624524588, 37.8954848785732], [12.455374158790969, 37.904886196934136]]], [[[11.954556100337136, 36.83937630638082], [11.934379648472285, 36.83260851961398], [11.928413603090437, 36.8253416675718], [11.92792959477954, 36.80074668608352], [11.951088136634771, 36.7836994579412], [11.956079474132155, 36.77201163504105], [11.972083270626563, 36.76367963147952], [11.982343314155539, 36.74448415927265], [11.992925632633426, 36.737391418924425], [12.027160966605484, 36.73570255329299], [12.047256339059517, 36.74975630987248], [12.055060778305135, 36.763076704853745], [12.0531279712322, 36.7906436572342], [12.013322220306492, 36.82516285319662], [11.994746509335144, 36.8217751972408], [11.97337833526925, 36.83487541832335], [11.954556100337136, 36.83937630638082]]]]}, "properties": {"name": "Trapani", "code": "TP", "region": "Sicilia", "name_de": "Trapani"}}, {"type": "Feature", "geometry": {"type": "MultiPolygon", "coordinates": [[[[14.135042884241434, 37.61670475994959], [14.147850845841793, 37.621238682048514], [14.164034574060311, 37.64218594583827], [14.157969723932455, 37.666412468962726], [14.175692124335491, 37.676695414408115], [14.18428221776637, 37.66993103689667], [14.202388273517766, 37.67877927580899], [14.216508926306462, 37.6777102877673], [14.240648923236169, 37.695455031525725], [14.261587207567016, 37.698922791720584], [14.272779525328147, 37.7213266694895], [14.283775786512807, 37.729034569347036], [14.294951697662956, 37.746295439346596], [14.287334251034258, 37.765400485195336], [14.269662269161888, 37.775281182448055], [14.271170972062999, 37.80147993205997], [14.262724707512769, 37.8197370830844], [14.2670874391256, 37.83273374223563], [14.279946452025358, 37.84009137338277], [14.273335242512939, 37.84699052803213], [14.268697383350087, 37.8764941748815], [14.274674743506374, 37.90352465209128], [14.291934440684948, 37.918611899182295], [14.25598526018981, 37.916018319671274], [14.254021635938114, 37.93246138897859], [14.213110593005453, 37.972241530824355], [14.20455762383651, 37.99043537151344], [14.18345975038727, 38.01936639523652], [14.172349710765946, 38.01874860603042], [14.146104522306622, 38.02669255448735], [14.127232258248117, 38.01723753633265], [14.106424710416245, 38.014616760282266], [14.083144718269248, 38.01923363227548], [14.062435316992763, 38.01905774327565], [14.031125701860951, 38.04043397692806], [13.981840287185102, 38.029336556162285], [13.971589377322228, 38.03379074674511], [13.945635525536629, 38.02863814748531], [13.891350147657494, 38.002356494326726], [13.835176400867864, 37.982892405601255], [13.797415945174702, 37.97508483455247], [13.74495693226328, 37.97014324542415], [13.711217600658507, 37.9774588970161], [13.703641490301884, 37.989931930196605], [13.651056014091814, 37.99853438867832], [13.635081605803425, 38.00817392760439], [13.618344521489474, 38.01243321677508], [13.60378858619452, 38.02377667557239], [13.565244583055165, 38.039863328470986], [13.540588947439353, 38.058288105225905], [13.536159655275778, 38.06864007612188], [13.540995938866267, 38.089830061915386], [13.529474540579763, 38.11101743094746], [13.506350646573908, 38.118011118994595], [13.504401619776012, 38.107703806488395], [13.472227964400657, 38.09785936701499], [13.442719448217408, 38.09480679656588], [13.403803086201469, 38.10038007147399], [13.384260533873878, 38.10865855030096], [13.363926783024496, 38.12814775809111], [13.376218035289067, 38.1521823895705], [13.365571499885423, 38.182525021747715], [13.355943919407876, 38.191375053498724], [13.331446344443226, 38.1979217855409], [13.31894836735882, 38.223131857030744], [13.301205299542044, 38.22031780977437], [13.272278359579646, 38.19875635499668], [13.247960590685556, 38.1989521282438], [13.237527033264698, 38.1863288734102], [13.222064842232228, 38.17799273871792], [13.189339359784388, 38.16910628374834], [13.16180650799623, 38.172703517186584], [13.16188694526086, 38.18449071485289], [13.14085192306681, 38.183706049284915], [13.122034421119054, 38.19146981523053], [13.108706125290167, 38.19158650945837], [13.078766552610878, 38.173825280118415], [13.08191239379503, 38.157103843492436], [13.053033064339397, 38.137129622043], [13.065670766128132, 38.1234104305667], [13.078240476349874, 38.08830805730996], [13.054790843566611, 38.07353755060594], [13.03913953043125, 38.071927133030584], [13.029200696221169, 38.06303575398941], [12.977148452426349, 38.04029069545354], [12.98351702051126, 38.03576012745393], [12.987287464244538, 38.01688877255238], [13.004722193461621, 38.00293147681637], [13.003826464997873, 37.991905348573546], [13.037052999153099, 37.97054153416349], [13.04638031880848, 37.96134374788728], [13.045894990977766, 37.941208187562296], [13.040523904253703, 37.923032154969654], [13.046915342665743, 37.91738588927079], [13.016211389504695, 37.90105508974375], [12.955387752120574, 37.89742524708043], [12.938581864589382, 37.90422549554712], [12.93107449796211, 37.885310716175574], [12.947954621808421, 37.881619761834806], [12.958239189414652, 37.8633657233972], [12.942912389470875, 37.84487784411521], [12.963507009772623, 37.835917417894784], [12.97067842840447, 37.8238393378318], [13.025013335566223, 37.818655137985516], [13.058619919032022, 37.810533404547066], [13.079550506900997, 37.81861971512582], [13.093862200062485, 37.8081106221523], [13.080958751537722, 37.803111136280556], [13.07499235190846, 37.78864717402778], [13.090617551329935, 37.781012195581155], [13.098745710917983, 37.77001384530406], [13.081449706936251, 37.76716536093603], [13.063948429870639, 37.75741710837122], [13.050148211298591, 37.76380417615453], [13.039425922945453, 37.75329841316525], [13.027948855776426, 37.75407109606447], [13.012110268223445, 37.74261366812467], [13.02659162888773, 37.739519801632916], [13.049385488038196, 37.70986390564588], [13.074481896469864, 37.69435161940025], [13.100227187077683, 37.69403746015474], [13.126231574526559, 37.70067374209186], [13.144002197590376, 37.68896144701481], [13.18777985923824, 37.6916236541472], [13.193020152565266, 37.683284062985656], [13.213924275877204, 37.67396254716264], [13.209121472496584, 37.64651244795178], [13.21640753032078, 37.63708582394153], [13.253399306200315, 37.615640596530845], [13.268908177437996, 37.64165468576612], [13.27710724961461, 37.64697643214574], [13.299680770915398, 37.639569082945634], [13.315705828125235, 37.64485180268527], [13.32877355798023, 37.66231834184998], [13.34709183520523, 37.65726835208767], [13.350742499171968, 37.64871297714688], [13.319915929395233, 37.62571792059921], [13.333916476120953, 37.608712052888016], [13.320707586844936, 37.58807953154973], [13.342651644494795, 37.57392129163297], [13.33806770154259, 37.55905774274629], [13.344529836768363, 37.54653652301131], [13.35883076817279, 37.54200729530546], [13.39555532823831, 37.5554277537338], [13.403836196811723, 37.56947288061265], [13.392230824426793, 37.5727783406371], [13.3826644016931, 37.59032921301593], [13.382053077447841, 37.602884758575755], [13.391898050063743, 37.616711628803024], [13.384019138936765, 37.65335467073737], [13.409127074542683, 37.658669852185795], [13.42669193390443, 37.643377357038], [13.454248335374489, 37.660621100346496], [13.469011800829522, 37.64955784236579], [13.507875641779327, 37.65879219447649], [13.51049197802213, 37.64813350801685], [13.525044784083123, 37.63859655236603], [13.576805529356669, 37.638761497074356], [13.587581583241345, 37.65049739514081], [13.60148414438785, 37.65592326914454], [13.65122322617552, 37.65838805381812], [13.669293105968585, 37.66983255142721], [13.672133377593525, 37.68876627946884], [13.695533702928993, 37.69487556014311], [13.710508762746466, 37.68714079993717], [13.732542021229081, 37.68293042887529], [13.742248639761552, 37.69269870471808], [13.743699065372462, 37.70661989189433], [13.76633527418462, 37.699486675523374], [13.776987084498021, 37.70221098123698], [13.776288263592871, 37.7210703131117], [13.806352619804647, 37.744816395801756], [13.815999421394777, 37.73295924416814], [13.819962572608322, 37.70328787505217], [13.835138515144752, 37.695240041976085], [13.858075772562529, 37.6897421887849], [13.879344657191956, 37.679974967356564], [13.899240464929372, 37.64760244093452], [13.904743257716152, 37.62847819847522], [13.899288117908954, 37.61814400404699], [13.930404101609078, 37.606936974151004], [13.923336005480424, 37.59651794861916], [13.955743299034895, 37.586119679807815], [13.991895149891455, 37.595598091533674], [14.027559563300377, 37.60229680448183], [14.02019500738939, 37.620103061823556], [14.025407980751632, 37.63157649516725], [14.043351127632896, 37.64464561182739], [14.05678097923073, 37.648035347407], [14.07807153515361, 37.644200990021076], [14.101436286118703, 37.62699441845159], [14.122360940210658, 37.62716009289829], [14.135042884241434, 37.61670475994959]], [[14.056206960139797, 37.6717892143444], [14.033537423710259, 37.65551748123496], [14.018011402789167, 37.657425540701645], [14.007558714003652, 37.67040213248844], [14.012140275542093, 37.68977039172767], [14.041520961464101, 37.68942508069749], [14.029340661428883, 37.704375362725585], [14.043544197782241, 37.72589734322323], [14.066039022136687, 37.72122375178953], [14.069364541266776, 37.71204680214651], [14.089211295178554, 37.70755853815444], [14.079626427728652, 37.69454300690208], [14.080980882302484, 37.67594908397888], [14.056206960139797, 37.6717892143444]]], [[[13.145549945125136, 37.62591125727729], [13.156716264348084, 37.625482110932566], [13.182643035569129, 37.63402041398787], [13.16870293514973, 37.6457036502044], [13.143202204211978, 37.63912779331434], [13.145549945125136, 37.62591125727729]]], [[[13.180665297160417, 38.72067034557467], [13.163217605622572, 38.71344096396965], [13.153627994915707, 38.69369154844911], [13.169343407362126, 38.69094714070989], [13.1824103228958, 38.69547619099966], [13.199719318403629, 38.70863377491769], [13.180665297160417, 38.72067034557467]]]]}, "properties": {"name": "Palermo", "code": "PA", "region": "Sicilia", "name_de": "Palermo"}}, {"type": "Feature", "geometry": {"type": "MultiPolygon", "coordinates": [[[[15.258489636078238, 37.80698980031935], [15.27604142178579, 37.82304561816695], [15.273086229366418, 37.83580514548984], [15.286156318616563, 37.84764319267649], [15.301888970520505, 37.85281386574502], [15.297665459908265, 37.865444305633346], [15.306290590065132, 37.8782252396492], [15.33604404710535, 37.905323171190915], [15.348364879833536, 37.912755306879184], [15.349353093989514, 37.92340490025056], [15.404581234521542, 37.98334319688795], [15.441084996627072, 38.020325647364764], [15.456916216342474, 38.03906916804823], [15.477212403097118, 38.05459258724979], [15.493774288492126, 38.07486001097816], [15.522899922453355, 38.12982613315483], [15.534353095390445, 38.148066540233565], [15.563087904142957, 38.18342581854399], [15.557587573542166, 38.190507156184125], [15.570641785407192, 38.23052556984943], [15.581608962685019, 38.24469589458104], [15.61144018849183, 38.256701596927826], [15.652152766025909, 38.26481490376725], [15.650362433234822, 38.27029304385266], [15.60867029420322, 38.27480339062123], [15.578198946453222, 38.283807246271785], [15.549732037529788, 38.30044753208786], [15.516801972427608, 38.2956541678233], [15.447065817770076, 38.25008560593632], [15.377541399601819, 38.22441438767809], [15.353564807131708, 38.21776667042401], [15.327650962226867, 38.21475211872899], [15.292829291854002, 38.20637785813962], [15.261428065867909, 38.20793863419145], [15.241353581919457, 38.21691836360473], [15.25347972415704, 38.24595059625597], [15.235877818121827, 38.26600861185615], [15.238953494357963, 38.236263102939525], [15.225344098079121, 38.20475330740411], [15.207863400204726, 38.181803625297796], [15.173766382891433, 38.15336761467675], [15.13381077803605, 38.13833187847974], [15.101830386793209, 38.12241052123015], [15.072690284198694, 38.12331117355829], [15.056169119892665, 38.1315083936994], [15.056375590115158, 38.14182375823685], [15.037147027925355, 38.151310000589476], [15.011741845224305, 38.149051713323225], [14.976655381572957, 38.15066221346002], [14.9683863267865, 38.153721026630876], [14.94044823818665, 38.179849546513374], [14.91465057906817, 38.191898474349586], [14.8906231972304, 38.17247365856899], [14.861247419489997, 38.168573449804], [14.785663896832501, 38.151452587496216], [14.74425101096206, 38.16293603249814], [14.678343697394913, 38.09948603976737], [14.632355978201959, 38.071281690442326], [14.617436254514208, 38.073216995247726], [14.585229547218916, 38.05899628947979], [14.556420418611454, 38.06011754199591], [14.533180639456171, 38.04497839629453], [14.470430443221705, 38.03299161168864], [14.44728432068559, 38.03421829586882], [14.440540570649716, 38.040199108704236], [14.421650024139254, 38.03890742559199], [14.394927829762125, 38.0227383087143], [14.364079000200935, 38.01459488358264], [14.338524309943695, 38.018662609542204], [14.311843043086295, 38.00827362990801], [14.285429133621056, 38.00730771121548], [14.270228907862526, 38.0126768146509], [14.236504209946188, 38.01040949098051], [14.18345975038727, 38.01936639523652], [14.20455762383651, 37.99043537151344], [14.213110593005453, 37.972241530824355], [14.254021635938114, 37.93246138897859], [14.25598526018981, 37.916018319671274], [14.291934440684948, 37.918611899182295], [14.274674743506374, 37.90352465209128], [14.268697383350087, 37.8764941748815], [14.273335242512939, 37.84699052803213], [14.279946452025358, 37.84009137338277], [14.29717810615801, 37.83667226952739], [14.326723311526107, 37.83763744559833], [14.350102260019, 37.8477027110468], [14.392129464183487, 37.85099543125277], [14.406272140441265, 37.86636309386153], [14.42918407896507, 37.852674375959616], [14.464759442076021, 37.8400710468157], [14.453999754843087, 37.81694379535702], [14.473539204694807, 37.81084902398191], [14.492821365363953, 37.82487019443274], [14.507108674796328, 37.85201117661885], [14.53380184595247, 37.860510236605585], [14.554614786662611, 37.877752877959], [14.572209837996578, 37.87475681880942], [14.572925368061545, 37.858664307946036], [14.557553920687562, 37.85116478662476], [14.552722217081136, 37.83930746676115], [14.569570183559762, 37.832617213079544], [14.591725598573566, 37.81476099841251], [14.62280015227459, 37.80617669893007], [14.645016676607181, 37.806948544134364], [14.678973176630043, 37.79553547460155], [14.704292347423639, 37.812042181028396], [14.720099694370802, 37.81715586334876], [14.742251759984988, 37.818133021435486], [14.76825007452971, 37.820610499772314], [14.775014939649783, 37.811820760494314], [14.800936415844081, 37.804655665454945], [14.802448577461409, 37.8164544536272], [14.78885712281619, 37.85290088894339], [14.777930424047893, 37.86242451208085], [14.760299598181374, 37.86848986994329], [14.74151426562606, 37.846982398512004], [14.736765412836993, 37.85587893903007], [14.740284455220587, 37.87654169269197], [14.739500240075392, 37.90219938583773], [14.759617551167876, 37.899944107081254], [14.76691610373586, 37.88849638107901], [14.778487318208924, 37.90409501121949], [14.756491934149473, 37.91676438556511], [14.764768989655304, 37.94022607540769], [14.784652884900645, 37.9512147391843], [14.800868768695153, 37.95278355599518], [14.808880553200115, 37.944089269161196], [14.829134229599688, 37.93538783348032], [14.839317004049319, 37.95132963031718], [14.854920924813358, 37.93098390904556], [14.878223507815235, 37.934671604323356], [14.89584959738228, 37.948669805543936], [14.930109346239808, 37.96062809883352], [14.94122639145023, 37.95078555695791], [14.942738434129298, 37.93930284685573], [14.955662423833813, 37.91205345088513], [14.977992029253398, 37.90728092636512], [14.979897385468085, 37.89308830049619], [15.011693839287407, 37.89936973945978], [15.042563495184238, 37.893738762944565], [15.071483435847854, 37.90401857281047], [15.097124041352734, 37.90269185464918], [15.110856533746668, 37.90616665998862], [15.130627961704926, 37.89396428471907], [15.149968180790243, 37.895823444864575], [15.17388281864405, 37.877485932409826], [15.185561008865976, 37.87522198367691], [15.221139226440854, 37.85038604451821], [15.232267985464887, 37.83022905645568], [15.258489636078238, 37.80698980031935]]], [[[14.846747449495133, 38.5379374025832], [14.866881944426298, 38.53621369529496], [14.874109241319305, 38.56159946063535], [14.86608600261708, 38.58324264155398], [14.84567771821849, 38.57943615597416], [14.807806323301929, 38.58244414193843], [14.796651826370086, 38.56079701433323], [14.80663868264496, 38.55332459808282], [14.846747449495133, 38.5379374025832]]], [[[14.959983720060565, 38.43227843648493], [14.954097890268562, 38.41805053234635], [14.939544020067242, 38.41133435539284], [14.948832531206076, 38.388033156468516], [14.977626387115249, 38.36875524523781], [14.992341789844247, 38.36671879442462], [15.005302126812458, 38.37599482110132], [14.996992522198592, 38.39626795090334], [14.98064893165045, 38.40968340106084], [14.96364872382862, 38.41213287846477], [14.968169779693309, 38.42625629831405], [14.959983720060565, 38.43227843648493]]], [[[14.960486816592745, 38.523386503891075], [14.94767816166893, 38.51997942814462], [14.926189399854673, 38.523000411142355], [14.905001667499759, 38.511912840847835], [14.899611367157727, 38.47817714707894], [14.913172080412917, 38.46500761413359], [14.93458108444561, 38.45946569078952], [14.942325680993742, 38.442589655775365], [14.953058958523766, 38.43924227914642], [14.962156453939276, 38.45123173359799], [14.95676216583748, 38.459669737326436], [14.95706422051692, 38.476995658518824], [14.979508152570986, 38.47916013033542], [14.962559880786328, 38.49109696169485], [14.960486816592745, 38.523386503891075]]], [[[14.36187562283207, 38.55433602305283], [14.340292241668324, 38.54824602875103], [14.344503039335203, 38.532052999207245], [14.359351213082782, 38.531697146019134], [14.366493285718397, 38.54962085346165], [14.36187562283207, 38.55433602305283]]], [[[14.553199311624972, 38.58584053197426], [14.54113619850168, 38.57203483990288], [14.553732644428173, 38.56041549645379], [14.582598664683967, 38.5559844713401], [14.575692918084522, 38.581274092898774], [14.553199311624972, 38.58584053197426]]], [[[15.072865804957539, 38.64666285082458], [15.060125062440779, 38.64370970394856], [15.054625980378622, 38.629072139368404], [15.073224102631682, 38.628927289883386], [15.072865804957539, 38.64666285082458]]], [[[15.221400721905823, 38.81195274217498], [15.212847901438552, 38.81023012623059], [15.18753433791926, 38.7902181763411], [15.194528056755656, 38.78126721467978], [15.217216308631766, 38.77240035296956], [15.226875837606483, 38.77722850834124], [15.242266308138076, 38.8049686399047], [15.221400721905823, 38.81195274217498]]]]}, "properties": {"name": "Messina", "code": "ME", "region": "Sicilia", "name_de": "Messina"}}, {"type": "Feature", "geometry": {"type": "MultiPolygon", "coordinates": [[[[12.896519091672035, 37.577112386252786], [12.917718694067084, 37.577103213749055], [12.943015026739468, 37.57234533859378], [12.96268278758704, 37.562745708417246], [12.988764481771577, 37.54094295697606], [13.012000985514812, 37.51267296111372], [13.013346113773904, 37.499193306133265], [13.039724530512533, 37.496084647481645], [13.05364996184305, 37.50386966825686], [13.093165996916468, 37.503268073203294], [13.1302781764405, 37.492591879247975], [13.155713655535825, 37.496513858883226], [13.185975809713868, 37.479747602261206], [13.196451127719113, 37.46490286715995], [13.21721957088045, 37.459232197568454], [13.230744117741246, 37.441970333758995], [13.259983980028661, 37.41676396559147], [13.271678933380722, 37.391423505517096], [13.29255231923869, 37.39043724218328], [13.312108589014715, 37.37606719891801], [13.32305415199375, 37.363270951483116], [13.344812553891106, 37.36018261374819], [13.3730697717173, 37.34788246628614], [13.388297640643566, 37.335503170684156], [13.403331621932415, 37.332223650124035], [13.429257716198842, 37.303901122297034], [13.448484999240703, 37.29596076320079], [13.463445620349923, 37.295256026708486], [13.479220455922226, 37.28699659049901], [13.510087542420962, 37.291361864622885], [13.532527170666432, 37.283974297046456], [13.55127827436316, 37.28697118237726], [13.576372032494131, 37.268240571760344], [13.576761037451877, 37.26091830840666], [13.59564734663992, 37.2571717054897], [13.622264401029856, 37.23444131526648], [13.633052039540328, 37.233188654318745], [13.655936430249756, 37.211616677381905], [13.661614237645434, 37.19396535359275], [13.683922780434449, 37.18792933783557], [13.711528280090489, 37.17199357968349], [13.728318430353205, 37.16893718906654], [13.750400115615975, 37.14944136227787], [13.775497624049606, 37.14542156118733], [13.824081637776123, 37.144489050490584], [13.841702578659289, 37.135463528068016], [13.865554631702805, 37.10952158133506], [13.902412088952286, 37.09651611704965], [13.920126172518396, 37.098835877110616], [13.93366579459141, 37.09524758504397], [13.978802866365761, 37.10909439942635], [14.024530908820337, 37.10840767499512], [14.036310025725065, 37.106088269047774], [14.034636823852981, 37.143013449221414], [14.029962326593955, 37.154594370366375], [14.011232032933394, 37.159964301493865], [13.991450848385385, 37.19507811729034], [13.992462410081364, 37.22053098039495], [14.01577791737624, 37.22973376004079], [14.00667395144001, 37.24136015373965], [14.017635080110061, 37.255933391664364], [14.010029193396427, 37.26304086043087], [14.02805609579844, 37.27489469907109], [14.031514925803034, 37.292182572114505], [14.015617846640643, 37.28624735683225], [13.996694515178822, 37.29310316625015], [13.991899214853543, 37.30782402408747], [13.97788894237778, 37.314158527549324], [13.961540154314196, 37.33032850948481], [13.927109312284639, 37.331347316057325], [13.9211721400421, 37.33771094024804], [13.885268814522757, 37.35651603647013], [13.886629227697409, 37.374974985486375], [13.909357579155836, 37.38712861463966], [13.893062731938484, 37.403897767425015], [13.862205369343341, 37.403280519373446], [13.841259625216054, 37.43838179997761], [13.812298259735446, 37.431360598287455], [13.776618860725721, 37.44020020266022], [13.759401341903612, 37.436848399378185], [13.751649533210616, 37.428270607894156], [13.729782328042527, 37.43754075226834], [13.70169128289667, 37.44282511412762], [13.68688449538826, 37.458369879578036], [13.651605050309344, 37.45995020806822], [13.657038585500288, 37.471541527429174], [13.690377763151819, 37.50078104342205], [13.693444889863812, 37.523138402327675], [13.685298600882794, 37.56004723886356], [13.668385344513592, 37.57420925751022], [13.680551662692528, 37.58675119578282], [13.719979266306492, 37.58441203258233], [13.76470214312243, 37.596884728214164], [13.78857869939461, 37.62351308798415], [13.824790565988788, 37.61502839640951], [13.829625625639267, 37.62894807232018], [13.811080867794407, 37.64160252955625], [13.821141655487017, 37.654962418610296], [13.823508115512519, 37.67506647990487], [13.809375769143735, 37.6759818782639], [13.800467500963231, 37.688147896863455], [13.761057871457954, 37.6792152372499], [13.732542021229081, 37.68293042887529], [13.710508762746466, 37.68714079993717], [13.695533702928993, 37.69487556014311], [13.672133377593525, 37.68876627946884], [13.669293105968585, 37.66983255142721], [13.65122322617552, 37.65838805381812], [13.60148414438785, 37.65592326914454], [13.587581583241345, 37.65049739514081], [13.576805529356669, 37.638761497074356], [13.525044784083123, 37.63859655236603], [13.51049197802213, 37.64813350801685], [13.507875641779327, 37.65879219447649], [13.469011800829522, 37.64955784236579], [13.454248335374489, 37.660621100346496], [13.42669193390443, 37.643377357038], [13.409127074542683, 37.658669852185795], [13.384019138936765, 37.65335467073737], [13.391898050063743, 37.616711628803024], [13.382053077447841, 37.602884758575755], [13.3826644016931, 37.59032921301593], [13.392230824426793, 37.5727783406371], [13.403836196811723, 37.56947288061265], [13.39555532823831, 37.5554277537338], [13.35883076817279, 37.54200729530546], [13.344529836768363, 37.54653652301131], [13.33806770154259, 37.55905774274629], [13.342651644494795, 37.57392129163297], [13.320707586844936, 37.58807953154973], [13.333916476120953, 37.608712052888016], [13.319915929395233, 37.62571792059921], [13.350742499171968, 37.64871297714688], [13.34709183520523, 37.65726835208767], [13.32877355798023, 37.66231834184998], [13.315705828125235, 37.64485180268527], [13.299680770915398, 37.639569082945634], [13.27710724961461, 37.64697643214574], [13.268908177437996, 37.64165468576612], [13.253399306200315, 37.615640596530845], [13.21640753032078, 37.63708582394153], [13.209121472496584, 37.64651244795178], [13.213924275877204, 37.67396254716264], [13.193020152565266, 37.683284062985656], [13.18777985923824, 37.6916236541472], [13.144002197590376, 37.68896144701481], [13.126231574526559, 37.70067374209186], [13.100227187077683, 37.69403746015474], [13.074481896469864, 37.69435161940025], [13.049385488038196, 37.70986390564588], [13.02659162888773, 37.739519801632916], [13.012110268223445, 37.74261366812467], [13.000552742859858, 37.7359637085171], [12.959684893317837, 37.727495819415374], [12.958640954498899, 37.72007923029452], [12.917840863896961, 37.68927288417138], [12.91425035279543, 37.675157720394374], [12.901512668927827, 37.66402246762671], [12.88710603736321, 37.643561986385045], [12.911882696315917, 37.6450915676706], [12.90580675413423, 37.60510190473468], [12.907426319117478, 37.595051181667436], [12.896519091672035, 37.577112386252786]], [[13.145549945125136, 37.62591125727729], [13.143202204211978, 37.63912779331434], [13.16870293514973, 37.6457036502044], [13.182643035569129, 37.63402041398787], [13.156716264348084, 37.625482110932566], [13.145549945125136, 37.62591125727729]]], [[[12.540912715782799, 35.52890096124985], [12.527995738072352, 35.528331658751235], [12.518267477687479, 35.518735139537704], [12.563588358291378, 35.51163075067585], [12.608431890150454, 35.493633956256495], [12.632176798373546, 35.4941595041568], [12.625425066779405, 35.50547280100417], [12.62791893973143, 35.52040587792642], [12.607504755346097, 35.52449145473975], [12.594169794183125, 35.52093977680333], [12.540912715782799, 35.52890096124985]]], [[[12.875432938076619, 35.87537604812954], [12.858645872528594, 35.874746309074865], [12.850607022952634, 35.86692885683582], [12.859511324889416, 35.85502998650582], [12.880737759724651, 35.85460414303736], [12.875432938076619, 35.87537604812954]]]]}, "properties": {"name": "Agrigento", "code": "AG", "region": "Sicilia", "name_de": "Agrigento"}}, {"type": "Feature", "geometry": {"type": "MultiPolygon", "coordinates": [[[[13.732542021229081, 37.68293042887529], [13.761057871457954, 37.6792152372499], [13.800467500963231, 37.688147896863455], [13.809375769143735, 37.6759818782639], [13.823508115512519, 37.67506647990487], [13.821141655487017, 37.654962418610296], [13.811080867794407, 37.64160252955625], [13.829625625639267, 37.62894807232018], [13.824790565988788, 37.61502839640951], [13.78857869939461, 37.62351308798415], [13.76470214312243, 37.596884728214164], [13.719979266306492, 37.58441203258233], [13.680551662692528, 37.58675119578282], [13.668385344513592, 37.57420925751022], [13.685298600882794, 37.56004723886356], [13.693444889863812, 37.523138402327675], [13.690377763151819, 37.50078104342205], [13.657038585500288, 37.471541527429174], [13.651605050309344, 37.45995020806822], [13.68688449538826, 37.458369879578036], [13.70169128289667, 37.44282511412762], [13.729782328042527, 37.43754075226834], [13.751649533210616, 37.428270607894156], [13.759401341903612, 37.436848399378185], [13.776618860725721, 37.44020020266022], [13.812298259735446, 37.431360598287455], [13.841259625216054, 37.43838179997761], [13.862205369343341, 37.403280519373446], [13.893062731938484, 37.403897767425015], [13.909357579155836, 37.38712861463966], [13.886629227697409, 37.374974985486375], [13.885268814522757, 37.35651603647013], [13.9211721400421, 37.33771094024804], [13.927109312284639, 37.331347316057325], [13.961540154314196, 37.33032850948481], [13.97788894237778, 37.314158527549324], [13.991899214853543, 37.30782402408747], [13.996694515178822, 37.29310316625015], [14.015617846640643, 37.28624735683225], [14.031514925803034, 37.292182572114505], [14.02805609579844, 37.27489469907109], [14.010029193396427, 37.26304086043087], [14.017635080110061, 37.255933391664364], [14.00667395144001, 37.24136015373965], [14.01577791737624, 37.22973376004079], [13.992462410081364, 37.22053098039495], [13.991450848385385, 37.19507811729034], [14.011232032933394, 37.159964301493865], [14.029962326593955, 37.154594370366375], [14.034636823852981, 37.143013449221414], [14.036310025725065, 37.106088269047774], [14.066753658312871, 37.11091111831472], [14.145811101141671, 37.09773271200289], [14.170564911732978, 37.09107717740089], [14.209047499797261, 37.07662378985135], [14.228192124817383, 37.06573095809839], [14.258618742498662, 37.05826871192549], [14.296775676957996, 37.036759791482616], [14.337888394300736, 37.001582377694355], [14.365359988478213, 37.00500510780719], [14.390034782386204, 37.02472576157129], [14.413074234740261, 37.029641557384366], [14.44410853103606, 37.05293551266231], [14.443645393393687, 37.064764385961745], [14.428341382574281, 37.09390253132199], [14.452840837711719, 37.097998019885246], [14.456595615387544, 37.10848057670682], [14.47563591708785, 37.13165154040526], [14.451442810425947, 37.169075227772645], [14.429165321820856, 37.188233046839784], [14.419038782702158, 37.17920320891935], [14.3984124610016, 37.17905917345453], [14.380359091050137, 37.19504664665838], [14.37537281900872, 37.2063353703453], [14.382679341774889, 37.239679123253595], [14.383582023563049, 37.25730403873656], [14.392758939282166, 37.261850476068965], [14.383700526433346, 37.283537523037076], [14.35235054909167, 37.27901344987349], [14.352658970213863, 37.306132565927314], [14.315833868233252, 37.30300049663581], [14.316283927318178, 37.325673705627594], [14.275139475779586, 37.3303994562155], [14.264116181668427, 37.342972597094715], [14.229930812613572, 37.34734450566687], [14.219101984173596, 37.337780205477245], [14.186026514280078, 37.33075632326463], [14.16715588109596, 37.32396057456474], [14.14212953854718, 37.335508582965815], [14.126894681208773, 37.338822421737184], [14.11065399108743, 37.33388351559197], [14.08506567677746, 37.34065097784438], [14.081808874017296, 37.369217858623564], [14.071963031281372, 37.374522020459146], [14.073765468110732, 37.38711575669646], [14.066411249272488, 37.40337460093197], [14.070751908158606, 37.42133246480352], [14.141804571780122, 37.47705532983608], [14.157885473737906, 37.47983840040723], [14.142209530751888, 37.49836127761802], [14.142997152136015, 37.50787927806175], [14.127316578613124, 37.52140058369114], [14.140446299882793, 37.5573254043529], [14.13550846374169, 37.568272161860044], [14.141603584280881, 37.582246559498884], [14.156195968440647, 37.58370437315843], [14.164027339322192, 37.612116857734264], [14.135042884241434, 37.61670475994959], [14.122360940210658, 37.62716009289829], [14.101436286118703, 37.62699441845159], [14.07807153515361, 37.644200990021076], [14.05678097923073, 37.648035347407], [14.043351127632896, 37.64464561182739], [14.025407980751632, 37.63157649516725], [14.02019500738939, 37.620103061823556], [14.027559563300377, 37.60229680448183], [13.991895149891455, 37.595598091533674], [13.955743299034895, 37.586119679807815], [13.923336005480424, 37.59651794861916], [13.930404101609078, 37.606936974151004], [13.899288117908954, 37.61814400404699], [13.904743257716152, 37.62847819847522], [13.899240464929372, 37.64760244093452], [13.879344657191956, 37.679974967356564], [13.858075772562529, 37.6897421887849], [13.835138515144752, 37.695240041976085], [13.819962572608322, 37.70328787505217], [13.815999421394777, 37.73295924416814], [13.806352619804647, 37.744816395801756], [13.776288263592871, 37.7210703131117], [13.776987084498021, 37.70221098123698], [13.76633527418462, 37.699486675523374], [13.743699065372462, 37.70661989189433], [13.742248639761552, 37.69269870471808], [13.732542021229081, 37.68293042887529]]], [[[14.056206960139797, 37.6717892143444], [14.080980882302484, 37.67594908397888], [14.079626427728652, 37.69454300690208], [14.089211295178554, 37.70755853815444], [14.069364541266776, 37.71204680214651], [14.066039022136687, 37.72122375178953], [14.043544197782241, 37.72589734322323], [14.029340661428883, 37.704375362725585], [14.041520961464101, 37.68942508069749], [14.012140275542093, 37.68977039172767], [14.007558714003652, 37.67040213248844], [14.018011402789167, 37.657425540701645], [14.033537423710259, 37.65551748123496], [14.056206960139797, 37.6717892143444]]]]}, "properties": {"name": "Caltanissetta", "code": "CL", "region": "Sicilia", "name_de": "Caltanissetta"}}, {"type": "Feature", "geometry": {"type": "Polygon", "coordinates": [[[14.352658970213863, 37.306132565927314], [14.384780923874265, 37.296251950637156], [14.400372538166902, 37.29889405406737], [14.43251874078733, 37.29249596101041], [14.45536483136568, 37.30990731064893], [14.434420532980988, 37.324846566100334], [14.422508469327981, 37.33907570672718], [14.451251333539616, 37.34014042795418], [14.4865768732306, 37.3136353607583], [14.50633257481394, 37.31047429052169], [14.519380131928983, 37.32508805547678], [14.51233749262058, 37.3348727748302], [14.49577228385583, 37.34233942623485], [14.539072467844479, 37.36377127770814], [14.56989868922527, 37.360399297298], [14.581407307319365, 37.36415379110781], [14.590782615108909, 37.38252023859632], [14.578304461179657, 37.38993981065274], [14.587365549392807, 37.408323583966755], [14.616047430625201, 37.41208038711759], [14.632745884014254, 37.42456930736956], [14.624315912184356, 37.43521816560572], [14.612904898757979, 37.433991110454535], [14.588038114629393, 37.450106237323446], [14.553937615511995, 37.444977849533096], [14.526169848441691, 37.46152744468837], [14.516508416133219, 37.48104271007652], [14.52779152388333, 37.49689279599825], [14.495392825655497, 37.50505993078636], [14.523263125133271, 37.51660516702578], [14.541089320240294, 37.54034542362676], [14.561949050330147, 37.54074129947997], [14.581877674221746, 37.549745724077816], [14.5945392108201, 37.53630388048181], [14.632816278229045, 37.53644241895458], [14.637303079988936, 37.54305980517884], [14.664755534028425, 37.55126961339604], [14.67399458398879, 37.5579753901995], [14.689596681860348, 37.554173920331266], [14.722723464502259, 37.539443732557906], [14.74176082743866, 37.52710212262682], [14.763948343575038, 37.50436164126444], [14.790518455535786, 37.50644909689875], [14.791164767991745, 37.52625248758187], [14.799125453824775, 37.53262974876343], [14.80165146444208, 37.55393357113895], [14.790708428665704, 37.559772361329436], [14.811225846459926, 37.58179131023217], [14.82560810795453, 37.5869601792895], [14.828059672033893, 37.6082022979826], [14.82195464588946, 37.618772465945824], [14.823733377095895, 37.63586071078818], [14.792693789603842, 37.65214626077122], [14.791853991962043, 37.67305588858187], [14.802172264402575, 37.686132696287885], [14.797861499795625, 37.71273150140033], [14.761083557268877, 37.69417918643626], [14.752697626475994, 37.68687023787712], [14.738300371465401, 37.69106292765267], [14.724412381603097, 37.68135322314959], [14.714870326463746, 37.704460106777326], [14.721250805446076, 37.71733750164556], [14.710568041668976, 37.73499018926045], [14.736817234553559, 37.75359780355952], [14.714614233652517, 37.769291244051495], [14.727363447235508, 37.78484281029679], [14.744232064372165, 37.789555219590554], [14.738341455483948, 37.81229180000641], [14.742251759984988, 37.818133021435486], [14.720099694370802, 37.81715586334876], [14.704292347423639, 37.812042181028396], [14.678973176630043, 37.79553547460155], [14.645016676607181, 37.806948544134364], [14.62280015227459, 37.80617669893007], [14.591725598573566, 37.81476099841251], [14.569570183559762, 37.832617213079544], [14.552722217081136, 37.83930746676115], [14.557553920687562, 37.85116478662476], [14.572925368061545, 37.858664307946036], [14.572209837996578, 37.87475681880942], [14.554614786662611, 37.877752877959], [14.53380184595247, 37.860510236605585], [14.507108674796328, 37.85201117661885], [14.492821365363953, 37.82487019443274], [14.473539204694807, 37.81084902398191], [14.453999754843087, 37.81694379535702], [14.464759442076021, 37.8400710468157], [14.42918407896507, 37.852674375959616], [14.406272140441265, 37.86636309386153], [14.392129464183487, 37.85099543125277], [14.350102260019, 37.8477027110468], [14.326723311526107, 37.83763744559833], [14.29717810615801, 37.83667226952739], [14.279946452025358, 37.84009137338277], [14.2670874391256, 37.83273374223563], [14.262724707512769, 37.8197370830844], [14.271170972062999, 37.80147993205997], [14.269662269161888, 37.775281182448055], [14.287334251034258, 37.765400485195336], [14.294951697662956, 37.746295439346596], [14.283775786512807, 37.729034569347036], [14.272779525328147, 37.7213266694895], [14.261587207567016, 37.698922791720584], [14.240648923236169, 37.695455031525725], [14.216508926306462, 37.6777102877673], [14.202388273517766, 37.67877927580899], [14.18428221776637, 37.66993103689667], [14.175692124335491, 37.676695414408115], [14.157969723932455, 37.666412468962726], [14.164034574060311, 37.64218594583827], [14.147850845841793, 37.621238682048514], [14.135042884241434, 37.61670475994959], [14.164027339322192, 37.612116857734264], [14.156195968440647, 37.58370437315843], [14.141603584280881, 37.582246559498884], [14.13550846374169, 37.568272161860044], [14.140446299882793, 37.5573254043529], [14.127316578613124, 37.52140058369114], [14.142997152136015, 37.50787927806175], [14.142209530751888, 37.49836127761802], [14.157885473737906, 37.47983840040723], [14.141804571780122, 37.47705532983608], [14.070751908158606, 37.42133246480352], [14.066411249272488, 37.40337460093197], [14.073765468110732, 37.38711575669646], [14.071963031281372, 37.374522020459146], [14.081808874017296, 37.369217858623564], [14.08506567677746, 37.34065097784438], [14.11065399108743, 37.33388351559197], [14.126894681208773, 37.338822421737184], [14.14212953854718, 37.335508582965815], [14.16715588109596, 37.32396057456474], [14.186026514280078, 37.33075632326463], [14.219101984173596, 37.337780205477245], [14.229930812613572, 37.34734450566687], [14.264116181668427, 37.342972597094715], [14.275139475779586, 37.3303994562155], [14.316283927318178, 37.325673705627594], [14.315833868233252, 37.30300049663581], [14.352658970213863, 37.306132565927314]]]}, "properties": {"name": "Enna", "code": "EN", "region": "Sicilia", "name_de": "Enna"}}, {"type": "Feature", "geometry": {"type": "Polygon", "coordinates": [[[15.090972663479114, 37.35864173443456], [15.090962140126145, 37.412014773614494], [15.085266504951043, 37.47646013441588], [15.11503803138507, 37.53066295121382], [15.144548742159976, 37.54512098343763], [15.166343058372851, 37.57194929870721], [15.177234116753205, 37.57656798665291], [15.172435277212644, 37.610123355251936], [15.174718281254748, 37.632755364894564], [15.19980001678955, 37.657109041365125], [15.19921461395834, 37.676744043431306], [15.218347293065415, 37.70837305003676], [15.20572459091471, 37.733560893581135], [15.211785314733861, 37.753541768887644], [15.24848635405967, 37.79975045961323], [15.258489636078238, 37.80698980031935], [15.232267985464887, 37.83022905645568], [15.221139226440854, 37.85038604451821], [15.185561008865976, 37.87522198367691], [15.17388281864405, 37.877485932409826], [15.149968180790243, 37.895823444864575], [15.130627961704926, 37.89396428471907], [15.110856533746668, 37.90616665998862], [15.097124041352734, 37.90269185464918], [15.071483435847854, 37.90401857281047], [15.042563495184238, 37.893738762944565], [15.011693839287407, 37.89936973945978], [14.979897385468085, 37.89308830049619], [14.977992029253398, 37.90728092636512], [14.955662423833813, 37.91205345088513], [14.942738434129298, 37.93930284685573], [14.94122639145023, 37.95078555695791], [14.930109346239808, 37.96062809883352], [14.89584959738228, 37.948669805543936], [14.878223507815235, 37.934671604323356], [14.854920924813358, 37.93098390904556], [14.839317004049319, 37.95132963031718], [14.829134229599688, 37.93538783348032], [14.808880553200115, 37.944089269161196], [14.800868768695153, 37.95278355599518], [14.784652884900645, 37.9512147391843], [14.764768989655304, 37.94022607540769], [14.756491934149473, 37.91676438556511], [14.778487318208924, 37.90409501121949], [14.76691610373586, 37.88849638107901], [14.759617551167876, 37.899944107081254], [14.739500240075392, 37.90219938583773], [14.740284455220587, 37.87654169269197], [14.736765412836993, 37.85587893903007], [14.74151426562606, 37.846982398512004], [14.760299598181374, 37.86848986994329], [14.777930424047893, 37.86242451208085], [14.78885712281619, 37.85290088894339], [14.802448577461409, 37.8164544536272], [14.800936415844081, 37.804655665454945], [14.775014939649783, 37.811820760494314], [14.76825007452971, 37.820610499772314], [14.742251759984988, 37.818133021435486], [14.738341455483948, 37.81229180000641], [14.744232064372165, 37.789555219590554], [14.727363447235508, 37.78484281029679], [14.714614233652517, 37.769291244051495], [14.736817234553559, 37.75359780355952], [14.710568041668976, 37.73499018926045], [14.721250805446076, 37.71733750164556], [14.714870326463746, 37.704460106777326], [14.724412381603097, 37.68135322314959], [14.738300371465401, 37.69106292765267], [14.752697626475994, 37.68687023787712], [14.761083557268877, 37.69417918643626], [14.797861499795625, 37.71273150140033], [14.802172264402575, 37.686132696287885], [14.791853991962043, 37.67305588858187], [14.792693789603842, 37.65214626077122], [14.823733377095895, 37.63586071078818], [14.82195464588946, 37.618772465945824], [14.828059672033893, 37.6082022979826], [14.82560810795453, 37.5869601792895], [14.811225846459926, 37.58179131023217], [14.790708428665704, 37.559772361329436], [14.80165146444208, 37.55393357113895], [14.799125453824775, 37.53262974876343], [14.791164767991745, 37.52625248758187], [14.790518455535786, 37.50644909689875], [14.763948343575038, 37.50436164126444], [14.74176082743866, 37.52710212262682], [14.722723464502259, 37.539443732557906], [14.689596681860348, 37.554173920331266], [14.67399458398879, 37.5579753901995], [14.664755534028425, 37.55126961339604], [14.637303079988936, 37.54305980517884], [14.632816278229045, 37.53644241895458], [14.5945392108201, 37.53630388048181], [14.581877674221746, 37.549745724077816], [14.561949050330147, 37.54074129947997], [14.541089320240294, 37.54034542362676], [14.523263125133271, 37.51660516702578], [14.495392825655497, 37.50505993078636], [14.52779152388333, 37.49689279599825], [14.516508416133219, 37.48104271007652], [14.526169848441691, 37.46152744468837], [14.553937615511995, 37.444977849533096], [14.588038114629393, 37.450106237323446], [14.612904898757979, 37.433991110454535], [14.624315912184356, 37.43521816560572], [14.632745884014254, 37.42456930736956], [14.616047430625201, 37.41208038711759], [14.587365549392807, 37.408323583966755], [14.578304461179657, 37.38993981065274], [14.590782615108909, 37.38252023859632], [14.581407307319365, 37.36415379110781], [14.56989868922527, 37.360399297298], [14.539072467844479, 37.36377127770814], [14.49577228385583, 37.34233942623485], [14.51233749262058, 37.3348727748302], [14.519380131928983, 37.32508805547678], [14.50633257481394, 37.31047429052169], [14.4865768732306, 37.3136353607583], [14.451251333539616, 37.34014042795418], [14.422508469327981, 37.33907570672718], [14.434420532980988, 37.324846566100334], [14.45536483136568, 37.30990731064893], [14.43251874078733, 37.29249596101041], [14.400372538166902, 37.29889405406737], [14.384780923874265, 37.296251950637156], [14.352658970213863, 37.306132565927314], [14.35235054909167, 37.27901344987349], [14.383700526433346, 37.283537523037076], [14.392758939282166, 37.261850476068965], [14.383582023563049, 37.25730403873656], [14.382679341774889, 37.239679123253595], [14.37537281900872, 37.2063353703453], [14.380359091050137, 37.19504664665838], [14.3984124610016, 37.17905917345453], [14.419038782702158, 37.17920320891935], [14.429165321820856, 37.188233046839784], [14.451442810425947, 37.169075227772645], [14.47563591708785, 37.13165154040526], [14.456595615387544, 37.10848057670682], [14.452840837711719, 37.097998019885246], [14.428341382574281, 37.09390253132199], [14.443645393393687, 37.064764385961745], [14.44410853103606, 37.05293551266231], [14.464365632215308, 37.050275027579985], [14.49587972260204, 37.060194482298336], [14.516598830600936, 37.07065657359714], [14.532910004924423, 37.06533065199015], [14.543673059433418, 37.055511983745596], [14.564638701305514, 37.05182889570736], [14.586281461095584, 37.07102297926519], [14.60758604785809, 37.083880013093314], [14.624421136839269, 37.08020398275504], [14.641567838654924, 37.08575629986024], [14.649378745729855, 37.10131925916636], [14.66031675810884, 37.10666987673352], [14.676677424377132, 37.10120978102731], [14.683565672693465, 37.110086650311914], [14.710686960807687, 37.12557008878953], [14.727781537640725, 37.1178764189269], [14.727858935375421, 37.0959372341587], [14.742923432732605, 37.10083908714747], [14.765142991916267, 37.095665939573344], [14.789120506640373, 37.10837434011942], [14.77335029877334, 37.13505514419568], [14.793869687646696, 37.13204346890423], [14.808918292096708, 37.12601349977426], [14.843493544112697, 37.13014800567074], [14.846510568163115, 37.14116721988162], [14.834956245029888, 37.16317330551005], [14.870002485888367, 37.18580525531219], [14.871479395136095, 37.20413275475208], [14.863493518039796, 37.20881208041061], [14.848846925048662, 37.200789364266036], [14.82737425246851, 37.19591931263721], [14.820768263998305, 37.20718612739365], [14.796511515967964, 37.21478252734237], [14.781771286235655, 37.2109776009975], [14.774243689547394, 37.22134920729597], [14.790629862430047, 37.24268827521473], [14.81206283624718, 37.25602371034118], [14.8466642458645, 37.25945841728573], [14.8558976741842, 37.279660919723426], [14.882847508772928, 37.286268047002416], [14.87969650199809, 37.295741518889386], [14.892163975103207, 37.31102219589089], [14.843384896496945, 37.324534736367625], [14.821135131796318, 37.31623768655243], [14.804049521174733, 37.315830922519055], [14.778579738037473, 37.330469483418625], [14.808499930396394, 37.34963097526504], [14.83844176623985, 37.35781096038518], [14.84294468238485, 37.37892300381778], [14.877761759054023, 37.389583546076885], [14.887511106911122, 37.40774662717446], [14.912623983744584, 37.41202626421002], [14.94139839176288, 37.40526138983267], [14.956403384597346, 37.38628716161511], [14.984962952003858, 37.373636621687794], [15.014643792246408, 37.36924919757548], [15.032559392549134, 37.3712917512412], [15.048182338325445, 37.36316497767315], [15.090972663479114, 37.35864173443456]]]}, "properties": {"name": "Catania", "code": "CT", "region": "Sicilia", "name_de": "Catania"}}, {"type": "Feature", "geometry": {"type": "Polygon", "coordinates": [[[14.337888394300736, 37.001582377694355], [14.362642295191929, 36.97856272897245], [14.387841744373718, 36.95008065386277], [14.42208898000516, 36.903578070053634], [14.425027316419447, 36.89261782790761], [14.435869006575434, 36.88490155305449], [14.444155934615614, 36.870021699569996], [14.459569165539971, 36.826911634026416], [14.466994776653433, 36.81458005217249], [14.493342629226241, 36.78649517985041], [14.516418959129778, 36.787538512134866], [14.531337097851623, 36.78048005571487], [14.556129144199396, 36.782406661938005], [14.587519588347645, 36.77713180230389], [14.607012277015523, 36.768236944612966], [14.6384516108437, 36.76138919778265], [14.647613710812609, 36.752555657312584], [14.669417757560144, 36.74315454678384], [14.691251132890734, 36.720799552144065], [14.707827782334647, 36.71778711914594], [14.727185090499727, 36.72135555088505], [14.747968589584454, 36.71968071385892], [14.757715075850927, 36.71038361843752], [14.775935493213664, 36.71137092253717], [14.783088720776064, 36.703605209509526], [14.81116065967558, 36.71556919502317], [14.831845601994042, 36.7175586646896], [14.848507345731457, 36.72723014964487], [14.86949096478978, 36.73088872017773], [14.901016560464312, 36.72791132218264], [14.912264369367751, 36.7233141312501], [14.956615356819468, 36.69408555751728], [14.973191010295803, 36.69281729341968], [15.000375639499921, 36.70277732496543], [14.994112942059425, 36.743512028901996], [14.985938116285016, 36.751366859405096], [14.992153379927185, 36.761472693784164], [14.985199953748818, 36.78072360343189], [14.953649893071136, 36.8033880436351], [14.92353983841529, 36.81376998874176], [14.911657979578935, 36.8121998014114], [14.882322686463915, 36.824716860450685], [14.860065852970232, 36.81747740847243], [14.865032140917576, 36.85074997688214], [14.861014763657991, 36.85689219926501], [14.870067580612888, 36.870534771938786], [14.88618179137502, 36.86821220942413], [14.897066295790877, 36.859108382985205], [14.927152459955273, 36.84905424181149], [14.938602762586049, 36.86366220083674], [14.915130904099133, 36.88622792927857], [14.884066734044374, 36.89878195417298], [14.877558983020142, 36.91453784946934], [14.89681966536278, 36.925301743707706], [14.86538145924709, 36.94391229109971], [14.84104180337765, 36.945009707957944], [14.837040110360215, 36.97306834748517], [14.856052312824579, 36.97558198982714], [14.859171806507286, 36.95909011312745], [14.903302793219478, 36.92214320745595], [14.937774617554538, 36.903163312940045], [14.920516254331515, 36.927388417570185], [14.907452271397506, 36.93933464122528], [14.888304606216819, 36.96413382183598], [14.887120581929228, 36.98850629650648], [14.856506898117722, 37.02279185278108], [14.853149790631624, 37.03532369526164], [14.840058437307738, 37.0387241527842], [14.831727605736196, 37.049220549686794], [14.818886439255193, 37.053410167183294], [14.822612353209303, 37.06642387442255], [14.822163980909707, 37.089642856722165], [14.815946276139105, 37.113641594088804], [14.794964576246475, 37.11364467970367], [14.793869687646696, 37.13204346890423], [14.77335029877334, 37.13505514419568], [14.789120506640373, 37.10837434011942], [14.765142991916267, 37.095665939573344], [14.742923432732605, 37.10083908714747], [14.727858935375421, 37.0959372341587], [14.727781537640725, 37.1178764189269], [14.710686960807687, 37.12557008878953], [14.683565672693465, 37.110086650311914], [14.676677424377132, 37.10120978102731], [14.66031675810884, 37.10666987673352], [14.649378745729855, 37.10131925916636], [14.641567838654924, 37.08575629986024], [14.624421136839269, 37.08020398275504], [14.60758604785809, 37.083880013093314], [14.586281461095584, 37.07102297926519], [14.564638701305514, 37.05182889570736], [14.543673059433418, 37.055511983745596], [14.532910004924423, 37.06533065199015], [14.516598830600936, 37.07065657359714], [14.49587972260204, 37.060194482298336], [14.464365632215308, 37.050275027579985], [14.44410853103606, 37.05293551266231], [14.413074234740261, 37.029641557384366], [14.390034782386204, 37.02472576157129], [14.365359988478213, 37.00500510780719], [14.337888394300736, 37.001582377694355]]]}, "properties": {"name": "Ragusa", "code": "RG", "region": "Sicilia", "name_de": "Ragusa"}}, {"type": "Feature", "geometry": {"type": "Polygon", "coordinates": [[[15.000375639499921, 36.70277732496543], [15.027633506718349, 36.698116091602394], [15.051045276402474, 36.67916663895665], [15.05714133059624, 36.661931739400565], [15.070872686476838, 36.65845068166267], [15.079763200496412, 36.64771437491784], [15.103666596616087, 36.662386511055516], [15.112392896905146, 36.67314742856424], [15.13196454560482, 36.66680926931913], [15.138435869184379, 36.68249187089294], [15.123210652300294, 36.70258985543624], [15.12082641087889, 36.73218503756453], [15.103066345361565, 36.75785521639915], [15.095376241651891, 36.77634768182928], [15.095507917199521, 36.79551183779868], [15.106040016085746, 36.80640137508012], [15.106170223917154, 36.83193565770655], [15.112371259105768, 36.850905436125935], [15.136631702668947, 36.8768983938743], [15.143683090154681, 36.89579518703241], [15.157951333627741, 36.91917443943369], [15.172730156545029, 36.924488483271276], [15.179683146399611, 36.93868251544995], [15.205674996423014, 36.95877999476418], [15.238983044265241, 36.972198309142684], [15.257348627109568, 36.97309612747236], [15.269030893663162, 36.987017700133634], [15.264453940402584, 36.99467075603219], [15.303953468353633, 37.01466555207297], [15.314767161005609, 37.00368973323375], [15.336562503302105, 37.00712729766706], [15.315976928204543, 37.03500073527907], [15.303443896712443, 37.04244423744699], [15.289289476813295, 37.03262449186818], [15.275844176108224, 37.03897246955146], [15.2705381683909, 37.054188636624225], [15.27804417807251, 37.06525039033005], [15.291190958442366, 37.068969597157746], [15.299997894949524, 37.07943221590204], [15.296399732314395, 37.10559651521338], [15.25922176154154, 37.10996601415153], [15.23707297940539, 37.115984521795426], [15.22118556006351, 37.12838027618272], [15.220117159398074, 37.143368268262705], [15.204531030600961, 37.15498772077703], [15.201318611668606, 37.17823755401233], [15.184943728779453, 37.19547028112805], [15.183213117124838, 37.21578149380226], [15.19296992232929, 37.22055465728855], [15.206294968047, 37.24505874291738], [15.229006852198719, 37.24296522645686], [15.247160616871758, 37.2320269752727], [15.255602746559266, 37.24139992991234], [15.245113121306542, 37.248152151268556], [15.240930318311259, 37.26043040324456], [15.224896520314221, 37.27018009159876], [15.208592667270773, 37.29147917667836], [15.194784459561092, 37.282546095058095], [15.171623841312831, 37.29319154632006], [15.160955194353022, 37.28978827786714], [15.134731932269982, 37.3095319665204], [15.105269748825517, 37.31017713826669], [15.096497726282523, 37.32560489272977], [15.090972663479114, 37.35864173443456], [15.048182338325445, 37.36316497767315], [15.032559392549134, 37.3712917512412], [15.014643792246408, 37.36924919757548], [14.984962952003858, 37.373636621687794], [14.956403384597346, 37.38628716161511], [14.94139839176288, 37.40526138983267], [14.912623983744584, 37.41202626421002], [14.887511106911122, 37.40774662717446], [14.877761759054023, 37.389583546076885], [14.84294468238485, 37.37892300381778], [14.83844176623985, 37.35781096038518], [14.808499930396394, 37.34963097526504], [14.778579738037473, 37.330469483418625], [14.804049521174733, 37.315830922519055], [14.821135131796318, 37.31623768655243], [14.843384896496945, 37.324534736367625], [14.892163975103207, 37.31102219589089], [14.87969650199809, 37.295741518889386], [14.882847508772928, 37.286268047002416], [14.8558976741842, 37.279660919723426], [14.8466642458645, 37.25945841728573], [14.81206283624718, 37.25602371034118], [14.790629862430047, 37.24268827521473], [14.774243689547394, 37.22134920729597], [14.781771286235655, 37.2109776009975], [14.796511515967964, 37.21478252734237], [14.820768263998305, 37.20718612739365], [14.82737425246851, 37.19591931263721], [14.848846925048662, 37.200789364266036], [14.863493518039796, 37.20881208041061], [14.871479395136095, 37.20413275475208], [14.870002485888367, 37.18580525531219], [14.834956245029888, 37.16317330551005], [14.846510568163115, 37.14116721988162], [14.843493544112697, 37.13014800567074], [14.808918292096708, 37.12601349977426], [14.793869687646696, 37.13204346890423], [14.794964576246475, 37.11364467970367], [14.815946276139105, 37.113641594088804], [14.822163980909707, 37.089642856722165], [14.822612353209303, 37.06642387442255], [14.818886439255193, 37.053410167183294], [14.831727605736196, 37.049220549686794], [14.840058437307738, 37.0387241527842], [14.853149790631624, 37.03532369526164], [14.856506898117722, 37.02279185278108], [14.887120581929228, 36.98850629650648], [14.888304606216819, 36.96413382183598], [14.907452271397506, 36.93933464122528], [14.920516254331515, 36.927388417570185], [14.937774617554538, 36.903163312940045], [14.903302793219478, 36.92214320745595], [14.859171806507286, 36.95909011312745], [14.856052312824579, 36.97558198982714], [14.837040110360215, 36.97306834748517], [14.84104180337765, 36.945009707957944], [14.86538145924709, 36.94391229109971], [14.89681966536278, 36.925301743707706], [14.877558983020142, 36.91453784946934], [14.884066734044374, 36.89878195417298], [14.915130904099133, 36.88622792927857], [14.938602762586049, 36.86366220083674], [14.927152459955273, 36.84905424181149], [14.897066295790877, 36.859108382985205], [14.88618179137502, 36.86821220942413], [14.870067580612888, 36.870534771938786], [14.861014763657991, 36.85689219926501], [14.865032140917576, 36.85074997688214], [14.860065852970232, 36.81747740847243], [14.882322686463915, 36.824716860450685], [14.911657979578935, 36.8121998014114], [14.92353983841529, 36.81376998874176], [14.953649893071136, 36.8033880436351], [14.985199953748818, 36.78072360343189], [14.992153379927185, 36.761472693784164], [14.985938116285016, 36.751366859405096], [14.994112942059425, 36.743512028901996], [15.000375639499921, 36.70277732496543]]]}, "properties": {"name": "Siracusa", "code": "SR", "region": "Sicilia", "name_de": "Syrakus"}}, {"type": "Feature", "geometry": {"type": "Polygon", "coordinates": [[[12.498693635571806, 46.41219738603407], [12.469099845446083, 46.390037914520455], [12.455047618561473, 46.391668298963786], [12.461133816020315, 46.36933552856472], [12.428667181730416, 46.35159420613053], [12.412336169636205, 46.33234327762011], [12.374511513065563, 46.329251132295006], [12.35465666073827, 46.31968051521246], [12.351435608336335, 46.29380088862638], [12.329045257775453, 46.28278964724507], [12.320937971244497, 46.26890387281459], [12.323996836782024, 46.25615316181762], [12.34101024790817, 46.240199950828604], [12.376419780983282, 46.22294136738327], [12.401681084928581, 46.228996929654734], [12.408709239684564, 46.22234064415601], [12.407258982505981, 46.20702409913584], [12.44216011098481, 46.208542773479905], [12.44698327924313, 46.180341273702645], [12.462797724849684, 46.167570983031204], [12.489888356576385, 46.157227141768004], [12.4986270038005, 46.13845111462059], [12.485267474497205, 46.10652086361155], [12.472371936424084, 46.09601897168541], [12.435646276684064, 46.08312468245093], [12.400329518502547, 46.0419707494121], [12.415276300808278, 46.02685929497693], [12.426833129936156, 45.99639335060584], [12.426142477916622, 45.947009535182815], [12.45291845608102, 45.94714393097901], [12.466874615422428, 45.93200348874681], [12.500833953709316, 45.92520964121963], [12.532567969176926, 45.880266674884666], [12.535497411278088, 45.869271430048414], [12.549614667573593, 45.86069627367907], [12.564477568403275, 45.82921519285027], [12.595653892724334, 45.81682382181484], [12.59444198899238, 45.830766807842664], [12.611312037660703, 45.83266935234583], [12.646202175662191, 45.82057099711852], [12.64972909194013, 45.80187548360866], [12.661654791219364, 45.792433682489175], [12.674390897580599, 45.79213471837748], [12.696479911482793, 45.80747740705272], [12.728886510214833, 45.83660534902445], [12.742863984563344, 45.82661932201601], [12.774229327477187, 45.852625576691715], [12.80330700233444, 45.844965236946464], [12.801854979498673, 45.82289785043682], [12.818820796520004, 45.825011776732204], [12.843533905888135, 45.847756771853156], [12.861225759328955, 45.85061466572536], [12.87722514461866, 45.84319824510712], [12.86967133544591, 45.8337573879738], [12.89007490427202, 45.82052463518678], [12.920513095474496, 45.83134026131105], [12.929495523158936, 45.817351083562684], [12.952065062723852, 45.822206126791045], [12.95199521708525, 45.843518199767665], [12.961429600743742, 45.84687171033009], [12.979045768805639, 45.834041724327385], [12.980995752985368, 45.84896777538699], [12.97456949370808, 45.873448331193714], [12.930594086754223, 45.895161328027626], [12.915014704852906, 45.91469089842088], [12.9038608164984, 45.96327370462767], [12.91205425739088, 46.0007966564713], [12.916301313934035, 46.042213030725264], [12.91610229219798, 46.068646695450525], [12.927102530631366, 46.093588331734885], [12.93272796917464, 46.12199954642722], [12.947263368543032, 46.15365246371191], [12.959752770053383, 46.19139806217433], [12.954240907315919, 46.21421278213136], [12.95903198506446, 46.226575918999224], [12.974726409696563, 46.23560776361817], [12.976363935452309, 46.266999182548716], [12.990579028213261, 46.27324470872401], [12.965075304818708, 46.285159427193044], [12.9541417000254, 46.29987691177931], [12.975632636501745, 46.31744706509303], [12.9735556474267, 46.32824911871443], [12.961202974040825, 46.33700327285687], [12.935877206863376, 46.33396053972838], [12.915132006340247, 46.34676512692474], [12.906439604500827, 46.33476790703406], [12.889537502871676, 46.33067810460777], [12.880168487387449, 46.34181124901054], [12.861483446356605, 46.34542844946039], [12.835001448617067, 46.34368832412434], [12.811591562899947, 46.359102771494484], [12.781490117502535, 46.35577882006289], [12.77798036331759, 46.34585478475995], [12.73059634381924, 46.336664052526245], [12.708010246055709, 46.3252823311751], [12.693015955597874, 46.343191887001794], [12.662894518535904, 46.34625626663172], [12.636991670735853, 46.33937069968998], [12.626207067069332, 46.347760173303726], [12.610016644591497, 46.343498340552514], [12.604731802987029, 46.35469997184538], [12.587277921305146, 46.366162720998474], [12.557003695048312, 46.3690623230468], [12.541518530049292, 46.36026062110106], [12.525878637386098, 46.373255250016854], [12.51952522142382, 46.39810803789147], [12.498693635571806, 46.41219738603407]]]}, "properties": {"name": "Pordenone", "code": "PN", "region": "Friuli-Venezia Giulia", "name_de": "Pordenone"}}, {"type": "Feature", "geometry": {"type": "Polygon", "coordinates": [[[14.485330061601715, 41.759651900014276], [14.454618412408927, 41.76518158704033], [14.464419328141522, 41.77700714631401], [14.45474416439695, 41.795807637864876], [14.445696540932373, 41.83782314561916], [14.433690864163548, 41.84152177635905], [14.420675130453825, 41.85527917633719], [14.397448049503367, 41.86974345340012], [14.377256669798113, 41.868087199069564], [14.361094534268068, 41.87429602815732], [14.343301573926475, 41.868555834049076], [14.328479218657883, 41.884870419806575], [14.279300986184564, 41.90951829167794], [14.244782213361656, 41.88190139511568], [14.229730484349629, 41.87708446442196], [14.21338810435289, 41.8539393407098], [14.195015538974815, 41.84153008714862], [14.178022583245033, 41.845412594712556], [14.155834686839361, 41.83708228403393], [14.147157881831246, 41.827297314866975], [14.164774043723371, 41.80726280478528], [14.170691872608787, 41.77970814326294], [14.201202485852606, 41.7675053824988], [14.190197365733285, 41.748189686144116], [14.178706739824438, 41.74921325483451], [14.170046225675115, 41.76520672816034], [14.152198263186705, 41.74618549133399], [14.120719878290947, 41.7451846003846], [14.115431350075715, 41.735449759510125], [14.123413964438752, 41.726541418207866], [14.11681803966954, 41.71488851442757], [14.105097400010722, 41.71656347227498], [14.086723518785304, 41.73912720270784], [14.069570901173552, 41.73722537803215], [14.05303530832393, 41.718573642287666], [14.053246215396413, 41.701698678120415], [14.0318958147942, 41.70206024728823], [14.019180263771531, 41.68236080304816], [13.9949215773906, 41.69315725655092], [13.956438325869762, 41.69566941904147], [13.941015151497899, 41.68797275205532], [13.967914696327686, 41.67316441107298], [13.98683397723975, 41.656407438069785], [13.99666649261803, 41.62413979380389], [14.011129810293324, 41.607789092604335], [14.010174245208496, 41.59256161556308], [13.997814195499949, 41.579429231301965], [14.00449838916645, 41.566380997390105], [14.023774798127254, 41.56070350622026], [14.020702036904193, 41.542363525480745], [14.009393791331831, 41.53411600937316], [14.024201167897033, 41.52666649829187], [14.010538576471939, 41.51479473229126], [13.993251025158925, 41.51133054108558], [13.972906886423884, 41.4940364092972], [13.99277641913699, 41.4820817684955], [13.977906070736527, 41.46248746495421], [14.00578124179605, 41.45283356251458], [14.007582848619245, 41.43854960549758], [14.000706720401988, 41.4309321917924], [14.026578771220446, 41.41668723379929], [14.042388564886636, 41.39278042803386], [14.082078450568025, 41.40000022801752], [14.111440628616982, 41.38643403284909], [14.103892993757478, 41.40562232959095], [14.106996437954065, 41.41754832535284], [14.080141135839472, 41.444115498725985], [14.094822921257324, 41.472586298130906], [14.1119182976092, 41.488905541151155], [14.119506905818342, 41.50651666162949], [14.157387769134615, 41.480273195400834], [14.172413802690217, 41.49918309602958], [14.19079272309787, 41.4964660779541], [14.240745764167876, 41.49719692334067], [14.247164876487435, 41.48596056980208], [14.279130701922298, 41.486378297590015], [14.327161977787553, 41.45343741450766], [14.342178753777278, 41.454080394968514], [14.382495821875368, 41.44325389948542], [14.377760436722667, 41.452885764497985], [14.387325990732812, 41.47957499563561], [14.391763890095547, 41.50724723320353], [14.408045906932289, 41.51130582229989], [14.428080548764656, 41.52474461609763], [14.446224252498057, 41.518667767109974], [14.457538373989655, 41.54613847940757], [14.4934181172731, 41.57237026268479], [14.49440740611986, 41.59169134256418], [14.512484088588426, 41.600428805892264], [14.497959176183937, 41.61654295624742], [14.481529004357066, 41.61631721540376], [14.480770648521403, 41.62961447897194], [14.45187488670424, 41.64245224414159], [14.427250310859804, 41.637308110025515], [14.430145179531358, 41.669293877601476], [14.45491623705062, 41.6649214961245], [14.469118398528872, 41.677955339796895], [14.501181616214545, 41.68571954227715], [14.52076523845368, 41.698911109563234], [14.52009518866809, 41.72455933565263], [14.513903454045934, 41.730686505578916], [14.478087070919234, 41.74530973214994], [14.485330061601715, 41.759651900014276]]]}, "properties": {"name": "Isernia", "code": "IS", "region": "Molise", "name_de": "Isernia"}}, {"type": "Feature", "geometry": {"type": "Polygon", "coordinates": [[[8.027022931532306, 45.403100205310466], [8.052918297261325, 45.39791602864211], [8.069132146113718, 45.38735166169004], [8.122830788035648, 45.37608877037531], [8.139452620046523, 45.40000587349054], [8.151871981321122, 45.41003596190052], [8.168185378061585, 45.41095659047675], [8.161361640370291, 45.424575366706684], [8.182413144784917, 45.44626771204524], [8.203441582478678, 45.44669544007899], [8.217776545146116, 45.45372088417099], [8.218906382797401, 45.4757500232843], [8.230574222508102, 45.47718922095941], [8.263031215007345, 45.50128221885737], [8.277402145877923, 45.532189549671486], [8.292565670018464, 45.54165722248423], [8.296453756270576, 45.5536046293756], [8.276288623405017, 45.563586266368304], [8.267561238572796, 45.588423311881584], [8.25515757584012, 45.60868063201261], [8.277826513720893, 45.61172626117423], [8.296897590143814, 45.6215421919021], [8.311414162292868, 45.62100826492318], [8.311830271818579, 45.63506650872206], [8.297211346223557, 45.636264915081135], [8.275853913120244, 45.623348846459336], [8.261328104393469, 45.63327950582109], [8.315887262743164, 45.640662990432524], [8.320447800116053, 45.64926150482529], [8.297629181702398, 45.65777039885143], [8.289442910745112, 45.66858035039915], [8.237272941698617, 45.701644678538294], [8.222642219346564, 45.70737088975105], [8.200997158506032, 45.725306431823824], [8.183111408810118, 45.730801662879514], [8.181157113538886, 45.75221166208415], [8.16412486378397, 45.74984936356632], [8.122864026175057, 45.756916039201315], [8.09581074554591, 45.737713743981615], [8.084444780900208, 45.73841511562419], [8.07692969204005, 45.718746668421154], [8.064911817822749, 45.723504608109295], [8.059250890003435, 45.74056870287533], [8.035911760200246, 45.735615398832685], [8.021376214822897, 45.73768108365889], [8.001226967934404, 45.71975199139571], [7.9505918286357735, 45.7190599014044], [7.9366238081841, 45.724344678522606], [7.920298135385183, 45.701897352070155], [7.911802892616905, 45.700792406141105], [7.905208877647298, 45.681963086053976], [7.920855655032075, 45.66060772096208], [7.939503996657945, 45.643697385162504], [7.936110443021172, 45.63569605291045], [7.915907665015569, 45.63309048256118], [7.896715562037818, 45.611352072926486], [7.895793413846099, 45.59003397878618], [7.895246711764993, 45.569870523939805], [7.901748857214173, 45.55834902755711], [7.8819467433131765, 45.534191767260886], [7.923422907641833, 45.521489572622414], [7.922231869793145, 45.50734502627313], [7.966299127288093, 45.482033971003155], [7.968614413179992, 45.47485762242388], [8.019640769250746, 45.45324473053882], [8.038402146839783, 45.44142836541031], [8.022248204700436, 45.422301822624306], [8.027022931532306, 45.403100205310466]]]}, "properties": {"name": "Biella", "code": "BI", "region": "Piemonte", "name_de": "Biella"}}, {"type": "Feature", "geometry": {"type": "Polygon", "coordinates": [[[9.414100807833861, 46.13686863193834], [9.410223330351956, 46.14994169196316], [9.357236857941702, 46.15035357707462], [9.300481881217745, 46.125883670474515], [9.292324400416062, 46.11577970831801], [9.298682671186064, 46.10454914239882], [9.28932660628655, 46.07267669584596], [9.289604828937197, 46.05934673579429], [9.26476978718582, 46.03012028013236], [9.261180003957808, 46.00893293589841], [9.279861481885954, 45.986234994596025], [9.284579086941347, 45.96705266598969], [9.261354917709182, 45.963264996491894], [9.256527023883885, 45.94904637197558], [9.273432073316451, 45.94696410878726], [9.278068585155896, 45.93757453295701], [9.268271158625302, 45.925546423037325], [9.280213811634676, 45.91271917850018], [9.2893831396086, 45.893174382042], [9.324058516997024, 45.895781435674856], [9.318322471234419, 45.88226086875733], [9.331862075292221, 45.87280785414071], [9.31753986996737, 45.84667508331544], [9.285569281021441, 45.82300702731769], [9.290486083610274, 45.81046584671733], [9.258291226623697, 45.79253296625595], [9.244181125672245, 45.76728572390169], [9.256685133208446, 45.750998585999334], [9.247121515972545, 45.74264906739531], [9.274243687685988, 45.74223633780766], [9.286736075556991, 45.73063514196287], [9.300217006855547, 45.702684803462226], [9.294256452988245, 45.692898384003996], [9.305743001919978, 45.681869504450255], [9.314061112098903, 45.660699889642565], [9.341302814840239, 45.669734551051384], [9.36019473204566, 45.6664255086152], [9.372287234931624, 45.65509253649798], [9.395867998752324, 45.67010754816433], [9.414440889258552, 45.67650423485904], [9.422636443755923, 45.65651950266404], [9.446840876565577, 45.649703809470985], [9.47657545057398, 45.669268308838525], [9.451008042504089, 45.684421435644246], [9.459456597506929, 45.70248417338512], [9.449731849395338, 45.71585709999172], [9.447260868400107, 45.731438201482334], [9.456145115930827, 45.749206419952365], [9.445847050474802, 45.76051581602749], [9.470612848035334, 45.768076052485796], [9.452768042029279, 45.78135021034155], [9.479959524133932, 45.78570541182806], [9.496418009059218, 45.796336828963916], [9.473074823579077, 45.824994722804306], [9.47088315984638, 45.85922021975035], [9.522512676600659, 45.873868266410575], [9.513396434098965, 45.88121797455275], [9.506396704538634, 45.90065421823127], [9.528032800369056, 45.9174410458419], [9.540951561358987, 45.94506584772348], [9.521578904164288, 45.96492072964188], [9.50099428436268, 45.9721770968259], [9.491391907865353, 46.011703080571465], [9.526899310288213, 46.01150889670886], [9.522215389271983, 46.031249971173075], [9.501613516503708, 46.0464446173091], [9.509701414448188, 46.05873011902557], [9.492867754960947, 46.07083567989313], [9.475285085310988, 46.07205493019666], [9.430548531516898, 46.086101242658465], [9.415001832068329, 46.09479888956597], [9.414100807833861, 46.13686863193834]]]}, "properties": {"name": "Lecco", "code": "LC", "region": "Lombardia", "name_de": "Lecco"}}, {"type": "Feature", "geometry": {"type": "Polygon", "coordinates": [[[9.891076197631833, 45.130901234123755], [9.859634551411494, 45.15252709941628], [9.838975187031235, 45.14996223685108], [9.784270419423471, 45.16633789522793], [9.774388303849186, 45.188811984592945], [9.764897790164603, 45.199181002742954], [9.773667300936959, 45.21400147261925], [9.762770802529408, 45.22294126839375], [9.749818586568646, 45.218220216670844], [9.716841471384768, 45.230142935260496], [9.7257681859735, 45.24289571970577], [9.697266828003093, 45.25568431165403], [9.668704096942452, 45.26134599942459], [9.657238632687672, 45.275893071150136], [9.625472516035332, 45.28513426310481], [9.602025561747652, 45.317165614829506], [9.590512541702896, 45.35444177494571], [9.568052445782444, 45.366945955230285], [9.563342592568217, 45.34232763470343], [9.55153271323689, 45.33920152624814], [9.53536374215533, 45.34677899317196], [9.509100422286142, 45.34880424152666], [9.510568068320385, 45.36032238162359], [9.47946447412698, 45.37688452511448], [9.466534787555368, 45.37476876337479], [9.454408238535047, 45.38670831157487], [9.467593329567963, 45.413316748327425], [9.480211540693091, 45.41986226309699], [9.488519094184456, 45.43759538063619], [9.483908387313525, 45.44868807277604], [9.461910380404248, 45.45455638943464], [9.451009160069145, 45.46900178268102], [9.435951670355873, 45.469339275449585], [9.417532180999693, 45.45153174883328], [9.417127908135825, 45.43848386315341], [9.425707257626676, 45.424007312176336], [9.417106181068899, 45.41075789723903], [9.400040497965868, 45.397353149812275], [9.388915141610676, 45.39984042999767], [9.373093973720403, 45.38654099294517], [9.378200175747608, 45.368948032514076], [9.363935965091292, 45.3657310982806], [9.35863125600718, 45.34266384944816], [9.380580562673925, 45.31882029893361], [9.36631140728, 45.31175986962104], [9.354661802100743, 45.32080439662473], [9.338824331506256, 45.31296545775293], [9.35760391915396, 45.29258371600708], [9.322918782767736, 45.2926509505551], [9.333775766695661, 45.27612911708841], [9.31522757968884, 45.2596281583637], [9.327852380147432, 45.249700464214136], [9.350241862379695, 45.24045207496713], [9.371324127263465, 45.24403118273012], [9.378491857826203, 45.2319726679041], [9.3975668166252, 45.218549497352576], [9.4022094463975, 45.2018714082783], [9.417249311215969, 45.205931212676475], [9.438549541225921, 45.18763560389087], [9.470670418299868, 45.201312373349474], [9.501712819640453, 45.18609394642629], [9.51570779020585, 45.18708029374723], [9.531578737626324, 45.16535421431775], [9.544235162831752, 45.1532009357562], [9.548661304684034, 45.13265151991728], [9.56079756752428, 45.12249721660026], [9.568583253854992, 45.107339289973986], [9.60188197969331, 45.10414069184723], [9.613324676140842, 45.113909656588476], [9.618412918391387, 45.13301976508851], [9.6383072182911, 45.12430470362939], [9.637168356202785, 45.10080768426207], [9.63141979153896, 45.087796124686506], [9.643383819821004, 45.08045595856354], [9.676892967312034, 45.07760824499195], [9.68227996829245, 45.0712104560333], [9.713726944733748, 45.058397804356915], [9.730062475555975, 45.06357857533418], [9.747724006933415, 45.07572470902722], [9.753101098271213, 45.086599442326815], [9.745053601629126, 45.105833397694234], [9.76665637498456, 45.10726567236622], [9.778962214974449, 45.08958407091466], [9.810098286039551, 45.079854274519846], [9.816841173656641, 45.070678442839395], [9.816559302572799, 45.05445917974249], [9.827112888672286, 45.05358204826483], [9.835160927538979, 45.06904251139725], [9.831248517978223, 45.08219559217636], [9.84400456279687, 45.096810845569124], [9.863435106560221, 45.09247080205792], [9.882843477358465, 45.07450798811221], [9.896772758322948, 45.080538642113176], [9.900628073534913, 45.095442155793016], [9.879389143358113, 45.11184676660849], [9.875712966604544, 45.122505976450334], [9.891076197631833, 45.130901234123755]]]}, "properties": {"name": "Lodi", "code": "LO", "region": "Lombardia", "name_de": "Lodi"}}, {"type": "Feature", "geometry": {"type": "Polygon", "coordinates": [[[12.450623965404901, 44.16224983011729], [12.428911687755997, 44.14759557378999], [12.441244207335354, 44.138401676309094], [12.439389567054144, 44.12756880246636], [12.453523969935784, 44.114709059032315], [12.4520800248696, 44.08719977815194], [12.425310806934394, 44.088496971649455], [12.392115544147103, 44.06380386755875], [12.370473929077244, 44.06603119705647], [12.359062751957607, 44.0542288129102], [12.395291402540396, 44.030245864511265], [12.384417961821422, 44.00850275113501], [12.369096991695104, 43.98951431182861], [12.352872529721663, 43.986062331460396], [12.347849635562559, 43.97717987944243], [12.325601060109458, 43.96450145457745], [12.312525850694245, 43.94023477436147], [12.29476206175997, 43.928189694348035], [12.271472310138707, 43.92908604863525], [12.256159837718423, 43.92092879490013], [12.212468514275768, 43.909478772454655], [12.203198766622307, 43.916488714927034], [12.159497751094975, 43.92174748652063], [12.158151487940438, 43.910053548650474], [12.167160407873267, 43.89582698404913], [12.152658849109324, 43.868993866956366], [12.142081690931965, 43.86095755435628], [12.13825980672935, 43.84764096255158], [12.15034208018409, 43.836862454054845], [12.13235658787879, 43.82685983016831], [12.121089054026, 43.81412952383746], [12.11400025913419, 43.79610074374323], [12.102893045615122, 43.792270705232426], [12.096191032714025, 43.76530397550124], [12.107443242772554, 43.75377371937857], [12.123577437369459, 43.74915048372766], [12.160047018822546, 43.761688042269476], [12.194632657386748, 43.731924322771306], [12.209292502823955, 43.75505645233998], [12.228089328324812, 43.759596636283334], [12.253098767783412, 43.752632970993744], [12.258026786609523, 43.76042742546586], [12.283780955023417, 43.76491721240244], [12.28907287414975, 43.78595378169259], [12.286199790110153, 43.7948596128393], [12.319444446667921, 43.80567835504585], [12.34979439810827, 43.79960153575757], [12.368304720688853, 43.8128946106322], [12.387966892197527, 43.816787276019134], [12.398544440439906, 43.8263582202131], [12.391469382026989, 43.84699202673034], [12.403542918411718, 43.87491113022036], [12.445805813793793, 43.87124828446005], [12.462394027032948, 43.89377138161097], [12.439597328503487, 43.90557481203509], [12.416549518630575, 43.90026657553581], [12.408272965831864, 43.92152244449042], [12.415249509621846, 43.93073547878945], [12.403605361436187, 43.95108340034902], [12.439290978237393, 43.95909747003895], [12.464053225838725, 43.974849167701066], [12.491736535743291, 43.983006415161285], [12.510344045609544, 43.98022467429184], [12.507275918237672, 43.959049745026334], [12.513334130448008, 43.93770208685094], [12.492406506208916, 43.91827682474852], [12.487404303904652, 43.89646930815672], [12.488628378858557, 43.88333035412742], [12.501844066789081, 43.87541717397719], [12.521664710176156, 43.87374046983132], [12.541125963265783, 43.86453307125284], [12.560289340498608, 43.86903325087253], [12.567251215376812, 43.88241932762758], [12.590343175326598, 43.88298938137987], [12.592508162384418, 43.8651044526244], [12.611227565064954, 43.83078262753674], [12.624301207311456, 43.821047135107996], [12.642953491445754, 43.8266360753043], [12.674984930426286, 43.82503754322491], [12.682458969723864, 43.85286546050517], [12.697083157807207, 43.85301492403809], [12.721862889030177, 43.860986796108925], [12.733992573781011, 43.87025902640682], [12.7230926950776, 43.87916556508099], [12.734831139879375, 43.89602482281171], [12.727118104351284, 43.911704980832106], [12.734217847124013, 43.9335236383441], [12.753526516296112, 43.960029023615256], [12.750621442736197, 43.96854450415858], [12.71335468523933, 43.974612622971925], [12.688202029265916, 43.98712386476116], [12.632253584205687, 44.025073911768956], [12.605039068832989, 44.04880078883335], [12.574598360081888, 44.079123303697834], [12.555807139025589, 44.07853115071584], [12.515908203723587, 44.105253389203405], [12.450623965404901, 44.16224983011729]], [[12.224258787733152, 43.80985927727829], [12.232508599118264, 43.807056758114264], [12.240246053105087, 43.79060016548385], [12.187734075964636, 43.773738964808715], [12.169755043524868, 43.80462521762354], [12.218027808886943, 43.80278975595545], [12.224258787733152, 43.80985927727829]]]}, "properties": {"name": "Rimini", "code": "RN", "region": "Emilia-Romagna", "name_de": "Rimini"}}, {"type": "Feature", "geometry": {"type": "Polygon", "coordinates": [[[11.049427124629327, 44.0902460680692], [11.054160555004202, 44.072301845058206], [11.04016732626429, 44.04503993972585], [11.038025166038146, 44.0289287605821], [11.020988842457404, 44.00904319092141], [11.062819618468858, 43.98433766449096], [11.06088474352304, 43.965897928766346], [11.0468138169638, 43.96002139310372], [11.03091100178507, 43.94409827804263], [11.018565012806883, 43.91029305806375], [11.024797232526263, 43.896353305316225], [11.013332502310924, 43.869516550516785], [11.025741881956263, 43.85556230792701], [11.028212622590933, 43.841992163220446], [11.013115904475436, 43.83372930886073], [10.9842251075951, 43.82578520792627], [10.964114436947819, 43.81248327474456], [10.9796879360473, 43.79386542320315], [10.977817078002273, 43.78538098541777], [10.998255765927441, 43.777029670187645], [11.028661354387678, 43.77884372604728], [11.034755024498908, 43.766895695287786], [11.05729418058009, 43.759352223668074], [11.062151349394977, 43.77417452653901], [11.056157806649063, 43.78056702658246], [11.065736193786694, 43.800284409944666], [11.061345459269571, 43.81434475179229], [11.069557746041538, 43.825054712973184], [11.085651689330133, 43.81832542911723], [11.101198962212328, 43.824229455178966], [11.123848778014066, 43.851960204616894], [11.14417112627118, 43.858573353640075], [11.14847639241117, 43.86551513807852], [11.13441822151422, 43.88420113636312], [11.147331155993065, 43.901516342938734], [11.141645974595567, 43.9068720252229], [11.1693445313919, 43.918611828635726], [11.160751578922744, 43.9353322825529], [11.173092812234195, 43.945585402715224], [11.171058770830967, 43.98040629549548], [11.179111897934833, 43.99435039164536], [11.175015615804227, 44.01125545991491], [11.185608497201626, 44.016396616597476], [11.19157020123976, 44.02980512663948], [11.179420089769218, 44.04229389248364], [11.18652370974867, 44.05756400892583], [11.185678990581284, 44.071161376927556], [11.198241029289957, 44.0827863324252], [11.202419324702387, 44.100737719843366], [11.154855738833971, 44.11181087818379], [11.125412519936198, 44.10761807556808], [11.09044950072995, 44.090684918746796], [11.049427124629327, 44.0902460680692]]]}, "properties": {"name": "Prato", "code": "PO", "region": "Toscana", "name_de": "Prato"}}, {"type": "Feature", "geometry": {"type": "Polygon", "coordinates": [[[17.02374080545589, 39.48238621610765], [16.99785192285373, 39.45989798719886], [16.978263093933332, 39.452705428449526], [16.95325632963983, 39.428719873904825], [16.956273159368603, 39.41485037455953], [16.95227293689197, 39.39419277335284], [16.941620072114972, 39.39577955650757], [16.920136603925535, 39.408963851104446], [16.915175383699136, 39.38635992635774], [16.89041643144057, 39.37415173473698], [16.879660533414086, 39.373409287906206], [16.86812929680481, 39.356831888333055], [16.846762819071746, 39.355526834927325], [16.833964739958507, 39.34544241555056], [16.79443993928508, 39.3525352916552], [16.77356096884325, 39.34790928772409], [16.76424944880153, 39.361599449142375], [16.732920632861774, 39.35349363848337], [16.70487454055911, 39.354627594270575], [16.70851679516796, 39.32078009255334], [16.732222623496803, 39.31397679937041], [16.761046889908286, 39.29188740100454], [16.752421209317387, 39.28587961238609], [16.75868058884025, 39.265420176151906], [16.746903332039594, 39.245039957146005], [16.76623901707081, 39.21834885210314], [16.770437050003945, 39.19730774500465], [16.746201400191076, 39.18986960931356], [16.71936199293085, 39.1974229214593], [16.698182016906028, 39.19305824928871], [16.694884929720594, 39.20188083498416], [16.680306930662702, 39.20577195163053], [16.65278700937951, 39.19832463473025], [16.637156513823015, 39.2008631075892], [16.613021372309092, 39.194239134880114], [16.62858214214532, 39.16270467854552], [16.649756469511722, 39.15298357631239], [16.668823985709583, 39.1547946267045], [16.666669081167104, 39.1335971062621], [16.651596447250483, 39.126754459510316], [16.679673618395118, 39.09322209923981], [16.698032324168654, 39.09019164970027], [16.733814215533833, 39.058941649004744], [16.760875361033026, 39.06658138869035], [16.817354322904368, 39.051493530117426], [16.840254917113313, 39.04203643702669], [16.864880579793084, 39.01842310899482], [16.872808762446834, 39.01859542813793], [16.89502634514925, 39.00282746460165], [16.891227058222473, 38.973787076021715], [16.920261244714396, 38.95211163120269], [16.907278871404895, 38.945629440337626], [16.903457538000062, 38.93568031752368], [16.890582599184633, 38.92799536924294], [16.962727861467865, 38.93886662600707], [16.98613199568904, 38.93661537587], [17.006017305825324, 38.91571122142251], [17.022114996222616, 38.90597771813156], [17.03002770818841, 38.91508307514797], [17.04738396483451, 38.91929022045153], [17.081945793123992, 38.913275756836775], [17.099724185263515, 38.90344792595723], [17.11083131689421, 38.90989765081952], [17.152518525779296, 38.946069023116976], [17.170327022318915, 38.95758365914333], [17.160368626853867, 38.97130052050955], [17.166202015336193, 38.99692991563404], [17.18823547557228, 39.01968963174177], [17.20218209719275, 39.02766167173545], [17.172928448856045, 39.033036120679], [17.146360392481068, 39.04728335729768], [17.133561793698252, 39.060713269286516], [17.136020230583075, 39.08020582945099], [17.115048215490273, 39.09104024547512], [17.108517337203835, 39.11480830090323], [17.12310760813934, 39.15790161313395], [17.146082751023034, 39.19795379997363], [17.147881461692485, 39.205337005417114], [17.131187062126628, 39.220229581435945], [17.107382491512947, 39.250875108587756], [17.10501394726839, 39.268515573412145], [17.111454571578825, 39.28913654016384], [17.112862174968743, 39.32030489628162], [17.132854261942153, 39.35952956058358], [17.136205263286257, 39.37537746345697], [17.15321711955495, 39.39397705040436], [17.141542822971036, 39.40172300169143], [17.11583491304063, 39.40638788545991], [17.08027611706989, 39.42220216803512], [17.04966014034242, 39.44125751666353], [17.037157199446046, 39.45687278460973], [17.02374080545589, 39.48238621610765]]]}, "properties": {"name": "Crotone", "code": "KR", "region": "Calabria", "name_de": "Crotone"}}, {"type": "Feature", "geometry": {"type": "Polygon", "coordinates": [[[15.918568326337965, 38.50676845378449], [15.951836388995662, 38.514801223644], [15.960075596766792, 38.52564129321207], [16.004486795645242, 38.516722382667275], [16.0199542987023, 38.52929584999614], [16.03796902800518, 38.53267138013035], [16.044988166730107, 38.54393048768003], [16.070884594043815, 38.552828585226585], [16.07999625521761, 38.56209051394576], [16.097894471929404, 38.547973873117364], [16.120066503707957, 38.53687741051966], [16.133402108669294, 38.53554361346043], [16.15947740265823, 38.516770447738644], [16.179543219286675, 38.510143016147225], [16.193208381041188, 38.497811101415955], [16.21093111016326, 38.4968458805309], [16.233270867768447, 38.500849562983404], [16.25352324537031, 38.48436926013857], [16.266177292401945, 38.464730072918904], [16.266193931531607, 38.445950255325734], [16.31272215799861, 38.43350485764723], [16.339809445272756, 38.42999407358327], [16.369430332140208, 38.43392179196779], [16.378369824460087, 38.44344827517011], [16.39179941433526, 38.4437489476951], [16.374039772432482, 38.48071149585332], [16.355616330026628, 38.49531594957522], [16.345781200055416, 38.51585661663263], [16.349272567111562, 38.53736040532715], [16.359687077899643, 38.543278250411035], [16.359703021567256, 38.55399128284049], [16.370280480426946, 38.5646968319202], [16.392506679673918, 38.57376657111358], [16.419835193888115, 38.553976657545896], [16.431952191492854, 38.579273722925215], [16.418740226558068, 38.58581525707027], [16.408052281074436, 38.59937348645502], [16.38400233963945, 38.60099196109795], [16.369589258864107, 38.61229061795475], [16.376585444317207, 38.62102293765337], [16.357323285924895, 38.63107138483138], [16.333241611005832, 38.636059091839286], [16.33075260487375, 38.64569285221209], [16.345628107468155, 38.65831099837611], [16.344572073457645, 38.6683175873445], [16.32634768471372, 38.67783278943055], [16.33715791555822, 38.68553053260109], [16.33911036211796, 38.700178262657815], [16.348717521094933, 38.70656573730528], [16.338470500508645, 38.72062542121444], [16.349829380050554, 38.734372884279644], [16.370178374388413, 38.74204420130072], [16.35572351485422, 38.77898745026654], [16.3599500788013, 38.78480534753448], [16.31887281261998, 38.80578737080393], [16.296212191814245, 38.82131341339809], [16.280747904045665, 38.82420417034785], [16.27421557595936, 38.81506839032437], [16.27600273644158, 38.79208877157602], [16.252391036081914, 38.80749031103427], [16.22775130973471, 38.812390292523986], [16.213037340819188, 38.810597204732154], [16.201938388169157, 38.78272900622591], [16.18132290740875, 38.747196469249516], [16.15779152376749, 38.7351021529908], [16.130509554267043, 38.71630697711726], [16.10619778245352, 38.71197594685222], [16.04124892440197, 38.72717866495013], [15.986424927933657, 38.72315964165397], [15.972721212629319, 38.71490425963353], [15.947571258499153, 38.69094833937394], [15.894743518571012, 38.67993597328687], [15.871414163157873, 38.672318371589085], [15.84893483680253, 38.65952832766043], [15.835971089624797, 38.64488786788656], [15.826713045028729, 38.6229708835722], [15.844201273483998, 38.6131849759108], [15.872832996437714, 38.58966178124075], [15.894153359609962, 38.576192510348626], [15.90417067483988, 38.56285138618793], [15.92884140190699, 38.550049182849236], [15.92954237368667, 38.532349386378066], [15.918568326337965, 38.50676845378449]]]}, "properties": {"name": "Vibo Valentia", "code": "VV", "region": "Calabria", "name_de": "Vibo Valentia"}}, {"type": "Feature", "geometry": {"type": "Polygon", "coordinates": [[[8.714815181350284, 46.09804279083352], [8.689145971836759, 46.10177166413187], [8.659790111546362, 46.112146184026344], [8.64769246326371, 46.12316603488738], [8.611872652244882, 46.12145279599481], [8.609644327942746, 46.132614075654615], [8.594836977347914, 46.14224244081034], [8.599081593825499, 46.15554573716038], [8.57305620005066, 46.16501822763516], [8.568419696162396, 46.17820416590232], [8.540687238814897, 46.197670917683695], [8.532617115758873, 46.21709630060664], [8.496459080054198, 46.227985680660616], [8.469217857800562, 46.23293839857325], [8.46370780833097, 46.24473858294787], [8.444264625359509, 46.249469677330644], [8.449755723338894, 46.27375107618438], [8.427662032625518, 46.298401037214795], [8.440125885684399, 46.304771652034596], [8.444005811317844, 46.31964025415386], [8.465215288437289, 46.33405139688235], [8.462016536416396, 46.3532053170372], [8.468552597465068, 46.364872802180244], [8.46335056066205, 46.384279170312006], [8.468529065843605, 46.41162599305861], [8.45756393485146, 46.425478955950446], [8.465210209807053, 46.44512512158973], [8.449759645513712, 46.461764030002605], [8.437324037514319, 46.46434041814892], [8.391485449192867, 46.45192966304429], [8.3644994261424, 46.451143527121744], [8.339405153080762, 46.43281312913373], [8.322489759532438, 46.42551446099153], [8.30703806303767, 46.42571885926371], [8.290550391006901, 46.40873461154306], [8.31690251517953, 46.39724027943885], [8.314543785997067, 46.38102672270506], [8.28482406330575, 46.3650501910349], [8.26086781800392, 46.360478972527844], [8.265333457357677, 46.35211099279713], [8.24984912631997, 46.34228174298713], [8.225473095405064, 46.335126351347064], [8.211852693253258, 46.31284876546922], [8.198773121839476, 46.302327193589576], [8.163648945338807, 46.296441606023606], [8.137708929007472, 46.30161282195685], [8.08042785304776, 46.260765963160786], [8.10748845053604, 46.24993181855501], [8.125009560592625, 46.229580102892456], [8.13900332353752, 46.22607744257991], [8.15173973576596, 46.19741768567053], [8.165451038086447, 46.182263428639], [8.151122564276806, 46.16510296017049], [8.154069006133925, 46.14779964278692], [8.143376363542707, 46.13673989761436], [8.114971348147105, 46.13031340941601], [8.10805368456833, 46.11159266180436], [8.07049531677398, 46.1062990237301], [8.032813492657093, 46.09757120678983], [8.02258110565497, 46.06822450922913], [8.033204123480223, 46.04707433393631], [8.01395699026127, 46.03260846819969], [8.012179440879647, 46.01191496028774], [7.981595113643909, 45.99840252048629], [7.921702141031451, 45.996935024035295], [7.906351384235753, 45.994125047165966], [7.894656595751413, 45.98092600909748], [7.878064235245535, 45.97340200317534], [7.876941863641206, 45.954850158277296], [7.868401322452137, 45.937638105217566], [7.876964866990258, 45.926428292117386], [7.909198191605847, 45.92501553751922], [7.9307459808685445, 45.918297878377345], [7.942585462684977, 45.90783705436733], [7.962274117712492, 45.90076780176055], [7.996776483512796, 45.914409784163816], [8.011955750672506, 45.92612256326811], [8.044343363644556, 45.93631185009178], [8.0650247708424, 45.935089307313675], [8.086013116236549, 45.92240821357818], [8.107858489528757, 45.93057795115558], [8.157851404000903, 45.93517916509118], [8.179890684140043, 45.94841730579714], [8.209004423130507, 45.945046658278315], [8.204466338439829, 45.935674344501436], [8.214523584223839, 45.92398970067945], [8.229629902216812, 45.92068133505348], [8.23900282260015, 45.91096071332826], [8.266374174425682, 45.90728065131802], [8.278762086117899, 45.89490092386447], [8.302235254629567, 45.888273858177506], [8.293679399108447, 45.87046321111936], [8.315683148201416, 45.865285656601316], [8.335677737528401, 45.84398773624284], [8.317032244911951, 45.796319074477196], [8.318213381204266, 45.766916795686214], [8.334809725844396, 45.7737919173548], [8.349878359822737, 45.77236953232505], [8.374779730378767, 45.78419274286046], [8.373207405701514, 45.80205338419692], [8.382097262009689, 45.81263989783576], [8.377420189714911, 45.838456366224676], [8.392778705890262, 45.83948983256551], [8.409221998914665, 45.83138647437315], [8.435615552180431, 45.84427783573414], [8.449242254404622, 45.85578850850622], [8.459725659750706, 45.87293934249556], [8.475186965273874, 45.85621664552638], [8.498244412669615, 45.84732317821267], [8.498032233759737, 45.83311608262062], [8.541147707296032, 45.838526546647564], [8.561830160194242, 45.83756334564706], [8.593800866638327, 45.82824560858774], [8.594623917162467, 45.8447949529594], [8.570141459602118, 45.89125177237218], [8.5716262699418, 45.901336445559345], [8.594869029567143, 45.922547498586184], [8.68229920836706, 45.98688764124533], [8.719326193974654, 46.011145717120506], [8.72876349999088, 46.02923208824989], [8.7202537595007, 46.04219875175335], [8.715559309639232, 46.06226677364126], [8.705676714315251, 46.08139398773663], [8.714815181350284, 46.09804279083352]]]}, "properties": {"name": "Verbano-Cusio-Ossola", "code": "VB", "region": "Piemonte", "name_de": "Verbano-Cusio-Ossola"}}, {"type": "Feature", "geometry": {"type": "Polygon", "coordinates": [[[9.05292446071502, 45.623190296076174], [9.107782802495558, 45.62271857012659], [9.094362622047193, 45.60647049972284], [9.103338806638158, 45.588343851766695], [9.144874300401673, 45.58370874578713], [9.162948370836622, 45.59154154034602], [9.203132450093817, 45.57600032412388], [9.217781227162767, 45.579272952964665], [9.227049186963857, 45.566006837159335], [9.242591320704719, 45.56343624274051], [9.286530133936242, 45.54344326161545], [9.312851334437141, 45.536851168142064], [9.326978641775087, 45.56189629473781], [9.383400620007924, 45.55766203172777], [9.404671152121933, 45.575063428151196], [9.442550128774133, 45.585580118557424], [9.444613067344424, 45.59193590537723], [9.481654626777745, 45.59680818124657], [9.482544347924923, 45.618343529405735], [9.495392599345506, 45.62897725116793], [9.495852141866335, 45.639659054494594], [9.487190539699425, 45.66458815200776], [9.47657545057398, 45.669268308838525], [9.446840876565577, 45.649703809470985], [9.422636443755923, 45.65651950266404], [9.414440889258552, 45.67650423485904], [9.395867998752324, 45.67010754816433], [9.372287234931624, 45.65509253649798], [9.36019473204566, 45.6664255086152], [9.341302814840239, 45.669734551051384], [9.314061112098903, 45.660699889642565], [9.305743001919978, 45.681869504450255], [9.294256452988245, 45.692898384003996], [9.300217006855547, 45.702684803462226], [9.286736075556991, 45.73063514196287], [9.274243687685988, 45.74223633780766], [9.247121515972545, 45.74264906739531], [9.23155382452603, 45.71745538092628], [9.214072028226084, 45.71501506351968], [9.195313881399706, 45.69834333240596], [9.194432438093088, 45.667686204137404], [9.179654475356337, 45.66348922240034], [9.163750018299442, 45.67298813995266], [9.153795030443517, 45.68655830714561], [9.139856203458143, 45.6948119075934], [9.12180953841293, 45.688505014390955], [9.103203286782794, 45.696894056646975], [9.08828582397577, 45.6855025929881], [9.06704624837209, 45.68512107826709], [9.055738869854354, 45.646500070183684], [9.05292446071502, 45.623190296076174]]]}, "properties": {"name": "Monza e della Brianza", "code": "MB", "region": "Lombardia", "name_de": "Monza e della Brianza"}}, {"type": "Feature", "geometry": {"type": "Polygon", "coordinates": [[[13.849747341693094, 43.066678477061686], [13.843935220373702, 43.101124405546464], [13.816941245413354, 43.14730626696646], [13.783529815975784, 43.218830104278254], [13.779031696116947, 43.23476605034559], [13.762695411799749, 43.258036218703886], [13.743189507192698, 43.29476670081015], [13.705522935710558, 43.28615956271453], [13.681426260293541, 43.27728401946665], [13.653848677681454, 43.27484223912633], [13.631922282259971, 43.26822582566359], [13.61493098345587, 43.271858004179315], [13.600978734796783, 43.267789314227485], [13.607779497565664, 43.236941346180224], [13.589782225345116, 43.20831256478477], [13.573254999799689, 43.21598458508775], [13.521106285250113, 43.209207380844305], [13.525868359991305, 43.1981026584134], [13.518293330667216, 43.17382915622917], [13.49671778021703, 43.17048097645049], [13.492357120866224, 43.164076030139306], [13.462109841707155, 43.163639296082046], [13.43372038835407, 43.137360206306525], [13.440836966142065, 43.12441189485004], [13.432247057745853, 43.11563903460801], [13.433753757299113, 43.085154702875315], [13.463944553846693, 43.06610304588167], [13.466878036280173, 43.04439450414171], [13.459718883490362, 43.02041997260812], [13.430572089650159, 43.022389325675185], [13.41128458328104, 43.00838872171116], [13.392392041313226, 43.01108843510457], [13.383987471853464, 43.021319276331404], [13.381175878823717, 43.040495818436305], [13.331624393702619, 43.02385486060103], [13.320772782562377, 43.00471311976531], [13.305712001175252, 43.00173449403951], [13.29503094078475, 42.991143605044186], [13.261758670533284, 42.970646712684335], [13.242928231353417, 42.9672848163658], [13.216122808275475, 42.951116748744404], [13.21765753275253, 42.9360582901428], [13.229749959414965, 42.92378991798555], [13.241755324392116, 42.89199973920434], [13.258465697901151, 42.89967482790261], [13.26007613059509, 42.90806443197685], [13.281160261354554, 42.91163404633376], [13.290669558388004, 42.92478231752851], [13.325637599806534, 42.921334582924594], [13.359053786879866, 42.913748831851954], [13.37397158053895, 42.89108027593737], [13.379988662239143, 42.904017016534766], [13.399338808413841, 42.912654950922494], [13.41046368350987, 42.9289557821474], [13.393489977183247, 42.93785940521437], [13.39250242583623, 42.96686964445335], [13.417249845558915, 42.97672595886002], [13.454822507503518, 42.96589017344596], [13.478944999439927, 42.984346254928816], [13.5246889976761, 42.992737146830216], [13.551478411984101, 42.98843644899719], [13.565876872383322, 42.991881324418124], [13.583283681298298, 43.011116771166066], [13.598399189701365, 43.00912365861915], [13.631133886904463, 43.032846172350084], [13.656894805732772, 43.042093383603856], [13.676929144583431, 43.041607404036476], [13.698268636872596, 43.04779977707047], [13.72064785270446, 43.05975022105312], [13.78516855467852, 43.07977820544221], [13.793150575510289, 43.063454434308404], [13.838153289823559, 43.063995965080125], [13.849747341693094, 43.066678477061686]]]}, "properties": {"name": "Fermo", "code": "FM", "region": "Marche", "name_de": "Fermo"}}, {"type": "Feature", "geometry": {"type": "Polygon", "coordinates": [[[16.20246420581977, 40.91753153345664], [16.209110189822987, 40.92856433922426], [16.232509511342354, 40.951530415724655], [16.25188725547315, 40.96217980798191], [16.26642464006205, 41.00534610312511], [16.254039928160683, 41.01478001637118], [16.26662253377728, 41.02389156762112], [16.263162401618622, 41.033190849407326], [16.278699157264484, 41.05402600848263], [16.29868340203622, 41.073590433489905], [16.298745036306947, 41.08451480185569], [16.312996141110965, 41.09024982297519], [16.322777232734296, 41.10678172592041], [16.343697894502508, 41.12149990479412], [16.35170331441153, 41.1347220854865], [16.340434894986878, 41.1430327359883], [16.3399717852174, 41.16651792051263], [16.358723256876914, 41.164271039898765], [16.381235260541352, 41.18169601589985], [16.387871649201294, 41.19473147831491], [16.415475912765395, 41.187094972530296], [16.428783542610514, 41.190319075248794], [16.456460004542407, 41.17387631727819], [16.470458675288846, 41.14888586300082], [16.48271041045256, 41.153646712817206], [16.503842503466203, 41.15133710382189], [16.516964849346298, 41.17246716533928], [16.510886217764362, 41.18301643098294], [16.533803639235376, 41.20739180403915], [16.54226126158003, 41.22947315972181], [16.53122706784784, 41.23896563730831], [16.44782635662361, 41.262320983376284], [16.419358389690018, 41.282507552853815], [16.400854207570827, 41.28513379559707], [16.35872175327079, 41.30473278326132], [16.27679323910772, 41.32437585947216], [16.243447861578407, 41.337226169553226], [16.212564133854002, 41.356980141979605], [16.171300794690143, 41.36858058971424], [16.13505496700081, 41.38758114527978], [16.13012674824802, 41.386315127311654], [16.05007038116549, 41.418116325875495], [16.02478012510915, 41.425760554187995], [15.979191401451258, 41.438331291456315], [15.952206109179704, 41.441206253445905], [15.937464573135982, 41.42472300767696], [15.980221206627306, 41.41126620330476], [16.017673214613815, 41.3899073296106], [16.037272654337535, 41.383417304529345], [16.031094200092358, 41.373915880402606], [15.99213535763446, 41.36100731506254], [15.98192573751531, 41.36078905916053], [15.983402852383463, 41.30468803905457], [15.98758785997392, 41.30462403015763], [16.01253257331737, 41.26428029040665], [16.04024235312796, 41.26990744894236], [16.01751163125426, 41.23914529530894], [16.0204074079631, 41.22050301545354], [16.012925436402934, 41.21179979425486], [15.995423368647986, 41.206005394656565], [15.991613273477414, 41.195401465177014], [15.950463270071726, 41.183389063641556], [15.932025809085902, 41.182965241714186], [15.892879380762949, 41.15400139223268], [15.870254521937609, 41.13992127113453], [15.894357805253991, 41.123252003945105], [15.900786617962662, 41.12641091629071], [15.921401543034937, 41.11153672190818], [15.952202172780693, 41.110561674960195], [15.959956307374183, 41.10005271642458], [15.976254063824044, 41.094166681886726], [15.980152018838748, 41.08158728573463], [15.998686561582556, 41.05477439435903], [16.00937332721993, 41.05724171449174], [16.026889636458282, 41.047870656134606], [16.039896510861553, 41.03413935042139], [16.027934812272722, 41.02408113891279], [16.03117592964757, 40.998019857044035], [16.002854826574396, 40.970209271768816], [15.971811625659637, 40.97213165561904], [15.983166405250207, 40.95446496268735], [16.026063591114553, 40.94353037658776], [16.061840731181796, 40.92853042692925], [16.091877267245835, 40.92097584423012], [16.12129829051467, 40.89923889985898], [16.134975335258492, 40.907585570097986], [16.13806772810134, 40.91835332440871], [16.162971136555218, 40.92857993083574], [16.20246420581977, 40.91753153345664]]]}, "properties": {"name": "Barletta-Andria-Trani", "code": "BT", "region": "Puglia", "name_de": "Barletta-Andria-Trani"}}, {"type": "Feature", "geometry": {"type": "MultiPolygon", "coordinates": [[[[8.802677335113527, 40.93116424794201], [8.770838086405501, 40.916246208494485], [8.73993750659433, 40.91805664880174], [8.726045787758016, 40.9127242319958], [8.711118548335733, 40.918368642839845], [8.670362254562571, 40.89736010361959], [8.650891256760731, 40.89212528164098], [8.632065271696726, 40.88144257706005], [8.625322065254322, 40.86488492651853], [8.607670212521356, 40.851243880363576], [8.579474252093549, 40.83768542403441], [8.524435975353049, 40.823830183203086], [8.469328418853735, 40.819109604935], [8.451894413375868, 40.820908306751065], [8.41753935786614, 40.83993230340577], [8.372235538460075, 40.83774323052555], [8.315553309870287, 40.844305458632576], [8.289783949250184, 40.85819249355], [8.247595267526675, 40.89313804752425], [8.232178743423168, 40.91303034332246], [8.227563470196788, 40.93857481021075], [8.236379938064164, 40.94934313992233], [8.212905448015942, 40.96102666455395], [8.206141160979318, 40.96955126598901], [8.189065933334463, 40.95546986204444], [8.175926813116975, 40.93519851218538], [8.191665451359302, 40.9139155140842], [8.212680143233765, 40.90307091770345], [8.222927568494404, 40.887502130800286], [8.218602035572657, 40.86951055599193], [8.207047065885916, 40.8501900234966], [8.193076615121399, 40.835093561006005], [8.1843603867128, 40.812075595136726], [8.16061764446862, 40.7908875021464], [8.165965708896628, 40.76719855549523], [8.154061421743366, 40.74909476239289], [8.133117695257415, 40.731175134455476], [8.147439598762059, 40.725233348478135], [8.169109086739793, 40.709018500406756], [8.174851799846849, 40.694655119412], [8.200596718675436, 40.689383863105704], [8.204106798149507, 40.679594446908254], [8.192213488101698, 40.66277734800526], [8.186549432019834, 40.63907317662779], [8.143596424610003, 40.623674150283016], [8.149821299575166, 40.585532118232344], [8.157880293616126, 40.5721497313499], [8.173056407636986, 40.5942326240115], [8.188936872013336, 40.606567722882374], [8.190260881795595, 40.61687288627065], [8.205052827746677, 40.616817381878064], [8.21940936985403, 40.60045136500333], [8.197744472304564, 40.57588038772094], [8.20934555767175, 40.571482790622184], [8.243817482675995, 40.56986931728778], [8.245667867112724, 40.581039832287914], [8.267526433681457, 40.5893322610393], [8.293847897157294, 40.59342421402969], [8.315960579224312, 40.57377020323549], [8.314724631680258, 40.56052741327529], [8.325932879903565, 40.53130435277406], [8.33880548051411, 40.507217059107965], [8.337404609601506, 40.50167648566234], [8.367878417460572, 40.49643398377335], [8.373722328265227, 40.490929846299615], [8.386085294682687, 40.453424509958836], [8.397757784408753, 40.430440987362275], [8.39975578972685, 40.40756267381513], [8.422534638599206, 40.39371152343811], [8.44417487796422, 40.39574550817683], [8.457992039261251, 40.40660393106529], [8.477778559718494, 40.40822652709877], [8.488662663662929, 40.421428354316014], [8.500557167883464, 40.42611999264598], [8.519240740297125, 40.41637035082281], [8.528649250242433, 40.400796416464], [8.550539509095724, 40.39618985452577], [8.550382862624518, 40.38402006294542], [8.56218301418981, 40.38139656792471], [8.57578579636848, 40.35761815832393], [8.58652449224934, 40.3540263668739], [8.591847635068897, 40.33418458440662], [8.620247350241607, 40.31898820261051], [8.636215094787895, 40.310976271253104], [8.64271416957684, 40.29704119591787], [8.658742853755928, 40.310441221071045], [8.676702642884646, 40.312673090047106], [8.69181393213724, 40.33077778606386], [8.706874361772973, 40.332564743551956], [8.710579764613248, 40.34150219712227], [8.72776243713171, 40.34329168824065], [8.747559024727778, 40.35480526995882], [8.782185515104173, 40.349758446709004], [8.78751859908751, 40.35762436699497], [8.812054099188678, 40.364432719014346], [8.816154749420436, 40.376718782596235], [8.815873181890321, 40.40227334853822], [8.827418920407956, 40.41267347096316], [8.856740913963316, 40.402641346249645], [8.855004152405277, 40.393720175893925], [8.874296262627174, 40.391913902838645], [8.894294442739996, 40.40507819109973], [8.900328621438591, 40.38890320690795], [8.911825946498052, 40.381443977784514], [8.948827823353735, 40.36823181605152], [8.966741265028169, 40.34777854039294], [8.981345053043999, 40.33762845197728], [8.991377695050447, 40.32322386128961], [9.004301517654005, 40.31648520113806], [9.027973051181755, 40.29661745171876], [9.03880568064892, 40.309099882010855], [9.0422764139064, 40.32658588815207], [9.061508203653462, 40.336766682438615], [9.076986025699426, 40.33864940854719], [9.115391818921074, 40.35648268953472], [9.14360979830213, 40.36273048268592], [9.170157236406686, 40.37239732391103], [9.183182004828925, 40.371251274241615], [9.187077018005406, 40.38862675124088], [9.206830875699586, 40.404770356733465], [9.225447022148115, 40.410627438049204], [9.228138314187907, 40.42928894343911], [9.24805454473146, 40.456121853954535], [9.251182964725766, 40.46643941022968], [9.27161331674606, 40.469438320785464], [9.284462674055867, 40.48170449724585], [9.27681775013812, 40.504461787974535], [9.263950680060235, 40.511631729500934], [9.246604562353319, 40.50467436371672], [9.222905792084717, 40.50256231046982], [9.182445559416665, 40.50855019876949], [9.191300563787527, 40.52352051871413], [9.189422598049857, 40.536851197337434], [9.185453217895262, 40.54632874608427], [9.190675411066488, 40.56379743058073], [9.192008707398676, 40.59218567776476], [9.188883466254694, 40.60288060902515], [9.194802120357522, 40.62627555145426], [9.181292656177426, 40.636900833723615], [9.175303058040368, 40.66179214504067], [9.133616696038722, 40.65844716683578], [9.12105331483844, 40.646429845855884], [9.070428293536407, 40.65938365148563], [9.057691465178893, 40.673641430367], [9.028190365396618, 40.67504743550295], [9.012844782260855, 40.68031122840316], [9.002313646589313, 40.69500504236817], [9.018412018909256, 40.70057994180374], [9.017807188579631, 40.72176231561298], [9.029276797952313, 40.744206721875294], [9.01956746970882, 40.76582894975328], [9.02573228069436, 40.77518759996549], [9.026335114340627, 40.793460614677414], [9.005353015012426, 40.81201707467091], [8.98928669425095, 40.81527776543582], [9.00376513938824, 40.82827739352218], [8.992876451525866, 40.84324023249854], [8.971907639888478, 40.86274021874799], [8.950083966773175, 40.866228092375714], [8.927329351769052, 40.85077561911226], [8.905339017978191, 40.855777346981526], [8.896332440659789, 40.871921631860495], [8.903188407474735, 40.878304385754205], [8.896469125530697, 40.8908302857457], [8.925822804217992, 40.88534159635138], [8.983406495408413, 40.906351874189255], [8.985053239577011, 40.922684149179936], [8.96940863693962, 40.955669332757346], [8.935208797947391, 40.95818650085773], [8.932042985538011, 40.95146453117288], [8.897103084412844, 40.93368335769201], [8.874263222589109, 40.932471622040225], [8.832670416321003, 40.948011533240944], [8.802677335113527, 40.93116424794201]]], [[[8.318602387213172, 41.120709138509895], [8.302336080735252, 41.10543346362269], [8.275188465594072, 41.10427500039754], [8.284242627878644, 41.07516842368584], [8.26521957853691, 41.0715108125284], [8.250820451334533, 41.0506175695075], [8.22533634507122, 41.043863115706344], [8.219515735600144, 41.02851024798507], [8.230262552364907, 41.02321036990911], [8.211416443150966, 41.003726959114935], [8.22243629585572, 40.988331413548934], [8.255099751430024, 40.985296519395], [8.263842922353337, 41.000935530973486], [8.248551384803267, 41.017732573443034], [8.247678759879262, 41.02700402152605], [8.281872551917719, 41.06571108047608], [8.325675401525206, 41.05386562068439], [8.338964868624304, 41.06082135086816], [8.33533833755625, 41.07940196149785], [8.347890765935118, 41.08972474061419], [8.342656110686686, 41.09767062662513], [8.32278035182523, 41.105947295884796], [8.318602387213172, 41.120709138509895]]]]}, "properties": {"name": "Sassari", "code": "SS", "region": "Sardegna", "name_de": "Sassari"}}, {"type": "Feature", "geometry": {"type": "MultiPolygon", "coordinates": [[[[8.802677335113527, 40.93116424794201], [8.832670416321003, 40.948011533240944], [8.874263222589109, 40.932471622040225], [8.897103084412844, 40.93368335769201], [8.932042985538011, 40.95146453117288], [8.935208797947391, 40.95818650085773], [8.96940863693962, 40.955669332757346], [8.985053239577011, 40.922684149179936], [8.983406495408413, 40.906351874189255], [8.925822804217992, 40.88534159635138], [8.896469125530697, 40.8908302857457], [8.903188407474735, 40.878304385754205], [8.896332440659789, 40.871921631860495], [8.905339017978191, 40.855777346981526], [8.927329351769052, 40.85077561911226], [8.950083966773175, 40.866228092375714], [8.971907639888478, 40.86274021874799], [8.992876451525866, 40.84324023249854], [9.00376513938824, 40.82827739352218], [8.98928669425095, 40.81527776543582], [9.005353015012426, 40.81201707467091], [9.026335114340627, 40.793460614677414], [9.02573228069436, 40.77518759996549], [9.01956746970882, 40.76582894975328], [9.029276797952313, 40.744206721875294], [9.017807188579631, 40.72176231561298], [9.018412018909256, 40.70057994180374], [9.002313646589313, 40.69500504236817], [9.012844782260855, 40.68031122840316], [9.028190365396618, 40.67504743550295], [9.057691465178893, 40.673641430367], [9.070428293536407, 40.65938365148563], [9.12105331483844, 40.646429845855884], [9.133616696038722, 40.65844716683578], [9.175303058040368, 40.66179214504067], [9.181292656177426, 40.636900833723615], [9.194802120357522, 40.62627555145426], [9.188883466254694, 40.60288060902515], [9.192008707398676, 40.59218567776476], [9.190675411066488, 40.56379743058073], [9.185453217895262, 40.54632874608427], [9.189422598049857, 40.536851197337434], [9.215842955441687, 40.54003278958854], [9.240991762236405, 40.5381581197817], [9.286421637769719, 40.5259021320937], [9.313000011109692, 40.546819366584124], [9.336130217505591, 40.552773322243425], [9.350234915449308, 40.564255856077075], [9.372184768787603, 40.57138209740167], [9.377234485375364, 40.58346724940865], [9.394034951014767, 40.59455231330237], [9.378705632220395, 40.615278663959415], [9.394978621517357, 40.61834118313367], [9.416556426544986, 40.63960702652226], [9.422235307460136, 40.658747867605655], [9.447210477290263, 40.65391529177718], [9.46501847926188, 40.65583849967203], [9.486768600114777, 40.64521961384826], [9.50579221280278, 40.653223120149285], [9.512770879548933, 40.648848854886424], [9.56339805057279, 40.68009039686677], [9.583090091187318, 40.706072473875736], [9.603167133899845, 40.69690668468274], [9.623711160466325, 40.69906766891394], [9.653102452754654, 40.691055821320894], [9.67478128861228, 40.66486815189798], [9.691801223002944, 40.679095105650184], [9.732441100265362, 40.67212861363477], [9.74922371742588, 40.65800034339464], [9.750410575253383, 40.677837212636334], [9.737859537326718, 40.694520841166074], [9.717615661474975, 40.70556340511937], [9.712079626035116, 40.73962842377275], [9.718449514851573, 40.74852755354438], [9.68754299355528, 40.76593326505121], [9.671389936840471, 40.78466627838275], [9.673160893694572, 40.80372280238401], [9.691813731485288, 40.811173348145196], [9.682155586975387, 40.82134214384401], [9.692692875340926, 40.84824129369069], [9.677256872065062, 40.86171028796479], [9.667673088798818, 40.853046122789095], [9.640160230439234, 40.8739392026213], [9.63587244280681, 40.883904594168584], [9.61774304337693, 40.88942056135867], [9.64520095110732, 40.91764330734917], [9.621766051512791, 40.921865770289465], [9.610647861175334, 40.91857525176815], [9.588661225907286, 40.89961463021891], [9.577384738745957, 40.90314364468467], [9.561133844722816, 40.92079190231103], [9.523385195544837, 40.916232050174045], [9.506948962088028, 40.911445520965536], [9.508235612658202, 40.92869064542128], [9.53438391587136, 40.93310244072389], [9.539125450982523, 40.925874916352065], [9.573802455348371, 40.927517099002536], [9.568348065963416, 40.942788251463796], [9.593434365854291, 40.96616871572892], [9.58356919006336, 40.975835508740936], [9.584835116486476, 40.986385331031414], [9.5978447350398, 40.99087598864528], [9.611198799461635, 41.00316195165314], [9.623397087081155, 40.99412056284234], [9.64665720876429, 40.985352513350925], [9.664719907932442, 40.995665260472805], [9.65537902516586, 41.0043406125908], [9.642055655173285, 41.00117248664557], [9.622740259930659, 41.00502264462007], [9.606558872271085, 41.018467352252124], [9.594203229438325, 41.021748156843806], [9.578531400128321, 41.004604427908966], [9.550896729194706, 41.0069389192967], [9.562910937287796, 41.03445346990903], [9.52725071740037, 41.02709701047635], [9.523253769603219, 41.05185923048217], [9.539804203181008, 41.06186737934538], [9.528634134344886, 41.06972911052744], [9.541775263983787, 41.08347733096008], [9.561584439162182, 41.08411663720181], [9.568830480191332, 41.109839347210425], [9.536310832886707, 41.13845134331129], [9.52440607806884, 41.15664609240757], [9.471919921150986, 41.131865805707164], [9.450133651723773, 41.10439112948297], [9.441022052995232, 41.104577183186684], [9.440033425517537, 41.127599440173086], [9.429612348928746, 41.15495566003809], [9.406238817587226, 41.17615905644061], [9.37004825914334, 41.18337020621202], [9.363314234575567, 41.20757949731655], [9.341835626129672, 41.20592296036224], [9.33078100888913, 41.194506282261656], [9.301219930361718, 41.19071401747992], [9.29003042162207, 41.218370213684345], [9.271314122386283, 41.2361607537984], [9.236225475706226, 41.246594345566116], [9.225582441035774, 41.259140833974], [9.1944707268315, 41.24590046034231], [9.18095301736443, 41.24802581416924], [9.159972019427327, 41.23583023747188], [9.16568177372364, 41.21839962708618], [9.154112458266662, 41.19724726771766], [9.16899120177069, 41.177772825727594], [9.16774394705076, 41.16810799705122], [9.149071856418983, 41.15515183251182], [9.131282871316309, 41.15375842522625], [9.110936193987502, 41.135587268268964], [9.091945705368426, 41.13015405978029], [9.064599375584399, 41.1273531457185], [9.046330495356083, 41.13808254242959], [9.011882558649344, 41.12379110237128], [8.981515811631335, 41.08662847487122], [8.95688263080229, 41.06821317190413], [8.949985982670421, 41.059175385829406], [8.916050689857075, 41.03556336536969], [8.892318475979645, 41.02722467921814], [8.876468441838965, 41.00875669256536], [8.870426428132449, 40.9927954711419], [8.835220390249598, 40.95606911127079], [8.802677335113527, 40.93116424794201]]], [[[9.419231814339648, 41.20761530482529], [9.398224559228172, 41.19786443030069], [9.41106570190742, 41.18711349612204], [9.422171675911907, 41.193464319887916], [9.419231814339648, 41.20761530482529]]], [[[9.471145615919252, 41.245181812771335], [9.460714554037557, 41.24259939162638], [9.458586090724047, 41.22812790833646], [9.446997499479814, 41.21545917191935], [9.447456705743184, 41.19088275713927], [9.469448201705548, 41.17680716272474], [9.480039066376543, 41.1871495508874], [9.478070775266746, 41.19932956257427], [9.482041386695245, 41.23658723089363], [9.471145615919252, 41.245181812771335]]], [[[9.3405054237667, 41.25301061782393], [9.333121342333534, 41.235649480027725], [9.345603737352722, 41.22896832408197], [9.359908733873352, 41.241555658155164], [9.3405054237667, 41.25301061782393]]], [[[9.421131730737073, 41.26833294600065], [9.41332916067475, 41.25073083736057], [9.37402030335594, 41.22763191958989], [9.382867000437145, 41.21016721049289], [9.415303579979822, 41.216177796187566], [9.436828485892912, 41.21455015147733], [9.438934269607067, 41.23538706806421], [9.430764919029928, 41.260395280093185], [9.421131730737073, 41.26833294600065]]], [[[9.729635793015321, 40.87635696062227], [9.713566070158564, 40.86609236075008], [9.732197027726306, 40.859185605460425], [9.740667569325174, 40.87213946768947], [9.729635793015321, 40.87635696062227]]], [[[9.735498386251072, 40.924163501837626], [9.689145473957295, 40.898703914203736], [9.692782277534587, 40.88784678957953], [9.720581725819505, 40.90505332383642], [9.742745224292115, 40.91230223837081], [9.735498386251072, 40.924163501837626]]]]}, "properties": {"name": "Gallura Nord-Est Sardegna", "code": "OT", "region": "Sardegna", "name_de": "Gallura Nord-Est Sardegna"}}, {"type": "Feature", "geometry": {"type": "Polygon", "coordinates": [[[9.272864786982728, 39.85078247325306], [9.282881838510447, 39.879022603206785], [9.27377786191397, 39.904037834877684], [9.288684297122158, 39.92689572289482], [9.278380349907383, 39.94570637227957], [9.28673113471818, 39.96082245469435], [9.291944157462387, 39.98350502164324], [9.321427452743503, 39.994292739525], [9.318992569528875, 40.008237591437265], [9.303926499373684, 40.015372100879674], [9.293577225307914, 40.031180180151246], [9.317498197625246, 40.03871226619136], [9.325950650418575, 40.058645121033024], [9.336887504206043, 40.07239852659456], [9.371020685656978, 40.07359164081486], [9.39152336419064, 40.09251632002594], [9.43000546211264, 40.10262369190775], [9.440247439807107, 40.11163980011074], [9.454483533129912, 40.14199181896408], [9.476391876831848, 40.149438670426164], [9.477813380920873, 40.16442150032992], [9.492703461024632, 40.18214365262972], [9.510060633524466, 40.18634795372074], [9.51856690894952, 40.19579703220721], [9.525923620306264, 40.218683613149096], [9.55597891992332, 40.19813444631064], [9.576458351940685, 40.19514483206052], [9.595197346643621, 40.213978605526016], [9.627425119511164, 40.22467360568674], [9.623866062271759, 40.252303492816964], [9.63642230314302, 40.28276549942719], [9.65439723187249, 40.301318670581445], [9.682307947884848, 40.33696992340587], [9.72230627368398, 40.37004940599611], [9.742749233585034, 40.38135055294168], [9.754099304787253, 40.381078276159016], [9.764403214363433, 40.39087322439055], [9.77290804749113, 40.41102944624746], [9.7740210576158, 40.42678735084567], [9.79259498969929, 40.44306349204388], [9.816815749042261, 40.48776003509708], [9.825405366405949, 40.5098453419022], [9.828385717717822, 40.528443430451084], [9.794168066661324, 40.54631634839481], [9.79076985623023, 40.569807081484456], [9.781586202888601, 40.58052639725969], [9.762811547940986, 40.58773266575692], [9.751756310546464, 40.60086775538093], [9.75255098740665, 40.61587107869006], [9.741931043598342, 40.636894817192456], [9.74922371742588, 40.65800034339464], [9.732441100265362, 40.67212861363477], [9.691801223002944, 40.679095105650184], [9.67478128861228, 40.66486815189798], [9.653102452754654, 40.691055821320894], [9.623711160466325, 40.69906766891394], [9.603167133899845, 40.69690668468274], [9.583090091187318, 40.706072473875736], [9.56339805057279, 40.68009039686677], [9.512770879548933, 40.648848854886424], [9.50579221280278, 40.653223120149285], [9.486768600114777, 40.64521961384826], [9.46501847926188, 40.65583849967203], [9.447210477290263, 40.65391529177718], [9.422235307460136, 40.658747867605655], [9.416556426544986, 40.63960702652226], [9.394978621517357, 40.61834118313367], [9.378705632220395, 40.615278663959415], [9.394034951014767, 40.59455231330237], [9.377234485375364, 40.58346724940865], [9.372184768787603, 40.57138209740167], [9.350234915449308, 40.564255856077075], [9.336130217505591, 40.552773322243425], [9.313000011109692, 40.546819366584124], [9.286421637769719, 40.5259021320937], [9.240991762236405, 40.5381581197817], [9.215842955441687, 40.54003278958854], [9.189422598049857, 40.536851197337434], [9.191300563787527, 40.52352051871413], [9.182445559416665, 40.50855019876949], [9.222905792084717, 40.50256231046982], [9.246604562353319, 40.50467436371672], [9.263950680060235, 40.511631729500934], [9.27681775013812, 40.504461787974535], [9.284462674055867, 40.48170449724585], [9.27161331674606, 40.469438320785464], [9.251182964725766, 40.46643941022968], [9.24805454473146, 40.456121853954535], [9.228138314187907, 40.42928894343911], [9.225447022148115, 40.410627438049204], [9.206830875699586, 40.404770356733465], [9.187077018005406, 40.38862675124088], [9.183182004828925, 40.371251274241615], [9.170157236406686, 40.37239732391103], [9.14360979830213, 40.36273048268592], [9.115391818921074, 40.35648268953472], [9.076986025699426, 40.33864940854719], [9.061508203653462, 40.336766682438615], [9.0422764139064, 40.32658588815207], [9.03880568064892, 40.309099882010855], [9.027973051181755, 40.29661745171876], [9.004301517654005, 40.31648520113806], [8.991377695050447, 40.32322386128961], [8.981345053043999, 40.33762845197728], [8.966741265028169, 40.34777854039294], [8.948827823353735, 40.36823181605152], [8.911825946498052, 40.381443977784514], [8.900328621438591, 40.38890320690795], [8.894294442739996, 40.40507819109973], [8.874296262627174, 40.391913902838645], [8.855004152405277, 40.393720175893925], [8.856740913963316, 40.402641346249645], [8.827418920407956, 40.41267347096316], [8.815873181890321, 40.40227334853822], [8.816154749420436, 40.376718782596235], [8.812054099188678, 40.364432719014346], [8.78751859908751, 40.35762436699497], [8.782185515104173, 40.349758446709004], [8.747559024727778, 40.35480526995882], [8.72776243713171, 40.34329168824065], [8.710579764613248, 40.34150219712227], [8.706874361772973, 40.332564743551956], [8.69181393213724, 40.33077778606386], [8.676702642884646, 40.312673090047106], [8.658742853755928, 40.310441221071045], [8.64271416957684, 40.29704119591787], [8.636215094787895, 40.310976271253104], [8.620247350241607, 40.31898820261051], [8.611443881639893, 40.30864342530235], [8.613956361454445, 40.291074828770704], [8.622987889815477, 40.28333862946801], [8.616433850077383, 40.27321770773242], [8.6290118296253, 40.26380793385015], [8.667666893788235, 40.24965467650191], [8.667489280910194, 40.23068055246865], [8.673164004324809, 40.209245419704104], [8.709606042158924, 40.21420764704979], [8.718115676109269, 40.205381455123444], [8.743125814141969, 40.2008088251228], [8.741244331762147, 40.18062523452833], [8.76527599596308, 40.196720529656645], [8.7820049033162, 40.18981599476645], [8.818450357421515, 40.198576801761256], [8.844940344659731, 40.20893627842674], [8.910229607551416, 40.20810435241636], [8.957218496255825, 40.2120683957182], [8.982094722926753, 40.21830041060716], [8.99053820073845, 40.20910151512723], [9.0172991203193, 40.19375886914237], [8.998161467707307, 40.18087665126916], [9.016647279347072, 40.16450527557566], [9.01862545238813, 40.146314818649564], [9.002385496632982, 40.134432742605725], [9.016259813219307, 40.12168314000489], [9.035250399588572, 40.0957974999889], [9.03652016795462, 40.063692821903715], [9.043974441949096, 40.0583565126723], [9.02655475532596, 40.03767564347099], [9.005340218905967, 40.05497711725039], [8.987729745867401, 40.05696771611539], [8.971999030169131, 40.047351663572584], [8.94760937855307, 40.02390907023925], [8.945625617598237, 40.01321364020534], [8.956172263963124, 39.993207497083624], [8.995730357652537, 39.987863920834386], [9.006658976801793, 39.99225156004295], [9.017912746611712, 39.980321440036604], [8.994362511826356, 39.956572916792794], [8.996552237363298, 39.948536260856415], [8.985542816752337, 39.91926245153432], [9.028695134275292, 39.91457467805926], [9.079072175002752, 39.889711013675985], [9.094556129681623, 39.87971325391694], [9.128814067914806, 39.888531187264185], [9.160468754982684, 39.855641515832396], [9.172169430302107, 39.850380968736545], [9.165580325567007, 39.83257491670069], [9.209210926311302, 39.82252427301888], [9.231001787814346, 39.843061758441024], [9.272864786982728, 39.85078247325306]]]}, "properties": {"name": "Nuoro", "code": "NU", "region": "Sardegna", "name_de": "Nuoro"}}, {"type": "Feature", "geometry": {"type": "Polygon", "coordinates": [[[9.165580325567007, 39.83257491670069], [9.172169430302107, 39.850380968736545], [9.160468754982684, 39.855641515832396], [9.128814067914806, 39.888531187264185], [9.094556129681623, 39.87971325391694], [9.079072175002752, 39.889711013675985], [9.028695134275292, 39.91457467805926], [8.985542816752337, 39.91926245153432], [8.996552237363298, 39.948536260856415], [8.994362511826356, 39.956572916792794], [9.017912746611712, 39.980321440036604], [9.006658976801793, 39.99225156004295], [8.995730357652537, 39.987863920834386], [8.956172263963124, 39.993207497083624], [8.945625617598237, 40.01321364020534], [8.94760937855307, 40.02390907023925], [8.971999030169131, 40.047351663572584], [8.987729745867401, 40.05696771611539], [9.005340218905967, 40.05497711725039], [9.02655475532596, 40.03767564347099], [9.043974441949096, 40.0583565126723], [9.03652016795462, 40.063692821903715], [9.035250399588572, 40.0957974999889], [9.016259813219307, 40.12168314000489], [9.002385496632982, 40.134432742605725], [9.01862545238813, 40.146314818649564], [9.016647279347072, 40.16450527557566], [8.998161467707307, 40.18087665126916], [9.0172991203193, 40.19375886914237], [8.99053820073845, 40.20910151512723], [8.982094722926753, 40.21830041060716], [8.957218496255825, 40.2120683957182], [8.910229607551416, 40.20810435241636], [8.844940344659731, 40.20893627842674], [8.818450357421515, 40.198576801761256], [8.7820049033162, 40.18981599476645], [8.76527599596308, 40.196720529656645], [8.741244331762147, 40.18062523452833], [8.743125814141969, 40.2008088251228], [8.718115676109269, 40.205381455123444], [8.709606042158924, 40.21420764704979], [8.673164004324809, 40.209245419704104], [8.667489280910194, 40.23068055246865], [8.667666893788235, 40.24965467650191], [8.6290118296253, 40.26380793385015], [8.616433850077383, 40.27321770773242], [8.622987889815477, 40.28333862946801], [8.613956361454445, 40.291074828770704], [8.611443881639893, 40.30864342530235], [8.620247350241607, 40.31898820261051], [8.591847635068897, 40.33418458440662], [8.58652449224934, 40.3540263668739], [8.57578579636848, 40.35761815832393], [8.56218301418981, 40.38139656792471], [8.550382862624518, 40.38402006294542], [8.550539509095724, 40.39618985452577], [8.528649250242433, 40.400796416464], [8.519240740297125, 40.41637035082281], [8.500557167883464, 40.42611999264598], [8.488662663662929, 40.421428354316014], [8.477778559718494, 40.40822652709877], [8.457992039261251, 40.40660393106529], [8.44417487796422, 40.39574550817683], [8.422534638599206, 40.39371152343811], [8.39975578972685, 40.40756267381513], [8.38938427826484, 40.37111768541865], [8.379581222776576, 40.35763297391735], [8.382641712430052, 40.3389978059563], [8.432752322500683, 40.333067839801096], [8.443019299288691, 40.31856903545795], [8.463675782152587, 40.315350188977234], [8.466926063032384, 40.29778598804284], [8.483115789951537, 40.28349204510832], [8.474144441078908, 40.24664881067957], [8.462102919443149, 40.21404284596568], [8.467420434518495, 40.19998583078109], [8.456158519437768, 40.177030839263935], [8.461350928341293, 40.17226293154841], [8.45829864647295, 40.15414195474175], [8.47151446190221, 40.13097450769908], [8.4849008017688, 40.11778186803291], [8.49277673783523, 40.086553640920044], [8.489334770798889, 40.080177777106215], [8.453700202385427, 40.05080622233844], [8.43482252767202, 40.05157957615818], [8.399933358290372, 40.03301657559013], [8.413103227993517, 40.019814021517455], [8.410495652176435, 39.999029301404576], [8.393885873559732, 39.97991201695432], [8.40136378270389, 39.956989279057375], [8.3978943404746, 39.908194789085535], [8.44424900968956, 39.88252298903613], [8.469085234095417, 39.90146538081136], [8.505675013750391, 39.9078554845126], [8.524025127835415, 39.902363121717634], [8.537724334613001, 39.89143403705498], [8.552013339690449, 39.86397959487068], [8.554023579181258, 39.834064280884895], [8.545365731481379, 39.795188702423815], [8.531269434094265, 39.770421529515616], [8.511879870886881, 39.75308399228231], [8.521088230710026, 39.746160951204565], [8.509895574810173, 39.73263321650749], [8.50262346684318, 39.71427881597203], [8.519453116487927, 39.693756900381906], [8.549305590902044, 39.69610224948052], [8.566728026641668, 39.68721245412782], [8.590224144886967, 39.69161361817542], [8.607984255228182, 39.68993322424057], [8.627810803418058, 39.655086674511324], [8.662092257312407, 39.64082012141698], [8.671288592864608, 39.63120700485775], [8.69653512871822, 39.6454468282106], [8.704574228682578, 39.63868438441568], [8.729810556850648, 39.63887996225121], [8.743119898989274, 39.6270796393355], [8.775959942838037, 39.64269937748292], [8.78408777511218, 39.653933673699356], [8.83545876627867, 39.66587418201261], [8.86176710455656, 39.66822410800353], [8.86495569050455, 39.68258069411006], [8.879817062700297, 39.700626917197575], [8.903152290384623, 39.71320064818527], [8.912904109113718, 39.72367256066513], [8.901726282854318, 39.733043674751116], [8.924286567273876, 39.75839133725662], [8.904038028103814, 39.7720548123905], [8.892955780997125, 39.77298216936425], [8.88659170995781, 39.787455307655705], [8.903643028389972, 39.79574194706275], [8.93623528132361, 39.79119633666389], [8.950764720919363, 39.779144300590524], [8.974621741474738, 39.80259076942975], [8.9866141329364, 39.825667435758554], [9.007671407339135, 39.82773124481909], [9.031259250783586, 39.81529347497438], [9.041837172533112, 39.80302749443021], [9.054253017571964, 39.800950045496435], [9.083206053465954, 39.82617897267656], [9.101549644467507, 39.83236324296044], [9.113521717339307, 39.84965129986024], [9.127530291795921, 39.83951854965879], [9.147795985813499, 39.84459414571987], [9.165580325567007, 39.83257491670069]]]}, "properties": {"name": "Oristano", "code": "OR", "region": "Sardegna", "name_de": "Oristano"}}, {"type": "Feature", "geometry": {"type": "Polygon", "coordinates": [[[9.65136057661129, 39.54924765757143], [9.657624364452763, 39.58022589239458], [9.652162771494034, 39.62728072682933], [9.647590748553148, 39.6444169631446], [9.649837997106882, 39.66115317677229], [9.663041217174207, 39.68428976154186], [9.659058481426738, 39.69390819455908], [9.676489878379464, 39.71089105841983], [9.674635208330827, 39.75041535757715], [9.669000876294348, 39.77183662078936], [9.676324524797806, 39.81620628636257], [9.685396536443037, 39.8421229596368], [9.696090940672649, 39.850501509587374], [9.68257690509307, 39.87001152334426], [9.68373411056145, 39.9063209193138], [9.696343627511588, 39.920717790508284], [9.709446950800903, 39.923480926096], [9.689311630769277, 39.94453983856225], [9.685075995993675, 39.958413968888024], [9.687338695362115, 39.98496556017458], [9.701575531868224, 40.00976932474856], [9.706092936853377, 40.03427496691227], [9.721540186862338, 40.05200067259178], [9.735480309218595, 40.07931090757217], [9.728228491942726, 40.09107804834298], [9.688942749051416, 40.10849041632837], [9.656564305049354, 40.1423282137386], [9.646377171239674, 40.16832408367229], [9.634117653460901, 40.179788727137506], [9.626073201055577, 40.20720824735992], [9.627425119511164, 40.22467360568674], [9.595197346643621, 40.213978605526016], [9.576458351940685, 40.19514483206052], [9.55597891992332, 40.19813444631064], [9.525923620306264, 40.218683613149096], [9.51856690894952, 40.19579703220721], [9.510060633524466, 40.18634795372074], [9.492703461024632, 40.18214365262972], [9.477813380920873, 40.16442150032992], [9.476391876831848, 40.149438670426164], [9.454483533129912, 40.14199181896408], [9.440247439807107, 40.11163980011074], [9.43000546211264, 40.10262369190775], [9.39152336419064, 40.09251632002594], [9.371020685656978, 40.07359164081486], [9.336887504206043, 40.07239852659456], [9.325950650418575, 40.058645121033024], [9.317498197625246, 40.03871226619136], [9.293577225307914, 40.031180180151246], [9.303926499373684, 40.015372100879674], [9.318992569528875, 40.008237591437265], [9.321427452743503, 39.994292739525], [9.291944157462387, 39.98350502164324], [9.28673113471818, 39.96082245469435], [9.278380349907383, 39.94570637227957], [9.288684297122158, 39.92689572289482], [9.27377786191397, 39.904037834877684], [9.282881838510447, 39.879022603206785], [9.272864786982728, 39.85078247325306], [9.292208573885263, 39.828129370895404], [9.292403788316738, 39.81353269588337], [9.306887767856946, 39.80038157814444], [9.33951852603594, 39.78659960872174], [9.353731853585463, 39.77525856402973], [9.359810235345938, 39.75406622654757], [9.397285743443158, 39.73655453950217], [9.378328439830009, 39.71005601956299], [9.349055966237058, 39.70224361870464], [9.353403757979954, 39.688194802796794], [9.384440910509165, 39.695268295410656], [9.402344401506271, 39.68538655302613], [9.398080027199578, 39.653433042895486], [9.418173587480018, 39.627971566851976], [9.43012512797095, 39.62554020471472], [9.440851417601378, 39.64130397963176], [9.457633893972623, 39.64136521642304], [9.47290269468158, 39.63306869949168], [9.490346724371358, 39.61652563239026], [9.507221232374054, 39.620963041001936], [9.510160283538852, 39.60974568663236], [9.523856724526906, 39.59953691435209], [9.523775755588936, 39.58936691499929], [9.546432451491166, 39.58293284227118], [9.556608018733218, 39.57326604303254], [9.593921377009227, 39.57383087366982], [9.65136057661129, 39.54924765757143]]]}, "properties": {"name": "Ogliastra", "code": "OG", "region": "Sardegna", "name_de": "Ogliastra"}}, {"type": "Feature", "geometry": {"type": "Polygon", "coordinates": [[[8.50262346684318, 39.71427881597203], [8.477605334006187, 39.7431859188216], [8.465744344131762, 39.76148163314211], [8.45117209640084, 39.769364242698906], [8.443971174367821, 39.75810348149062], [8.448744883442384, 39.74009264749554], [8.44700440764416, 39.717535495311154], [8.454888069495846, 39.71120379809875], [8.445194007139783, 39.6761985781557], [8.456656843995876, 39.67011698860065], [8.450275212049007, 39.63346158216406], [8.464419098622953, 39.617075474836234], [8.470855051836276, 39.6016236056839], [8.451373077358294, 39.54625939771514], [8.409713862070214, 39.49282087362365], [8.38747788761938, 39.47583494746995], [8.382194841136078, 39.45581626641601], [8.39266426559576, 39.44680338563038], [8.41050303782685, 39.45650936434824], [8.415000055864649, 39.466371513075096], [8.4364031964779, 39.470991459691525], [8.452001692284652, 39.46255110995672], [8.47973586507328, 39.47152679057837], [8.496033061759855, 39.483040328784426], [8.535058582388485, 39.477317378546395], [8.547016563858024, 39.45866200931822], [8.582204675535282, 39.444521055481296], [8.580006938019494, 39.43699833843259], [8.611433471948965, 39.42341149348733], [8.627523953112282, 39.4103627156338], [8.635971018755919, 39.38754750810063], [8.651966457993801, 39.37936071214097], [8.691291537741629, 39.38197665354415], [8.699259202969545, 39.37496468795008], [8.734328036089774, 39.39567996242839], [8.756791260995834, 39.404811819983045], [8.821269965188996, 39.407442712635856], [8.82738479856518, 39.41475056180709], [8.847625712484282, 39.40710176793514], [8.884750755394586, 39.39830500368541], [8.929230185776067, 39.399502917655], [8.961823694520566, 39.41199796571711], [8.978245608995238, 39.42208509370832], [8.969264529400526, 39.449898819647565], [8.959296855278488, 39.462528582994786], [8.988496426687599, 39.46830189647385], [9.014820118779978, 39.48644875950284], [9.007161279071788, 39.52807798027569], [8.982784366188973, 39.5316721015767], [8.999662183178359, 39.55368475854042], [9.00624411590676, 39.57717720406671], [9.014259398640109, 39.587690256877266], [9.026090887054051, 39.61836843939872], [9.046470952221586, 39.64094190336035], [9.048963254721352, 39.66124552987049], [9.047588123449493, 39.68954274856233], [9.05609605601243, 39.69701742236597], [9.061529698909668, 39.72145929564825], [9.0551201996128, 39.73122051465804], [9.073649340698767, 39.75028243795157], [9.052993766037401, 39.758296939351176], [9.005515803510098, 39.75976984279566], [8.978647233819833, 39.7797330683408], [8.953016097768138, 39.77796855814213], [8.93966481493159, 39.78269267231009], [8.941204295121798, 39.75762739761802], [8.924286567273876, 39.75839133725662], [8.901726282854318, 39.733043674751116], [8.912904109113718, 39.72367256066513], [8.903152290384623, 39.71320064818527], [8.879817062700297, 39.700626917197575], [8.86495569050455, 39.68258069411006], [8.86176710455656, 39.66822410800353], [8.83545876627867, 39.66587418201261], [8.78408777511218, 39.653933673699356], [8.775959942838037, 39.64269937748292], [8.743119898989274, 39.6270796393355], [8.729810556850648, 39.63887996225121], [8.704574228682578, 39.63868438441568], [8.69653512871822, 39.6454468282106], [8.671288592864608, 39.63120700485775], [8.662092257312407, 39.64082012141698], [8.627810803418058, 39.655086674511324], [8.607984255228182, 39.68993322424057], [8.590224144886967, 39.69161361817542], [8.566728026641668, 39.68721245412782], [8.549305590902044, 39.69610224948052], [8.519453116487927, 39.693756900381906], [8.50262346684318, 39.71427881597203]]]}, "properties": {"name": "Medio Campidano", "code": "VS", "region": "Sardegna", "name_de": "Medio Campidano"}}, {"type": "Feature", "geometry": {"type": "MultiPolygon", "coordinates": [[[[8.699259202969545, 39.37496468795008], [8.710331467099799, 39.362823842073574], [8.700626296761314, 39.32226001306073], [8.716358971758869, 39.31038717094085], [8.72223029968958, 39.283431998547854], [8.739811260204819, 39.28004092605628], [8.748309954266235, 39.231913092147494], [8.757629496298179, 39.20247612447154], [8.770791442413167, 39.179407638876555], [8.811466603175912, 39.16529722661469], [8.826323897969957, 39.1486679296409], [8.820168105772927, 39.130149879353446], [8.822175587793364, 39.11858160444506], [8.846969581483082, 39.10046954602466], [8.853074757482858, 39.084230324753136], [8.81563154625978, 39.01798604502033], [8.814641634752498, 39.00495806871571], [8.827257425712888, 38.95515391969467], [8.82118585187398, 38.94884859757281], [8.83584733848959, 38.91428169697829], [8.838812236089835, 38.88038590341847], [8.855197384162482, 38.875838082220746], [8.860832609473345, 38.882413631494586], [8.905908129260817, 38.907922467064004], [8.926727236806745, 38.92907900735573], [8.994076011266236, 38.97573958879709], [9.00043022274306, 38.98615634725377], [9.011921997468344, 38.98694820500624], [9.024829655810212, 39.002743945036926], [9.024376920492942, 39.02017570686072], [9.039144922002027, 39.040394668742735], [9.045710245417702, 39.05597031546156], [9.016258202535976, 39.087457618586605], [9.016406809067172, 39.1045909398861], [9.008859389796799, 39.123093251028884], [9.017425915186093, 39.14575592381602], [9.039252284162973, 39.17337642864007], [9.063344370393901, 39.194280832892055], [9.082871750135682, 39.205682873164136], [9.110880199576437, 39.21357095874294], [9.139932321941831, 39.18898018798284], [9.158678505874894, 39.181319763751844], [9.165332094787434, 39.20422479179126], [9.186339345507749, 39.218737412307874], [9.212951515329609, 39.227327198986025], [9.230948387486592, 39.22779043200382], [9.242915388830061, 39.21834325668691], [9.296534056952284, 39.213201946457346], [9.304669142013886, 39.20498228129314], [9.318277193174161, 39.20503832166223], [9.33815802840203, 39.193749143957106], [9.342415465717233, 39.185390330928826], [9.37087163433543, 39.173890840810344], [9.390387474539773, 39.15747890197662], [9.392189966349635, 39.14467947053289], [9.408520903068219, 39.14319739868233], [9.433910000404481, 39.13014777970306], [9.466007894604775, 39.126849454562446], [9.483834469114235, 39.13535227378492], [9.502533961916805, 39.131296660208754], [9.51885383725075, 39.11288694478413], [9.529575602984204, 39.127122035866954], [9.55614677745398, 39.1333783488878], [9.568411861873892, 39.153272843516], [9.577857129543226, 39.18439971797134], [9.56503526969556, 39.18906236742887], [9.564646780238254, 39.20596122286504], [9.573284213500134, 39.248024302213096], [9.587966706430562, 39.27416909405989], [9.602617162973292, 39.29102653138326], [9.631390808518214, 39.30425269931714], [9.608546382403915, 39.3152288719613], [9.601104945207272, 39.3257618935321], [9.597707817617449, 39.34930368544374], [9.607829710973089, 39.38801601384555], [9.631171560883343, 39.433478278558816], [9.639371402753149, 39.439133743044124], [9.645458549337436, 39.46111392728725], [9.641592726461209, 39.49329353197125], [9.631901226713326, 39.501639080874526], [9.63991209254605, 39.54192388469309], [9.65136057661129, 39.54924765757143], [9.593921377009227, 39.57383087366982], [9.556608018733218, 39.57326604303254], [9.546432451491166, 39.58293284227118], [9.523775755588936, 39.58936691499929], [9.523856724526906, 39.59953691435209], [9.510160283538852, 39.60974568663236], [9.507221232374054, 39.620963041001936], [9.490346724371358, 39.61652563239026], [9.47290269468158, 39.63306869949168], [9.457633893972623, 39.64136521642304], [9.440851417601378, 39.64130397963176], [9.43012512797095, 39.62554020471472], [9.418173587480018, 39.627971566851976], [9.398080027199578, 39.653433042895486], [9.402344401506271, 39.68538655302613], [9.384440910509165, 39.695268295410656], [9.353403757979954, 39.688194802796794], [9.349055966237058, 39.70224361870464], [9.378328439830009, 39.71005601956299], [9.397285743443158, 39.73655453950217], [9.359810235345938, 39.75406622654757], [9.353731853585463, 39.77525856402973], [9.33951852603594, 39.78659960872174], [9.306887767856946, 39.80038157814444], [9.292403788316738, 39.81353269588337], [9.292208573885263, 39.828129370895404], [9.272864786982728, 39.85078247325306], [9.231001787814346, 39.843061758441024], [9.209210926311302, 39.82252427301888], [9.165580325567007, 39.83257491670069], [9.147795985813499, 39.84459414571987], [9.127530291795921, 39.83951854965879], [9.113521717339307, 39.84965129986024], [9.101549644467507, 39.83236324296044], [9.083206053465954, 39.82617897267656], [9.054253017571964, 39.800950045496435], [9.041837172533112, 39.80302749443021], [9.031259250783586, 39.81529347497438], [9.007671407339135, 39.82773124481909], [8.9866141329364, 39.825667435758554], [8.974621741474738, 39.80259076942975], [8.950764720919363, 39.779144300590524], [8.93623528132361, 39.79119633666389], [8.903643028389972, 39.79574194706275], [8.88659170995781, 39.787455307655705], [8.892955780997125, 39.77298216936425], [8.904038028103814, 39.7720548123905], [8.924286567273876, 39.75839133725662], [8.941204295121798, 39.75762739761802], [8.93966481493159, 39.78269267231009], [8.953016097768138, 39.77796855814213], [8.978647233819833, 39.7797330683408], [9.005515803510098, 39.75976984279566], [9.052993766037401, 39.758296939351176], [9.073649340698767, 39.75028243795157], [9.0551201996128, 39.73122051465804], [9.061529698909668, 39.72145929564825], [9.05609605601243, 39.69701742236597], [9.047588123449493, 39.68954274856233], [9.048963254721352, 39.66124552987049], [9.046470952221586, 39.64094190336035], [9.026090887054051, 39.61836843939872], [9.014259398640109, 39.587690256877266], [9.00624411590676, 39.57717720406671], [8.999662183178359, 39.55368475854042], [8.982784366188973, 39.5316721015767], [9.007161279071788, 39.52807798027569], [9.014820118779978, 39.48644875950284], [8.988496426687599, 39.46830189647385], [8.959296855278488, 39.462528582994786], [8.969264529400526, 39.449898819647565], [8.978245608995238, 39.42208509370832], [8.961823694520566, 39.41199796571711], [8.929230185776067, 39.399502917655], [8.884750755394586, 39.39830500368541], [8.847625712484282, 39.40710176793514], [8.82738479856518, 39.41475056180709], [8.821269965188996, 39.407442712635856], [8.756791260995834, 39.404811819983045], [8.734328036089774, 39.39567996242839], [8.699259202969545, 39.37496468795008]]], [[[8.783465618881932, 38.898170947758054], [8.796891411340368, 38.919789441829835], [8.796756331938195, 38.9347841751591], [8.774369465497973, 38.935932544622375], [8.77482673771899, 38.9153784668413], [8.783465618881932, 38.898170947758054]]]]}, "properties": {"name": "Cagliari", "code": "CA", "region": "Sardegna", "name_de": "Cagliari"}}, {"type": "Feature", "geometry": {"type": "MultiPolygon", "coordinates": [[[[8.39266426559576, 39.44680338563038], [8.410899528019709, 39.44118452147382], [8.41269157510497, 39.42809229101057], [8.404228268819283, 39.40786789360279], [8.380307371368385, 39.38431803721237], [8.376112224411742, 39.36888522631919], [8.388966036671189, 39.363080460629476], [8.387169668379453, 39.352295015299305], [8.399554955931501, 39.33744293419257], [8.4206481220658, 39.33179981749649], [8.417939463699474, 39.32351111813747], [8.433042053743927, 39.307945877399], [8.43678662678752, 39.28993414483303], [8.425311418427874, 39.26951375398961], [8.4105448904442, 39.263727111368155], [8.397466947141105, 39.250522453079064], [8.366983051368836, 39.22832424875446], [8.371878232450264, 39.209234860165374], [8.396240373504611, 39.198920083252304], [8.406451258197224, 39.16351801958294], [8.417267862396931, 39.171298405344466], [8.434046447425988, 39.15898393561363], [8.438172005525328, 39.14165474039216], [8.434560510551634, 39.131908794815956], [8.439759139213123, 39.11496848197037], [8.461410716500303, 39.120584092898596], [8.472377332971972, 39.112215698375415], [8.485960401333593, 39.084798295689446], [8.47801380694923, 39.060945548008206], [8.45975593149912, 39.0649680481774], [8.456489579869865, 39.08374325962263], [8.430684612696869, 39.09780239030303], [8.426211023042228, 39.10907406678147], [8.380379124980493, 39.09964471678729], [8.373624404872057, 39.111535425082145], [8.362060545778936, 39.109194381109944], [8.350745767605632, 39.09750965804181], [8.358075207502377, 39.08754800889923], [8.350215801863817, 39.075871225388006], [8.357039638930958, 39.06425691462228], [8.36463678848405, 39.03010867898245], [8.394026960095555, 38.98680684596824], [8.40668698519159, 38.95881997071353], [8.414239729249331, 38.9552922957341], [8.441942436672282, 38.968125063629635], [8.450481173421629, 38.988978210206135], [8.44979367711956, 39.00835182095547], [8.454002145039514, 39.02702244902232], [8.473275011186646, 39.05802153570681], [8.497749218548694, 39.06321252101931], [8.530718193288799, 39.059338499181315], [8.549824735501351, 39.04434671458502], [8.56489802868934, 39.04542671466454], [8.574931206870474, 39.03206322338335], [8.574868734999427, 39.017048944000315], [8.564926986632129, 39.00148725840063], [8.578030703772614, 38.97501636206286], [8.589229387022165, 38.96414803443171], [8.612564643709561, 38.95792331030758], [8.622311059196301, 38.94139107888733], [8.620690626460544, 38.92053817770781], [8.60704626600017, 38.904103758989], [8.610409961165443, 38.89111390958087], [8.635423828818578, 38.895885530983406], [8.670764691041365, 38.89848734267509], [8.681644912605345, 38.90934802500294], [8.715645185489322, 38.9242557987304], [8.720299792182944, 38.936500349377404], [8.76117693638173, 38.91722756035992], [8.77482673771899, 38.9153784668413], [8.774369465497973, 38.935932544622375], [8.796756331938195, 38.9347841751591], [8.796891411340368, 38.919789441829835], [8.783465618881932, 38.898170947758054], [8.805982696730025, 38.89965765854871], [8.838812236089835, 38.88038590341847], [8.83584733848959, 38.91428169697829], [8.82118585187398, 38.94884859757281], [8.827257425712888, 38.95515391969467], [8.814641634752498, 39.00495806871571], [8.81563154625978, 39.01798604502033], [8.853074757482858, 39.084230324753136], [8.846969581483082, 39.10046954602466], [8.822175587793364, 39.11858160444506], [8.820168105772927, 39.130149879353446], [8.826323897969957, 39.1486679296409], [8.811466603175912, 39.16529722661469], [8.770791442413167, 39.179407638876555], [8.757629496298179, 39.20247612447154], [8.748309954266235, 39.231913092147494], [8.739811260204819, 39.28004092605628], [8.72223029968958, 39.283431998547854], [8.716358971758869, 39.31038717094085], [8.700626296761314, 39.32226001306073], [8.710331467099799, 39.362823842073574], [8.699259202969545, 39.37496468795008], [8.691291537741629, 39.38197665354415], [8.651966457993801, 39.37936071214097], [8.635971018755919, 39.38754750810063], [8.627523953112282, 39.4103627156338], [8.611433471948965, 39.42341149348733], [8.580006938019494, 39.43699833843259], [8.582204675535282, 39.444521055481296], [8.547016563858024, 39.45866200931822], [8.535058582388485, 39.477317378546395], [8.496033061759855, 39.483040328784426], [8.47973586507328, 39.47152679057837], [8.452001692284652, 39.46255110995672], [8.4364031964779, 39.470991459691525], [8.415000055864649, 39.466371513075096], [8.41050303782685, 39.45650936434824], [8.39266426559576, 39.44680338563038]]], [[[8.309285717920021, 39.187785949873906], [8.296641176553587, 39.17926284379512], [8.267494123430147, 39.17864847875541], [8.242118734629285, 39.16414466007058], [8.230033356812609, 39.164962248778586], [8.220674359297178, 39.145444949873685], [8.23993699717322, 39.14061955046703], [8.250566278562834, 39.13258982513507], [8.255218698827875, 39.10389501267427], [8.279337121646448, 39.09585798758189], [8.297264627055153, 39.09694725006751], [8.310181349464784, 39.113171316801086], [8.307951023957916, 39.1288757393001], [8.312778780125056, 39.13941868299782], [8.30636978296316, 39.16313461895002], [8.309285717920021, 39.187785949873906]]]]}, "properties": {"name": "Sulcis Iglesiente", "code": "SU", "region": "Sardegna", "name_de": "Sulcis Iglesiente"}}]}