{"type":"FeatureCollection", "features": [
{"type":"Feature","geometry":{"type":"MultiPolygon","coordinates":[[[[14.0427322,45.7614953],[14.0473582,45.7734747],[14.0513682,45.7715063],[14.0540727,45.7707109],[14.0550513,45.7745509],[14.053541,45.78236],[14.0563464,45.7994944],[14.0640805,45.8041614],[14.0671011,45.7982402],[14.0680061,45.8028],[14.070472,45.8128248],[14.0536984,45.8324338],[14.0496619,45.8373749],[14.0655488,45.8409421],[14.0793796,45.8438539],[14.1028377,45.8490415],[14.0999491,45.8511474],[14.1106864,45.8620885],[14.1115636,45.8616487],[14.1155257,45.8648579],[14.1197501,45.8644148],[14.122343,45.8644502],[14.1234503,45.8671634],[14.1264823,45.8692888],[14.1293608,45.8693872],[14.124114,45.87853],[14.1064859,45.8814763],[14.0852982,45.8844253],[14.0857424,45.885839],[14.0812131,45.8864056],[14.0787932,45.8882954],[14.0792953,45.8896947],[14.0747159,45.8901458],[14.0732328,45.8892],[14.0718382,45.8873171],[14.0649876,45.8854878],[14.0623753,45.887141],[14.0609123,45.8872996],[14.059523,45.8885825],[14.0578264,45.8882587],[14.0571689,45.8893855],[14.0515045,45.8843444],[14.0462372,45.888511],[14.043807,45.8899623],[14.037251,45.8955753],[14.0334675,45.8966553],[14.0326672,45.8974312],[14.035978,45.9009092],[14.0345148,45.9023283],[14.0344994,45.903224],[14.0218214,45.907845],[14.0182558,45.9082473],[14.0160532,45.909667],[14.0102978,45.9103401],[14.0068124,45.9111532],[14.0048178,45.9106361],[14.0011903,45.9119696],[13.9996018,45.911493],[13.9987189,45.9132639],[14.000567,45.9153579],[13.9997956,45.9178018],[13.9861421,45.9238704],[13.9870839,45.9244227],[13.9860898,45.9256969],[13.9837351,45.925012],[13.9815245,45.9259228],[13.9734507,45.9301341],[13.9668739,45.9304945],[13.9674562,45.9355387],[13.9663833,45.9360591],[13.9645866,45.9347338],[13.9590203,45.9325458],[13.9573273,45.931275],[13.9551344,45.9313522],[13.9522216,45.9341821],[13.9510708,45.9370898],[13.9479449,45.9385458],[13.9490739,45.9408477],[13.9466731,45.9406694],[13.9408271,45.9428209],[13.9381411,45.9434269],[13.9358498,45.9433704],[13.9347338,45.9438988],[13.9307614,45.9470705],[13.9296178,45.9490931],[13.9285983,45.9486231],[13.9263518,45.949082],[13.9225199,45.9526112],[13.9202918,45.9555545],[13.9193909,45.9583648],[13.9175214,45.9588902],[13.9169045,45.9603983],[13.9129076,45.9624321],[13.9124322,45.9638246],[13.9111374,45.964291],[13.9118608,45.9657107],[13.9093344,45.9683271],[13.9096869,45.9704813],[13.9073274,45.970266],[13.9040157,45.9709523],[13.8983924,45.9696037],[13.8929616,45.9716187],[13.8909816,45.973568],[13.8880068,45.9747943],[13.8795745,45.9760052],[13.8774864,45.9778089],[13.8742346,45.9794535],[13.8729584,45.9792936],[13.869222,45.9819012],[13.8717235,45.9857978],[13.8729325,45.9866826],[13.8712256,45.9905813],[13.8697305,45.9917013],[13.8685887,45.9937662],[13.863871,45.9945562],[13.8617175,45.9969579],[13.8584208,45.9982888],[13.8563167,45.9983559],[13.8551571,46.0006217],[13.8434684,45.9975448],[13.8642634,45.9786712],[13.8531013,45.9757164],[13.8339206,45.9715154],[13.8282733,45.9703971],[13.8164418,45.9730553],[13.8007586,45.9762917],[13.8012097,45.9748172],[13.8070697,45.9525992],[13.8045863,45.9473091],[13.7952492,45.9360849],[13.7943663,45.9336659],[13.7862873,45.9265931],[13.7819137,45.9235054],[13.7791602,45.9220929],[13.7767181,45.9193004],[13.7712981,45.9154119],[13.7682948,45.9146914],[13.7661913,45.9132794],[13.7632972,45.9127622],[13.7554658,45.912579],[13.7540273,45.9130888],[13.7519104,45.9113904],[13.7518733,45.9107073],[13.7496462,45.908727],[13.7449599,45.9055362],[13.7430521,45.9061857],[13.7384822,45.9066193],[13.7361628,45.9062512],[13.7329731,45.9036116],[13.7354005,45.9016995],[13.7377997,45.9005191],[13.7386187,45.9020297],[13.7442072,45.9025207],[13.7459887,45.9023974],[13.7489736,45.9014444],[13.7507234,45.9004399],[13.7525119,45.9006383],[13.7542139,45.8978472],[13.7537389,45.8963777],[13.7566688,45.8932889],[13.7562932,45.8915968],[13.7553445,45.8905632],[13.7560572,45.8881045],[13.7579086,45.8883784],[13.7608588,45.8871088],[13.763991,45.8867465],[13.7682241,45.8858112],[13.769664,45.8859162],[13.7713522,45.8849578],[13.7767792,45.8831666],[13.7797769,45.8832659],[13.7828536,45.8799934],[13.7881155,45.8781242],[13.7940391,45.8755284],[13.7989878,45.8736794],[13.8009975,45.8723325],[13.8002219,45.871266],[13.7977088,45.8709679],[13.7963185,45.869844],[13.795987,45.8684001],[13.7966677,45.866794],[13.7987196,45.8668729],[13.800684,45.8627143],[13.8025454,45.8631063],[13.805351,45.86288],[13.8044678,45.8614212],[13.806438,45.8582],[13.8067408,45.8562113],[13.8103781,45.8560002],[13.8104134,45.8543822],[13.8126963,45.8536931],[13.815064,45.8537091],[13.8167278,45.8518917],[13.8204773,45.8513033],[13.8216997,45.8499747],[13.8285491,45.8504431],[13.8281279,45.8482361],[13.8265009,45.8471146],[13.8278496,45.8463659],[13.8306051,45.8469261],[13.8333269,45.8466853],[13.8348585,45.8472297],[13.8395456,45.8471061],[13.8414495,45.8464069],[13.8398556,45.8452538],[13.8417955,45.8428061],[13.841854,45.8407257],[13.8441647,45.838927],[13.8438302,45.8374046],[13.8424009,45.8377382],[13.8400739,45.836541],[13.8401886,45.8353822],[13.8413196,45.8332214],[13.8428391,45.831996],[13.8441756,45.831962],[13.8459297,45.8301036],[13.8471027,45.8281825],[13.8501368,45.8291467],[13.8526127,45.8273056],[13.8573682,45.8256718],[13.8607997,45.8258441],[13.8624631,45.8248488],[13.8668282,45.8249246],[13.8678299,45.826093],[13.8717987,45.8240275],[13.8734221,45.8245379],[13.8739607,45.8267388],[13.8766081,45.8270746],[13.8787973,45.8262504],[13.8805781,45.8273614],[13.8848498,45.8279461],[13.8890297,45.8297031],[13.8921318,45.8288133],[13.891187,45.8254267],[13.8939041,45.8243013],[13.8978089,45.8235841],[13.8958883,45.8224156],[13.8976883,45.820398],[13.8960028,45.818064],[13.8979585,45.8170372],[13.9009876,45.817165],[13.9026441,45.8141687],[13.9062123,45.8145594],[13.9080267,45.8116987],[13.9079984,45.8104814],[13.9091167,45.8093989],[13.9107839,45.8091958],[13.9144872,45.8066709],[13.9208432,45.8035281],[13.9261897,45.8005952],[13.9273857,45.7983814],[13.9291502,45.7969387],[13.9307908,45.7968022],[13.9330624,45.7957334],[13.932937,45.7942714],[13.9345681,45.7925587],[13.9389546,45.7925229],[13.9406189,45.7913269],[13.9416874,45.7914198],[13.9441456,45.7902409],[13.9464199,45.7898287],[13.9489018,45.788772],[13.9521866,45.7883757],[13.9541991,45.7885153],[13.9573677,45.7894424],[13.9571467,45.7878389],[13.9580221,45.7867189],[13.9636053,45.7868322],[13.9658208,45.784489],[13.9677782,45.7842326],[13.9701179,45.781358],[13.9717536,45.7809199],[13.9771053,45.7806813],[13.9780287,45.7800021],[13.9807622,45.7793528],[13.9828303,45.7794161],[13.9879099,45.7768872],[13.9890761,45.7758057],[13.9917807,45.7745976],[13.9941645,45.771795],[13.9974193,45.7708477],[13.9999576,45.7694917],[13.9961494,45.7665916],[13.9986598,45.7646686],[14.0012805,45.766164],[14.0046723,45.7686264],[14.0052513,45.7660425],[14.0066653,45.7660513],[14.0088325,45.7691212],[14.0101865,45.7733157],[14.0121312,45.7717266],[14.0149202,45.7713488],[14.018343,45.772975],[14.0202043,45.7718623],[14.02227,45.7716616],[14.0244112,45.7702552],[14.0266838,45.7702416],[14.0276468,45.7685396],[14.0288936,45.7683663],[14.0305333,45.7670321],[14.0311384,45.7655622],[14.0391445,45.763501],[14.0427322,45.7614953]]],[[[13.9882466,46.192963],[13.9859599,46.1915217],[13.984174,46.1892402],[13.9791623,46.1848011],[13.9784205,46.1821764],[13.9760759,46.1787205],[13.9742979,46.1771647],[13.9726622,46.1768061],[13.9653684,46.1768049],[13.9561632,46.1779412],[13.9550628,46.1782959],[13.9528033,46.1772512],[13.9490081,46.1776968],[13.9474263,46.1768823],[13.9463397,46.1737967],[13.94536,46.1728313],[13.9417267,46.172179],[13.9416649,46.1737409],[13.9405113,46.1747603],[13.9370932,46.1751528],[13.9350893,46.173967],[13.9326178,46.1714408],[13.9261671,46.1719097],[13.9213451,46.1716034],[13.9187014,46.1719323],[13.9166507,46.1685623],[13.9149371,46.1673902],[13.9134557,46.1676784],[13.9133886,46.1643975],[13.9073929,46.1654733],[13.904264,46.165284],[13.9055558,46.1637189],[13.9028768,46.1627166],[13.9007303,46.1637019],[13.8988735,46.1617251],[13.901341,46.1602921],[13.9021827,46.1585607],[13.9006841,46.1580838],[13.8993467,46.1557413],[13.8960478,46.1541408],[13.8955634,46.1514602],[13.8920239,46.1510306],[13.8901838,46.149981],[13.8893779,46.1462992],[13.8917544,46.1456328],[13.890077,46.1429591],[13.8929332,46.1422631],[13.8934721,46.1386033],[13.8930257,46.1371986],[13.8913553,46.1364371],[13.8916487,46.1335718],[13.8877668,46.1352489],[13.8853897,46.1351927],[13.8844701,46.133763],[13.8839025,46.1314047],[13.8843346,46.1295677],[13.8856414,46.1290893],[13.8881649,46.1272242],[13.8886015,46.1261633],[13.8882528,46.1237529],[13.8922993,46.1215255],[13.8941566,46.1195189],[13.8980933,46.1172468],[13.8990684,46.1154237],[13.9014461,46.114196],[13.9048634,46.1138981],[13.9064001,46.1129981],[13.9035377,46.1117674],[13.9015767,46.1075829],[13.9005468,46.1044701],[13.90246,46.1028335],[13.9029797,46.101413],[13.9026779,46.0982007],[13.9028857,46.0962876],[13.9009325,46.0937912],[13.9012205,46.0928598],[13.9038888,46.0903202],[13.9014854,46.0888715],[13.9030746,46.0874065],[13.9033165,46.0849817],[13.9060281,46.0830806],[13.9070214,46.0815483],[13.9079851,46.0787401],[13.9078802,46.0772151],[13.9110873,46.0763048],[13.9117288,46.0726556],[13.9099338,46.0715045],[13.9061568,46.070249],[13.9043062,46.0709353],[13.9033114,46.0723086],[13.9020602,46.0719893],[13.9001635,46.0730177],[13.8984078,46.072206],[13.9001597,46.0689183],[13.8995823,46.0672552],[13.8974591,46.0667218],[13.896531,46.0655375],[13.8950145,46.0654194],[13.8930206,46.0672256],[13.8926842,46.0684603],[13.8905411,46.0685423],[13.8891275,46.0692819],[13.8873828,46.0690924],[13.887979,46.066785],[13.8874355,46.0647311],[13.8863642,46.0629508],[13.884921,46.0617668],[13.886925,46.0601257],[13.8868279,46.058725],[13.8851604,46.0570843],[13.8830266,46.0572755],[13.8799937,46.058417],[13.8800026,46.0589097],[13.8727184,46.0614998],[13.8721506,46.0634125],[13.8699334,46.0651888],[13.866471,46.0648966],[13.8639331,46.0668637],[13.8640838,46.0648346],[13.8633065,46.0625802],[13.8641947,46.0610815],[13.8654422,46.0605645],[13.866034,46.0582805],[13.8646137,46.0570602],[13.8649293,46.0559669],[13.8621687,46.0562036],[13.8606795,46.0544684],[13.864534,46.0511122],[13.8645447,46.0501769],[13.8703639,46.049504],[13.8746065,46.0496235],[13.8762015,46.0484328],[13.8738199,46.0454698],[13.8761366,46.0445312],[13.875437,46.0425085],[13.8766725,46.040649],[13.8779465,46.0400326],[13.8779467,46.0386575],[13.8769106,46.038124],[13.8698192,46.0410001],[13.8684962,46.040919],[13.8675347,46.0424169],[13.8663601,46.04226],[13.8669599,46.0402311],[13.8670102,46.0368059],[13.8675477,46.0348204],[13.8702816,46.0334817],[13.8716079,46.0316751],[13.8687737,46.0247689],[13.8703653,46.0230969],[13.8697036,46.0198998],[13.8688813,46.0191884],[13.8690603,46.0171817],[13.8685108,46.0147317],[13.8688244,46.0127213],[13.8695966,46.01194],[13.8703309,46.0089594],[13.8689088,46.0065828],[13.8685813,46.004661],[13.8551571,46.0006217],[13.8563167,45.9983559],[13.8584208,45.9982888],[13.8617175,45.9969579],[13.863871,45.9945562],[13.8685887,45.9937662],[13.8697305,45.9917013],[13.8712256,45.9905813],[13.8729325,45.9866826],[13.8717235,45.9857978],[13.869222,45.9819012],[13.8729584,45.9792936],[13.8742346,45.9794535],[13.8774864,45.9778089],[13.8795745,45.9760052],[13.8880068,45.9747943],[13.8909816,45.973568],[13.8929616,45.9716187],[13.8983924,45.9696037],[13.9040157,45.9709523],[13.9073274,45.970266],[13.9096869,45.9704813],[13.9093344,45.9683271],[13.9118608,45.9657107],[13.9111374,45.964291],[13.9124322,45.9638246],[13.9129076,45.9624321],[13.9169045,45.9603983],[13.9175214,45.9588902],[13.9193909,45.9583648],[13.9202918,45.9555545],[13.9225199,45.9526112],[13.9263518,45.949082],[13.9285983,45.9486231],[13.9296178,45.9490931],[13.9307614,45.9470705],[13.9347338,45.9438988],[13.9358498,45.9433704],[13.9381411,45.9434269],[13.9408271,45.9428209],[13.9466731,45.9406694],[13.9490739,45.9408477],[13.9479449,45.9385458],[13.9510708,45.9370898],[13.9522216,45.9341821],[13.9551344,45.9313522],[13.9573273,45.931275],[13.9590203,45.9325458],[13.9645866,45.9347338],[13.9663833,45.9360591],[13.9674562,45.9355387],[13.9668739,45.9304945],[13.9734507,45.9301341],[13.9815245,45.9259228],[13.9837351,45.925012],[13.9860898,45.9256969],[13.9870839,45.9244227],[13.9861421,45.9238704],[13.9997956,45.9178018],[14.000567,45.9153579],[13.9987189,45.9132639],[13.9996018,45.911493],[14.0011903,45.9119696],[14.0048178,45.9106361],[14.0068124,45.9111532],[14.0102978,45.9103401],[14.0160532,45.909667],[14.0182558,45.9082473],[14.0218214,45.907845],[14.0344994,45.903224],[14.0345148,45.9023283],[14.035978,45.9009092],[14.0326672,45.8974312],[14.0334675,45.8966553],[14.037251,45.8955753],[14.043807,45.8899623],[14.0462372,45.888511],[14.0515045,45.8843444],[14.0571689,45.8893855],[14.0578264,45.8882587],[14.059523,45.8885825],[14.0609123,45.8872996],[14.0623753,45.887141],[14.0649876,45.8854878],[14.0718382,45.8873171],[14.0732328,45.8892],[14.0747159,45.8901458],[14.0792953,45.8896947],[14.0787932,45.8882954],[14.0812131,45.8864056],[14.0857424,45.885839],[14.0852982,45.8844253],[14.1064859,45.8814763],[14.124114,45.87853],[14.1229774,45.8870772],[14.120882,45.8961786],[14.1119125,45.9046015],[14.1069053,45.9067745],[14.1040834,45.9069751],[14.1011437,45.9100956],[14.1022911,45.9213311],[14.0998934,45.9271166],[14.0979292,45.9304037],[14.0987118,45.9316313],[14.10049,45.9322508],[14.1030462,45.931994],[14.1024826,45.933582],[14.1050864,45.9349876],[14.1079428,45.9351696],[14.1113109,45.9360861],[14.110422,45.9379986],[14.1113275,45.9449767],[14.1119969,45.9476614],[14.1143861,45.9497529],[14.1156869,45.9492557],[14.120114,45.9512354],[14.1204926,45.9530417],[14.1203193,45.9556892],[14.1193225,45.9568371],[14.1193759,45.9586711],[14.1172309,45.9624265],[14.1172203,45.9637773],[14.1184644,45.9671126],[14.1178439,45.9679741],[14.1155306,45.9679865],[14.112044,45.9656219],[14.1096514,45.9654211],[14.1076442,45.9663722],[14.1082888,45.9678601],[14.1075713,45.9722242],[14.1097407,45.9743986],[14.1113976,45.974969],[14.1130845,45.9767114],[14.1128965,45.977807],[14.1111196,45.9802201],[14.1162189,45.9794929],[14.1184414,45.9796627],[14.1206106,45.9790457],[14.12308,45.9794167],[14.1242547,45.9786684],[14.1265901,45.9792872],[14.1306788,45.9811927],[14.1307738,45.9840883],[14.1335034,45.9861201],[14.1353131,45.9887437],[14.1342202,45.9902966],[14.1345276,45.9923502],[14.1358449,45.9933047],[14.1379019,45.9937408],[14.1397265,45.9926081],[14.1415004,45.9924587],[14.1446879,45.9933573],[14.1410842,45.9948123],[14.1392628,45.9960441],[14.1393362,45.9975512],[14.140337,45.9989082],[14.1431666,46.0000034],[14.1420995,46.0010052],[14.1428474,46.0021715],[14.1419153,46.0034932],[14.1401611,46.0046287],[14.1373608,46.0048963],[14.1331883,46.0034122],[14.1298863,46.0042996],[14.1255208,46.0046202],[14.1232963,46.0053031],[14.1213624,46.0043418],[14.1213715,46.0083754],[14.1195652,46.0083868],[14.1181336,46.007437],[14.1149431,46.0068686],[14.1152319,46.0087792],[14.1123519,46.010599],[14.1118445,46.0120344],[14.1089134,46.0117407],[14.1051349,46.0120108],[14.1058764,46.0137048],[14.1055823,46.0148806],[14.1079001,46.0158582],[14.1088986,46.0172521],[14.1072041,46.017798],[14.102579,46.0215691],[14.1024435,46.0250462],[14.1044093,46.0267884],[14.1032944,46.028679],[14.1013738,46.0301456],[14.0996814,46.0307936],[14.099192,46.0319821],[14.1011896,46.0322085],[14.1022555,46.0336151],[14.1021382,46.0347604],[14.1000632,46.0350397],[14.0978454,46.0361775],[14.0930102,46.0344023],[14.0895209,46.0326567],[14.0883992,46.0307148],[14.0855359,46.0328496],[14.0836959,46.0305798],[14.0838495,46.0282726],[14.0825036,46.0272071],[14.0790194,46.0269466],[14.080277,46.0307361],[14.0819927,46.0308448],[14.0828821,46.0326219],[14.084829,46.0346442],[14.0851433,46.0365302],[14.0861496,46.0375957],[14.0830746,46.0382688],[14.0806588,46.0377671],[14.0784077,46.0379729],[14.0786404,46.0395027],[14.0811838,46.039164],[14.0806225,46.0418002],[14.0791454,46.0417102],[14.0791091,46.0449955],[14.0755828,46.0470311],[14.0766484,46.0476895],[14.0772985,46.0492974],[14.0754502,46.0511912],[14.073006,46.0511581],[14.0660297,46.0532132],[14.0637871,46.0561392],[14.0612744,46.0578437],[14.0587479,46.0589704],[14.0562507,46.0591217],[14.0542642,46.0614278],[14.0498994,46.063619],[14.0466197,46.064248],[14.0471082,46.0652615],[14.0445477,46.0653757],[14.0430067,46.0662489],[14.0416948,46.0656227],[14.0407186,46.066909],[14.0394296,46.0666513],[14.0384091,46.0688227],[14.0365191,46.069722],[14.0341267,46.0698795],[14.0324752,46.0705031],[14.0294407,46.0724309],[14.0267379,46.0734216],[14.0267604,46.074872],[14.0229775,46.0772142],[14.0237612,46.0798145],[14.0222482,46.0819988],[14.0188609,46.0841221],[14.0185811,46.0883471],[14.0179105,46.089181],[14.0186621,46.0917317],[14.019969,46.0924433],[14.0218001,46.0924581],[14.020815,46.0961288],[14.0255813,46.1018706],[14.0277519,46.1020156],[14.0287592,46.1031705],[14.0299777,46.106955],[14.0324206,46.1084451],[14.0370966,46.1107357],[14.0389473,46.1112937],[14.040325,46.1124251],[14.0422842,46.1120863],[14.0439675,46.1139077],[14.0429401,46.1160189],[14.0433839,46.1187565],[14.0446441,46.1211745],[14.0488659,46.1250671],[14.0493859,46.1264767],[14.0516798,46.1284763],[14.052616,46.1303748],[14.0547313,46.1307931],[14.0583258,46.1324381],[14.0561051,46.1343769],[14.0559442,46.1365665],[14.0568789,46.1374338],[14.0564574,46.139641],[14.0590018,46.1412934],[14.0618269,46.14235],[14.0636407,46.1439703],[14.0649594,46.146998],[14.0695449,46.1496038],[14.0694285,46.1514144],[14.0713521,46.1538874],[14.073495,46.1559009],[14.0732961,46.1599599],[14.074146,46.1646214],[14.0738331,46.1655424],[14.069329,46.1656989],[14.0658548,46.1649345],[14.0659888,46.1662811],[14.0625312,46.1664883],[14.0611738,46.1672355],[14.0589407,46.1668582],[14.0580334,46.1679258],[14.0525374,46.1695916],[14.0516414,46.1683903],[14.048554,46.1685369],[14.0460555,46.1692856],[14.0436488,46.1706688],[14.039637,46.1722994],[14.0364301,46.1713099],[14.0338035,46.1718864],[14.0324365,46.1716152],[14.0301106,46.1698984],[14.0274867,46.1689783],[14.0242751,46.1691378],[14.0233423,46.1700659],[14.0189082,46.1713534],[14.0157868,46.1727839],[14.0138884,46.1715763],[14.0114746,46.1707483],[14.0080922,46.1714392],[14.0049456,46.1695731],[14.0025146,46.1692894],[13.9998271,46.1705833],[13.9981748,46.1699819],[13.9900938,46.1733879],[13.9911868,46.1745971],[13.9911828,46.1758829],[13.9896531,46.1765031],[13.9866991,46.1763863],[13.9858663,46.1798592],[13.9879684,46.1815849],[13.9857269,46.1825302],[13.9855436,46.1834322],[13.9875825,46.1853017],[13.987404,46.1867757],[13.9889628,46.1873763],[13.9895421,46.1915623],[13.9882466,46.192963]]],[[[13.6641116,46.1704714],[13.6625164,46.1680818],[13.6597447,46.1656174],[13.657384,46.1647248],[13.6563698,46.1634679],[13.654375,46.1621963],[13.6535086,46.16049],[13.6534945,46.1586615],[13.6547924,46.157286],[13.6558864,46.1548465],[13.6545367,46.1537554],[13.654737,46.1513459],[13.6529166,46.1493437],[13.6527674,46.1480461],[13.6498848,46.1449864],[13.6491957,46.1428311],[13.6478404,46.1421774],[13.6445102,46.1376876],[13.6424257,46.1367471],[13.6393605,46.1344041],[13.6345832,46.1348254],[13.6319289,46.1326669],[13.6297458,46.1313722],[13.6301665,46.1305393],[13.6284616,46.1290467],[13.6266165,46.1288957],[13.6238186,46.1240928],[13.6196783,46.1220857],[13.6191159,46.1209799],[13.6166053,46.120919],[13.6155745,46.1198007],[13.6123294,46.1186895],[13.6119894,46.1168808],[13.6101563,46.1158782],[13.6076979,46.1162724],[13.605378,46.1142631],[13.6012952,46.112741],[13.602082,46.1113226],[13.5998119,46.1100636],[13.6001575,46.1081682],[13.5964766,46.1067832],[13.5965974,46.104702],[13.5946554,46.1036063],[13.5925669,46.1034619],[13.5896927,46.1021952],[13.5891663,46.1012355],[13.5868059,46.1001039],[13.5843599,46.1006062],[13.5820465,46.0982132],[13.5794372,46.0974855],[13.5789368,46.0958952],[13.5766164,46.0945434],[13.5765919,46.0930303],[13.5740521,46.0913297],[13.5735289,46.089678],[13.5721615,46.0882601],[13.5695289,46.0892074],[13.5665156,46.087338],[13.5638639,46.0876982],[13.5612218,46.0871358],[13.5602589,46.0855498],[13.556598,46.0848014],[13.5541816,46.0838042],[13.5510792,46.0842499],[13.550338,46.0818491],[13.5466746,46.0832544],[13.5434948,46.0825695],[13.5429004,46.0816325],[13.5434699,46.0796147],[13.543185,46.0782169],[13.541564,46.0766698],[13.5386789,46.0764667],[13.5373355,46.0741735],[13.5341792,46.0728204],[13.5333156,46.0713812],[13.5334507,46.0694054],[13.5316168,46.0694632],[13.5303725,46.0702579],[13.5292214,46.069195],[13.530164,46.0665443],[13.5284395,46.066529],[13.525442,46.0674638],[13.5231869,46.0657692],[13.5171526,46.0630893],[13.5159698,46.0623075],[13.5131925,46.0619423],[13.5104734,46.0628567],[13.5091238,46.0626661],[13.5067519,46.0604472],[13.5042519,46.0626262],[13.5012635,46.0617797],[13.4996513,46.0592383],[13.4977055,46.0591279],[13.4962968,46.0577051],[13.4975611,46.0558289],[13.4972946,46.0527114],[13.4978765,46.0517286],[13.4962438,46.0484007],[13.4983195,46.047418],[13.5003166,46.0472308],[13.5064765,46.0458541],[13.5084869,46.045944],[13.5087021,46.0440066],[13.5080327,46.0434402],[13.5101462,46.0421162],[13.5088804,46.039308],[13.5081041,46.0336993],[13.5044514,46.0291987],[13.5040819,46.0264772],[13.5015105,46.024509],[13.500759,46.0228764],[13.4976971,46.018787],[13.4969325,46.0164605],[13.4946916,46.01497],[13.4918312,46.0143522],[13.4890824,46.0148777],[13.4866433,46.0140855],[13.4851175,46.0126629],[13.4836891,46.0128753],[13.4795764,46.0114697],[13.4809621,46.0096016],[13.4771076,46.0076567],[13.4761617,46.0060771],[13.477514,46.0056299],[13.4786404,46.0035295],[13.4848617,46.000523],[13.4859475,45.9995523],[13.4868531,45.9975291],[13.4882045,45.9963465],[13.4883976,45.9940404],[13.4910274,45.9921864],[13.4960231,45.9854691],[13.4995123,45.9831598],[13.5016274,45.9804506],[13.505707,45.980555],[13.5085147,45.979586],[13.5106053,45.9800498],[13.51375,45.9798722],[13.5156245,45.978382],[13.5182829,45.9747334],[13.5213713,45.9730021],[13.525313,45.9731719],[13.5263884,45.9726692],[13.5276507,45.970384],[13.5280434,45.967066],[13.5305904,45.9662483],[13.5353372,45.9657915],[13.5385173,45.9658339],[13.5418095,45.9647757],[13.5456864,45.9657267],[13.5470962,45.9689737],[13.5481438,45.9700137],[13.5516602,45.9705373],[13.5546416,45.9704583],[13.5599286,45.9696814],[13.5614205,45.9700133],[13.5649854,45.9689811],[13.568511,45.9687125],[13.5689807,45.9703301],[13.5710157,45.9727026],[13.5735793,45.9744714],[13.5757061,45.9767176],[13.5764612,45.9793112],[13.5764764,45.9809883],[13.5773391,45.9826894],[13.5785653,45.9835616],[13.5810453,45.9840395],[13.5831889,45.9859252],[13.5856082,45.9868547],[13.5845688,45.9881592],[13.5859618,45.9886238],[13.5884276,45.9885332],[13.5906322,45.9900054],[13.5934844,45.9896978],[13.5980561,45.9879358],[13.6032744,45.9874788],[13.6085426,45.9842561],[13.6112069,45.9852799],[13.6131437,45.9853371],[13.6172679,45.9834667],[13.6192515,45.9833544],[13.6208391,45.9845846],[13.6255267,45.9856311],[13.628507,45.9872865],[13.6300302,45.98697],[13.6335549,45.9891225],[13.6366662,45.9868319],[13.6430751,45.982673],[13.6393572,45.9794479],[13.6402337,45.9739416],[13.6399367,45.9706481],[13.6387786,45.9692638],[13.6374676,45.9663785],[13.6382384,45.9651498],[13.6349039,45.956064],[13.6334683,45.9501428],[13.6333809,45.9478982],[13.636698,45.9401419],[13.6380505,45.9365648],[13.6379978,45.9351614],[13.6344446,45.9331046],[13.6337472,45.9319703],[13.630893,45.9298087],[13.6290113,45.9264611],[13.6266859,45.9244871],[13.6268214,45.9221139],[13.6245378,45.920174],[13.6225826,45.9210077],[13.6219253,45.9197187],[13.6179733,45.9156022],[13.6169081,45.9132731],[13.6156659,45.9077139],[13.6140494,45.9077429],[13.6131094,45.906854],[13.6089419,45.8993001],[13.6059302,45.8978684],[13.6042655,45.8974969],[13.5999305,45.8956412],[13.5960948,45.8950181],[13.5964483,45.8930617],[13.595648,45.8914696],[13.5941479,45.8918433],[13.5928723,45.8911229],[13.5926881,45.8899431],[13.5875662,45.8837376],[13.5864903,45.8819133],[13.5866549,45.8807087],[13.5895579,45.8785503],[13.5932518,45.8746733],[13.5872444,45.8712885],[13.5848217,45.8677662],[13.5816944,45.8598753],[13.5795753,45.8572677],[13.5798532,45.8564269],[13.5767665,45.854933],[13.5753081,45.8537108],[13.5754939,45.8522295],[13.5767282,45.8509763],[13.5750717,45.8453868],[13.5766276,45.8431548],[13.5744242,45.8432895],[13.5885578,45.835351],[13.592397,45.8233676],[13.5971234,45.8194558],[13.6073728,45.8195989],[13.6118821,45.8191399],[13.6200412,45.8194511],[13.6230505,45.8188054],[13.6255677,45.8191535],[13.6307124,45.8189305],[13.6347052,45.8193417],[13.6425795,45.8197073],[13.6503629,45.8169879],[13.6570385,45.8158325],[13.6737299,45.8160574],[13.6824551,45.8160894],[13.6895396,45.8348239],[13.6921736,45.836182],[13.6986773,45.8353448],[13.7023669,45.8351707],[13.703656,45.8371152],[13.7077954,45.8400915],[13.7141892,45.8435146],[13.7156194,45.8452704],[13.7153681,45.8476453],[13.7168415,45.8508397],[13.7171736,45.8530458],[13.7191819,45.8552634],[13.7193772,45.8571355],[13.7186751,45.8592527],[13.7172656,45.8604077],[13.7157657,45.8634177],[13.7228209,45.861583],[13.731187,45.8603954],[13.7418865,45.8581174],[13.7454894,45.8574954],[13.748513,45.8563951],[13.7487884,45.8555622],[13.751862,45.852904],[13.7584508,45.8512657],[13.7617755,45.8500678],[13.7657369,45.8477028],[13.7707447,45.8420052],[13.772871,45.8407917],[13.7768436,45.840522],[13.7863583,45.8364823],[13.7898331,45.8337837],[13.799619,45.8346495],[13.8085951,45.835212],[13.8103807,45.8346759],[13.8114578,45.8354899],[13.8116289,45.8369608],[13.8127161,45.8379181],[13.8100165,45.8421271],[13.8156208,45.8412171],[13.8175494,45.8418373],[13.8195896,45.8445059],[13.8245879,45.843082],[13.8265927,45.8437902],[13.8289218,45.8405863],[13.8317778,45.840289],[13.8331144,45.8390189],[13.8372998,45.8377922],[13.8377256,45.836107],[13.8394524,45.8363226],[13.8401886,45.8353822],[13.8400739,45.836541],[13.8424009,45.8377382],[13.8438302,45.8374046],[13.8441647,45.838927],[13.841854,45.8407257],[13.8417955,45.8428061],[13.8398556,45.8452538],[13.8414495,45.8464069],[13.8395456,45.8471061],[13.8348585,45.8472297],[13.8333269,45.8466853],[13.8306051,45.8469261],[13.8278496,45.8463659],[13.8265009,45.8471146],[13.8281279,45.8482361],[13.8285491,45.8504431],[13.8216997,45.8499747],[13.8204773,45.8513033],[13.8167278,45.8518917],[13.815064,45.8537091],[13.8126963,45.8536931],[13.8104134,45.8543822],[13.8103781,45.8560002],[13.8067408,45.8562113],[13.806438,45.8582],[13.8044678,45.8614212],[13.805351,45.86288],[13.8025454,45.8631063],[13.800684,45.8627143],[13.7987196,45.8668729],[13.7966677,45.866794],[13.795987,45.8684001],[13.7963185,45.869844],[13.7977088,45.8709679],[13.8002219,45.871266],[13.8009975,45.8723325],[13.7989878,45.8736794],[13.7940391,45.8755284],[13.7881155,45.8781242],[13.7828536,45.8799934],[13.7797769,45.8832659],[13.7767792,45.8831666],[13.7713522,45.8849578],[13.769664,45.8859162],[13.7682241,45.8858112],[13.763991,45.8867465],[13.7608588,45.8871088],[13.7579086,45.8883784],[13.7560572,45.8881045],[13.7553445,45.8905632],[13.7562932,45.8915968],[13.7566688,45.8932889],[13.7537389,45.8963777],[13.7542139,45.8978472],[13.7525119,45.9006383],[13.7507234,45.9004399],[13.7489736,45.9014444],[13.7459887,45.9023974],[13.7442072,45.9025207],[13.7386187,45.9020297],[13.7377997,45.9005191],[13.7354005,45.9016995],[13.7329731,45.9036116],[13.7361628,45.9062512],[13.7384822,45.9066193],[13.7430521,45.9061857],[13.7449599,45.9055362],[13.7496462,45.908727],[13.7518733,45.9107073],[13.7519104,45.9113904],[13.7540273,45.9130888],[13.7554658,45.912579],[13.7632972,45.9127622],[13.7661913,45.9132794],[13.7682948,45.9146914],[13.7712981,45.9154119],[13.7767181,45.9193004],[13.7791602,45.9220929],[13.7819137,45.9235054],[13.7862873,45.9265931],[13.7943663,45.9336659],[13.7952492,45.9360849],[13.8045863,45.9473091],[13.8070697,45.9525992],[13.8012097,45.9748172],[13.8007586,45.9762917],[13.8164418,45.9730553],[13.8282733,45.9703971],[13.8339206,45.9715154],[13.8531013,45.9757164],[13.8642634,45.9786712],[13.8434684,45.9975448],[13.8551571,46.0006217],[13.8685813,46.004661],[13.8670595,46.0064534],[13.8644478,46.0078675],[13.8626933,46.0094552],[13.8613507,46.0085104],[13.8592663,46.0093932],[13.8602583,46.01022],[13.8572594,46.0109275],[13.853368,46.0129161],[13.8525396,46.0144794],[13.8492089,46.0157593],[13.8461902,46.0161468],[13.8443796,46.0168547],[13.8410411,46.0190685],[13.8388568,46.0171655],[13.8360712,46.0193149],[13.8331587,46.0226316],[13.831781,46.0217719],[13.8306548,46.0238328],[13.8269733,46.0280466],[13.8247675,46.0309731],[13.8255824,46.0322394],[13.8250362,46.0353093],[13.823114,46.0356677],[13.819823,46.040312],[13.8175942,46.0415375],[13.8081471,46.0502067],[13.8073032,46.0537369],[13.8076483,46.0563423],[13.8085521,46.0577104],[13.8079819,46.0591586],[13.8089177,46.0602606],[13.807891,46.0618318],[13.809054,46.0630805],[13.8079213,46.0648203],[13.8108301,46.0670046],[13.8099423,46.0685325],[13.807565,46.0706753],[13.8084752,46.072008],[13.8135931,46.0754489],[13.815725,46.074433],[13.8179078,46.075701],[13.8191118,46.0771557],[13.8144826,46.0800071],[13.8052742,46.0871188],[13.8062617,46.0892607],[13.8080148,46.0898382],[13.8086297,46.0923143],[13.8099186,46.0928814],[13.8096418,46.0952279],[13.8075919,46.1009359],[13.8035623,46.1067442],[13.7978536,46.1074839],[13.793341,46.1072785],[13.7900005,46.1054357],[13.7850391,46.1070698],[13.7799783,46.1080802],[13.7800743,46.106438],[13.77743,46.1047654],[13.7707765,46.098453],[13.7686737,46.0997547],[13.7634037,46.099553],[13.7600296,46.1003759],[13.7611772,46.1020711],[13.7594474,46.10506],[13.7590565,46.1074459],[13.7564465,46.1078954],[13.7539201,46.1066799],[13.7530764,46.1089747],[13.7511251,46.1099101],[13.7497671,46.1094119],[13.7485612,46.1108992],[13.74645,46.1113318],[13.7456347,46.1104915],[13.7417571,46.1094054],[13.7402734,46.110914],[13.7379925,46.1119954],[13.7367186,46.1118464],[13.7360029,46.1136952],[13.7346678,46.1134458],[13.7329932,46.1156679],[13.7312657,46.1169992],[13.7283868,46.1182233],[13.7281005,46.1191161],[13.7250574,46.1203602],[13.718606,46.1194694],[13.7171748,46.1196872],[13.7148633,46.1225906],[13.7126461,46.1247428],[13.7122183,46.1263089],[13.7095389,46.1268101],[13.7052304,46.1262656],[13.7024239,46.1251689],[13.7010186,46.1284569],[13.7032967,46.1294488],[13.7071127,46.1301949],[13.7063817,46.1315803],[13.701319,46.1311422],[13.6984104,46.1321761],[13.6970754,46.1305911],[13.6952439,46.1305916],[13.6953512,46.1331746],[13.6922842,46.1370386],[13.6872494,46.1382994],[13.688577,46.1456418],[13.6876117,46.1478622],[13.6876133,46.1494938],[13.6866393,46.1510092],[13.6854817,46.1540514],[13.6820756,46.1569524],[13.6818634,46.1578294],[13.6797821,46.1590721],[13.6803953,46.1610174],[13.678157,46.162836],[13.6795083,46.1651956],[13.678414,46.1656876],[13.6781352,46.167152],[13.6763158,46.1678365],[13.6752781,46.1694305],[13.6741843,46.1697843],[13.6737735,46.1712264],[13.6713099,46.1704595],[13.6685805,46.1700952],[13.6641116,46.1704714]]],[[[13.9931622,46.236879],[13.9885771,46.2375284],[13.9821218,46.2370899],[13.9791998,46.2382545],[13.9787352,46.2372077],[13.9768844,46.2373787],[13.9751397,46.2359422],[13.97263,46.2347582],[13.971058,46.2350097],[13.9693763,46.2341648],[13.9656153,46.2333353],[13.9621752,46.2350699],[13.958709,46.2372348],[13.9538109,46.2366386],[13.9513393,46.2345328],[13.9499922,46.2342416],[13.9476277,46.2324078],[13.9422854,46.2312966],[13.9396622,46.231218],[13.936206,46.2317755],[13.9339447,46.2307014],[13.9312534,46.2308486],[13.9278674,46.2300393],[13.9253199,46.2306361],[13.9205803,46.2296873],[13.916454,46.230643],[13.9140642,46.2299572],[13.9127024,46.2289226],[13.9100234,46.2294714],[13.9085372,46.2303823],[13.9030489,46.2303675],[13.8972425,46.2263637],[13.8943737,46.2257151],[13.8924085,46.2257113],[13.8882914,46.2271487],[13.886727,46.2288147],[13.8854087,46.2290734],[13.8829759,46.2278676],[13.8816123,46.2280258],[13.8753717,46.2258835],[13.8727024,46.2262601],[13.8671857,46.2276051],[13.865168,46.2277217],[13.862543,46.2295117],[13.8596635,46.2281391],[13.8561991,46.2289954],[13.8547048,46.2306979],[13.8528481,46.2315578],[13.8530761,46.233059],[13.8509966,46.2328991],[13.8477831,46.2332489],[13.8454997,46.2329454],[13.843689,46.2354785],[13.8399634,46.2356618],[13.8391313,46.2366553],[13.8372217,46.2370593],[13.834709,46.2384106],[13.830062,46.2391939],[13.8287086,46.2386506],[13.8213499,46.2391818],[13.8187349,46.2384949],[13.8179933,46.2391535],[13.8151925,46.2385042],[13.8129167,46.2384809],[13.8098246,46.2398884],[13.8081995,46.2398273],[13.8047853,46.2422659],[13.8041425,46.2437493],[13.7997605,46.2454205],[13.7978548,46.2455901],[13.7955907,46.2468802],[13.7932026,46.2475241],[13.7870549,46.2508658],[13.7848411,46.2509484],[13.7822696,46.2518239],[13.7805396,46.2543763],[13.7766401,46.2554905],[13.7750386,46.2571944],[13.7743729,46.2588549],[13.7719795,46.2594368],[13.7687804,46.2612682],[13.7660763,46.2616752],[13.7626709,46.2604368],[13.7600259,46.2600685],[13.7571794,46.2605143],[13.754378,46.2617971],[13.7526095,46.265396],[13.7505678,46.2664917],[13.7491288,46.2687941],[13.7484296,46.2716204],[13.7462101,46.2731885],[13.7448442,46.2748559],[13.7405494,46.2765005],[13.7369534,46.2764637],[13.7356318,46.2778085],[13.7359684,46.2801405],[13.7343787,46.2822564],[13.7314506,46.2839342],[13.7300881,46.2865883],[13.7316458,46.2890466],[13.7315797,46.2910334],[13.7327153,46.2924033],[13.7297638,46.2938403],[13.7281786,46.295178],[13.7268449,46.2953082],[13.7248098,46.2966382],[13.7251083,46.2982093],[13.7284985,46.3005207],[13.7307927,46.3008414],[13.7333135,46.3042103],[13.7356343,46.3058414],[13.7376145,46.3059137],[13.7406372,46.3076978],[13.7421471,46.3091215],[13.7440611,46.3097516],[13.7457233,46.3119552],[13.7461577,46.3158834],[13.744654,46.3176463],[13.7445834,46.3198401],[13.7428435,46.321924],[13.7421237,46.321804],[13.7413268,46.3251133],[13.7414868,46.3288833],[13.7408918,46.3292077],[13.7413257,46.3318346],[13.7405942,46.3326735],[13.7442758,46.3343056],[13.7446579,46.3373922],[13.7503374,46.338014],[13.7538048,46.3416628],[13.7551724,46.3420725],[13.7609408,46.342214],[13.7619371,46.3418951],[13.7652262,46.3427172],[13.7678733,46.3440692],[13.7699424,46.3457031],[13.772614,46.3464044],[13.7758813,46.3467594],[13.7786017,46.3477564],[13.7794069,46.3490081],[13.7824603,46.3502314],[13.7824052,46.3515076],[13.7848588,46.352398],[13.7870013,46.3526784],[13.7890123,46.3554175],[13.7943455,46.3567976],[13.8024861,46.3554841],[13.8040314,46.3572251],[13.8057331,46.3576338],[13.8072545,46.3599351],[13.8091776,46.3601511],[13.8122041,46.3596161],[13.8134496,46.3588815],[13.8154179,46.3591378],[13.8156684,46.3604633],[13.8170478,46.3616834],[13.820016,46.3621855],[13.8208256,46.3628265],[13.8267305,46.3643696],[13.8298916,46.3684931],[13.836267,46.375993],[13.8366701,46.3782889],[13.8355775,46.3815066],[13.8300377,46.3815891],[13.8271195,46.3809161],[13.8238488,46.3812864],[13.8203033,46.3845243],[13.8166236,46.3870294],[13.8150543,46.3876636],[13.8139903,46.3899454],[13.8153635,46.3904639],[13.8162629,46.3942675],[13.8154747,46.3959989],[13.8126075,46.3981135],[13.8134365,46.4003729],[13.8123334,46.4015805],[13.8122292,46.4037886],[13.8113752,46.4042673],[13.8137892,46.4076409],[13.8117923,46.4098558],[13.8068563,46.4108192],[13.8035346,46.4097829],[13.8009347,46.4099634],[13.7996176,46.4112805],[13.7988298,46.4136929],[13.7955141,46.4144414],[13.7922973,46.4139713],[13.7928248,46.4162869],[13.7896077,46.4182535],[13.7876611,46.4185582],[13.7846582,46.4197928],[13.7835929,46.4198078],[13.7780954,46.4229086],[13.7770217,46.4222345],[13.7746686,46.4229759],[13.7721463,46.4223234],[13.7706514,46.4229966],[13.7697505,46.4247069],[13.7657355,46.4240573],[13.7632057,46.4243243],[13.7617321,46.4235779],[13.7581569,46.4240557],[13.754099,46.4256186],[13.750313,46.4274659],[13.7483368,46.4303781],[13.7480932,46.4315921],[13.7467611,46.4328275],[13.7465627,46.4340831],[13.7433671,46.4348009],[13.740553,46.4361092],[13.7388771,46.4390278],[13.7353979,46.437775],[13.7312616,46.4375758],[13.7299829,46.4365894],[13.7266466,46.435959],[13.7237674,46.434403],[13.7200168,46.431657],[13.7197783,46.4303965],[13.7161673,46.4289965],[13.7138308,46.4290784],[13.7106207,46.4283917],[13.7095168,46.4276197],[13.70512,46.4259311],[13.6993349,46.4261166],[13.6940594,46.4243029],[13.6915434,46.423059],[13.6896428,46.423334],[13.6827799,46.4196507],[13.6809059,46.4196989],[13.6798982,46.421563],[13.6763033,46.4239332],[13.6763761,46.424646],[13.6786549,46.4253668],[13.6796505,46.4273331],[13.6811199,46.4282983],[13.6813133,46.4296113],[13.6799763,46.4301256],[13.6804208,46.4319332],[13.6839875,46.434279],[13.6836203,46.4357088],[13.6840204,46.4374728],[13.6794647,46.4387213],[13.6763541,46.4403928],[13.6713119,46.4396112],[13.6683395,46.440059],[13.6675256,46.4407848],[13.6651345,46.44076],[13.6588441,46.4398391],[13.6567079,46.4400155],[13.6546361,46.4394585],[13.6534896,46.4413365],[13.6540577,46.4437484],[13.6512428,46.4449043],[13.6491124,46.4463325],[13.6457586,46.4454711],[13.6418912,46.4440381],[13.636933,46.443789],[13.6348959,46.4420468],[13.6311792,46.4417085],[13.6280681,46.4422908],[13.6259369,46.4432878],[13.6233565,46.4420625],[13.6224276,46.4424991],[13.6203172,46.4418999],[13.6179571,46.439693],[13.61466,46.4393406],[13.6106265,46.4416567],[13.6080387,46.4396708],[13.6049452,46.4401212],[13.6019421,46.4387568],[13.5991389,46.438602],[13.5973803,46.4392124],[13.5953808,46.4374143],[13.5916242,46.4364423],[13.5892437,46.4327278],[13.5858165,46.430731],[13.5820356,46.4304307],[13.5822306,46.4290482],[13.5802707,46.4277749],[13.5785774,46.4247744],[13.5780183,46.4166882],[13.57672,46.4141834],[13.5777144,46.4106704],[13.5779123,46.4087122],[13.5747567,46.4085151],[13.5733454,46.404772],[13.5721762,46.4045408],[13.5682098,46.400251],[13.5655299,46.3979672],[13.5639861,46.3988532],[13.5621848,46.3989911],[13.5593386,46.3985029],[13.5563346,46.3963427],[13.5564036,46.3952659],[13.554425,46.3935895],[13.5517516,46.392367],[13.5478298,46.3928042],[13.543561,46.3914038],[13.5415437,46.3914716],[13.5410357,46.3892818],[13.5397406,46.3882996],[13.5398544,46.3870604],[13.5386803,46.3860937],[13.5334965,46.3853673],[13.5274852,46.3881397],[13.5218365,46.3845595],[13.5186695,46.3831495],[13.516913,46.3829706],[13.5168431,46.3802337],[13.5179953,46.3777493],[13.5169434,46.3767829],[13.5122585,46.3762976],[13.5103289,46.376879],[13.508648,46.3767264],[13.5073253,46.3752957],[13.5046027,46.374066],[13.5013781,46.3719572],[13.4991529,46.371009],[13.4928841,46.3700824],[13.4893523,46.3701058],[13.4862417,46.370489],[13.4816806,46.3684974],[13.4808615,46.367127],[13.4780579,46.3657242],[13.4769451,46.3640635],[13.4751801,46.363079],[13.4683275,46.3606165],[13.4647641,46.3618341],[13.4604956,46.3629103],[13.4556691,46.362738],[13.4478664,46.3627997],[13.4462876,46.3611463],[13.4422661,46.360244],[13.4390308,46.3601434],[13.437881,46.3591659],[13.4378075,46.3563145],[13.4369829,46.3543036],[13.4383982,46.3526366],[13.4403647,46.3511994],[13.4416003,46.3489632],[13.4425704,46.3482673],[13.4412987,46.3470231],[13.4422658,46.3454643],[13.4441775,46.344324],[13.4445153,46.3402422],[13.445983,46.33932],[13.4472328,46.3365659],[13.4494405,46.3348282],[13.4480904,46.3331801],[13.4482554,46.3311293],[13.4439425,46.330275],[13.4433359,46.3283961],[13.441889,46.3268151],[13.4413568,46.3252903],[13.4398841,46.3241153],[13.4396205,46.3226591],[13.4366905,46.3215087],[13.4316421,46.3226338],[13.4255102,46.3225199],[13.4247945,46.3217785],[13.419136,46.3184553],[13.4181508,46.3182182],[13.4154081,46.3144751],[13.4163857,46.3125574],[13.4156647,46.3097858],[13.4179023,46.307349],[13.4183099,46.3058199],[13.4161292,46.3053093],[13.4144348,46.3059389],[13.409879,46.3054326],[13.406458,46.3057116],[13.4028711,46.3001357],[13.3754831,46.2982303],[13.3762774,46.2966471],[13.3776334,46.2913856],[13.3799973,46.2889381],[13.3818584,46.2889083],[13.3837522,46.2905536],[13.3865403,46.2907071],[13.3882652,46.2856145],[13.3915513,46.2832884],[13.3924418,46.2822885],[13.3917097,46.2785649],[13.3929162,46.2738795],[13.3925587,46.2732214],[13.393,46.2700927],[13.3947578,46.2686292],[13.3945989,46.2664716],[13.3935703,46.2659861],[13.3965583,46.2613257],[13.3958182,46.2601771],[13.3964858,46.2587355],[13.3982271,46.2571365],[13.397395,46.2563831],[13.398833,46.2531844],[13.4018579,46.252303],[13.4025489,46.2507405],[13.4044003,46.2483312],[13.4056465,46.2438423],[13.4083436,46.2419623],[13.4099866,46.2400026],[13.4119188,46.2389844],[13.4131642,46.2393937],[13.4144551,46.2384551],[13.4168051,46.2378532],[13.4168813,46.23708],[13.4207272,46.235197],[13.422857,46.2345267],[13.421296,46.233157],[13.4225196,46.2312798],[13.4204323,46.2307005],[13.4183736,46.2286567],[13.4148627,46.2287202],[13.4135118,46.2277825],[13.4115298,46.227517],[13.4116144,46.2262555],[13.4151095,46.2246465],[13.4166291,46.2227063],[13.4150618,46.2186909],[13.4110093,46.2173412],[13.4091002,46.21554],[13.409681,46.213955],[13.4114337,46.2117974],[13.4220325,46.2089249],[13.4233486,46.2060515],[13.4359105,46.2114053],[13.439932,46.2122236],[13.4462486,46.2127308],[13.4482241,46.2162481],[13.4440354,46.2254277],[13.4460041,46.2257785],[13.4486149,46.2251621],[13.4568346,46.2261167],[13.4654131,46.2235905],[13.4729758,46.2252461],[13.482314,46.224826],[13.4913014,46.2228621],[13.4929484,46.2228703],[13.4983678,46.2210644],[13.4977495,46.2200046],[13.4993903,46.2191999],[13.4972042,46.2183248],[13.4989208,46.2172875],[13.5029227,46.2156676],[13.5079667,46.2152586],[13.5098143,46.2157814],[13.5154575,46.2148947],[13.5176871,46.2164805],[13.5218825,46.2178339],[13.5246779,46.2176472],[13.5290628,46.2189014],[13.5296967,46.2179957],[13.5292413,46.2150554],[13.5294538,46.2122121],[13.5328663,46.2130945],[13.5389078,46.2135519],[13.5406192,46.2129461],[13.5454558,46.2122372],[13.5468099,46.2113044],[13.5529948,46.2088109],[13.5619193,46.2042182],[13.5615508,46.2032254],[13.5622618,46.2016265],[13.5612766,46.2005359],[13.5617113,46.1985109],[13.5660743,46.1950464],[13.5653826,46.1932129],[13.565401,46.1900654],[13.5650234,46.1883781],[13.5653542,46.1866279],[13.5670344,46.1857844],[13.5699285,46.1872453],[13.5715335,46.1850112],[13.5730064,46.184233],[13.5756912,46.1858293],[13.5778879,46.185356],[13.5813027,46.1872111],[13.583139,46.188842],[13.5859408,46.1904495],[13.5871579,46.1889794],[13.588924,46.1911586],[13.5920787,46.1930989],[13.5935996,46.1920001],[13.5930628,46.1910426],[13.5910553,46.1900438],[13.589943,46.1888135],[13.590495,46.1880877],[13.5949615,46.1886838],[13.6022992,46.1883192],[13.6127147,46.1892914],[13.6139188,46.1873758],[13.6115494,46.1855214],[13.6145765,46.1843244],[13.6224302,46.1868346],[13.6336098,46.1917892],[13.63702,46.1906757],[13.6453379,46.1892135],[13.6553116,46.1859988],[13.6594891,46.1836375],[13.6634882,46.17849],[13.6666782,46.1740428],[13.6654597,46.1733603],[13.665716,46.1720506],[13.6641116,46.1704714],[13.6685805,46.1700952],[13.6713099,46.1704595],[13.6737735,46.1712264],[13.6741843,46.1697843],[13.6752781,46.1694305],[13.6763158,46.1678365],[13.6781352,46.167152],[13.678414,46.1656876],[13.6795083,46.1651956],[13.678157,46.162836],[13.6803953,46.1610174],[13.6797821,46.1590721],[13.6818634,46.1578294],[13.6820756,46.1569524],[13.6854817,46.1540514],[13.6866393,46.1510092],[13.6876133,46.1494938],[13.6876117,46.1478622],[13.688577,46.1456418],[13.6872494,46.1382994],[13.6922842,46.1370386],[13.6953512,46.1331746],[13.6952439,46.1305916],[13.6970754,46.1305911],[13.6984104,46.1321761],[13.701319,46.1311422],[13.7063817,46.1315803],[13.7071127,46.1301949],[13.7032967,46.1294488],[13.7010186,46.1284569],[13.7024239,46.1251689],[13.7052304,46.1262656],[13.7095389,46.1268101],[13.7122183,46.1263089],[13.7126461,46.1247428],[13.7148633,46.1225906],[13.7171748,46.1196872],[13.718606,46.1194694],[13.7250574,46.1203602],[13.7281005,46.1191161],[13.7283868,46.1182233],[13.7312657,46.1169992],[13.7329932,46.1156679],[13.7346678,46.1134458],[13.7360029,46.1136952],[13.7367186,46.1118464],[13.7379925,46.1119954],[13.7402734,46.110914],[13.7417571,46.1094054],[13.7456347,46.1104915],[13.74645,46.1113318],[13.7485612,46.1108992],[13.7497671,46.1094119],[13.7511251,46.1099101],[13.7530764,46.1089747],[13.7539201,46.1066799],[13.7564465,46.1078954],[13.7590565,46.1074459],[13.7594474,46.10506],[13.7611772,46.1020711],[13.7600296,46.1003759],[13.7634037,46.099553],[13.7686737,46.0997547],[13.7707765,46.098453],[13.77743,46.1047654],[13.7800743,46.106438],[13.7799783,46.1080802],[13.7850391,46.1070698],[13.7900005,46.1054357],[13.793341,46.1072785],[13.7978536,46.1074839],[13.8035623,46.1067442],[13.8075919,46.1009359],[13.8096418,46.0952279],[13.8099186,46.0928814],[13.8086297,46.0923143],[13.8080148,46.0898382],[13.8062617,46.0892607],[13.8052742,46.0871188],[13.8144826,46.0800071],[13.8191118,46.0771557],[13.8179078,46.075701],[13.815725,46.074433],[13.8135931,46.0754489],[13.8084752,46.072008],[13.807565,46.0706753],[13.8099423,46.0685325],[13.8108301,46.0670046],[13.8079213,46.0648203],[13.809054,46.0630805],[13.807891,46.0618318],[13.8089177,46.0602606],[13.8079819,46.0591586],[13.8085521,46.0577104],[13.8076483,46.0563423],[13.8073032,46.0537369],[13.8081471,46.0502067],[13.8175942,46.0415375],[13.819823,46.040312],[13.823114,46.0356677],[13.8250362,46.0353093],[13.8255824,46.0322394],[13.8247675,46.0309731],[13.8269733,46.0280466],[13.8306548,46.0238328],[13.831781,46.0217719],[13.8331587,46.0226316],[13.8360712,46.0193149],[13.8388568,46.0171655],[13.8410411,46.0190685],[13.8443796,46.0168547],[13.8461902,46.0161468],[13.8492089,46.0157593],[13.8525396,46.0144794],[13.853368,46.0129161],[13.8572594,46.0109275],[13.8602583,46.01022],[13.8592663,46.0093932],[13.8613507,46.0085104],[13.8626933,46.0094552],[13.8644478,46.0078675],[13.8670595,46.0064534],[13.8685813,46.004661],[13.8689088,46.0065828],[13.8703309,46.0089594],[13.8695966,46.01194],[13.8688244,46.0127213],[13.8685108,46.0147317],[13.8690603,46.0171817],[13.8688813,46.0191884],[13.8697036,46.0198998],[13.8703653,46.0230969],[13.8687737,46.0247689],[13.8716079,46.0316751],[13.8702816,46.0334817],[13.8675477,46.0348204],[13.8670102,46.0368059],[13.8669599,46.0402311],[13.8663601,46.04226],[13.8675347,46.0424169],[13.8684962,46.040919],[13.8698192,46.0410001],[13.8769106,46.038124],[13.8779467,46.0386575],[13.8779465,46.0400326],[13.8766725,46.040649],[13.875437,46.0425085],[13.8761366,46.0445312],[13.8738199,46.0454698],[13.8762015,46.0484328],[13.8746065,46.0496235],[13.8703639,46.049504],[13.8645447,46.0501769],[13.864534,46.0511122],[13.8606795,46.0544684],[13.8621687,46.0562036],[13.8649293,46.0559669],[13.8646137,46.0570602],[13.866034,46.0582805],[13.8654422,46.0605645],[13.8641947,46.0610815],[13.8633065,46.0625802],[13.8640838,46.0648346],[13.8639331,46.0668637],[13.866471,46.0648966],[13.8699334,46.0651888],[13.8721506,46.0634125],[13.8727184,46.0614998],[13.8800026,46.0589097],[13.8799937,46.058417],[13.8830266,46.0572755],[13.8851604,46.0570843],[13.8868279,46.058725],[13.886925,46.0601257],[13.884921,46.0617668],[13.8863642,46.0629508],[13.8874355,46.0647311],[13.887979,46.066785],[13.8873828,46.0690924],[13.8891275,46.0692819],[13.8905411,46.0685423],[13.8926842,46.0684603],[13.8930206,46.0672256],[13.8950145,46.0654194],[13.896531,46.0655375],[13.8974591,46.0667218],[13.8995823,46.0672552],[13.9001597,46.0689183],[13.8984078,46.072206],[13.9001635,46.0730177],[13.9020602,46.0719893],[13.9033114,46.0723086],[13.9043062,46.0709353],[13.9061568,46.070249],[13.9099338,46.0715045],[13.9117288,46.0726556],[13.9110873,46.0763048],[13.9078802,46.0772151],[13.9079851,46.0787401],[13.9070214,46.0815483],[13.9060281,46.0830806],[13.9033165,46.0849817],[13.9030746,46.0874065],[13.9014854,46.0888715],[13.9038888,46.0903202],[13.9012205,46.0928598],[13.9009325,46.0937912],[13.9028857,46.0962876],[13.9026779,46.0982007],[13.9029797,46.101413],[13.90246,46.1028335],[13.9005468,46.1044701],[13.9015767,46.1075829],[13.9035377,46.1117674],[13.9064001,46.1129981],[13.9048634,46.1138981],[13.9014461,46.114196],[13.8990684,46.1154237],[13.8980933,46.1172468],[13.8941566,46.1195189],[13.8922993,46.1215255],[13.8882528,46.1237529],[13.8886015,46.1261633],[13.8881649,46.1272242],[13.8856414,46.1290893],[13.8843346,46.1295677],[13.8839025,46.1314047],[13.8844701,46.133763],[13.8853897,46.1351927],[13.8877668,46.1352489],[13.8916487,46.1335718],[13.8913553,46.1364371],[13.8930257,46.1371986],[13.8934721,46.1386033],[13.8929332,46.1422631],[13.890077,46.1429591],[13.8917544,46.1456328],[13.8893779,46.1462992],[13.8901838,46.149981],[13.8920239,46.1510306],[13.8955634,46.1514602],[13.8960478,46.1541408],[13.8993467,46.1557413],[13.9006841,46.1580838],[13.9021827,46.1585607],[13.901341,46.1602921],[13.8988735,46.1617251],[13.9007303,46.1637019],[13.9028768,46.1627166],[13.9055558,46.1637189],[13.904264,46.165284],[13.9073929,46.1654733],[13.9133886,46.1643975],[13.9134557,46.1676784],[13.9149371,46.1673902],[13.9166507,46.1685623],[13.9187014,46.1719323],[13.9213451,46.1716034],[13.9261671,46.1719097],[13.9326178,46.1714408],[13.9350893,46.173967],[13.9370932,46.1751528],[13.9405113,46.1747603],[13.9416649,46.1737409],[13.9417267,46.172179],[13.94536,46.1728313],[13.9463397,46.1737967],[13.9474263,46.1768823],[13.9490081,46.1776968],[13.9528033,46.1772512],[13.9550628,46.1782959],[13.9561632,46.1779412],[13.9653684,46.1768049],[13.9726622,46.1768061],[13.9742979,46.1771647],[13.9760759,46.1787205],[13.9784205,46.1821764],[13.9791623,46.1848011],[13.984174,46.1892402],[13.9859599,46.1915217],[13.9882466,46.192963],[13.9887975,46.1937218],[13.9891373,46.1996515],[13.9904779,46.2020238],[13.9919826,46.2030464],[13.9924349,46.2044969],[13.9943877,46.2062298],[13.9948852,46.2076658],[13.9969717,46.2088147],[13.9987788,46.2086219],[14.0057086,46.2097958],[14.0043988,46.2117481],[14.0064381,46.215721],[14.0063921,46.217294],[14.0085301,46.2176915],[14.0067063,46.2204529],[14.0070827,46.2235705],[14.0067804,46.224562],[14.0078134,46.2259538],[14.0063245,46.226493],[14.0066604,46.229613],[14.0027757,46.2313003],[14.0001149,46.2337317],[13.9938702,46.2362382],[13.9931622,46.236879]]]]},"properties":{"name":"Görz (Nova Gorica)","code":"GO"}},
{"type":"Feature","geometry":{"type":"MultiPolygon","coordinates":[[[[15.5460746,46.0201134],[15.5460616,46.018309],[15.5439766,46.0164534],[15.5442887,46.0154701],[15.5477197,46.0153121],[15.5486903,46.0132129],[15.5478825,46.0114067],[15.5484533,46.0088717],[15.5512722,46.009298],[15.5528399,46.0089413],[15.5527487,46.0075087],[15.5515448,46.0072786],[15.5501538,46.0057927],[15.5464643,46.0053118],[15.5481741,46.0033932],[15.5467294,46.0032205],[15.5471099,46.0003901],[15.549227,46.0014871],[15.5529968,46.0022528],[15.555268,46.0017742],[15.5590415,46.0016271],[15.56187,46.0007796],[15.5654664,46.0013256],[15.5680143,46.0000349],[15.5704718,45.998326],[15.5676877,45.99664],[15.5651621,45.9957968],[15.562934,45.9955278],[15.5593304,45.9925245],[15.5585708,45.990454],[15.5560009,45.9876799],[15.555742,45.9855982],[15.5542957,45.9841739],[15.5535165,45.9821613],[15.5551916,45.980143],[15.5594215,45.9775963],[15.5603097,45.9742023],[15.5612948,45.9728706],[15.5610252,45.9714338],[15.5597558,45.969553],[15.5603816,45.9682532],[15.5600093,45.9661636],[15.5589713,45.9648322],[15.5573457,45.9645372],[15.5556132,45.9619722],[15.5556867,45.9572335],[15.556728,45.9553847],[15.5567089,45.9522239],[15.5584312,45.9498618],[15.5580371,45.9477164],[15.5618136,45.9467542],[15.5611226,45.9443013],[15.5600463,45.9430946],[15.5614009,45.9407827],[15.5591096,45.9395344],[15.557731,45.9373254],[15.5594484,45.9355946],[15.5595883,45.9331588],[15.5572395,45.930703],[15.5559421,45.9281196],[15.5536361,45.9252246],[15.5477234,45.9261461],[15.5449441,45.925209],[15.542712,45.9252374],[15.5365524,45.9266681],[15.5406384,45.922651],[15.5439876,45.9212939],[15.5431052,45.9180397],[15.5410002,45.9161486],[15.5416549,45.9153382],[15.5423095,45.9116624],[15.5429309,45.9108426],[15.5422107,45.907975],[15.540455,45.908225],[15.5362609,45.909494],[15.5349031,45.9104426],[15.5327477,45.910711],[15.5293873,45.9072138],[15.5249746,45.9093895],[15.5198438,45.9073655],[15.5204222,45.9057504],[15.5129547,45.9039337],[15.5120232,45.90533],[15.5100932,45.905774],[15.5083619,45.9051246],[15.5053933,45.9095485],[15.500806,45.9083845],[15.5023924,45.9061259],[15.5003028,45.9051878],[15.4973676,45.9068257],[15.495175,45.9056988],[15.4955105,45.9031423],[15.4949443,45.8959332],[15.4925511,45.8961081],[15.4924264,45.8947218],[15.4948834,45.8945235],[15.4918836,45.8898843],[15.4927265,45.8868964],[15.4908993,45.8838019],[15.4921636,45.882135],[15.4922538,45.8790327],[15.4914054,45.877212],[15.4956356,45.8746525],[15.4974109,45.8720495],[15.4998727,45.870398],[15.5010187,45.8688619],[15.5028436,45.8642233],[15.503839,45.8634992],[15.5038512,45.8619467],[15.505326,45.8609309],[15.5042129,45.8600529],[15.5055814,45.8575987],[15.5068778,45.856564],[15.5063084,45.8557836],[15.5096593,45.8549832],[15.5109646,45.8551571],[15.5148771,45.8543833],[15.5188685,45.8530791],[15.521239,45.8519505],[15.5239149,45.8514937],[15.5250977,45.8498066],[15.5291736,45.849271],[15.5326357,45.8473881],[15.5337728,45.8454194],[15.5364416,45.8448139],[15.5365486,45.8433845],[15.5378236,45.8422082],[15.5373362,45.8438287],[15.537565,45.8456802],[15.5385107,45.8476196],[15.5430306,45.8462328],[15.5493824,45.8462842],[15.5509289,45.8454796],[15.5509745,45.8435182],[15.5521094,45.8404036],[15.5542855,45.8385624],[15.5572821,45.8373047],[15.558833,45.8356613],[15.5605297,45.8357345],[15.5620954,45.8381861],[15.5619581,45.8411416],[15.5628788,45.8439007],[15.5647532,45.8447737],[15.5660026,45.8461125],[15.57019,45.8491931],[15.5704118,45.8502613],[15.5724392,45.8534844],[15.5760248,45.8515966],[15.5769582,45.8502519],[15.5815618,45.847599],[15.5850404,45.8467277],[15.5872562,45.8469141],[15.5896504,45.8460943],[15.5915845,45.846445],[15.5938792,45.8448668],[15.596774,45.8446908],[15.5985408,45.8433878],[15.6036527,45.842485],[15.6052066,45.8415198],[15.6088753,45.8406739],[15.6097526,45.8391069],[15.6114955,45.838016],[15.6140209,45.8373426],[15.6126425,45.8355319],[15.6149181,45.8350174],[15.6172782,45.8354591],[15.6183327,45.8338523],[15.6208152,45.8337448],[15.6214828,45.8328953],[15.6240724,45.8327933],[15.6254541,45.8316127],[15.6289378,45.832893],[15.6300789,45.8314784],[15.6333927,45.830267],[15.6330183,45.8287247],[15.6337883,45.8277892],[15.6343189,45.8250278],[15.6370395,45.8246406],[15.6393387,45.8228753],[15.6395517,45.8216709],[15.6418504,45.82034],[15.6436717,45.8214022],[15.644589,45.8231073],[15.645626,45.8234165],[15.6478643,45.8255649],[15.6498348,45.8285272],[15.6504898,45.8304292],[15.6520938,45.8309563],[15.6542351,45.8331961],[15.6595567,45.8365539],[15.6614808,45.837358],[15.6652231,45.8412904],[15.6675954,45.8416394],[15.6688154,45.8404873],[15.6737119,45.8405751],[15.6754749,45.8411447],[15.6781906,45.8413312],[15.6802453,45.8429635],[15.6811248,45.8423941],[15.6847941,45.8431685],[15.6900534,45.8421868],[15.6940417,45.8433175],[15.6949775,45.8442895],[15.6941763,45.8477036],[15.6962517,45.8493775],[15.6974391,45.8485592],[15.6997275,45.8480925],[15.7001712,45.8462512],[15.7035568,45.8448701],[15.7061398,45.8451138],[15.7089883,45.8464133],[15.7072639,45.8494631],[15.7054182,45.8515949],[15.7025299,45.8538448],[15.6999703,45.8563197],[15.698616,45.8581372],[15.6942284,45.8605583],[15.6913579,45.8613909],[15.6867239,45.8620012],[15.6832368,45.8637233],[15.6798163,45.8673682],[15.6779319,45.8686429],[15.6787405,45.8693317],[15.6819023,45.8696806],[15.6828336,45.8705019],[15.6802367,45.8720291],[15.6827348,45.8737446],[15.6823112,45.8745969],[15.6802167,45.8751271],[15.6795245,45.8770692],[15.6847562,45.8778839],[15.6842813,45.878723],[15.6822827,45.8791268],[15.6812802,45.881167],[15.6816801,45.8824745],[15.6853387,45.8801027],[15.6875331,45.8807418],[15.6888158,45.8800095],[15.6898618,45.8829717],[15.6921709,45.8851131],[15.6912063,45.8857274],[15.6881872,45.8850232],[15.6882501,45.8867479],[15.6862519,45.8873367],[15.6842457,45.8872771],[15.6839718,45.889997],[15.6843097,45.8921335],[15.6826211,45.8929057],[15.6835062,45.8955196],[15.6831615,45.8966277],[15.6808708,45.8965214],[15.6820972,45.8989714],[15.6818448,45.9006187],[15.6805206,45.9009772],[15.6805825,45.9023843],[15.6793951,45.9044929],[15.6813682,45.9058449],[15.6841587,45.9062195],[15.6852722,45.9084827],[15.6871062,45.9084981],[15.6880262,45.9093275],[15.6912245,45.9108163],[15.693431,45.9131362],[15.6938793,45.914404],[15.6983644,45.9145975],[15.7006196,45.9156518],[15.701027,45.9169133],[15.6993507,45.9172179],[15.7000364,45.9197761],[15.7030244,45.9210335],[15.7056583,45.9195587],[15.7078557,45.9232149],[15.7060852,45.9239188],[15.7072905,45.9249281],[15.7056095,45.9265388],[15.7035811,45.9270337],[15.7062572,45.9283581],[15.7063181,45.9302055],[15.7075259,45.9310849],[15.7091288,45.9307715],[15.7091219,45.9325686],[15.7080607,45.935179],[15.7097359,45.9353388],[15.7079569,45.9387921],[15.7115323,45.9391094],[15.7115322,45.9411224],[15.7101366,45.9411037],[15.7096402,45.9428886],[15.7085927,45.9433665],[15.7096064,45.9447203],[15.7084613,45.9471319],[15.7094727,45.9475738],[15.7088243,45.9492959],[15.7106973,45.9495652],[15.7095356,45.9508295],[15.7098248,45.9560113],[15.7095951,45.9606038],[15.7102454,45.9619521],[15.7080407,45.9674713],[15.7074109,45.9700431],[15.7068174,45.9758297],[15.7056825,45.9771196],[15.7053992,45.9788549],[15.7061491,45.9809133],[15.7041145,45.9823095],[15.705233,45.9830542],[15.7040252,45.9877493],[15.7011365,45.9879362],[15.7015515,45.9897093],[15.7069841,45.9894645],[15.7067139,45.9906177],[15.704251,45.9907428],[15.7039689,45.9917757],[15.702074,45.9928113],[15.7010992,45.9951363],[15.7051702,45.993526],[15.7062855,45.9942725],[15.7038942,45.9963008],[15.7023844,45.9959766],[15.7013638,45.997021],[15.7023321,45.9979422],[15.7006618,45.9993677],[15.7022212,46.0007494],[15.7045813,45.9988363],[15.7067045,45.999776],[15.7072019,46.0009474],[15.706172,46.0015999],[15.7088773,46.0037792],[15.7121651,46.0038059],[15.7134274,46.0069445],[15.7116965,46.0085954],[15.7152923,46.0091292],[15.7154989,46.0102727],[15.714241,46.010981],[15.7119019,46.010997],[15.7102737,46.0120707],[15.7124835,46.0129388],[15.7126288,46.0140752],[15.7108235,46.0145946],[15.7089847,46.0132358],[15.7064796,46.0137154],[15.7061626,46.0154592],[15.7077453,46.0163191],[15.7111592,46.017391],[15.7116142,46.0188835],[15.7139627,46.0182947],[15.7160754,46.0203118],[15.7128654,46.023266],[15.7154207,46.0272973],[15.7171062,46.0268764],[15.7202577,46.0276698],[15.716843,46.0319661],[15.7181654,46.0330717],[15.7164528,46.0341678],[15.7162469,46.0352509],[15.7193912,46.0369928],[15.7220226,46.0373505],[15.7237731,46.0397272],[15.7231876,46.0407708],[15.7243159,46.0420948],[15.7296951,46.0408666],[15.7326242,46.0444844],[15.7300051,46.0454393],[15.7301797,46.0466536],[15.7275449,46.0483862],[15.7252476,46.0489625],[15.7246101,46.0505185],[15.7231144,46.05133],[15.7237434,46.0524605],[15.7200951,46.0549335],[15.7215201,46.0531516],[15.7215652,46.0517212],[15.718898,46.052652],[15.717352,46.0506154],[15.7144525,46.0488808],[15.7125221,46.0499209],[15.7100748,46.0505714],[15.7094737,46.0513186],[15.7056663,46.0517598],[15.7020036,46.0513815],[15.6997867,46.0507767],[15.6986997,46.049179],[15.6945874,46.0469097],[15.6934867,46.0456999],[15.6893071,46.0441245],[15.6890016,46.0450607],[15.6860453,46.0446041],[15.6819159,46.0466442],[15.6777243,46.0476353],[15.6750239,46.0474439],[15.6715109,46.0465944],[15.6699301,46.0469953],[15.6666165,46.0464242],[15.6639937,46.0450429],[15.6648173,46.0443781],[15.663323,46.0431358],[15.6613905,46.0404946],[15.6586781,46.0379061],[15.6582238,46.0348863],[15.656416,46.0337447],[15.6561809,46.0322727],[15.6578306,46.0311631],[15.653201,46.0302934],[15.6483007,46.0303389],[15.6459524,46.029684],[15.6428913,46.0281729],[15.641898,46.0271547],[15.639103,46.0261788],[15.6360842,46.0246444],[15.6329172,46.0212623],[15.6284395,46.0202032],[15.6266172,46.0175179],[15.6246085,46.0153324],[15.6191801,46.0143225],[15.6141256,46.0128827],[15.6126484,46.0111238],[15.608408,46.0094792],[15.6058193,46.0068217],[15.6046274,46.004959],[15.6016092,46.0040361],[15.5999336,46.0028214],[15.5961508,46.0023126],[15.5927233,46.0026307],[15.5897656,46.0003711],[15.587921,46.0003674],[15.5838543,45.9997072],[15.5784591,45.9977364],[15.5782455,45.9961939],[15.5752645,45.9963854],[15.5722551,45.9975232],[15.5711117,45.9984284],[15.573748,46.0017113],[15.5737942,46.00248],[15.5774647,46.0047207],[15.5785946,46.0059318],[15.5816181,46.0040876],[15.5832588,46.0057485],[15.5812156,46.006303],[15.5869637,46.0106382],[15.5879465,46.0127926],[15.5897386,46.0129963],[15.5892252,46.0142142],[15.5910889,46.0155006],[15.5878818,46.0160719],[15.5899664,46.0188838],[15.5913674,46.0199977],[15.5920016,46.0220407],[15.5949709,46.024151],[15.5939956,46.0250215],[15.594672,46.0263406],[15.5919452,46.0261506],[15.5906507,46.0273003],[15.5891669,46.0258921],[15.5861201,46.0259754],[15.5825186,46.0248399],[15.5790423,46.0248027],[15.5766954,46.0242246],[15.5743866,46.0256762],[15.5709958,46.0261345],[15.5699656,46.024883],[15.5651249,46.0220868],[15.5608467,46.0213035],[15.5600508,46.0231205],[15.5566981,46.0230322],[15.5523405,46.0214285],[15.5497205,46.0197557],[15.5460746,46.0201134]]],[[[15.4047141,45.7926107],[15.4079193,45.7912192],[15.4098302,45.792959],[15.4111798,45.7933111],[15.4116878,45.7946231],[15.4132356,45.7951935],[15.4182214,45.7946341],[15.4201393,45.7960705],[15.4248984,45.7961196],[15.4271301,45.7948467],[15.4286568,45.7956433],[15.4345868,45.7951651],[15.4358586,45.7941598],[15.4379863,45.794023],[15.4394757,45.7953624],[15.4450333,45.7958588],[15.449611,45.7947957],[15.4534724,45.7953848],[15.4565573,45.7945792],[15.4596084,45.7947093],[15.4626079,45.7935547],[15.4677497,45.7951254],[15.469371,45.7951658],[15.4758917,45.7980676],[15.4726486,45.8012192],[15.4710022,45.8038383],[15.4698932,45.8081643],[15.4707063,45.8097648],[15.4705114,45.8117645],[15.4679567,45.8136519],[15.4659104,45.818402],[15.4680782,45.8182822],[15.4709898,45.8173205],[15.4736416,45.8180086],[15.4753669,45.8179412],[15.4788148,45.8199672],[15.4776433,45.822278],[15.4775058,45.8240075],[15.4780073,45.8264846],[15.478906,45.8274937],[15.4826057,45.8283515],[15.4846905,45.8291956],[15.4862019,45.8291853],[15.4888637,45.8301523],[15.4927444,45.8320238],[15.494058,45.8314845],[15.4948492,45.8300867],[15.4962413,45.8292794],[15.4983627,45.8291358],[15.5004121,45.8283115],[15.5024383,45.8286632],[15.5030548,45.8274978],[15.5021733,45.8260317],[15.5019948,45.8236963],[15.5011895,45.8220503],[15.5028934,45.8218165],[15.5074475,45.822138],[15.5106557,45.8208303],[15.5131831,45.8229418],[15.5146462,45.8229892],[15.5189522,45.8213296],[15.5207865,45.821235],[15.5223271,45.8230372],[15.5279952,45.8237889],[15.5293331,45.8245191],[15.5305871,45.8264937],[15.5333483,45.8284935],[15.5361151,45.8292794],[15.5354046,45.8320301],[15.5368986,45.8339524],[15.5392367,45.836151],[15.5379923,45.8403455],[15.5378236,45.8422082],[15.5365486,45.8433845],[15.5364416,45.8448139],[15.5337728,45.8454194],[15.5326357,45.8473881],[15.5291736,45.849271],[15.5250977,45.8498066],[15.5239149,45.8514937],[15.521239,45.8519505],[15.5188685,45.8530791],[15.5148771,45.8543833],[15.5109646,45.8551571],[15.5096593,45.8549832],[15.5063084,45.8557836],[15.5068778,45.856564],[15.5055814,45.8575987],[15.5042129,45.8600529],[15.505326,45.8609309],[15.5038512,45.8619467],[15.503839,45.8634992],[15.5028436,45.8642233],[15.5010187,45.8688619],[15.4998727,45.870398],[15.4974109,45.8720495],[15.4956356,45.8746525],[15.4914054,45.877212],[15.4922538,45.8790327],[15.4921636,45.882135],[15.4908993,45.8838019],[15.4927265,45.8868964],[15.4918836,45.8898843],[15.4948834,45.8945235],[15.4924264,45.8947218],[15.4925511,45.8961081],[15.4949443,45.8959332],[15.4955105,45.9031423],[15.495175,45.9056988],[15.4973676,45.9068257],[15.5003028,45.9051878],[15.5023924,45.9061259],[15.500806,45.9083845],[15.5053933,45.9095485],[15.5083619,45.9051246],[15.5100932,45.905774],[15.5120232,45.90533],[15.5129547,45.9039337],[15.5204222,45.9057504],[15.5198438,45.9073655],[15.5249746,45.9093895],[15.5293873,45.9072138],[15.5327477,45.910711],[15.5349031,45.9104426],[15.5362609,45.909494],[15.540455,45.908225],[15.5422107,45.907975],[15.5429309,45.9108426],[15.5423095,45.9116624],[15.5416549,45.9153382],[15.5410002,45.9161486],[15.5431052,45.9180397],[15.5439876,45.9212939],[15.5406384,45.922651],[15.5365524,45.9266681],[15.542712,45.9252374],[15.5449441,45.925209],[15.5477234,45.9261461],[15.5536361,45.9252246],[15.5559421,45.9281196],[15.5572395,45.930703],[15.5595883,45.9331588],[15.5594484,45.9355946],[15.557731,45.9373254],[15.5591096,45.9395344],[15.5614009,45.9407827],[15.5600463,45.9430946],[15.5611226,45.9443013],[15.5618136,45.9467542],[15.5580371,45.9477164],[15.5584312,45.9498618],[15.5567089,45.9522239],[15.556728,45.9553847],[15.5556867,45.9572335],[15.5556132,45.9619722],[15.5573457,45.9645372],[15.5589713,45.9648322],[15.5600093,45.9661636],[15.5603816,45.9682532],[15.5597558,45.969553],[15.5610252,45.9714338],[15.5612948,45.9728706],[15.5603097,45.9742023],[15.5594215,45.9775963],[15.5551916,45.980143],[15.5535165,45.9821613],[15.5542957,45.9841739],[15.555742,45.9855982],[15.5560009,45.9876799],[15.5585708,45.990454],[15.5593304,45.9925245],[15.562934,45.9955278],[15.5651621,45.9957968],[15.5676877,45.99664],[15.5704718,45.998326],[15.5680143,46.0000349],[15.5654664,46.0013256],[15.56187,46.0007796],[15.5590415,46.0016271],[15.555268,46.0017742],[15.5529968,46.0022528],[15.549227,46.0014871],[15.5471099,46.0003901],[15.5467294,46.0032205],[15.5481741,46.0033932],[15.5464643,46.0053118],[15.5501538,46.0057927],[15.5515448,46.0072786],[15.5527487,46.0075087],[15.5528399,46.0089413],[15.5512722,46.009298],[15.5484533,46.0088717],[15.5478825,46.0114067],[15.5486903,46.0132129],[15.5477197,46.0153121],[15.5442887,46.0154701],[15.5439766,46.0164534],[15.5460616,46.018309],[15.5460746,46.0201134],[15.5460993,46.0215561],[15.5473153,46.0225269],[15.5467002,46.0234108],[15.5468187,46.0255836],[15.5456481,46.0276988],[15.5440543,46.032642],[15.5422932,46.0335191],[15.5418537,46.0358554],[15.5435442,46.0371615],[15.5435031,46.0405732],[15.5430162,46.0428736],[15.5403934,46.0469824],[15.5406534,46.0481062],[15.5383202,46.0487838],[15.5364744,46.0487021],[15.5323638,46.0493227],[15.5306707,46.0486819],[15.529552,46.0511623],[15.5296525,46.0527581],[15.5289445,46.0551137],[15.5262748,46.0556762],[15.5239245,46.0571644],[15.5232701,46.0591845],[15.5239376,46.0609922],[15.5233537,46.0616888],[15.5193491,46.0633036],[15.5168713,46.0638172],[15.5130453,46.065152],[15.510655,46.0648259],[15.5078799,46.062747],[15.5076522,46.0612611],[15.5059829,46.0596709],[15.502108,46.0585405],[15.4990101,46.0582283],[15.4993906,46.0601],[15.4976735,46.0617456],[15.4929235,46.0636361],[15.4929063,46.0650474],[15.4887724,46.065814],[15.4867239,46.0666932],[15.4859204,46.067869],[15.4837198,46.0682978],[15.482789,46.0691093],[15.4790973,46.0700655],[15.472575,46.0714838],[15.4674439,46.0692858],[15.4621382,46.0689265],[15.4560608,46.0676219],[15.4520676,46.0670524],[15.4501566,46.0673494],[15.4493648,46.0684265],[15.4464654,46.0700937],[15.4437712,46.0702885],[15.4390435,46.0699286],[15.4358307,46.0699344],[15.4331711,46.0693578],[15.4317674,46.0678629],[15.4289455,46.0663376],[15.4265677,46.0655871],[15.4248409,46.06635],[15.4224736,46.0666278],[15.4213501,46.067508],[15.4151242,46.0673542],[15.412615,46.067513],[15.4118992,46.0668791],[15.4083029,46.0664343],[15.4078146,46.0649439],[15.4026314,46.0627409],[15.4038173,46.0601182],[15.4040531,46.0571525],[15.4053046,46.0544422],[15.4069582,46.0538557],[15.4109665,46.0504564],[15.4102942,46.04875],[15.404904,46.0494529],[15.4027436,46.0491251],[15.403444,46.0480351],[15.403927,46.0446117],[15.4035737,46.0425826],[15.4040744,46.0378366],[15.4034151,46.0353219],[15.4055258,46.0346964],[15.4062364,46.0326232],[15.402873,46.0316648],[15.4026734,46.0307855],[15.4053551,46.0307505],[15.4070147,46.0301215],[15.4076527,46.0290353],[15.4065108,46.0266368],[15.407846,46.0250119],[15.4075712,46.0224259],[15.409303,46.0208405],[15.4142586,46.0179367],[15.4138308,46.01693],[15.4179143,46.0153408],[15.4151431,46.0126788],[15.4155427,46.0110525],[15.4176982,46.0093382],[15.419338,46.0086772],[15.4197485,46.0065089],[15.4209341,46.0052116],[15.421231,46.0028027],[15.4237043,46.0010882],[15.4219921,46.0004479],[15.4187337,46.0010295],[15.4169535,46.0002348],[15.4172737,45.9988384],[15.4158197,45.9964084],[15.4169751,45.9933315],[15.4131259,45.9931577],[15.4140607,45.9904323],[15.4108174,45.9897591],[15.4079255,45.9877971],[15.4017339,45.9852004],[15.3993406,45.9852783],[15.3983707,45.9844287],[15.3963119,45.9839895],[15.393432,45.9823501],[15.3857961,45.9815881],[15.3830771,45.9817222],[15.3809937,45.9813604],[15.3790477,45.9802627],[15.375119,45.9773423],[15.3740074,45.9754349],[15.3739381,45.9738053],[15.3752111,45.9706427],[15.3746349,45.9680602],[15.3754347,45.9668689],[15.373721,45.9652684],[15.3737065,45.9639309],[15.3725439,45.9618309],[15.3708103,45.9599871],[15.3700547,45.9580887],[15.3681246,45.9566987],[15.3653136,45.9566951],[15.3618237,45.9578354],[15.3604191,45.9578593],[15.3604783,45.955432],[15.3598041,45.9539671],[15.361194,45.951371],[15.3606809,45.950207],[15.3631484,45.9496883],[15.3643187,45.9487985],[15.3611007,45.9479975],[15.3594989,45.9458723],[15.3556027,45.94628],[15.3547357,45.9456147],[15.3522689,45.9462175],[15.350275,45.9460382],[15.3500194,45.9450206],[15.3510119,45.943452],[15.3536982,45.9413594],[15.350003,45.9345621],[15.347199,45.9330378],[15.3455785,45.9315346],[15.3454806,45.9304295],[15.3422516,45.9291579],[15.3415937,45.9279833],[15.3430627,45.9251432],[15.3417968,45.9235369],[15.3417744,45.9218762],[15.3433281,45.9190198],[15.3423895,45.9186098],[15.3440068,45.9165164],[15.3431363,45.9146159],[15.3441145,45.9124173],[15.34364,45.9108817],[15.3444757,45.9079909],[15.344813,45.9047183],[15.3441943,45.9027909],[15.344578,45.900574],[15.3419745,45.8987105],[15.3384711,45.8953292],[15.3397901,45.8940527],[15.3376626,45.8931359],[15.3348676,45.8931103],[15.3341879,45.891962],[15.33609,45.8909852],[15.3391804,45.8885692],[15.3410626,45.8878941],[15.3430711,45.8884977],[15.3465522,45.8883563],[15.3488044,45.8870149],[15.3498424,45.8880096],[15.3526936,45.8883257],[15.3534452,45.8894444],[15.3549423,45.8893201],[15.3648923,45.8901373],[15.3688754,45.8895617],[15.3681092,45.8872038],[15.3754717,45.8862631],[15.3754157,45.8853131],[15.3795678,45.8842872],[15.3786072,45.881826],[15.3790655,45.8806805],[15.3779067,45.879311],[15.3782381,45.8778543],[15.3769202,45.8770423],[15.3782635,45.8756738],[15.3773414,45.8747267],[15.3787192,45.873598],[15.3813338,45.8735383],[15.3822353,45.8729522],[15.3841592,45.8690667],[15.3832254,45.8650019],[15.3846469,45.863873],[15.3887451,45.8636556],[15.3919187,45.8649316],[15.3970489,45.8648161],[15.3984617,45.8641959],[15.3938779,45.8602591],[15.3912649,45.8595294],[15.3888319,45.8602775],[15.3824425,45.8583873],[15.3780215,45.8559952],[15.3779195,45.8541622],[15.3750724,45.8533065],[15.3752082,45.8557486],[15.3716132,45.855343],[15.3688918,45.8545194],[15.3662643,45.8524863],[15.3668665,45.851878],[15.3732558,45.8479579],[15.3759805,45.8488467],[15.3766856,45.8469836],[15.3778885,45.8458078],[15.3784924,45.8425706],[15.3804925,45.8410748],[15.3804757,45.839008],[15.3823038,45.8385855],[15.3821243,45.8361562],[15.3833412,45.8349526],[15.383099,45.8332266],[15.3817427,45.8331392],[15.3798728,45.8319173],[15.3772676,45.831529],[15.3775109,45.8295436],[15.376601,45.8271879],[15.3748563,45.8247405],[15.3760064,45.8222076],[15.378493,45.8202628],[15.3802692,45.8199921],[15.3800766,45.8185726],[15.3782135,45.8186466],[15.3800621,45.8152586],[15.3798885,45.8138537],[15.3809436,45.8130929],[15.3891323,45.8132371],[15.3910185,45.810484],[15.39435,45.8093476],[15.3964334,45.8072106],[15.4002128,45.8065119],[15.4013245,45.8039394],[15.4006017,45.8023775],[15.4013309,45.8012101],[15.4012438,45.7995662],[15.4022828,45.7977844],[15.4038044,45.797585],[15.4044343,45.7963495],[15.4041214,45.7946195],[15.4047141,45.7926107]]],[[[15.2290516,45.9261389],[15.2310426,45.9261618],[15.2321781,45.9278961],[15.234008,45.9291655],[15.2354677,45.9312994],[15.2348991,45.9332703],[15.2357214,45.935327],[15.2369738,45.9365291],[15.2382542,45.938778],[15.2424217,45.9408823],[15.2468131,45.9406187],[15.2483156,45.9415755],[15.2482691,45.9433855],[15.2474774,45.9443051],[15.2486997,45.9455229],[15.2456466,45.9478965],[15.2489913,45.9487925],[15.2515506,45.9500829],[15.2529259,45.9512736],[15.256294,45.9509277],[15.2581785,45.9481875],[15.262133,45.9465753],[15.2635817,45.9447335],[15.267363,45.9420605],[15.2669675,45.9406947],[15.2678927,45.9361303],[15.2734486,45.9352997],[15.2753022,45.9356181],[15.2759837,45.9366446],[15.2782274,45.937561],[15.2806749,45.9373704],[15.2812964,45.938935],[15.2813669,45.9416495],[15.2806025,45.9429988],[15.2742766,45.948048],[15.2720271,45.9492764],[15.2726676,45.9522927],[15.2769251,45.9545218],[15.2758238,45.9561859],[15.2790928,45.9599921],[15.282024,45.9590569],[15.2841239,45.9577844],[15.2875608,45.9568949],[15.2890428,45.9553708],[15.288014,45.9547525],[15.2921087,45.953334],[15.2924047,45.9519836],[15.2948939,45.9506905],[15.2949135,45.9495297],[15.2962975,45.9478436],[15.2966063,45.9453054],[15.3022555,45.9417365],[15.3029395,45.9406369],[15.3022058,45.9385424],[15.3042957,45.9363324],[15.3047959,45.9346665],[15.3070802,45.9315067],[15.3070548,45.9292573],[15.3095843,45.9262002],[15.3096255,45.9220342],[15.3107761,45.9202989],[15.3149565,45.9174757],[15.3170518,45.9153059],[15.3201961,45.9139834],[15.3216321,45.9126432],[15.3240247,45.9117951],[15.3257378,45.9104721],[15.3267833,45.90853],[15.3267484,45.9058893],[15.3243939,45.9043889],[15.3248669,45.9015397],[15.3264936,45.9009277],[15.3294431,45.8973696],[15.3320763,45.8959313],[15.3322588,45.8952064],[15.3348676,45.8931103],[15.3376626,45.8931359],[15.3397901,45.8940527],[15.3384711,45.8953292],[15.3419745,45.8987105],[15.344578,45.900574],[15.3441943,45.9027909],[15.344813,45.9047183],[15.3444757,45.9079909],[15.34364,45.9108817],[15.3441145,45.9124173],[15.3431363,45.9146159],[15.3440068,45.9165164],[15.3423895,45.9186098],[15.3433281,45.9190198],[15.3417744,45.9218762],[15.3417968,45.9235369],[15.3430627,45.9251432],[15.3415937,45.9279833],[15.3422516,45.9291579],[15.3454806,45.9304295],[15.3455785,45.9315346],[15.347199,45.9330378],[15.350003,45.9345621],[15.3536982,45.9413594],[15.3510119,45.943452],[15.3500194,45.9450206],[15.350275,45.9460382],[15.3522689,45.9462175],[15.3547357,45.9456147],[15.3556027,45.94628],[15.3594989,45.9458723],[15.3611007,45.9479975],[15.3643187,45.9487985],[15.3631484,45.9496883],[15.3606809,45.950207],[15.361194,45.951371],[15.3598041,45.9539671],[15.3604783,45.955432],[15.3604191,45.9578593],[15.3618237,45.9578354],[15.3653136,45.9566951],[15.3681246,45.9566987],[15.3700547,45.9580887],[15.3708103,45.9599871],[15.3725439,45.9618309],[15.3737065,45.9639309],[15.373721,45.9652684],[15.3754347,45.9668689],[15.3746349,45.9680602],[15.3752111,45.9706427],[15.3739381,45.9738053],[15.3740074,45.9754349],[15.375119,45.9773423],[15.3790477,45.9802627],[15.3809937,45.9813604],[15.3830771,45.9817222],[15.3857961,45.9815881],[15.393432,45.9823501],[15.3963119,45.9839895],[15.3983707,45.9844287],[15.3993406,45.9852783],[15.4017339,45.9852004],[15.4079255,45.9877971],[15.4108174,45.9897591],[15.4140607,45.9904323],[15.4131259,45.9931577],[15.4169751,45.9933315],[15.4158197,45.9964084],[15.4172737,45.9988384],[15.4169535,46.0002348],[15.4187337,46.0010295],[15.4219921,46.0004479],[15.4237043,46.0010882],[15.421231,46.0028027],[15.4209341,46.0052116],[15.4197485,46.0065089],[15.419338,46.0086772],[15.4176982,46.0093382],[15.4155427,46.0110525],[15.4151431,46.0126788],[15.4179143,46.0153408],[15.4138308,46.01693],[15.4142586,46.0179367],[15.409303,46.0208405],[15.4075712,46.0224259],[15.407846,46.0250119],[15.4065108,46.0266368],[15.4076527,46.0290353],[15.4070147,46.0301215],[15.4053551,46.0307505],[15.4026734,46.0307855],[15.402873,46.0316648],[15.4062364,46.0326232],[15.4055258,46.0346964],[15.4034151,46.0353219],[15.4040744,46.0378366],[15.4035737,46.0425826],[15.403927,46.0446117],[15.403444,46.0480351],[15.4027436,46.0491251],[15.404904,46.0494529],[15.4102942,46.04875],[15.4109665,46.0504564],[15.4069582,46.0538557],[15.4053046,46.0544422],[15.4040531,46.0571525],[15.4038173,46.0601182],[15.4026314,46.0627409],[15.4078146,46.0649439],[15.4083029,46.0664343],[15.4055095,46.0672287],[15.402978,46.0663708],[15.3987379,46.0662747],[15.3936345,46.067548],[15.3922634,46.0685066],[15.3896502,46.0682919],[15.3853818,46.0721575],[15.3856038,46.0728483],[15.3801674,46.0736573],[15.3792851,46.0726124],[15.3748552,46.0723739],[15.3706262,46.0692783],[15.3635072,46.0714282],[15.3602796,46.0737524],[15.3586719,46.074158],[15.3585623,46.0733804],[15.356242,46.0722807],[15.3540788,46.0732487],[15.3514321,46.0733066],[15.348655,46.0721887],[15.3474896,46.0723571],[15.3406649,46.0721763],[15.3358768,46.0737562],[15.3339077,46.0737524],[15.3316991,46.0724024],[15.3283607,46.0726398],[15.3276595,46.0739395],[15.3237776,46.074052],[15.319253,46.0751868],[15.3135684,46.0749563],[15.3122405,46.0743869],[15.3081636,46.0739506],[15.3067023,46.073068],[15.3039748,46.072568],[15.3033705,46.0712404],[15.3017561,46.0698909],[15.2981773,46.0680044],[15.2957765,46.0687185],[15.2890909,46.0679486],[15.2881723,46.0683802],[15.2818513,46.0688734],[15.2804671,46.0681329],[15.2820482,46.0668898],[15.2816527,46.0655961],[15.2823297,46.0638536],[15.2825672,46.0563741],[15.2813599,46.0557375],[15.2765239,46.0591],[15.2728302,46.0600908],[15.2720747,46.062447],[15.2727093,46.0643088],[15.2741185,46.0659379],[15.2723706,46.0674373],[15.2732676,46.0701393],[15.2752555,46.0707826],[15.2760079,46.0741455],[15.274075,46.0747869],[15.2715101,46.0741058],[15.266968,46.0739434],[15.2656895,46.0759936],[15.2678889,46.0777905],[15.2671528,46.0822834],[15.2672885,46.0850858],[15.2632293,46.0889922],[15.2616232,46.0878068],[15.2623959,46.0842654],[15.259301,46.0833195],[15.2564434,46.0820279],[15.2580137,46.0798321],[15.2576727,46.0793253],[15.2540087,46.0805197],[15.2518736,46.0785837],[15.2493248,46.0773759],[15.2418609,46.0769595],[15.2371008,46.0777749],[15.2341779,46.0771605],[15.2328435,46.0781372],[15.2304611,46.0783383],[15.2269851,46.0807021],[15.2234365,46.0837795],[15.2215165,46.0845522],[15.2175218,46.0873029],[15.2147188,46.0849896],[15.207651,46.0817389],[15.2058525,46.0817205],[15.2017432,46.0827495],[15.1987956,46.0822993],[15.1968414,46.0859964],[15.1944507,46.0847615],[15.1901286,46.0837003],[15.1886771,46.0830454],[15.1855979,46.0839952],[15.1829769,46.0814334],[15.1852466,46.0803669],[15.182771,46.0784003],[15.1868144,46.0757899],[15.1918196,46.0741594],[15.1922328,46.0720004],[15.1964884,46.0719362],[15.1996798,46.0691964],[15.1982083,46.0684094],[15.1989776,46.0667802],[15.2006721,46.0655465],[15.197774,46.0619426],[15.2019234,46.0609722],[15.20481,46.0591351],[15.2033697,46.0561385],[15.2037157,46.0514178],[15.2036239,46.0487629],[15.2046646,46.0470768],[15.2087025,46.0451588],[15.2118876,46.0448443],[15.2164657,46.0458438],[15.2226902,46.046516],[15.2253193,46.0457849],[15.226739,46.0444922],[15.2298329,46.0406642],[15.2329387,46.0382663],[15.2365582,46.0368171],[15.2334832,46.0335929],[15.2314864,46.0328548],[15.2291868,46.0328932],[15.2271227,46.0323157],[15.227266,46.0314731],[15.2250971,46.0308739],[15.2244145,46.0317595],[15.2223538,46.031634],[15.2207186,46.0304076],[15.2195474,46.0282491],[15.2176542,46.0274919],[15.2162169,46.0279052],[15.2140934,46.0274895],[15.2124928,46.0283792],[15.2094464,46.0267581],[15.2060545,46.0254266],[15.2043677,46.0266169],[15.2007194,46.028026],[15.1989709,46.0294249],[15.1986439,46.0312161],[15.1993382,46.0327792],[15.1984263,46.0342341],[15.1930915,46.0347727],[15.1890921,46.0356917],[15.1846746,46.0359241],[15.1818118,46.0370808],[15.1771921,46.0370547],[15.1744904,46.0376123],[15.1726719,46.0374536],[15.1709723,46.038446],[15.1665838,46.039737],[15.1641216,46.0396224],[15.1605328,46.0403872],[15.1558617,46.0404191],[15.1520223,46.0420099],[15.1505612,46.0418921],[15.1482645,46.0428609],[15.1458829,46.0429561],[15.1412255,46.043816],[15.1368214,46.0457488],[15.1306381,46.0462794],[15.1268804,46.0459119],[15.1255742,46.0433461],[15.1213758,46.0433582],[15.1194483,46.0420673],[15.1154875,46.0421011],[15.1123039,46.0409055],[15.106872,46.0396966],[15.102295,46.0393329],[15.0995565,46.0385889],[15.0947563,46.0404083],[15.0911327,46.0404583],[15.0883541,46.0408311],[15.0894262,46.0356743],[15.0877537,46.0328419],[15.0885726,46.032619],[15.0921917,46.0292679],[15.0908539,46.0285584],[15.094399,46.0253257],[15.0957999,46.0245693],[15.0963186,46.0229818],[15.0985474,46.0221885],[15.0971416,46.021122],[15.0994838,46.019878],[15.0992659,46.0189987],[15.1000146,46.0180259],[15.1033547,46.015833],[15.1037689,46.0145713],[15.1051682,46.0137706],[15.1047215,46.0124436],[15.1056944,46.0111905],[15.1060665,46.0090325],[15.1035624,46.0086441],[15.1035347,46.0076746],[15.1073817,46.0078088],[15.108564,46.0064903],[15.1108984,46.0052376],[15.1186545,46.0023523],[15.1202802,46.0025491],[15.1257169,46.0016488],[15.1258856,46.0009182],[15.1281455,45.9998922],[15.1277447,45.997944],[15.1279671,45.9947027],[15.1290513,45.9915961],[15.1308114,45.9908314],[15.131235,45.9885632],[15.1298421,45.9860386],[15.1323255,45.9843905],[15.1342061,45.9864088],[15.1340591,45.9876487],[15.1353116,45.9908174],[15.1367908,45.9913294],[15.1416166,45.9915394],[15.1458449,45.9914374],[15.1466298,45.9921764],[15.14889,45.992531],[15.1505531,45.9945894],[15.1497541,45.99662],[15.1524159,45.9958508],[15.15669,45.9968897],[15.1591829,45.9980002],[15.161847,45.9979636],[15.1629836,45.9966496],[15.1629885,45.9940237],[15.1639595,45.9918121],[15.161393,45.9905659],[15.1598965,45.9904065],[15.1614639,45.9879868],[15.1599438,45.9852294],[15.1572848,45.9849999],[15.1544455,45.9855289],[15.1499935,45.9834262],[15.1488482,45.9814983],[15.1483252,45.9782187],[15.1498916,45.976727],[15.1500747,45.97565],[15.1517031,45.9739088],[15.1511395,45.9725527],[15.1518377,45.9717177],[15.1521377,45.9690368],[15.1541972,45.9692485],[15.1576899,45.9657599],[15.1596623,45.9658375],[15.161324,45.9651921],[15.1605244,45.9640822],[15.1617709,45.9619202],[15.1614948,45.9603069],[15.1627076,45.9568969],[15.167347,45.95509],[15.169755,45.9526355],[15.1718744,45.9524427],[15.1725281,45.9514155],[15.1751178,45.949665],[15.1775269,45.9491378],[15.1811903,45.946424],[15.183811,45.9448882],[15.1844988,45.9418732],[15.1867681,45.9404125],[15.1899397,45.9405118],[15.1919865,45.9401179],[15.1919277,45.9383498],[15.1940673,45.9375457],[15.1950249,45.9359535],[15.1982203,45.9364057],[15.1985121,45.9350549],[15.2004653,45.9347151],[15.2008923,45.9330162],[15.2028412,45.9327704],[15.2084465,45.9335658],[15.2106535,45.9319293],[15.2115702,45.9328838],[15.2136181,45.9317886],[15.2137029,45.9301918],[15.2163949,45.9289039],[15.2212973,45.9286915],[15.223879,45.9291085],[15.2267712,45.9278004],[15.2291551,45.9278233],[15.2290516,45.9261389]]]]},"properties":{"name":"Krško (Gurkfeld)","code":"KK"}},
{"type":"Feature","geometry":{"type":"MultiPolygon","coordinates":[[[[15.3552679,46.1827739],[15.3528199,46.1838755],[15.3513403,46.1857621],[15.3512826,46.1878179],[15.3503277,46.1890985],[15.3498075,46.1935674],[15.3504975,46.1948945],[15.3537485,46.1976641],[15.354909,46.1997444],[15.3537357,46.2006118],[15.3532646,46.2021199],[15.3557646,46.2042491],[15.3537842,46.2054756],[15.3541215,46.2073142],[15.3556852,46.2094483],[15.3544597,46.2108374],[15.3580916,46.2117693],[15.3586913,46.2131335],[15.3602863,46.2137554],[15.3591845,46.2157268],[15.359987,46.2185505],[15.3606118,46.2187544],[15.3588847,46.2218935],[15.3597857,46.2235484],[15.3590562,46.2240041],[15.3544038,46.2235947],[15.3512885,46.2229187],[15.3503756,46.223888],[15.347966,46.2234367],[15.3479125,46.2254065],[15.3467469,46.228073],[15.3415718,46.2289025],[15.3383888,46.2285547],[15.3376811,46.227374],[15.3355792,46.2272084],[15.335694,46.2284971],[15.3331244,46.2289064],[15.3318928,46.230951],[15.3314187,46.2334058],[15.3302189,46.2351989],[15.3311561,46.2367787],[15.3325142,46.2372986],[15.3331175,46.2388253],[15.3307222,46.2419028],[15.332825,46.24288],[15.3420586,46.2463545],[15.3441357,46.2477293],[15.3467099,46.247482],[15.3483437,46.2478551],[15.350978,46.2497032],[15.3529516,46.2531124],[15.3524693,46.2572914],[15.3517816,46.2604132],[15.3557636,46.2639215],[15.3562373,46.2664846],[15.3542984,46.2681772],[15.3522653,46.268928],[15.3513801,46.2701731],[15.3507057,46.2728427],[15.3512648,46.2746134],[15.353538,46.2753604],[15.3526014,46.2769204],[15.3535936,46.2805482],[15.353989,46.2835915],[15.3548616,46.2847515],[15.3590195,46.2851638],[15.365096,46.2835242],[15.3669294,46.2864802],[15.3709661,46.2869532],[15.3710559,46.288986],[15.373523,46.2912899],[15.3734542,46.2918483],[15.376846,46.2943387],[15.3788553,46.2963679],[15.3753443,46.2964718],[15.3724406,46.2980434],[15.3690833,46.2991594],[15.3678188,46.2988552],[15.3665572,46.2975007],[15.3649159,46.29812],[15.3616294,46.3019801],[15.3641405,46.3033916],[15.3653558,46.3069065],[15.3684177,46.309489],[15.3684902,46.3102935],[15.3706103,46.3117207],[15.3686268,46.3134023],[15.3676482,46.3155393],[15.3635566,46.3158103],[15.361799,46.3175732],[15.3621139,46.3188279],[15.3563261,46.3221649],[15.3578188,46.3240664],[15.3560853,46.3249208],[15.3579599,46.3269859],[15.3605025,46.3278279],[15.3632815,46.3303133],[15.3646741,46.3326114],[15.3649871,46.3340639],[15.3621614,46.333298],[15.3605805,46.3334711],[15.3563487,46.3349188],[15.352945,46.3374189],[15.346525,46.3391408],[15.3378684,46.3436488],[15.3352366,46.343806],[15.3347408,46.3459772],[15.3363743,46.347592],[15.3367891,46.3500716],[15.3361525,46.3510326],[15.3332676,46.3525018],[15.3342184,46.3552766],[15.3332115,46.3578908],[15.3340307,46.3592508],[15.3332126,46.3627717],[15.3284923,46.3644328],[15.3262675,46.3638234],[15.3243456,46.3648439],[15.3216381,46.3654084],[15.3179855,46.3652566],[15.3137675,46.3657609],[15.3110964,46.3666803],[15.3042958,46.3668404],[15.3002896,46.3673711],[15.2972151,46.367205],[15.294614,46.3638906],[15.2938145,46.3618573],[15.2887162,46.3642043],[15.2853158,46.3652184],[15.2810455,46.3653238],[15.2787837,46.3636363],[15.2756945,46.364738],[15.2706405,46.3651369],[15.2687516,46.3643739],[15.2653924,46.3642113],[15.2627388,46.3664358],[15.2610842,46.3667612],[15.2539433,46.3666523],[15.2541317,46.3677423],[15.2518907,46.3708887],[15.248792,46.3742278],[15.2481594,46.3780792],[15.2471042,46.3798478],[15.2449807,46.3820458],[15.2414221,46.3847091],[15.2381875,46.3857289],[15.2339851,46.3881945],[15.2294395,46.3892179],[15.2276268,46.3900773],[15.2250148,46.3893394],[15.2165026,46.3888507],[15.2142138,46.3890248],[15.207007,46.3888917],[15.2041182,46.3882974],[15.20066,46.3881975],[15.1944897,46.3873072],[15.1907593,46.3873585],[15.1875875,46.386669],[15.1890896,46.3831786],[15.1868066,46.3812709],[15.1867689,46.3789709],[15.1894376,46.3766291],[15.1890224,46.3746359],[15.1923294,46.3721484],[15.1923189,46.3706056],[15.1911765,46.3689474],[15.1940058,46.3657515],[15.1938716,46.3643307],[15.1928212,46.3632795],[15.1938737,46.3608371],[15.1966606,46.3588596],[15.197957,46.3571769],[15.1997576,46.3557985],[15.2003343,46.3544818],[15.2026998,46.3518927],[15.203625,46.3497365],[15.2045991,46.3488429],[15.2024088,46.3478428],[15.2042278,46.3464859],[15.2039361,46.3445766],[15.2057689,46.3436327],[15.2044792,46.3406606],[15.2010898,46.3405333],[15.199969,46.3389458],[15.2013005,46.3349911],[15.1994078,46.3333788],[15.1977245,46.3335208],[15.1957398,46.3316388],[15.195252,46.328577],[15.192357,46.3264175],[15.1935461,46.3256566],[15.1960901,46.3253746],[15.1988163,46.3261002],[15.2027465,46.3246701],[15.2062759,46.3241503],[15.2087082,46.3227386],[15.2080756,46.3201757],[15.2095343,46.3199947],[15.2126032,46.3187246],[15.2143347,46.3191168],[15.2169785,46.3170216],[15.2207825,46.316725],[15.2231383,46.3139342],[15.2221079,46.3112892],[15.2240997,46.3100941],[15.2247862,46.3080303],[15.2201553,46.305004],[15.2194417,46.3042113],[15.2211133,46.3031807],[15.2208976,46.3005022],[15.2183607,46.3000025],[15.2176296,46.297717],[15.2160495,46.2959168],[15.2162739,46.2952217],[15.2152777,46.2914983],[15.2154473,46.2891032],[15.2176483,46.2857402],[15.219235,46.2826981],[15.222101,46.2820011],[15.2237224,46.2805474],[15.2242849,46.2783167],[15.2200484,46.2789364],[15.2172712,46.277211],[15.2163099,46.2757477],[15.2148868,46.2765067],[15.2131975,46.2742183],[15.2122611,46.2737111],[15.2136332,46.2716872],[15.2109832,46.2682166],[15.2112672,46.2649358],[15.2121578,46.2629475],[15.2150781,46.2633816],[15.2172479,46.2616869],[15.2177948,46.2604734],[15.2141914,46.2606341],[15.2118463,46.2616617],[15.2103518,46.2604556],[15.2127646,46.2575542],[15.2154288,46.2563122],[15.2159485,46.2548735],[15.2159677,46.2509596],[15.2150242,46.2478028],[15.2162921,46.2460184],[15.2211693,46.2434624],[15.2208604,46.2419799],[15.2226931,46.2405556],[15.2223068,46.2391489],[15.2203193,46.2395822],[15.2202214,46.2380962],[15.2180375,46.2381186],[15.2175478,46.2370218],[15.2176807,46.2339574],[15.2198562,46.2326348],[15.217944,46.2308107],[15.2167464,46.2287009],[15.2148272,46.2263668],[15.2138668,46.2258361],[15.2143803,46.2244058],[15.2123164,46.2221009],[15.2126589,46.2207768],[15.2113619,46.2178855],[15.2121836,46.2137309],[15.2118672,46.2126788],[15.2131062,46.2112296],[15.2130777,46.2083742],[15.2136004,46.2064442],[15.2127168,46.2036884],[15.2132532,46.2004072],[15.2119268,46.1980252],[15.2107777,46.1977022],[15.2142333,46.1970916],[15.2092821,46.1918405],[15.211375,46.1914524],[15.2138648,46.1927779],[15.2174873,46.1936002],[15.2200478,46.1934935],[15.2200373,46.1913264],[15.2222561,46.189099],[15.2277014,46.1914129],[15.2276475,46.1891266],[15.2302998,46.1901792],[15.2316906,46.1915664],[15.2301838,46.1933787],[15.2318389,46.19477],[15.2376672,46.1953242],[15.2399162,46.1966969],[15.2406302,46.1981152],[15.2435619,46.1981109],[15.2465453,46.2000349],[15.2472643,46.2009323],[15.2498175,46.2004249],[15.2518105,46.1995338],[15.2515834,46.1978362],[15.2522352,46.1955353],[15.254092,46.1925504],[15.2639635,46.1915162],[15.2667812,46.1908811],[15.269754,46.1909766],[15.2738062,46.1917705],[15.2794778,46.1919203],[15.2843932,46.1913397],[15.2876298,46.19047],[15.2882679,46.1898403],[15.291746,46.1885661],[15.2940915,46.1893179],[15.2950802,46.1879872],[15.2968075,46.1870644],[15.2967427,46.1861601],[15.2989758,46.1830158],[15.2955076,46.1829322],[15.2940216,46.1823347],[15.2952764,46.1806995],[15.2927943,46.1798442],[15.2954161,46.1777141],[15.2957924,46.1758601],[15.2952768,46.1750161],[15.2917428,46.1767245],[15.2912874,46.1741564],[15.2826993,46.1742536],[15.2792018,46.1725093],[15.2794888,46.1694481],[15.2811796,46.169019],[15.2813251,46.1667493],[15.2870163,46.1654035],[15.2893939,46.1644062],[15.2946822,46.1656171],[15.2969195,46.165366],[15.2970727,46.1633174],[15.3003626,46.1634886],[15.3017988,46.1644493],[15.3046674,46.165312],[15.3128159,46.1663765],[15.3201359,46.1666652],[15.321857,46.1716678],[15.3262092,46.1718726],[15.3282992,46.1722492],[15.3283821,46.1733966],[15.327297,46.1757036],[15.3277914,46.1781983],[15.3296001,46.1797007],[15.330849,46.1769613],[15.3318935,46.1761445],[15.3342779,46.1765555],[15.3354895,46.1761871],[15.337737,46.1772608],[15.3408605,46.1773563],[15.3421623,46.1795124],[15.3454367,46.1793348],[15.3510665,46.1795782],[15.3532049,46.1808381],[15.3550974,46.1810687],[15.3552679,46.1827739]]],[[[15.0828644,46.0774142],[15.083242,46.0760769],[15.0857798,46.0750561],[15.0843453,46.0731859],[15.0840812,46.0719726],[15.085724,46.0713427],[15.083756,46.0684886],[15.081331,46.0689292],[15.0804966,46.0698964],[15.0777139,46.0713779],[15.0751593,46.0710315],[15.0727872,46.0697571],[15.0713817,46.0673575],[15.0693242,46.0659795],[15.0675185,46.0654647],[15.0672339,46.0635625],[15.0661071,46.0609374],[15.0667847,46.060146],[15.0669079,46.0567429],[15.0683107,46.0544676],[15.0725407,46.0513835],[15.0716285,46.0496634],[15.0715562,46.046614],[15.073058,46.0448513],[15.0752055,46.0439279],[15.0765472,46.0426535],[15.0787521,46.0416752],[15.0808939,46.0415638],[15.0844176,46.0406378],[15.0883541,46.0408311],[15.0911327,46.0404583],[15.0947563,46.0404083],[15.0995565,46.0385889],[15.102295,46.0393329],[15.106872,46.0396966],[15.1123039,46.0409055],[15.1154875,46.0421011],[15.1194483,46.0420673],[15.1213758,46.0433582],[15.1255742,46.0433461],[15.1268804,46.0459119],[15.1306381,46.0462794],[15.1368214,46.0457488],[15.1412255,46.043816],[15.1458829,46.0429561],[15.1482645,46.0428609],[15.1505612,46.0418921],[15.1520223,46.0420099],[15.1558617,46.0404191],[15.1605328,46.0403872],[15.1641216,46.0396224],[15.1665838,46.039737],[15.1709723,46.038446],[15.1726719,46.0374536],[15.1744904,46.0376123],[15.1771921,46.0370547],[15.1818118,46.0370808],[15.1846746,46.0359241],[15.1890921,46.0356917],[15.1930915,46.0347727],[15.1984263,46.0342341],[15.1993382,46.0327792],[15.1986439,46.0312161],[15.1989709,46.0294249],[15.2007194,46.028026],[15.2043677,46.0266169],[15.2060545,46.0254266],[15.2094464,46.0267581],[15.2124928,46.0283792],[15.2140934,46.0274895],[15.2162169,46.0279052],[15.2176542,46.0274919],[15.2195474,46.0282491],[15.2207186,46.0304076],[15.2223538,46.031634],[15.2244145,46.0317595],[15.2250971,46.0308739],[15.227266,46.0314731],[15.2271227,46.0323157],[15.2291868,46.0328932],[15.2314864,46.0328548],[15.2334832,46.0335929],[15.2365582,46.0368171],[15.2329387,46.0382663],[15.2298329,46.0406642],[15.226739,46.0444922],[15.2253193,46.0457849],[15.2226902,46.046516],[15.2164657,46.0458438],[15.2118876,46.0448443],[15.2087025,46.0451588],[15.2046646,46.0470768],[15.2036239,46.0487629],[15.2037157,46.0514178],[15.2033697,46.0561385],[15.20481,46.0591351],[15.2019234,46.0609722],[15.197774,46.0619426],[15.2006721,46.0655465],[15.1989776,46.0667802],[15.1982083,46.0684094],[15.1996798,46.0691964],[15.1964884,46.0719362],[15.1922328,46.0720004],[15.1918196,46.0741594],[15.1868144,46.0757899],[15.182771,46.0784003],[15.1852466,46.0803669],[15.1829769,46.0814334],[15.1855979,46.0839952],[15.1886771,46.0830454],[15.1901286,46.0837003],[15.1944507,46.0847615],[15.1968414,46.0859964],[15.1987956,46.0822993],[15.2017432,46.0827495],[15.2058525,46.0817205],[15.207651,46.0817389],[15.2147188,46.0849896],[15.2175218,46.0873029],[15.2215165,46.0845522],[15.2234365,46.0837795],[15.2269851,46.0807021],[15.2304611,46.0783383],[15.2328435,46.0781372],[15.2341779,46.0771605],[15.2371008,46.0777749],[15.2418609,46.0769595],[15.2493248,46.0773759],[15.2518736,46.0785837],[15.2540087,46.0805197],[15.2576727,46.0793253],[15.2580137,46.0798321],[15.2564434,46.0820279],[15.259301,46.0833195],[15.2623959,46.0842654],[15.2616232,46.0878068],[15.2632293,46.0889922],[15.2672885,46.0850858],[15.2671528,46.0822834],[15.2678889,46.0777905],[15.2656895,46.0759936],[15.266968,46.0739434],[15.2715101,46.0741058],[15.274075,46.0747869],[15.2760079,46.0741455],[15.2752555,46.0707826],[15.2732676,46.0701393],[15.2723706,46.0674373],[15.2741185,46.0659379],[15.2727093,46.0643088],[15.2720747,46.062447],[15.2728302,46.0600908],[15.2765239,46.0591],[15.2813599,46.0557375],[15.2825672,46.0563741],[15.2823297,46.0638536],[15.2816527,46.0655961],[15.2820482,46.0668898],[15.2804671,46.0681329],[15.2818513,46.0688734],[15.2881723,46.0683802],[15.2890909,46.0679486],[15.2957765,46.0687185],[15.2981773,46.0680044],[15.3017561,46.0698909],[15.3033705,46.0712404],[15.3039748,46.072568],[15.3067023,46.073068],[15.3081636,46.0739506],[15.3122405,46.0743869],[15.3135684,46.0749563],[15.319253,46.0751868],[15.3237776,46.074052],[15.3276595,46.0739395],[15.3283607,46.0726398],[15.3316991,46.0724024],[15.3339077,46.0737524],[15.3358768,46.0737562],[15.3406649,46.0721763],[15.3474896,46.0723571],[15.348655,46.0721887],[15.3514321,46.0733066],[15.3540788,46.0732487],[15.356242,46.0722807],[15.3585623,46.0733804],[15.3586719,46.074158],[15.3612283,46.0748158],[15.3629657,46.0763594],[15.361948,46.0787211],[15.365976,46.0797715],[15.365122,46.081786],[15.3639886,46.0828829],[15.36566,46.084623],[15.3673881,46.0855019],[15.3719611,46.0865317],[15.3723647,46.0881014],[15.374879,46.0886251],[15.3737196,46.0896217],[15.3731182,46.0914124],[15.3746102,46.0940704],[15.3743011,46.0949868],[15.3753476,46.0972151],[15.3749297,46.0979523],[15.375408,46.1008007],[15.3741519,46.1016126],[15.3673635,46.1028122],[15.3671305,46.1047334],[15.3680871,46.1057879],[15.3683094,46.1097652],[15.3702085,46.1103535],[15.3722467,46.110055],[15.3753545,46.1136131],[15.3744622,46.1146229],[15.3714894,46.1159675],[15.3716196,46.1171883],[15.3696117,46.1200398],[15.3687917,46.1221372],[15.3656588,46.1261216],[15.3648815,46.1277682],[15.3658535,46.1298067],[15.365043,46.132305],[15.3653848,46.1336666],[15.3629705,46.1360037],[15.3621766,46.1392277],[15.3582189,46.1411067],[15.3567838,46.1424378],[15.3572157,46.1443918],[15.3548819,46.1467709],[15.3520205,46.1486129],[15.3508002,46.1489003],[15.3513397,46.1509219],[15.3539384,46.1522206],[15.3550458,46.1557905],[15.3566369,46.1563833],[15.3589589,46.1562065],[15.3619251,46.1566672],[15.3624614,46.1572173],[15.366356,46.1580085],[15.3690877,46.1588994],[15.3685129,46.1629281],[15.3692878,46.1642355],[15.3691384,46.1670566],[15.3676796,46.1692921],[15.3685427,46.1702233],[15.3716077,46.1720901],[15.3674241,46.1754543],[15.3652243,46.178402],[15.3640403,46.1811199],[15.3621976,46.183032],[15.3594717,46.183651],[15.3552679,46.1827739],[15.3550974,46.1810687],[15.3532049,46.1808381],[15.3510665,46.1795782],[15.3454367,46.1793348],[15.3421623,46.1795124],[15.3408605,46.1773563],[15.337737,46.1772608],[15.3354895,46.1761871],[15.3342779,46.1765555],[15.3318935,46.1761445],[15.330849,46.1769613],[15.3296001,46.1797007],[15.3277914,46.1781983],[15.327297,46.1757036],[15.3283821,46.1733966],[15.3282992,46.1722492],[15.3262092,46.1718726],[15.321857,46.1716678],[15.3201359,46.1666652],[15.3128159,46.1663765],[15.3046674,46.165312],[15.3017988,46.1644493],[15.3003626,46.1634886],[15.2970727,46.1633174],[15.2969195,46.165366],[15.2946822,46.1656171],[15.2893939,46.1644062],[15.2870163,46.1654035],[15.2813251,46.1667493],[15.2811796,46.169019],[15.2794888,46.1694481],[15.2792018,46.1725093],[15.2826993,46.1742536],[15.2912874,46.1741564],[15.2917428,46.1767245],[15.2952768,46.1750161],[15.2957924,46.1758601],[15.2954161,46.1777141],[15.2927943,46.1798442],[15.2952764,46.1806995],[15.2940216,46.1823347],[15.2955076,46.1829322],[15.2989758,46.1830158],[15.2967427,46.1861601],[15.2968075,46.1870644],[15.2950802,46.1879872],[15.2940915,46.1893179],[15.291746,46.1885661],[15.2882679,46.1898403],[15.2876298,46.19047],[15.2843932,46.1913397],[15.2794778,46.1919203],[15.2738062,46.1917705],[15.269754,46.1909766],[15.2667812,46.1908811],[15.2639635,46.1915162],[15.254092,46.1925504],[15.2522352,46.1955353],[15.2515834,46.1978362],[15.2518105,46.1995338],[15.2498175,46.2004249],[15.2472643,46.2009323],[15.2465453,46.2000349],[15.2435619,46.1981109],[15.2406302,46.1981152],[15.2399162,46.1966969],[15.2376672,46.1953242],[15.2318389,46.19477],[15.2301838,46.1933787],[15.2316906,46.1915664],[15.2302998,46.1901792],[15.2276475,46.1891266],[15.2277014,46.1914129],[15.2222561,46.189099],[15.2200373,46.1913264],[15.2200478,46.1934935],[15.2174873,46.1936002],[15.2138648,46.1927779],[15.211375,46.1914524],[15.2092821,46.1918405],[15.2142333,46.1970916],[15.2107777,46.1977022],[15.2031464,46.1930964],[15.2024041,46.1919483],[15.2025297,46.1894194],[15.2021572,46.1867164],[15.1988421,46.1855787],[15.1982551,46.1860427],[15.1931712,46.1863193],[15.1911602,46.1854018],[15.1891812,46.1865105],[15.189005,46.187424],[15.1850538,46.1869494],[15.1851339,46.1852727],[15.1822583,46.185829],[15.1813298,46.1865634],[15.1767408,46.1858389],[15.1754546,46.1837714],[15.1719926,46.1830341],[15.1701572,46.1838647],[15.1675129,46.1835342],[15.1661918,46.1848175],[15.1631773,46.1861922],[15.1677347,46.1895001],[15.1629252,46.1908722],[15.1608525,46.1929155],[15.1564376,46.1902533],[15.1549206,46.1888002],[15.1511015,46.190037],[15.1465455,46.1860742],[15.1441202,46.1856269],[15.1361903,46.1850262],[15.1335293,46.1853116],[15.1219772,46.1827991],[15.1206053,46.182027],[15.1180367,46.1816588],[15.1112904,46.1817071],[15.1158691,46.1801954],[15.1156499,46.1783759],[15.1188226,46.1771608],[15.120506,46.1741814],[15.122691,46.1743288],[15.1221487,46.1720393],[15.123735,46.1701693],[15.1230629,46.1685002],[15.1232985,46.1666774],[15.1301718,46.1667348],[15.1308004,46.1654461],[15.1273879,46.1615656],[15.127067,46.1596642],[15.1260757,46.1583962],[15.1308325,46.1562681],[15.1371437,46.1566186],[15.1400737,46.1578477],[15.145855,46.1595326],[15.1483444,46.1571733],[15.1506482,46.1563181],[15.1494081,46.1540795],[15.1502895,46.1524373],[15.1577419,46.1507178],[15.1567191,46.1484184],[15.1561622,46.1428343],[15.1578275,46.1407092],[15.1615744,46.1403548],[15.1632191,46.1395298],[15.1652704,46.1394282],[15.1670956,46.1381687],[15.1692277,46.1376956],[15.1691045,46.1366391],[15.1705988,46.1334262],[15.1739807,46.1334704],[15.1752897,46.131594],[15.1744044,46.1304779],[15.1739602,46.1270755],[15.1760107,46.1270694],[15.1797205,46.126029],[15.1799381,46.1244405],[15.1793187,46.1220281],[15.1794324,46.1199059],[15.1822529,46.1195944],[15.1810296,46.1156373],[15.1838835,46.1142564],[15.1849305,46.1126711],[15.1863445,46.112728],[15.1878805,46.1117731],[15.1883885,46.109983],[15.1864638,46.1095617],[15.1844882,46.1098559],[15.1813758,46.1092873],[15.1800027,46.1084216],[15.177818,46.1088343],[15.1731713,46.1070745],[15.1708306,46.1047779],[15.1696622,46.1025819],[15.1691265,46.1001268],[15.1635082,46.1034384],[15.1583102,46.1047634],[15.1539432,46.10431],[15.1524498,46.1058957],[15.1516272,46.1076189],[15.1455989,46.1084552],[15.1447487,46.1109396],[15.1430913,46.1124665],[15.1385819,46.1119958],[15.1375887,46.1109774],[15.1398936,46.1074082],[15.13743,46.1058633],[15.1338395,46.1046071],[15.1381875,46.1018324],[15.1415139,46.1011359],[15.1458494,46.0987572],[15.15098,46.0966032],[15.1550221,46.0931308],[15.1522182,46.0906273],[15.1483514,46.0912823],[15.1455958,46.0908945],[15.1477814,46.0886244],[15.1446053,46.0876542],[15.1418298,46.0872819],[15.1403511,46.0861866],[15.1336453,46.0863977],[15.1283673,46.0868136],[15.123052,46.0862077],[15.1201873,46.0888171],[15.1198776,46.0903093],[15.1146039,46.0895705],[15.1096147,46.090805],[15.1074043,46.0909279],[15.1049101,46.0928147],[15.1019792,46.0936489],[15.1004998,46.0926691],[15.1005844,46.0916793],[15.1028289,46.0894651],[15.1021929,46.0877426],[15.0992773,46.0869315],[15.097879,46.0842125],[15.0989115,46.081976],[15.1024335,46.0822864],[15.0994329,46.0794242],[15.0972043,46.0782454],[15.0910148,46.0771241],[15.0874855,46.0791537],[15.0837202,46.0789228],[15.0828644,46.0774142]]],[[[15.0079095,46.3339937],[15.0068801,46.3353628],[15.0071987,46.3375956],[15.0035559,46.338888],[15.0023246,46.3401747],[14.9984511,46.3428628],[15.0006613,46.3438377],[15.0013926,46.3448054],[15.001676,46.347359],[15.0023811,46.3485438],[14.9971462,46.3507507],[14.9976607,46.3518755],[14.9957454,46.3535892],[14.9964615,46.3568102],[14.9959185,46.3581633],[14.9969589,46.3615794],[14.9962652,46.36318],[14.9978235,46.3657794],[15.0015648,46.3681144],[14.9987003,46.3691397],[14.9947542,46.3686258],[14.9943812,46.3708876],[14.9954531,46.3731664],[14.9968095,46.3740014],[14.9985012,46.3814897],[15.0010027,46.3825591],[15.0028317,46.3838507],[15.002264,46.3854395],[14.9976754,46.3859825],[14.9966145,46.3852472],[14.9949775,46.3866603],[14.9950038,46.3895857],[14.9957983,46.3907272],[14.9932562,46.3932956],[14.9903161,46.3938283],[14.9886407,46.3957453],[14.986585,46.3952121],[14.9863169,46.3936647],[14.9844822,46.3921916],[14.9856177,46.3916917],[14.987925,46.3920756],[14.9882807,46.3909149],[14.984893,46.3904878],[14.9827873,46.3907989],[14.9782727,46.3905331],[14.976812,46.3914122],[14.9739374,46.390385],[14.9703923,46.389575],[14.9668505,46.3905235],[14.9655625,46.3884451],[14.9634587,46.388709],[14.9619338,46.3880284],[14.9592447,46.3889555],[14.958273,46.3911074],[14.9556445,46.3921463],[14.9508909,46.3933618],[14.9469086,46.3972396],[14.9447166,46.3989087],[14.9393914,46.4035079],[14.9349722,46.4034519],[14.9297488,46.4019239],[14.9258224,46.4024237],[14.923231,46.4017638],[14.9223247,46.4006713],[14.9184472,46.3977091],[14.9118481,46.3915481],[14.9077565,46.3893444],[14.902361,46.3912784],[14.9013914,46.3911239],[14.8994433,46.3931098],[14.8957125,46.4000942],[14.8970631,46.4033534],[14.8982389,46.4080056],[14.8988952,46.4094088],[14.8997221,46.413498],[14.8966549,46.4151651],[14.895387,46.4164898],[14.8906525,46.4197236],[14.8861761,46.4194073],[14.8813695,46.4198585],[14.877369,46.4196173],[14.8738678,46.4199239],[14.8710372,46.4207751],[14.867777,46.4209128],[14.8663769,46.4202765],[14.8619109,46.4201831],[14.8598978,46.4193043],[14.8568967,46.4189164],[14.8530813,46.4194153],[14.8506997,46.4186475],[14.8496399,46.4174889],[14.8458939,46.417822],[14.8420445,46.419631],[14.8410892,46.4215799],[14.8360524,46.4238072],[14.8329593,46.4237376],[14.8273953,46.4245273],[14.8241256,46.4228319],[14.8204944,46.4231324],[14.8188,46.4236389],[14.8137949,46.4231858],[14.8108308,46.4217835],[14.8075531,46.4228016],[14.8059439,46.4226006],[14.8016467,46.4233504],[14.8002487,46.4229835],[14.7947074,46.424742],[14.7909221,46.425254],[14.7884307,46.4277265],[14.7862314,46.4293541],[14.7813117,46.4274234],[14.7788533,46.4271883],[14.7768518,46.4280523],[14.776355,46.4294142],[14.7726781,46.4320767],[14.767735,46.43148],[14.765432,46.4304727],[14.7637211,46.4287922],[14.7630591,46.4265493],[14.7639345,46.4254381],[14.7632586,46.4225997],[14.7608279,46.421463],[14.7584773,46.4212835],[14.7567159,46.4204982],[14.7554594,46.4188138],[14.7531406,46.4190457],[14.7519021,46.4201192],[14.7503069,46.4226025],[14.7489402,46.4228704],[14.7474541,46.4249475],[14.7469027,46.4285315],[14.7452798,46.4307308],[14.7442043,46.4336811],[14.7415405,46.4343495],[14.7398354,46.4357655],[14.7390522,46.4397622],[14.737557,46.4407465],[14.7367512,46.4424127],[14.7355398,46.4422442],[14.7318086,46.4449751],[14.7283737,46.4449482],[14.7262527,46.4444438],[14.7236418,46.4450077],[14.7212119,46.4496685],[14.7181003,46.449638],[14.7166327,46.4488157],[14.7149354,46.4488292],[14.7107354,46.4496491],[14.7085252,46.4490046],[14.7059514,46.4491133],[14.7035931,46.4483968],[14.6986202,46.4481687],[14.6935236,46.4482884],[14.691908,46.44871],[14.690646,46.4479773],[14.6879234,46.4482622],[14.6857199,46.4495324],[14.6819074,46.4500601],[14.6800876,46.4492023],[14.6782416,46.4493344],[14.674876,46.4507837],[14.671021,46.4510675],[14.6685025,46.4500396],[14.6666174,46.4499586],[14.6646817,46.4486792],[14.6633987,46.4464342],[14.6596579,46.4444987],[14.6553188,46.4442156],[14.6523817,46.444991],[14.6443488,46.4433676],[14.643963,46.4428297],[14.6408557,46.4430117],[14.637087,46.4411394],[14.6314609,46.4394824],[14.6246699,46.4392811],[14.6221839,46.4386944],[14.6178242,46.4389407],[14.6153999,46.4399364],[14.6093132,46.4394424],[14.6058179,46.43835],[14.6047023,46.4369434],[14.595974,46.4368218],[14.5962816,46.4340196],[14.591844,46.4313087],[14.5863306,46.4295834],[14.5866759,46.4279602],[14.5844177,46.4240664],[14.5843082,46.4212234],[14.583603,46.4185651],[14.5825427,46.4181372],[14.5832692,46.4158621],[14.5886517,46.4143876],[14.5884204,46.4113649],[14.5893837,46.4102747],[14.588455,46.408104],[14.5883178,46.4056528],[14.586565,46.4042055],[14.5871169,46.3982731],[14.587602,46.3964033],[14.5856486,46.3928625],[14.5861378,46.392255],[14.5839409,46.3895349],[14.5824191,46.3869312],[14.5802121,46.3859335],[14.5786531,46.3840958],[14.5786178,46.3831334],[14.5815708,46.3821778],[14.5803325,46.3794699],[14.5789601,46.3788536],[14.5787236,46.3776072],[14.5762844,46.3761708],[14.5730252,46.3755089],[14.5690309,46.3757926],[14.5653811,46.374669],[14.5651786,46.3724569],[14.5652394,46.367801],[14.5703142,46.3657098],[14.5827234,46.3578462],[14.5876549,46.3549269],[14.5923542,46.3593518],[14.5968306,46.3598307],[14.6003766,46.3591509],[14.6031021,46.3590403],[14.6145114,46.3575007],[14.6312672,46.3622528],[14.6375403,46.3641269],[14.6380754,46.3607127],[14.6382513,46.3571549],[14.637933,46.3536237],[14.6384714,46.3468336],[14.6378409,46.3444302],[14.6388554,46.3363645],[14.6405307,46.3346317],[14.6375774,46.3308598],[14.6401147,46.3290467],[14.642068,46.3268463],[14.64245,46.3256761],[14.6465378,46.3242469],[14.6482925,46.3213844],[14.6493214,46.3205844],[14.6535531,46.3185931],[14.657723,46.3145098],[14.6612048,46.3138681],[14.6647469,46.3145113],[14.6676779,46.3131967],[14.6701055,46.3127464],[14.6740373,46.3099671],[14.6744468,46.3062933],[14.6763013,46.303205],[14.6772431,46.3001912],[14.6772675,46.2928371],[14.6753833,46.289778],[14.6750489,46.287858],[14.673669,46.2837932],[14.6781842,46.282868],[14.682129,46.2815118],[14.6885091,46.2831081],[14.6916148,46.2826842],[14.6983585,46.2834193],[14.7003354,46.2841381],[14.7042779,46.2847343],[14.7053743,46.2824449],[14.7046261,46.2790352],[14.7050932,46.2781176],[14.7024192,46.2759252],[14.700705,46.2735461],[14.6995915,46.2705055],[14.6967579,46.2686512],[14.6954526,46.2669798],[14.696431,46.2655772],[14.6992852,46.2637614],[14.7012689,46.2610513],[14.704556,46.2578752],[14.7107198,46.2579167],[14.7120298,46.2575117],[14.7153219,46.2577867],[14.7181345,46.2573936],[14.7237169,46.2571051],[14.7264032,46.2581056],[14.7299649,46.2577075],[14.7326481,46.2567776],[14.7391248,46.2553453],[14.7449955,46.2553861],[14.7475377,46.2543469],[14.7513649,46.2522756],[14.7563504,46.2506412],[14.7586232,46.2518017],[14.7602264,46.2531689],[14.7646196,46.2536452],[14.7705438,46.2505243],[14.7731878,46.2507558],[14.7760859,46.2499498],[14.77807,46.2509604],[14.7917163,46.2524249],[14.8045614,46.2553513],[14.811021,46.2544046],[14.8145019,46.2533554],[14.8181224,46.2536847],[14.8258503,46.2537384],[14.839213,46.2507353],[14.8482552,46.2505719],[14.8542088,46.2503154],[14.8596454,46.2465984],[14.8604659,46.2453904],[14.864287,46.2440914],[14.8679285,46.2424084],[14.8745945,46.2408359],[14.8793963,46.240503],[14.8826377,46.2385997],[14.8852469,46.2374818],[14.8865267,46.2408624],[14.887434,46.2416956],[14.8896036,46.2419206],[14.8894358,46.2438275],[14.8957822,46.2447017],[14.896344,46.2480509],[14.8979653,46.2502367],[14.8995082,46.2509337],[14.8996686,46.2528275],[14.8983827,46.2545612],[14.896177,46.2566043],[14.8927622,46.2582974],[14.8923785,46.2598244],[14.8937589,46.2617719],[14.8989499,46.262392],[14.905647,46.2610503],[14.9103989,46.2598492],[14.9152418,46.2595214],[14.9171534,46.2589922],[14.9196461,46.2576566],[14.9208634,46.2615035],[14.9197036,46.263144],[14.919686,46.2646531],[14.9240118,46.2669524],[14.9295936,46.269637],[14.9314071,46.26971],[14.9359884,46.27133],[14.9372773,46.2722603],[14.9392599,46.2699808],[14.94233,46.2698592],[14.9446712,46.2691209],[14.9493351,46.2703564],[14.9508724,46.2720507],[14.9511006,46.2743196],[14.9497067,46.2751717],[14.9488533,46.2767066],[14.9463082,46.2780089],[14.9463004,46.28107],[14.9515674,46.2813135],[14.9527199,46.2818257],[14.9543653,46.2805601],[14.9540325,46.2781995],[14.9558045,46.2781764],[14.9623029,46.2793526],[14.9658344,46.2790821],[14.9693485,46.2802719],[14.9705158,46.2820541],[14.9695591,46.2838499],[14.9676614,46.28531],[14.9680674,46.2863038],[14.9696815,46.2866077],[14.9726881,46.2911885],[14.9725736,46.2927144],[14.9703078,46.2948196],[14.9707064,46.2971091],[14.96965,46.2990514],[14.9702498,46.3001575],[14.9727718,46.3007957],[14.9740914,46.302458],[14.9742419,46.3049848],[14.9766871,46.3047824],[14.9774239,46.3071441],[14.9793133,46.3086188],[14.982019,46.3081356],[14.9846393,46.3084195],[14.9867679,46.3096385],[14.9895213,46.3123999],[14.9887287,46.3146416],[14.9885806,46.3166931],[14.9875798,46.3185971],[14.9880701,46.3217626],[14.9901792,46.3230108],[14.9922363,46.3258286],[14.9918414,46.3267173],[14.9944396,46.3280527],[14.9982124,46.3287351],[14.9984835,46.3300644],[15.0007193,46.3311616],[15.0005319,46.3321414],[15.0026804,46.3329129],[15.0055553,46.3331045],[15.0079095,46.3339937]]],[[[15.5448894,46.2786261],[15.5469367,46.2796802],[15.5466419,46.28098],[15.5476817,46.2815533],[15.5510593,46.2814518],[15.5537588,46.2846388],[15.5532603,46.2867065],[15.5498869,46.2874125],[15.5460986,46.2900492],[15.5473849,46.2914413],[15.5463007,46.2930779],[15.5464843,46.2942073],[15.5492704,46.2963187],[15.5509952,46.2966113],[15.5491801,46.2985596],[15.5487876,46.3006515],[15.5514985,46.3009463],[15.552094,46.3019723],[15.5479832,46.3044473],[15.5478791,46.3057915],[15.5466705,46.3072234],[15.5448819,46.3080832],[15.5446365,46.3093054],[15.5453572,46.311304],[15.5447182,46.3125209],[15.5449204,46.314112],[15.5462316,46.3155991],[15.5464896,46.317612],[15.544281,46.3199167],[15.5439994,46.3222174],[15.5422306,46.3268411],[15.5426008,46.3277244],[15.5417795,46.3304211],[15.5427783,46.3311333],[15.5389069,46.3352482],[15.5374504,46.3373666],[15.5373116,46.3396622],[15.5382773,46.3410108],[15.5372836,46.3419492],[15.5380578,46.3444027],[15.5394292,46.346069],[15.5379736,46.3484301],[15.5353616,46.3505556],[15.5331897,46.3510158],[15.5299821,46.3491317],[15.5261589,46.3493584],[15.5169858,46.3473492],[15.5119728,46.3469444],[15.510664,46.3459475],[15.5074946,46.3445659],[15.5045011,46.3479962],[15.5023074,46.3489209],[15.5017192,46.3513227],[15.5021786,46.3531677],[15.5018437,46.3550277],[15.5022048,46.3570188],[15.4994536,46.3588004],[15.4975322,46.3581435],[15.4964659,46.3597553],[15.4949156,46.3591065],[15.4939873,46.357618],[15.4909427,46.3563234],[15.489476,46.3549552],[15.4858526,46.352921],[15.4820811,46.3568464],[15.4776755,46.3580683],[15.4701967,46.3546312],[15.4667703,46.3560588],[15.4664314,46.3549716],[15.4629408,46.3552548],[15.4622111,46.3563257],[15.4605298,46.3566388],[15.4589823,46.3554802],[15.4559846,46.354369],[15.4531604,46.3546712],[15.4534489,46.3563022],[15.4498742,46.3567916],[15.4496422,46.3560368],[15.4467413,46.3569077],[15.445512,46.3581414],[15.4469871,46.3635197],[15.4447273,46.3647081],[15.4432565,46.3644666],[15.4401069,46.365418],[15.4372491,46.3644223],[15.4346157,46.3657157],[15.4305551,46.3652884],[15.4295535,46.3663617],[15.4271325,46.3670879],[15.4261906,46.3687401],[15.4214033,46.3696345],[15.4225906,46.3744231],[15.4199743,46.3748399],[15.4171173,46.374515],[15.4124281,46.3754335],[15.4110907,46.3752369],[15.405959,46.3770153],[15.4047668,46.3779638],[15.4022316,46.3789063],[15.4020153,46.3801865],[15.4001117,46.3805963],[15.3966632,46.3821424],[15.3969702,46.3830168],[15.4005802,46.3836616],[15.4017697,46.382683],[15.4048117,46.3830911],[15.4062565,46.3826646],[15.4083053,46.3832845],[15.4117151,46.3833524],[15.4111909,46.3850537],[15.413944,46.3860626],[15.4131762,46.38815],[15.4136875,46.3898652],[15.4186096,46.3897628],[15.4184988,46.3919462],[15.4146324,46.3948693],[15.4139338,46.3960771],[15.4111443,46.3975441],[15.4083118,46.3976688],[15.4044832,46.3986474],[15.4026693,46.4001277],[15.4017673,46.4017818],[15.3988342,46.403967],[15.4026583,46.4061305],[15.4035071,46.4053698],[15.4085375,46.4045642],[15.4098837,46.4058106],[15.4101639,46.4101197],[15.4132059,46.4132547],[15.4133083,46.417153],[15.4119104,46.4192448],[15.4143608,46.4201388],[15.4139089,46.4210691],[15.417272,46.4226756],[15.419263,46.4244565],[15.4178697,46.4255581],[15.4128755,46.4269989],[15.4102254,46.427048],[15.4101632,46.4280074],[15.4081155,46.4285832],[15.4083148,46.4301892],[15.4037029,46.4310812],[15.4015704,46.434165],[15.4007135,46.4369678],[15.3991554,46.4381474],[15.3961497,46.436543],[15.3935361,46.4343908],[15.3886913,46.4321792],[15.3794634,46.4372522],[15.3753022,46.4390147],[15.3732081,46.4380416],[15.3737875,46.4406189],[15.3728129,46.4433469],[15.3694424,46.4462978],[15.3678328,46.4472855],[15.3632212,46.4486287],[15.3605184,46.4483747],[15.3530616,46.4462784],[15.3457615,46.4485067],[15.3418186,46.4488301],[15.3413236,46.4496043],[15.3435271,46.4583815],[15.3426701,46.4597904],[15.3387785,46.4612186],[15.3366477,46.4639922],[15.3341251,46.4651697],[15.3350395,46.4668039],[15.3359117,46.4696895],[15.3336629,46.4752073],[15.3311321,46.4751043],[15.3302799,46.4744076],[15.3278968,46.4743585],[15.3246575,46.4755376],[15.3208775,46.4747605],[15.3187854,46.4785826],[15.3153136,46.4795455],[15.3140119,46.4794699],[15.3102054,46.48021],[15.309933,46.4784256],[15.3108794,46.4759346],[15.3104585,46.4735645],[15.3122981,46.4688985],[15.3141566,46.4661912],[15.3173946,46.4626478],[15.3196533,46.462165],[15.3233707,46.4590102],[15.3266982,46.4579768],[15.3280421,46.4560636],[15.3276324,46.4541711],[15.3234136,46.4504397],[15.3213769,46.4497401],[15.3189961,46.4482859],[15.3035325,46.4483699],[15.3007689,46.4482226],[15.2940644,46.4490368],[15.2915931,46.4472435],[15.2822461,46.4447036],[15.2763301,46.4440701],[15.2716004,46.4450291],[15.2693601,46.4442191],[15.2661131,46.4414966],[15.2664672,46.4391986],[15.2644189,46.4367283],[15.2619987,46.43596],[15.2610133,46.4343447],[15.2592672,46.4334682],[15.2591082,46.4304532],[15.2554755,46.4271187],[15.2558094,46.4244583],[15.2567578,46.4214604],[15.2549759,46.4202333],[15.2527607,46.4180227],[15.2548712,46.4143801],[15.253984,46.4123714],[15.2530801,46.4124035],[15.2500166,46.4104195],[15.2479921,46.4108171],[15.2471927,46.4092303],[15.2476977,46.4077601],[15.2465924,46.4073505],[15.2455177,46.4046912],[15.2435,46.4038732],[15.2394844,46.3996657],[15.2372415,46.3989854],[15.2358228,46.3967313],[15.2315238,46.3971935],[15.231261,46.3938267],[15.2331555,46.393519],[15.2340088,46.3904066],[15.2276268,46.3900773],[15.2294395,46.3892179],[15.2339851,46.3881945],[15.2381875,46.3857289],[15.2414221,46.3847091],[15.2449807,46.3820458],[15.2471042,46.3798478],[15.2481594,46.3780792],[15.248792,46.3742278],[15.2518907,46.3708887],[15.2541317,46.3677423],[15.2539433,46.3666523],[15.2610842,46.3667612],[15.2627388,46.3664358],[15.2653924,46.3642113],[15.2687516,46.3643739],[15.2706405,46.3651369],[15.2756945,46.364738],[15.2787837,46.3636363],[15.2810455,46.3653238],[15.2853158,46.3652184],[15.2887162,46.3642043],[15.2938145,46.3618573],[15.294614,46.3638906],[15.2972151,46.367205],[15.3002896,46.3673711],[15.3042958,46.3668404],[15.3110964,46.3666803],[15.3137675,46.3657609],[15.3179855,46.3652566],[15.3216381,46.3654084],[15.3243456,46.3648439],[15.3262675,46.3638234],[15.3284923,46.3644328],[15.3332126,46.3627717],[15.3340307,46.3592508],[15.3332115,46.3578908],[15.3342184,46.3552766],[15.3332676,46.3525018],[15.3361525,46.3510326],[15.3367891,46.3500716],[15.3363743,46.347592],[15.3347408,46.3459772],[15.3352366,46.343806],[15.3378684,46.3436488],[15.346525,46.3391408],[15.352945,46.3374189],[15.3563487,46.3349188],[15.3605805,46.3334711],[15.3621614,46.333298],[15.3649871,46.3340639],[15.3646741,46.3326114],[15.3632815,46.3303133],[15.3605025,46.3278279],[15.3579599,46.3269859],[15.3560853,46.3249208],[15.3578188,46.3240664],[15.3563261,46.3221649],[15.3621139,46.3188279],[15.361799,46.3175732],[15.3635566,46.3158103],[15.3676482,46.3155393],[15.3686268,46.3134023],[15.3706103,46.3117207],[15.3725479,46.3109772],[15.3755948,46.3079172],[15.3800613,46.3065209],[15.3800705,46.3050649],[15.3791016,46.3042209],[15.3791669,46.3026622],[15.3829395,46.3023245],[15.3859007,46.3025259],[15.3879658,46.3017449],[15.3913296,46.3027819],[15.3960773,46.303143],[15.3982248,46.3039288],[15.4034563,46.3030977],[15.4048416,46.30231],[15.40822,46.3016323],[15.4136795,46.3017683],[15.417083,46.2987115],[15.4200221,46.2994871],[15.4219087,46.2988431],[15.4265763,46.2984719],[15.4268369,46.2970322],[15.4305549,46.2955379],[15.4330569,46.2964158],[15.4375306,46.2965198],[15.4394306,46.2954681],[15.4405957,46.2940771],[15.4420893,46.2947541],[15.4478573,46.2953484],[15.4495361,46.2932851],[15.4531071,46.2920529],[15.453704,46.2900527],[15.458769,46.2906036],[15.4625518,46.2900697],[15.4639239,46.2890829],[15.4676033,46.289367],[15.4731746,46.2869653],[15.4744428,46.284628],[15.473981,46.2836397],[15.4784566,46.2830003],[15.481546,46.2828343],[15.4857454,46.2834429],[15.4894376,46.2822898],[15.4885589,46.2815464],[15.4882037,46.2796307],[15.4898922,46.2784381],[15.49184,46.2796827],[15.4945689,46.2795296],[15.4960111,46.2811098],[15.4934887,46.2811183],[15.4950837,46.284226],[15.496978,46.2843146],[15.4994414,46.2853176],[15.5008404,46.2838232],[15.5030665,46.2846752],[15.5034169,46.2863922],[15.5080926,46.2843863],[15.5084516,46.2839031],[15.515983,46.2806512],[15.5187428,46.2784191],[15.5228278,46.278173],[15.5248584,46.2791046],[15.5299375,46.2786267],[15.5343708,46.2788506],[15.5353033,46.2794681],[15.5384856,46.2799793],[15.5448894,46.2786261]]],[[[15.3706103,46.3117207],[15.3684902,46.3102935],[15.3684177,46.309489],[15.3653558,46.3069065],[15.3641405,46.3033916],[15.3616294,46.3019801],[15.3649159,46.29812],[15.3665572,46.2975007],[15.3678188,46.2988552],[15.3690833,46.2991594],[15.3724406,46.2980434],[15.3753443,46.2964718],[15.3788553,46.2963679],[15.376846,46.2943387],[15.3734542,46.2918483],[15.373523,46.2912899],[15.3710559,46.288986],[15.3709661,46.2869532],[15.3669294,46.2864802],[15.365096,46.2835242],[15.3590195,46.2851638],[15.3548616,46.2847515],[15.353989,46.2835915],[15.3535936,46.2805482],[15.3526014,46.2769204],[15.353538,46.2753604],[15.3512648,46.2746134],[15.3507057,46.2728427],[15.3513801,46.2701731],[15.3522653,46.268928],[15.3542984,46.2681772],[15.3562373,46.2664846],[15.3557636,46.2639215],[15.3517816,46.2604132],[15.3524693,46.2572914],[15.3529516,46.2531124],[15.350978,46.2497032],[15.3483437,46.2478551],[15.3467099,46.247482],[15.3441357,46.2477293],[15.3420586,46.2463545],[15.332825,46.24288],[15.3307222,46.2419028],[15.3331175,46.2388253],[15.3325142,46.2372986],[15.3311561,46.2367787],[15.3302189,46.2351989],[15.3314187,46.2334058],[15.3318928,46.230951],[15.3331244,46.2289064],[15.335694,46.2284971],[15.3355792,46.2272084],[15.3376811,46.227374],[15.3383888,46.2285547],[15.3415718,46.2289025],[15.3467469,46.228073],[15.3479125,46.2254065],[15.347966,46.2234367],[15.3503756,46.223888],[15.3512885,46.2229187],[15.3544038,46.2235947],[15.3590562,46.2240041],[15.3597857,46.2235484],[15.3588847,46.2218935],[15.3606118,46.2187544],[15.359987,46.2185505],[15.3591845,46.2157268],[15.3602863,46.2137554],[15.3586913,46.2131335],[15.3580916,46.2117693],[15.3544597,46.2108374],[15.3556852,46.2094483],[15.3541215,46.2073142],[15.3537842,46.2054756],[15.3557646,46.2042491],[15.3532646,46.2021199],[15.3537357,46.2006118],[15.354909,46.1997444],[15.3537485,46.1976641],[15.3504975,46.1948945],[15.3498075,46.1935674],[15.3503277,46.1890985],[15.3512826,46.1878179],[15.3513403,46.1857621],[15.3528199,46.1838755],[15.3552679,46.1827739],[15.3594717,46.183651],[15.3621976,46.183032],[15.3640403,46.1811199],[15.3652243,46.178402],[15.3674241,46.1754543],[15.3716077,46.1720901],[15.3685427,46.1702233],[15.3676796,46.1692921],[15.3691384,46.1670566],[15.3692878,46.1642355],[15.3685129,46.1629281],[15.3690877,46.1588994],[15.366356,46.1580085],[15.3624614,46.1572173],[15.3619251,46.1566672],[15.3589589,46.1562065],[15.3566369,46.1563833],[15.3550458,46.1557905],[15.3539384,46.1522206],[15.3513397,46.1509219],[15.3508002,46.1489003],[15.3520205,46.1486129],[15.3548819,46.1467709],[15.3572157,46.1443918],[15.3567838,46.1424378],[15.3582189,46.1411067],[15.3621766,46.1392277],[15.3629705,46.1360037],[15.3653848,46.1336666],[15.365043,46.132305],[15.3658535,46.1298067],[15.3648815,46.1277682],[15.3656588,46.1261216],[15.3687917,46.1221372],[15.3696117,46.1200398],[15.3716196,46.1171883],[15.3714894,46.1159675],[15.3744622,46.1146229],[15.3753545,46.1136131],[15.3722467,46.110055],[15.3702085,46.1103535],[15.3683094,46.1097652],[15.3680871,46.1057879],[15.3671305,46.1047334],[15.3673635,46.1028122],[15.3741519,46.1016126],[15.375408,46.1008007],[15.3749297,46.0979523],[15.3753476,46.0972151],[15.3743011,46.0949868],[15.3746102,46.0940704],[15.3731182,46.0914124],[15.3737196,46.0896217],[15.374879,46.0886251],[15.3723647,46.0881014],[15.3719611,46.0865317],[15.3673881,46.0855019],[15.36566,46.084623],[15.3639886,46.0828829],[15.365122,46.081786],[15.365976,46.0797715],[15.361948,46.0787211],[15.3629657,46.0763594],[15.3612283,46.0748158],[15.3586719,46.074158],[15.3602796,46.0737524],[15.3635072,46.0714282],[15.3706262,46.0692783],[15.3748552,46.0723739],[15.3792851,46.0726124],[15.3801674,46.0736573],[15.3856038,46.0728483],[15.3853818,46.0721575],[15.3896502,46.0682919],[15.3922634,46.0685066],[15.3936345,46.067548],[15.3987379,46.0662747],[15.402978,46.0663708],[15.4055095,46.0672287],[15.4083029,46.0664343],[15.4118992,46.0668791],[15.412615,46.067513],[15.4151242,46.0673542],[15.4213501,46.067508],[15.4224736,46.0666278],[15.4248409,46.06635],[15.4265677,46.0655871],[15.4289455,46.0663376],[15.4317674,46.0678629],[15.4331711,46.0693578],[15.4358307,46.0699344],[15.4390435,46.0699286],[15.4437712,46.0702885],[15.4464654,46.0700937],[15.4493648,46.0684265],[15.4501566,46.0673494],[15.4520676,46.0670524],[15.4560608,46.0676219],[15.4621382,46.0689265],[15.4674439,46.0692858],[15.472575,46.0714838],[15.4790973,46.0700655],[15.4819557,46.0723766],[15.4821272,46.0758296],[15.483541,46.0785894],[15.4828153,46.0816469],[15.4804098,46.0847048],[15.4778136,46.0839247],[15.4752187,46.0850523],[15.4707722,46.0851191],[15.4686054,46.0872662],[15.4659725,46.0876501],[15.4639607,46.089679],[15.4626086,46.0919146],[15.4623456,46.0933682],[15.4605899,46.0949584],[15.4602897,46.0970076],[15.4595072,46.0979429],[15.4608479,46.099436],[15.4614,46.1010547],[15.4612573,46.1029086],[15.4620977,46.1034413],[15.4622934,46.1058553],[15.4600662,46.1066202],[15.4593758,46.107719],[15.4570846,46.1092855],[15.4577651,46.1109008],[15.4543155,46.1116268],[15.4542363,46.1128609],[15.4554287,46.1138339],[15.45699,46.1135382],[15.458452,46.1123532],[15.4597644,46.1125985],[15.4628485,46.1117227],[15.4634607,46.1109359],[15.4663352,46.1100765],[15.4679713,46.113438],[15.4699951,46.1152886],[15.4719257,46.1159515],[15.4730243,46.1172265],[15.4749459,46.1160296],[15.4795909,46.1153812],[15.4786155,46.1130371],[15.4804105,46.1128993],[15.4817126,46.1105966],[15.4856251,46.1088156],[15.4877609,46.1071651],[15.4896583,46.1075439],[15.4916225,46.1091019],[15.4943677,46.1100507],[15.4983211,46.1099095],[15.5015166,46.1110268],[15.5008601,46.1137145],[15.4996738,46.1156687],[15.5005597,46.1173368],[15.5038643,46.1209136],[15.5055438,46.1222587],[15.5092977,46.1220124],[15.5112328,46.1232362],[15.5098891,46.1255779],[15.5075418,46.128187],[15.510542,46.1294164],[15.5097677,46.131263],[15.5208662,46.1325244],[15.5223915,46.1323796],[15.5254928,46.1336289],[15.5255826,46.136404],[15.5248528,46.1375032],[15.5252486,46.1389468],[15.5274694,46.141155],[15.5276901,46.1449227],[15.5312146,46.1470172],[15.5318838,46.149052],[15.5350621,46.1505857],[15.5336198,46.1524862],[15.5337196,46.1552906],[15.535689,46.15834],[15.5326318,46.1593633],[15.529031,46.1592085],[15.5277674,46.1605875],[15.5254195,46.1618239],[15.525812,46.1630264],[15.5214528,46.1641632],[15.5195958,46.1636165],[15.5177805,46.164356],[15.5156168,46.1632498],[15.5136175,46.1638353],[15.5088486,46.1631018],[15.506263,46.1600311],[15.5062422,46.1584143],[15.5050702,46.1577851],[15.5013017,46.1574313],[15.4997248,46.1579145],[15.4991402,46.156414],[15.4975064,46.1557312],[15.4977455,46.1540265],[15.4949682,46.1544478],[15.4916317,46.1558712],[15.4893791,46.1563114],[15.48856,46.1577158],[15.4866954,46.1586511],[15.4865773,46.1597865],[15.4818796,46.161207],[15.4781755,46.1608475],[15.4760659,46.1625361],[15.4761219,46.1639731],[15.4773143,46.1655212],[15.4765689,46.1676044],[15.4737719,46.1672167],[15.4706964,46.1678323],[15.4699264,46.168787],[15.4705736,46.1709565],[15.4689615,46.1749779],[15.4714555,46.1800349],[15.4698169,46.1828953],[15.4682345,46.1845384],[15.4658562,46.1850605],[15.4654012,46.1860805],[15.4608368,46.1878303],[15.4620973,46.1899508],[15.4624555,46.1920075],[15.4638498,46.1932454],[15.4629037,46.194208],[15.4602224,46.1937812],[15.4545215,46.1942053],[15.4527615,46.1955537],[15.4523589,46.1971922],[15.4529991,46.1990837],[15.4500468,46.2000525],[15.447572,46.2001361],[15.4484979,46.2025899],[15.4466519,46.2039794],[15.4441882,46.2084893],[15.4416654,46.2106323],[15.4413788,46.2121407],[15.4400902,46.2138255],[15.4415029,46.2155864],[15.4423794,46.2180372],[15.440762,46.2183763],[15.4392449,46.2208226],[15.4392331,46.2226644],[15.4377571,46.223298],[15.438366,46.2243611],[15.4350797,46.225774],[15.435899,46.2266677],[15.4389254,46.2280634],[15.4420698,46.2274049],[15.4421002,46.2283914],[15.4438412,46.2302852],[15.4450566,46.2307703],[15.446294,46.2323305],[15.4477728,46.2327389],[15.4493125,46.2372324],[15.4509643,46.2373484],[15.4514555,46.2350477],[15.4574999,46.2387463],[15.4592471,46.2382919],[15.459744,46.2402435],[15.4610959,46.2408203],[15.466097,46.2410683],[15.4661029,46.2424814],[15.4646553,46.2447663],[15.4687804,46.2461167],[15.4709123,46.2460623],[15.4735777,46.2475431],[15.476559,46.2473777],[15.4842816,46.249026],[15.4838022,46.2508316],[15.4860032,46.2522309],[15.4885077,46.2521205],[15.4904558,46.2535287],[15.4963397,46.2548216],[15.4970906,46.2556059],[15.4966259,46.2571615],[15.4972216,46.2599727],[15.5005677,46.2593413],[15.501766,46.2597906],[15.5046652,46.2630037],[15.5068898,46.2643131],[15.5085321,46.2641855],[15.5064052,46.2684634],[15.5092483,46.269635],[15.5127314,46.2693828],[15.5160511,46.2709733],[15.517064,46.274326],[15.5189477,46.2758139],[15.5228278,46.278173],[15.5187428,46.2784191],[15.515983,46.2806512],[15.5084516,46.2839031],[15.5080926,46.2843863],[15.5034169,46.2863922],[15.5030665,46.2846752],[15.5008404,46.2838232],[15.4994414,46.2853176],[15.496978,46.2843146],[15.4950837,46.284226],[15.4934887,46.2811183],[15.4960111,46.2811098],[15.4945689,46.2795296],[15.49184,46.2796827],[15.4898922,46.2784381],[15.4882037,46.2796307],[15.4885589,46.2815464],[15.4894376,46.2822898],[15.4857454,46.2834429],[15.481546,46.2828343],[15.4784566,46.2830003],[15.473981,46.2836397],[15.4744428,46.284628],[15.4731746,46.2869653],[15.4676033,46.289367],[15.4639239,46.2890829],[15.4625518,46.2900697],[15.458769,46.2906036],[15.453704,46.2900527],[15.4531071,46.2920529],[15.4495361,46.2932851],[15.4478573,46.2953484],[15.4420893,46.2947541],[15.4405957,46.2940771],[15.4394306,46.2954681],[15.4375306,46.2965198],[15.4330569,46.2964158],[15.4305549,46.2955379],[15.4268369,46.2970322],[15.4265763,46.2984719],[15.4219087,46.2988431],[15.4200221,46.2994871],[15.417083,46.2987115],[15.4136795,46.3017683],[15.40822,46.3016323],[15.4048416,46.30231],[15.4034563,46.3030977],[15.3982248,46.3039288],[15.3960773,46.303143],[15.3913296,46.3027819],[15.3879658,46.3017449],[15.3859007,46.3025259],[15.3829395,46.3023245],[15.3791669,46.3026622],[15.3791016,46.3042209],[15.3800705,46.3050649],[15.3800613,46.3065209],[15.3755948,46.3079172],[15.3725479,46.3109772],[15.3706103,46.3117207]]],[[[15.7200951,46.0549335],[15.7186594,46.0555477],[15.7152416,46.057881],[15.7144533,46.0598653],[15.7115334,46.0585031],[15.7099732,46.0583052],[15.7028447,46.060241],[15.7018803,46.0612893],[15.6929495,46.0628616],[15.690573,46.0626393],[15.6910663,46.0646954],[15.6889079,46.0651479],[15.6860878,46.0667033],[15.6879292,46.0681535],[15.6836616,46.0692077],[15.6795627,46.0716819],[15.6756506,46.0709041],[15.673788,46.0712098],[15.6715624,46.0727045],[15.6727732,46.0736469],[15.668638,46.0742879],[15.6672176,46.0739342],[15.6655586,46.0722489],[15.6629075,46.0706851],[15.6611309,46.0705155],[15.6576955,46.0717127],[15.6574092,46.0740986],[15.6580686,46.0774555],[15.6590486,46.0795314],[15.6583988,46.0807868],[15.6561606,46.0813807],[15.6559378,46.0833561],[15.6548464,46.0845509],[15.6517712,46.0825432],[15.6486199,46.0849842],[15.6485977,46.0872302],[15.6469007,46.0876689],[15.6456828,46.0871567],[15.6441968,46.0880694],[15.6420102,46.0876414],[15.6422661,46.0857693],[15.6409679,46.0842129],[15.6390285,46.0843387],[15.6372799,46.08356],[15.6335534,46.0835931],[15.6306265,46.0852478],[15.6305462,46.0858577],[15.6272005,46.0861248],[15.6252087,46.0884843],[15.6241031,46.0882903],[15.6221838,46.0895314],[15.6206505,46.0923167],[15.6228057,46.0936084],[15.6242867,46.0980519],[15.6253297,46.0998546],[15.622433,46.0990681],[15.6201188,46.099857],[15.6177549,46.0993181],[15.6153244,46.099472],[15.6138967,46.1004462],[15.6127637,46.1027949],[15.613778,46.1044581],[15.6130419,46.1050788],[15.6144055,46.1070546],[15.6127781,46.1076155],[15.6109495,46.1074051],[15.6086388,46.1084572],[15.606511,46.1117341],[15.6065564,46.113329],[15.6051648,46.1159697],[15.6081352,46.1172211],[15.6084046,46.1193031],[15.6096786,46.1197685],[15.6101303,46.1212869],[15.6080042,46.122295],[15.6106589,46.1233105],[15.6100788,46.1244573],[15.6116793,46.125381],[15.6103945,46.1273096],[15.6123569,46.129853],[15.6113006,46.1308137],[15.6129024,46.1318351],[15.6135966,46.1334419],[15.6114478,46.1335658],[15.6116689,46.136454],[15.6103424,46.1377053],[15.6081445,46.137984],[15.603826,46.139518],[15.6035938,46.1406571],[15.6020974,46.1422657],[15.5975957,46.143459],[15.5981395,46.1446577],[15.5961146,46.146794],[15.596793,46.1476434],[15.5991939,46.1484596],[15.6001706,46.1494129],[15.6048671,46.1502353],[15.6054062,46.1509581],[15.6079814,46.1509045],[15.6099781,46.1517893],[15.6140908,46.1529919],[15.6142976,46.1537355],[15.6118578,46.1559585],[15.6111411,46.1577976],[15.6093428,46.1592153],[15.6043252,46.1610037],[15.6041805,46.1626752],[15.6067207,46.1645749],[15.6093559,46.165638],[15.6073983,46.1669111],[15.6133437,46.1696447],[15.6147866,46.1712864],[15.6207494,46.1715703],[15.621416,46.1725485],[15.6271472,46.1734453],[15.6270543,46.1747412],[15.6303214,46.1751836],[15.6308866,46.1761419],[15.6332428,46.1766712],[15.63613,46.1796717],[15.6360678,46.1806419],[15.6379041,46.1818257],[15.638201,46.1835267],[15.6370265,46.1836445],[15.6359757,46.1857505],[15.6420726,46.1860281],[15.6427179,46.1867738],[15.6449997,46.1866882],[15.6461289,46.1898153],[15.6480978,46.190406],[15.6491009,46.1918636],[15.6479939,46.1947648],[15.6489961,46.1954912],[15.6471571,46.1967946],[15.6464341,46.1993458],[15.6481133,46.2026525],[15.6482791,46.2045512],[15.6459237,46.2064203],[15.6437373,46.2073043],[15.6428837,46.2061949],[15.6412636,46.2072856],[15.6420345,46.2087704],[15.6420781,46.2110614],[15.6457551,46.2131172],[15.6469612,46.2150097],[15.6474419,46.2167641],[15.6499069,46.2162906],[15.6503459,46.2172348],[15.6528526,46.2172342],[15.653469,46.2188527],[15.6574662,46.2192376],[15.6589589,46.2187144],[15.6607912,46.2203257],[15.6630728,46.2209731],[15.6658631,46.2225521],[15.6680548,46.2225291],[15.6715499,46.2236164],[15.6729258,46.2263129],[15.6765817,46.2271512],[15.6808203,46.2270487],[15.684038,46.2262531],[15.685806,46.2252253],[15.6905848,46.2237873],[15.6937075,46.2239345],[15.6954453,46.2231515],[15.6981462,46.2232014],[15.7017577,46.2223206],[15.7053634,46.2223079],[15.709344,46.2232647],[15.7120441,46.2229207],[15.714825,46.2220198],[15.7177415,46.2225293],[15.7217791,46.222727],[15.7227514,46.2218707],[15.7249906,46.2228336],[15.7283055,46.2228517],[15.7292105,46.2215212],[15.72837,46.2204197],[15.7260364,46.2192019],[15.7300285,46.2161754],[15.7320663,46.2163132],[15.7340172,46.2177463],[15.7360432,46.2184957],[15.7366175,46.2204331],[15.7401132,46.220894],[15.7410259,46.2217246],[15.7458157,46.2211229],[15.7485237,46.2202929],[15.7538463,46.2194769],[15.7545877,46.216613],[15.7530961,46.2146549],[15.7515886,46.2142069],[15.7512258,46.2124185],[15.7502982,46.2112186],[15.7515819,46.2102563],[15.7508718,46.209009],[15.753165,46.2085458],[15.7565728,46.2070708],[15.760496,46.2077702],[15.764403,46.2080807],[15.767431,46.2086656],[15.7704518,46.2104577],[15.7717187,46.2102324],[15.7755361,46.2118569],[15.7789071,46.2124901],[15.7806089,46.2133051],[15.7819422,46.2149673],[15.7843947,46.2163197],[15.7857473,46.2163599],[15.7875365,46.218736],[15.7886131,46.2190458],[15.7894755,46.2208458],[15.7893822,46.2224352],[15.7904468,46.2251128],[15.7933673,46.2263929],[15.7943406,46.227871],[15.7936302,46.2303998],[15.7943846,46.2312488],[15.7937498,46.2324752],[15.7944724,46.2337985],[15.7934945,46.2345956],[15.7939946,46.2366563],[15.7957497,46.237242],[15.7991282,46.2372216],[15.7999112,46.2385573],[15.799202,46.2399134],[15.8016027,46.242577],[15.8002311,46.2437285],[15.7975861,46.2478346],[15.7975773,46.2499278],[15.7964339,46.2514137],[15.7936639,46.2534505],[15.7924408,46.2552588],[15.7914819,46.2593288],[15.7855742,46.2578874],[15.7831308,46.2579829],[15.7774989,46.2554827],[15.7738276,46.2553456],[15.7726007,46.2547803],[15.7690873,46.2544512],[15.7650232,46.255533],[15.7625625,46.2543682],[15.7607788,46.2548353],[15.7602115,46.2567894],[15.7584182,46.2580805],[15.7575938,46.2594523],[15.7544215,46.2600384],[15.756065,46.2616722],[15.7531119,46.2635614],[15.7529751,46.2660688],[15.7478425,46.2634681],[15.7464844,46.2635495],[15.7398189,46.2618431],[15.7367754,46.2648456],[15.7363408,46.2676812],[15.7319861,46.2679035],[15.7297155,46.2691975],[15.7267575,46.2700467],[15.7229234,46.270418],[15.7198796,46.2699164],[15.7178545,46.2691061],[15.7139354,46.2682508],[15.7131973,46.2675985],[15.7088932,46.2673877],[15.7064146,46.2682703],[15.7029987,46.2677338],[15.700717,46.2681555],[15.692785,46.2653549],[15.6902834,46.2675676],[15.6898733,46.2688771],[15.6918943,46.2699843],[15.6917372,46.2717764],[15.6942103,46.2725579],[15.6948217,46.2745435],[15.6870111,46.2734987],[15.6843163,46.2738432],[15.6815371,46.2729046],[15.6793764,46.2743711],[15.6776371,46.2738313],[15.673613,46.2748983],[15.6734997,46.2761679],[15.6709065,46.2750423],[15.6678128,46.2744707],[15.6608855,46.2737784],[15.6589059,46.2743048],[15.6561978,46.2738686],[15.6542639,46.274491],[15.6513275,46.2766546],[15.6496927,46.2762076],[15.6490774,46.275185],[15.6458959,46.2749545],[15.6438063,46.2754526],[15.6415098,46.2753655],[15.6373562,46.2739411],[15.6358235,46.2743281],[15.636246,46.276332],[15.6381636,46.2789469],[15.6366636,46.279865],[15.6371081,46.2816749],[15.6352946,46.2833588],[15.6308587,46.2845054],[15.6293442,46.2866233],[15.6264452,46.287648],[15.6232175,46.2863265],[15.6196967,46.2856009],[15.6172789,46.2861795],[15.6155288,46.2854639],[15.6120725,46.2851785],[15.6097605,46.2838793],[15.6064533,46.2837829],[15.6052692,46.2844209],[15.6035267,46.2866313],[15.6017967,46.2874807],[15.5998391,46.2894232],[15.5978496,46.2898404],[15.5961803,46.2882919],[15.5912255,46.2874358],[15.586402,46.2859583],[15.5852572,46.2847322],[15.5819634,46.2835321],[15.5800237,46.2859633],[15.5781662,46.2864601],[15.5763105,46.2861353],[15.5720289,46.2874465],[15.568479,46.2871438],[15.567734,46.283395],[15.5650546,46.2796149],[15.562082,46.2784856],[15.5613492,46.274187],[15.5580185,46.2739864],[15.5578565,46.2761933],[15.5546,46.2778694],[15.5516922,46.2770102],[15.5462701,46.2762167],[15.5446931,46.2765582],[15.5448894,46.2786261],[15.5384856,46.2799793],[15.5353033,46.2794681],[15.5343708,46.2788506],[15.5299375,46.2786267],[15.5248584,46.2791046],[15.5228278,46.278173],[15.5189477,46.2758139],[15.517064,46.274326],[15.5160511,46.2709733],[15.5127314,46.2693828],[15.5092483,46.269635],[15.5064052,46.2684634],[15.5085321,46.2641855],[15.5068898,46.2643131],[15.5046652,46.2630037],[15.501766,46.2597906],[15.5005677,46.2593413],[15.4972216,46.2599727],[15.4966259,46.2571615],[15.4970906,46.2556059],[15.4963397,46.2548216],[15.4904558,46.2535287],[15.4885077,46.2521205],[15.4860032,46.2522309],[15.4838022,46.2508316],[15.4842816,46.249026],[15.476559,46.2473777],[15.4735777,46.2475431],[15.4709123,46.2460623],[15.4687804,46.2461167],[15.4646553,46.2447663],[15.4661029,46.2424814],[15.466097,46.2410683],[15.4610959,46.2408203],[15.459744,46.2402435],[15.4592471,46.2382919],[15.4574999,46.2387463],[15.4514555,46.2350477],[15.4509643,46.2373484],[15.4493125,46.2372324],[15.4477728,46.2327389],[15.446294,46.2323305],[15.4450566,46.2307703],[15.4438412,46.2302852],[15.4421002,46.2283914],[15.4420698,46.2274049],[15.4389254,46.2280634],[15.435899,46.2266677],[15.4350797,46.225774],[15.438366,46.2243611],[15.4377571,46.223298],[15.4392331,46.2226644],[15.4392449,46.2208226],[15.440762,46.2183763],[15.4423794,46.2180372],[15.4415029,46.2155864],[15.4400902,46.2138255],[15.4413788,46.2121407],[15.4416654,46.2106323],[15.4441882,46.2084893],[15.4466519,46.2039794],[15.4484979,46.2025899],[15.447572,46.2001361],[15.4500468,46.2000525],[15.4529991,46.1990837],[15.4523589,46.1971922],[15.4527615,46.1955537],[15.4545215,46.1942053],[15.4602224,46.1937812],[15.4629037,46.194208],[15.4638498,46.1932454],[15.4624555,46.1920075],[15.4620973,46.1899508],[15.4608368,46.1878303],[15.4654012,46.1860805],[15.4658562,46.1850605],[15.4682345,46.1845384],[15.4698169,46.1828953],[15.4714555,46.1800349],[15.4689615,46.1749779],[15.4705736,46.1709565],[15.4699264,46.168787],[15.4706964,46.1678323],[15.4737719,46.1672167],[15.4765689,46.1676044],[15.4773143,46.1655212],[15.4761219,46.1639731],[15.4760659,46.1625361],[15.4781755,46.1608475],[15.4818796,46.161207],[15.4865773,46.1597865],[15.4866954,46.1586511],[15.48856,46.1577158],[15.4893791,46.1563114],[15.4916317,46.1558712],[15.4949682,46.1544478],[15.4977455,46.1540265],[15.4975064,46.1557312],[15.4991402,46.156414],[15.4997248,46.1579145],[15.5013017,46.1574313],[15.5050702,46.1577851],[15.5062422,46.1584143],[15.506263,46.1600311],[15.5088486,46.1631018],[15.5136175,46.1638353],[15.5156168,46.1632498],[15.5177805,46.164356],[15.5195958,46.1636165],[15.5214528,46.1641632],[15.525812,46.1630264],[15.5254195,46.1618239],[15.5277674,46.1605875],[15.529031,46.1592085],[15.5326318,46.1593633],[15.535689,46.15834],[15.5337196,46.1552906],[15.5336198,46.1524862],[15.5350621,46.1505857],[15.5318838,46.149052],[15.5312146,46.1470172],[15.5276901,46.1449227],[15.5274694,46.141155],[15.5252486,46.1389468],[15.5248528,46.1375032],[15.5255826,46.136404],[15.5254928,46.1336289],[15.5223915,46.1323796],[15.5208662,46.1325244],[15.5097677,46.131263],[15.510542,46.1294164],[15.5075418,46.128187],[15.5098891,46.1255779],[15.5112328,46.1232362],[15.5092977,46.1220124],[15.5055438,46.1222587],[15.5038643,46.1209136],[15.5005597,46.1173368],[15.4996738,46.1156687],[15.5008601,46.1137145],[15.5015166,46.1110268],[15.4983211,46.1099095],[15.4943677,46.1100507],[15.4916225,46.1091019],[15.4896583,46.1075439],[15.4877609,46.1071651],[15.4856251,46.1088156],[15.4817126,46.1105966],[15.4804105,46.1128993],[15.4786155,46.1130371],[15.4795909,46.1153812],[15.4749459,46.1160296],[15.4730243,46.1172265],[15.4719257,46.1159515],[15.4699951,46.1152886],[15.4679713,46.113438],[15.4663352,46.1100765],[15.4634607,46.1109359],[15.4628485,46.1117227],[15.4597644,46.1125985],[15.458452,46.1123532],[15.45699,46.1135382],[15.4554287,46.1138339],[15.4542363,46.1128609],[15.4543155,46.1116268],[15.4577651,46.1109008],[15.4570846,46.1092855],[15.4593758,46.107719],[15.4600662,46.1066202],[15.4622934,46.1058553],[15.4620977,46.1034413],[15.4612573,46.1029086],[15.4614,46.1010547],[15.4608479,46.099436],[15.4595072,46.0979429],[15.4602897,46.0970076],[15.4605899,46.0949584],[15.4623456,46.0933682],[15.4626086,46.0919146],[15.4639607,46.089679],[15.4659725,46.0876501],[15.4686054,46.0872662],[15.4707722,46.0851191],[15.4752187,46.0850523],[15.4778136,46.0839247],[15.4804098,46.0847048],[15.4828153,46.0816469],[15.483541,46.0785894],[15.4821272,46.0758296],[15.4819557,46.0723766],[15.4790973,46.0700655],[15.482789,46.0691093],[15.4837198,46.0682978],[15.4859204,46.067869],[15.4867239,46.0666932],[15.4887724,46.065814],[15.4929063,46.0650474],[15.4929235,46.0636361],[15.4976735,46.0617456],[15.4993906,46.0601],[15.4990101,46.0582283],[15.502108,46.0585405],[15.5059829,46.0596709],[15.5076522,46.0612611],[15.5078799,46.062747],[15.510655,46.0648259],[15.5130453,46.065152],[15.5168713,46.0638172],[15.5193491,46.0633036],[15.5233537,46.0616888],[15.5239376,46.0609922],[15.5232701,46.0591845],[15.5239245,46.0571644],[15.5262748,46.0556762],[15.5289445,46.0551137],[15.5296525,46.0527581],[15.529552,46.0511623],[15.5306707,46.0486819],[15.5323638,46.0493227],[15.5364744,46.0487021],[15.5383202,46.0487838],[15.5406534,46.0481062],[15.5403934,46.0469824],[15.5430162,46.0428736],[15.5435031,46.0405732],[15.5435442,46.0371615],[15.5418537,46.0358554],[15.5422932,46.0335191],[15.5440543,46.032642],[15.5456481,46.0276988],[15.5468187,46.0255836],[15.5467002,46.0234108],[15.5473153,46.0225269],[15.5460993,46.0215561],[15.5460746,46.0201134],[15.5497205,46.0197557],[15.5523405,46.0214285],[15.5566981,46.0230322],[15.5600508,46.0231205],[15.5608467,46.0213035],[15.5651249,46.0220868],[15.5699656,46.024883],[15.5709958,46.0261345],[15.5743866,46.0256762],[15.5766954,46.0242246],[15.5790423,46.0248027],[15.5825186,46.0248399],[15.5861201,46.0259754],[15.5891669,46.0258921],[15.5906507,46.0273003],[15.5919452,46.0261506],[15.594672,46.0263406],[15.5939956,46.0250215],[15.5949709,46.024151],[15.5920016,46.0220407],[15.5913674,46.0199977],[15.5899664,46.0188838],[15.5878818,46.0160719],[15.5910889,46.0155006],[15.5892252,46.0142142],[15.5897386,46.0129963],[15.5879465,46.0127926],[15.5869637,46.0106382],[15.5812156,46.006303],[15.5832588,46.0057485],[15.5816181,46.0040876],[15.5785946,46.0059318],[15.5774647,46.0047207],[15.5737942,46.00248],[15.573748,46.0017113],[15.5711117,45.9984284],[15.5722551,45.9975232],[15.5752645,45.9963854],[15.5782455,45.9961939],[15.5784591,45.9977364],[15.5838543,45.9997072],[15.587921,46.0003674],[15.5897656,46.0003711],[15.5927233,46.0026307],[15.5961508,46.0023126],[15.5999336,46.0028214],[15.6016092,46.0040361],[15.6046274,46.004959],[15.6058193,46.0068217],[15.608408,46.0094792],[15.6126484,46.0111238],[15.6141256,46.0128827],[15.6191801,46.0143225],[15.6246085,46.0153324],[15.6266172,46.0175179],[15.6284395,46.0202032],[15.6329172,46.0212623],[15.6360842,46.0246444],[15.639103,46.0261788],[15.641898,46.0271547],[15.6428913,46.0281729],[15.6459524,46.029684],[15.6483007,46.0303389],[15.653201,46.0302934],[15.6578306,46.0311631],[15.6561809,46.0322727],[15.656416,46.0337447],[15.6582238,46.0348863],[15.6586781,46.0379061],[15.6613905,46.0404946],[15.663323,46.0431358],[15.6648173,46.0443781],[15.6639937,46.0450429],[15.6666165,46.0464242],[15.6699301,46.0469953],[15.6715109,46.0465944],[15.6750239,46.0474439],[15.6777243,46.0476353],[15.6819159,46.0466442],[15.6860453,46.0446041],[15.6890016,46.0450607],[15.6893071,46.0441245],[15.6934867,46.0456999],[15.6945874,46.0469097],[15.6986997,46.049179],[15.6997867,46.0507767],[15.7020036,46.0513815],[15.7056663,46.0517598],[15.7094737,46.0513186],[15.7100748,46.0505714],[15.7125221,46.0499209],[15.7144525,46.0488808],[15.717352,46.0506154],[15.718898,46.052652],[15.7215652,46.0517212],[15.7215201,46.0531516],[15.7200951,46.0549335]]],[[[15.0079095,46.3339937],[15.0105691,46.332518],[15.0113136,46.3312147],[15.0138238,46.3302146],[15.0160759,46.3279882],[15.0176481,46.3290041],[15.0216806,46.3285001],[15.0242734,46.3261235],[15.0261777,46.3258253],[15.0269946,46.3249212],[15.0292977,46.3246526],[15.0301951,46.3237339],[15.029687,46.3220286],[15.0329766,46.3218906],[15.0369961,46.3213032],[15.0365633,46.3188402],[15.0373197,46.3172471],[15.0421979,46.3135068],[15.0471847,46.3107743],[15.0482736,46.3082323],[15.0482799,46.3049599],[15.0496798,46.305569],[15.0516221,46.3051502],[15.0521999,46.3064566],[15.0547267,46.307503],[15.056172,46.3067408],[15.0583936,46.3069933],[15.0574417,46.308356],[15.0549033,46.3085394],[15.0532917,46.3096273],[15.0551092,46.3106344],[15.0529991,46.3143743],[15.0538689,46.3144856],[15.0579646,46.3187886],[15.0568135,46.3200593],[15.0568951,46.3222011],[15.0562451,46.3241277],[15.0574302,46.3265458],[15.05801,46.3292389],[15.0579781,46.3321441],[15.0572384,46.3339822],[15.0583375,46.3359588],[15.0569206,46.3383847],[15.0566906,46.3400178],[15.0593019,46.3410689],[15.0616482,46.3411045],[15.0638226,46.3403147],[15.0642961,46.3420756],[15.0637454,46.3439708],[15.064577,46.3486613],[15.0672912,46.349572],[15.0701948,46.3490401],[15.0712553,46.3474907],[15.0770304,46.3479036],[15.0793233,46.3458921],[15.0805492,46.3426503],[15.0797,46.3403837],[15.0786593,46.339027],[15.0794643,46.3375946],[15.083538,46.3383129],[15.0874261,46.3356135],[15.08947,46.3348997],[15.0922513,46.3346866],[15.0950479,46.3328991],[15.0957603,46.3309724],[15.097124,46.3304067],[15.0996878,46.3316447],[15.1023545,46.331875],[15.1049606,46.3334372],[15.1053085,46.3304595],[15.108558,46.3280329],[15.1078164,46.3248751],[15.1091037,46.3241749],[15.1099243,46.3218005],[15.1097151,46.3202898],[15.111285,46.3164709],[15.1121788,46.3154134],[15.1143908,46.3148115],[15.1208012,46.3150841],[15.120905,46.3173051],[15.1203941,46.3185051],[15.1219559,46.3190964],[15.1230034,46.3216064],[15.1257604,46.3229074],[15.1259306,46.3244283],[15.1281753,46.323893],[15.1291136,46.3244624],[15.1325607,46.324395],[15.1332593,46.3236506],[15.136801,46.3250268],[15.1372564,46.3259897],[15.1364564,46.3274621],[15.1373859,46.3281546],[15.1368512,46.329757],[15.1371505,46.3324345],[15.1397101,46.3342551],[15.1422297,46.3346645],[15.1455201,46.3340822],[15.1474933,46.3346908],[15.1489973,46.334445],[15.1518205,46.3348591],[15.1550474,46.3360644],[15.1558863,46.3384054],[15.1602111,46.3360077],[15.1639864,46.3350236],[15.1633879,46.3335413],[15.165166,46.3313109],[15.1673399,46.3302119],[15.1700568,46.3281922],[15.1701068,46.3264839],[15.1717567,46.3249299],[15.1740954,46.3250589],[15.1756382,46.323682],[15.1753891,46.3226491],[15.1778489,46.3208274],[15.1801406,46.3202898],[15.1809027,46.3186195],[15.1862277,46.3203381],[15.1901694,46.3205227],[15.1907443,46.3238243],[15.1935461,46.3256566],[15.192357,46.3264175],[15.195252,46.328577],[15.1957398,46.3316388],[15.1977245,46.3335208],[15.1994078,46.3333788],[15.2013005,46.3349911],[15.199969,46.3389458],[15.2010898,46.3405333],[15.2044792,46.3406606],[15.2057689,46.3436327],[15.2039361,46.3445766],[15.2042278,46.3464859],[15.2024088,46.3478428],[15.2045991,46.3488429],[15.203625,46.3497365],[15.2026998,46.3518927],[15.2003343,46.3544818],[15.1997576,46.3557985],[15.197957,46.3571769],[15.1966606,46.3588596],[15.1938737,46.3608371],[15.1928212,46.3632795],[15.1938716,46.3643307],[15.1940058,46.3657515],[15.1911765,46.3689474],[15.1923189,46.3706056],[15.1923294,46.3721484],[15.1890224,46.3746359],[15.1894376,46.3766291],[15.1867689,46.3789709],[15.1868066,46.3812709],[15.1890896,46.3831786],[15.1875875,46.386669],[15.1848739,46.3877312],[15.1809681,46.3884103],[15.1766354,46.3897107],[15.1724146,46.3905473],[15.1709079,46.3943836],[15.1721286,46.3957277],[15.1761296,46.3979978],[15.1774871,46.3993679],[15.1769978,46.4007091],[15.1788123,46.4029293],[15.1802132,46.4035687],[15.1787708,46.4048769],[15.1795777,46.4058176],[15.1790321,46.4071704],[15.1803499,46.4085142],[15.1783015,46.4107452],[15.1769205,46.4107756],[15.1752862,46.4096258],[15.1701115,46.4084096],[15.166244,46.4105164],[15.1616835,46.407957],[15.1572751,46.4078353],[15.1563911,46.4070151],[15.1561557,46.404889],[15.156762,46.4021153],[15.1544556,46.4030838],[15.1476386,46.4026239],[15.1468374,46.4043006],[15.147855,46.4058423],[15.1472485,46.4077473],[15.1447985,46.4087595],[15.1419573,46.4068757],[15.1408111,46.4077102],[15.1372971,46.4079358],[15.1358852,46.4088258],[15.1301018,46.4107066],[15.1290688,46.4118501],[15.1250324,46.4138251],[15.1238846,46.4139167],[15.1232669,46.4158678],[15.1233227,46.4177368],[15.121447,46.4212014],[15.1179153,46.4208077],[15.118836,46.424698],[15.1183421,46.4273491],[15.1154344,46.4268142],[15.1128317,46.4274515],[15.1110576,46.4290344],[15.1092629,46.4283848],[15.1063939,46.4285838],[15.1030639,46.4294793],[15.1013234,46.4306109],[15.0998828,46.4307987],[15.0985057,46.4319751],[15.0929783,46.4340912],[15.0908873,46.4345579],[15.0886695,46.432975],[15.0877518,46.4317283],[15.0875353,46.4300057],[15.0897583,46.4250632],[15.0893538,46.4236215],[15.088217,46.423302],[15.0850922,46.4254211],[15.0801645,46.4283273],[15.0781277,46.4285327],[15.0773264,46.429387],[15.0725792,46.4310005],[15.0712612,46.4310296],[15.0677493,46.4323991],[15.0669417,46.4332329],[15.0646038,46.4338443],[15.0614622,46.4339858],[15.0560816,46.4347823],[15.0534757,46.4354359],[15.0505045,46.4352479],[15.0457048,46.435874],[15.0438332,46.4356401],[15.0390266,46.4361828],[15.0347404,46.4377669],[15.0288387,46.439593],[15.0232132,46.4390592],[15.0162662,46.4402505],[15.0103165,46.4385996],[15.0094772,46.4380769],[15.0057881,46.4387614],[15.0046906,46.4408121],[15.0000911,46.442272],[14.9960128,46.4428105],[14.9928054,46.4448885],[14.9895705,46.4455784],[14.986529,46.4468738],[14.9823471,46.4495734],[14.9757591,46.4520482],[14.9724791,46.4514653],[14.9686763,46.451607],[14.9657559,46.452316],[14.9636984,46.4534715],[14.9613987,46.4555634],[14.9590781,46.4559314],[14.9544138,46.455603],[14.9582323,46.4521618],[14.9578019,46.4484421],[14.9613488,46.4459568],[14.9623426,46.4442728],[14.9574763,46.4430283],[14.954843,46.4414679],[14.9512521,46.4412362],[14.9483,46.4406027],[14.9453843,46.4407954],[14.9462226,46.4391669],[14.9461153,46.4373787],[14.9443853,46.4355862],[14.9438997,46.433985],[14.940585,46.4345395],[14.9383309,46.433199],[14.9345902,46.432339],[14.928497,46.4329507],[14.9265481,46.4322794],[14.9238673,46.4334809],[14.9165611,46.4337454],[14.9153279,46.4330022],[14.9116763,46.4328733],[14.9097762,46.4298517],[14.9072925,46.4281641],[14.9063122,46.4264237],[14.903683,46.4265608],[14.9011769,46.4233431],[14.8977479,46.4219219],[14.8957768,46.4202078],[14.8925969,46.4199115],[14.8880376,46.4206121],[14.8860853,46.4199065],[14.8813695,46.4198585],[14.8861761,46.4194073],[14.8906525,46.4197236],[14.895387,46.4164898],[14.8966549,46.4151651],[14.8997221,46.413498],[14.8988952,46.4094088],[14.8982389,46.4080056],[14.8970631,46.4033534],[14.8957125,46.4000942],[14.8994433,46.3931098],[14.9013914,46.3911239],[14.902361,46.3912784],[14.9077565,46.3893444],[14.9118481,46.3915481],[14.9184472,46.3977091],[14.9223247,46.4006713],[14.923231,46.4017638],[14.9258224,46.4024237],[14.9297488,46.4019239],[14.9349722,46.4034519],[14.9393914,46.4035079],[14.9447166,46.3989087],[14.9469086,46.3972396],[14.9508909,46.3933618],[14.9556445,46.3921463],[14.958273,46.3911074],[14.9592447,46.3889555],[14.9619338,46.3880284],[14.9634587,46.388709],[14.9655625,46.3884451],[14.9668505,46.3905235],[14.9703923,46.389575],[14.9739374,46.390385],[14.976812,46.3914122],[14.9782727,46.3905331],[14.9827873,46.3907989],[14.984893,46.3904878],[14.9882807,46.3909149],[14.987925,46.3920756],[14.9856177,46.3916917],[14.9844822,46.3921916],[14.9863169,46.3936647],[14.986585,46.3952121],[14.9886407,46.3957453],[14.9903161,46.3938283],[14.9932562,46.3932956],[14.9957983,46.3907272],[14.9950038,46.3895857],[14.9949775,46.3866603],[14.9966145,46.3852472],[14.9976754,46.3859825],[15.002264,46.3854395],[15.0028317,46.3838507],[15.0010027,46.3825591],[14.9985012,46.3814897],[14.9968095,46.3740014],[14.9954531,46.3731664],[14.9943812,46.3708876],[14.9947542,46.3686258],[14.9987003,46.3691397],[15.0015648,46.3681144],[14.9978235,46.3657794],[14.9962652,46.36318],[14.9969589,46.3615794],[14.9959185,46.3581633],[14.9964615,46.3568102],[14.9957454,46.3535892],[14.9976607,46.3518755],[14.9971462,46.3507507],[15.0023811,46.3485438],[15.001676,46.347359],[15.0013926,46.3448054],[15.0006613,46.3438377],[14.9984511,46.3428628],[15.0023246,46.3401747],[15.0035559,46.338888],[15.0071987,46.3375956],[15.0068801,46.3353628],[15.0079095,46.3339937]]],[[[15.1935461,46.3256566],[15.1907443,46.3238243],[15.1901694,46.3205227],[15.1862277,46.3203381],[15.1809027,46.3186195],[15.1801406,46.3202898],[15.1778489,46.3208274],[15.1753891,46.3226491],[15.1756382,46.323682],[15.1740954,46.3250589],[15.1717567,46.3249299],[15.1701068,46.3264839],[15.1700568,46.3281922],[15.1673399,46.3302119],[15.165166,46.3313109],[15.1633879,46.3335413],[15.1639864,46.3350236],[15.1602111,46.3360077],[15.1558863,46.3384054],[15.1550474,46.3360644],[15.1518205,46.3348591],[15.1489973,46.334445],[15.1474933,46.3346908],[15.1455201,46.3340822],[15.1422297,46.3346645],[15.1397101,46.3342551],[15.1371505,46.3324345],[15.1368512,46.329757],[15.1373859,46.3281546],[15.1364564,46.3274621],[15.1372564,46.3259897],[15.136801,46.3250268],[15.1332593,46.3236506],[15.1325607,46.324395],[15.1291136,46.3244624],[15.1281753,46.323893],[15.1259306,46.3244283],[15.1257604,46.3229074],[15.1230034,46.3216064],[15.1219559,46.3190964],[15.1203941,46.3185051],[15.120905,46.3173051],[15.1208012,46.3150841],[15.1143908,46.3148115],[15.1121788,46.3154134],[15.111285,46.3164709],[15.1097151,46.3202898],[15.1099243,46.3218005],[15.1091037,46.3241749],[15.1078164,46.3248751],[15.108558,46.3280329],[15.1053085,46.3304595],[15.1049606,46.3334372],[15.1023545,46.331875],[15.0996878,46.3316447],[15.097124,46.3304067],[15.0957603,46.3309724],[15.0950479,46.3328991],[15.0922513,46.3346866],[15.08947,46.3348997],[15.0874261,46.3356135],[15.083538,46.3383129],[15.0794643,46.3375946],[15.0786593,46.339027],[15.0797,46.3403837],[15.0805492,46.3426503],[15.0793233,46.3458921],[15.0770304,46.3479036],[15.0712553,46.3474907],[15.0701948,46.3490401],[15.0672912,46.349572],[15.064577,46.3486613],[15.0637454,46.3439708],[15.0642961,46.3420756],[15.0638226,46.3403147],[15.0616482,46.3411045],[15.0593019,46.3410689],[15.0566906,46.3400178],[15.0569206,46.3383847],[15.0583375,46.3359588],[15.0572384,46.3339822],[15.0579781,46.3321441],[15.05801,46.3292389],[15.0574302,46.3265458],[15.0562451,46.3241277],[15.0568951,46.3222011],[15.0568135,46.3200593],[15.0579646,46.3187886],[15.0538689,46.3144856],[15.0529991,46.3143743],[15.0551092,46.3106344],[15.0532917,46.3096273],[15.0549033,46.3085394],[15.0574417,46.308356],[15.0583936,46.3069933],[15.056172,46.3067408],[15.0547267,46.307503],[15.0521999,46.3064566],[15.0516221,46.3051502],[15.0496798,46.305569],[15.0482799,46.3049599],[15.0482736,46.3082323],[15.0471847,46.3107743],[15.0421979,46.3135068],[15.0373197,46.3172471],[15.0365633,46.3188402],[15.0369961,46.3213032],[15.0329766,46.3218906],[15.029687,46.3220286],[15.0301951,46.3237339],[15.0292977,46.3246526],[15.0269946,46.3249212],[15.0261777,46.3258253],[15.0242734,46.3261235],[15.0216806,46.3285001],[15.0176481,46.3290041],[15.0160759,46.3279882],[15.0138238,46.3302146],[15.0113136,46.3312147],[15.0105691,46.332518],[15.0079095,46.3339937],[15.0055553,46.3331045],[15.0026804,46.3329129],[15.0005319,46.3321414],[15.0007193,46.3311616],[14.9984835,46.3300644],[14.9982124,46.3287351],[14.9944396,46.3280527],[14.9918414,46.3267173],[14.9922363,46.3258286],[14.9901792,46.3230108],[14.9880701,46.3217626],[14.9875798,46.3185971],[14.9885806,46.3166931],[14.9887287,46.3146416],[14.9895213,46.3123999],[14.9867679,46.3096385],[14.9846393,46.3084195],[14.982019,46.3081356],[14.9793133,46.3086188],[14.9774239,46.3071441],[14.9766871,46.3047824],[14.9742419,46.3049848],[14.9740914,46.302458],[14.9727718,46.3007957],[14.9702498,46.3001575],[14.96965,46.2990514],[14.9707064,46.2971091],[14.9703078,46.2948196],[14.9725736,46.2927144],[14.9726881,46.2911885],[14.9696815,46.2866077],[14.9680674,46.2863038],[14.9676614,46.28531],[14.9695591,46.2838499],[14.9705158,46.2820541],[14.9693485,46.2802719],[14.9658344,46.2790821],[14.9623029,46.2793526],[14.9558045,46.2781764],[14.9540325,46.2781995],[14.9543653,46.2805601],[14.9527199,46.2818257],[14.9515674,46.2813135],[14.9463004,46.28107],[14.9463082,46.2780089],[14.9488533,46.2767066],[14.9497067,46.2751717],[14.9511006,46.2743196],[14.9508724,46.2720507],[14.9493351,46.2703564],[14.9446712,46.2691209],[14.94233,46.2698592],[14.9392599,46.2699808],[14.9372773,46.2722603],[14.9359884,46.27133],[14.9314071,46.26971],[14.9295936,46.269637],[14.9240118,46.2669524],[14.919686,46.2646531],[14.9197036,46.263144],[14.9208634,46.2615035],[14.9196461,46.2576566],[14.9171534,46.2589922],[14.9152418,46.2595214],[14.9103989,46.2598492],[14.905647,46.2610503],[14.8989499,46.262392],[14.8937589,46.2617719],[14.8923785,46.2598244],[14.8927622,46.2582974],[14.896177,46.2566043],[14.8983827,46.2545612],[14.8996686,46.2528275],[14.8995082,46.2509337],[14.8979653,46.2502367],[14.896344,46.2480509],[14.8957822,46.2447017],[14.8894358,46.2438275],[14.8896036,46.2419206],[14.887434,46.2416956],[14.8865267,46.2408624],[14.8852469,46.2374818],[14.8864252,46.236337],[14.8873298,46.2335737],[14.8902132,46.2337932],[14.8928917,46.2332837],[14.8955447,46.2335177],[14.8966513,46.2311092],[14.9001411,46.2287307],[14.9024869,46.2295295],[14.9046073,46.2311232],[14.9068726,46.2310092],[14.9070958,46.2275595],[14.9084109,46.2263903],[14.9113957,46.222507],[14.9127425,46.2214269],[14.9116307,46.2205425],[14.914051,46.2185884],[14.9163451,46.2184412],[14.9189215,46.2177405],[14.9217359,46.2178589],[14.9262707,46.2175234],[14.928219,46.2168957],[14.92566,46.2156227],[14.925025,46.2165702],[14.9197627,46.215358],[14.9212997,46.2138277],[14.9195466,46.2130434],[14.9173947,46.2150839],[14.9083125,46.2128867],[14.9104502,46.2086711],[14.9087032,46.2078267],[14.9091012,46.2054138],[14.9088042,46.2030266],[14.9090797,46.2005141],[14.9084843,46.1995626],[14.9095557,46.1983329],[14.9124712,46.1983169],[14.9152786,46.1976352],[14.9213955,46.1951374],[14.9222483,46.1933492],[14.9241457,46.1920409],[14.9252609,46.1895206],[14.9249772,46.1888698],[14.9283966,46.1867976],[14.9309677,46.1858024],[14.9354587,46.1869766],[14.9448374,46.1862741],[14.9542401,46.1891716],[14.9610379,46.1915756],[14.9685711,46.1940169],[14.9707706,46.1936526],[14.9743128,46.1940338],[14.9760129,46.1957506],[14.9775176,46.196554],[14.9822078,46.1972454],[14.9851847,46.1951024],[14.9892884,46.1944493],[14.9924381,46.1958997],[14.9955147,46.1950706],[15.0005639,46.1969055],[15.0020365,46.1967332],[15.004009,46.1975337],[15.0048497,46.1958388],[15.0064867,46.1967941],[15.0097075,46.1954293],[15.0122859,46.1958645],[15.0129128,46.1952866],[15.0117574,46.1937101],[15.0098579,46.192158],[15.0123602,46.1909223],[15.0168532,46.1915615],[15.0188131,46.1928301],[15.0262876,46.1927023],[15.0285429,46.1911976],[15.0307367,46.190994],[15.0325936,46.1917153],[15.0371714,46.1922752],[15.0397447,46.1933492],[15.0421956,46.1952594],[15.0438767,46.1975012],[15.0461415,46.1959756],[15.0448921,46.1943033],[15.0450904,46.1918742],[15.0457666,46.1908631],[15.0506243,46.1889685],[15.0584447,46.187592],[15.0607352,46.1868747],[15.0628788,46.185607],[15.0710772,46.1851848],[15.0756884,46.1834688],[15.0819866,46.1853703],[15.0884323,46.1865552],[15.093814,46.1888813],[15.096151,46.1895555],[15.0985455,46.1909273],[15.1025497,46.1894804],[15.1069401,46.1875796],[15.1060059,46.1870193],[15.1058851,46.1848706],[15.1066206,46.1836183],[15.1087383,46.1838935],[15.1112904,46.1817071],[15.1180367,46.1816588],[15.1206053,46.182027],[15.1219772,46.1827991],[15.1335293,46.1853116],[15.1361903,46.1850262],[15.1441202,46.1856269],[15.1465455,46.1860742],[15.1511015,46.190037],[15.1549206,46.1888002],[15.1564376,46.1902533],[15.1608525,46.1929155],[15.1629252,46.1908722],[15.1677347,46.1895001],[15.1631773,46.1861922],[15.1661918,46.1848175],[15.1675129,46.1835342],[15.1701572,46.1838647],[15.1719926,46.1830341],[15.1754546,46.1837714],[15.1767408,46.1858389],[15.1813298,46.1865634],[15.1822583,46.185829],[15.1851339,46.1852727],[15.1850538,46.1869494],[15.189005,46.187424],[15.1891812,46.1865105],[15.1911602,46.1854018],[15.1931712,46.1863193],[15.1982551,46.1860427],[15.1988421,46.1855787],[15.2021572,46.1867164],[15.2025297,46.1894194],[15.2024041,46.1919483],[15.2031464,46.1930964],[15.2107777,46.1977022],[15.2119268,46.1980252],[15.2132532,46.2004072],[15.2127168,46.2036884],[15.2136004,46.2064442],[15.2130777,46.2083742],[15.2131062,46.2112296],[15.2118672,46.2126788],[15.2121836,46.2137309],[15.2113619,46.2178855],[15.2126589,46.2207768],[15.2123164,46.2221009],[15.2143803,46.2244058],[15.2138668,46.2258361],[15.2148272,46.2263668],[15.2167464,46.2287009],[15.217944,46.2308107],[15.2198562,46.2326348],[15.2176807,46.2339574],[15.2175478,46.2370218],[15.2180375,46.2381186],[15.2202214,46.2380962],[15.2203193,46.2395822],[15.2223068,46.2391489],[15.2226931,46.2405556],[15.2208604,46.2419799],[15.2211693,46.2434624],[15.2162921,46.2460184],[15.2150242,46.2478028],[15.2159677,46.2509596],[15.2159485,46.2548735],[15.2154288,46.2563122],[15.2127646,46.2575542],[15.2103518,46.2604556],[15.2118463,46.2616617],[15.2141914,46.2606341],[15.2177948,46.2604734],[15.2172479,46.2616869],[15.2150781,46.2633816],[15.2121578,46.2629475],[15.2112672,46.2649358],[15.2109832,46.2682166],[15.2136332,46.2716872],[15.2122611,46.2737111],[15.2131975,46.2742183],[15.2148868,46.2765067],[15.2163099,46.2757477],[15.2172712,46.277211],[15.2200484,46.2789364],[15.2242849,46.2783167],[15.2237224,46.2805474],[15.222101,46.2820011],[15.219235,46.2826981],[15.2176483,46.2857402],[15.2154473,46.2891032],[15.2152777,46.2914983],[15.2162739,46.2952217],[15.2160495,46.2959168],[15.2176296,46.297717],[15.2183607,46.3000025],[15.2208976,46.3005022],[15.2211133,46.3031807],[15.2194417,46.3042113],[15.2201553,46.305004],[15.2247862,46.3080303],[15.2240997,46.3100941],[15.2221079,46.3112892],[15.2231383,46.3139342],[15.2207825,46.316725],[15.2169785,46.3170216],[15.2143347,46.3191168],[15.2126032,46.3187246],[15.2095343,46.3199947],[15.2080756,46.3201757],[15.2087082,46.3227386],[15.2062759,46.3241503],[15.2027465,46.3246701],[15.1988163,46.3261002],[15.1960901,46.3253746],[15.1935461,46.3256566]]]]},"properties":{"name":"Cilli (Celje)","code":"CE"}},
{"type":"Feature","geometry":{"type":"MultiPolygon","coordinates":[[[[14.2785613,45.847023],[14.2811996,45.8456365],[14.2835573,45.8451145],[14.2855262,45.8427996],[14.2834789,45.8418232],[14.281838,45.8424632],[14.2805356,45.8416038],[14.2814201,45.8400145],[14.2793845,45.8372605],[14.2794616,45.8353384],[14.2785847,45.8351291],[14.2785558,45.8330848],[14.2764416,45.8330538],[14.2746726,45.8315117],[14.2748971,45.8285959],[14.2730094,45.827053],[14.2745369,45.8247188],[14.2739361,45.8232089],[14.2723894,45.8221515],[14.2729665,45.8201759],[14.2715204,45.8200254],[14.2695323,45.8169585],[14.2679221,45.8160958],[14.2666944,45.8140114],[14.2654204,45.8128377],[14.2667462,45.8110002],[14.2672525,45.8093438],[14.2663916,45.8073825],[14.2666191,45.8053144],[14.2641778,45.8028695],[14.2606019,45.8013776],[14.2582809,45.7997109],[14.2550428,45.7993653],[14.2523169,45.7994692],[14.2521242,45.7978495],[14.2591127,45.7917508],[14.2730719,45.7798947],[14.2691618,45.7776163],[14.2794944,45.7697544],[14.295073,45.758051],[14.304009,45.7569113],[14.306915,45.756988],[14.3189566,45.7579146],[14.3237148,45.7580146],[14.3257689,45.758427],[14.3263191,45.7563012],[14.3305826,45.7425256],[14.3375711,45.7383921],[14.3450569,45.7401869],[14.3447221,45.7388446],[14.3532379,45.7326445],[14.3711089,45.719012],[14.3900396,45.7083626],[14.3922388,45.7043969],[14.3884417,45.7041045],[14.3858089,45.7031496],[14.3819133,45.7005006],[14.3794435,45.7000673],[14.3826064,45.6957585],[14.3912924,45.686578],[14.3992189,45.676976],[14.4106257,45.6679997],[14.420138,45.6676347],[14.4207153,45.6667915],[14.4273396,45.6650561],[14.4298369,45.6653191],[14.4315533,45.6647299],[14.4334517,45.6629129],[14.4355457,45.6619832],[14.4348359,45.6589177],[14.4366188,45.6564278],[14.4359217,45.6548599],[14.4320402,45.6542525],[14.4327574,45.6534258],[14.4314686,45.6505028],[14.4300583,45.6484669],[14.429905,45.6465127],[14.4288687,45.6461334],[14.4307175,45.6448748],[14.4298585,45.6433595],[14.4315204,45.6417552],[14.4315651,45.6400214],[14.4299973,45.640155],[14.427584,45.6392458],[14.4293848,45.6375581],[14.4278817,45.6365261],[14.4282478,45.6356416],[14.4270491,45.6335548],[14.4262002,45.631059],[14.4243908,45.6304111],[14.4260058,45.6281143],[14.4269545,45.6255377],[14.4264599,45.6233025],[14.4246229,45.6218476],[14.4203716,45.6220005],[14.4188854,45.6189852],[14.4177718,45.6185206],[14.4205921,45.6169217],[14.4225241,45.6153041],[14.4239712,45.6149564],[14.4246721,45.6128691],[14.4256619,45.6121689],[14.4279981,45.6122968],[14.4304393,45.6116753],[14.4341536,45.6115863],[14.436255,45.6107251],[14.4398475,45.6109574],[14.4418194,45.6098827],[14.4433088,45.6083915],[14.4431965,45.6072452],[14.4459103,45.6056147],[14.4469198,45.6040607],[14.4474773,45.6008268],[14.4534495,45.5999746],[14.4506562,45.5983735],[14.4476091,45.5884748],[14.4358237,45.5900161],[14.437651,45.583526],[14.4341562,45.5822219],[14.4396969,45.5819936],[14.4421935,45.5833478],[14.4473557,45.5822874],[14.4491412,45.5815716],[14.4620076,45.5838698],[14.4649539,45.5835803],[14.4723715,45.579866],[14.4731915,45.5837354],[14.4752923,45.5835867],[14.4786241,45.5827595],[14.4797645,45.582078],[14.483904,45.5828859],[14.4865768,45.5842315],[14.4894658,45.5840441],[14.4903763,45.5845536],[14.4927652,45.5837545],[14.4961767,45.5805794],[14.5022207,45.5793343],[14.505447,45.5825052],[14.5052195,45.5846319],[14.5063062,45.5861113],[14.5072987,45.589142],[14.5070551,45.5942525],[14.5055253,45.5968815],[14.5029867,45.6033621],[14.5019402,45.6051313],[14.5013443,45.6077979],[14.5052132,45.6077668],[14.5075958,45.6071138],[14.5126908,45.6069318],[14.5150676,45.6073096],[14.5176576,45.6096728],[14.5239315,45.6105682],[14.5263784,45.6102177],[14.5315108,45.6128177],[14.5351945,45.6139019],[14.5355036,45.614967],[14.5396978,45.6188236],[14.5438559,45.6223292],[14.5455416,45.6242337],[14.5451254,45.6249729],[14.548337,45.6277569],[14.549035,45.6315112],[14.5506856,45.6329323],[14.5518833,45.6351957],[14.5537996,45.636296],[14.5548922,45.638421],[14.5580094,45.640232],[14.5598894,45.6434144],[14.5596064,45.6441201],[14.56111,45.6461759],[14.5633159,45.6471474],[14.5632071,45.6484403],[14.5660857,45.652144],[14.5678934,45.6568702],[14.5673627,45.658266],[14.5684656,45.6599073],[14.5675142,45.6608903],[14.5682636,45.6618786],[14.5678337,45.6642802],[14.5685173,45.6652841],[14.5680595,45.6673117],[14.5689153,45.6683103],[14.5688356,45.670826],[14.5699822,45.6729492],[14.5667454,45.6743334],[14.5609664,45.6747041],[14.5601088,45.6768256],[14.5608344,45.6821997],[14.5605244,45.6832844],[14.5596431,45.6929178],[14.5575335,45.697219],[14.5548694,45.7005547],[14.553953,45.704401],[14.5515757,45.7112522],[14.5462887,45.7183994],[14.54318,45.7230358],[14.542181,45.7249849],[14.5375097,45.7395437],[14.544031,45.7430068],[14.5467988,45.7432613],[14.5478854,45.7438914],[14.5515554,45.7405892],[14.5555823,45.7366257],[14.5563281,45.7346447],[14.5591489,45.7345723],[14.5602841,45.7336066],[14.5622187,45.7341577],[14.5641393,45.7335424],[14.5655724,45.7356203],[14.5683238,45.7365241],[14.5696898,45.7361448],[14.5726385,45.7371615],[14.5767272,45.7361844],[14.5762786,45.7378346],[14.5767105,45.7401381],[14.5734835,45.7420235],[14.5738094,45.7429163],[14.5713967,45.7442624],[14.5714373,45.7454409],[14.569109,45.7475291],[14.5701947,45.7484826],[14.5688947,45.7503964],[14.5690279,45.7513458],[14.5655473,45.7528306],[14.5656485,45.7558519],[14.5672763,45.7583536],[14.5660713,45.7601584],[14.56745,45.761431],[14.5692104,45.7620811],[14.5706681,45.7636321],[14.5704523,45.7657359],[14.5713577,45.7681286],[14.569714,45.7695084],[14.569772,45.7726626],[14.5687221,45.7738824],[14.5698211,45.7772669],[14.5683316,45.7787629],[14.5628026,45.7792041],[14.5598649,45.7792041],[14.5544671,45.7786953],[14.5539471,45.7799314],[14.5491784,45.783378],[14.5460029,45.7852341],[14.5474025,45.78855],[14.5493166,45.7887452],[14.5508637,45.7873987],[14.5527586,45.7877159],[14.5542297,45.7888865],[14.5587894,45.7882989],[14.5628014,45.7886056],[14.5637911,45.789004],[14.5649275,45.7915236],[14.5628096,45.7944744],[14.5605271,45.7965628],[14.5574472,45.7972754],[14.5561321,45.7970674],[14.5526519,45.7984645],[14.5511163,45.7998555],[14.5492229,45.8036613],[14.548975,45.8064489],[14.5481671,45.8080608],[14.5496539,45.8108213],[14.5480105,45.8126008],[14.5460439,45.8138443],[14.5417215,45.8142467],[14.5398688,45.8138544],[14.5374546,45.8141959],[14.5353219,45.8152151],[14.5334977,45.8147165],[14.531951,45.8136097],[14.5296692,45.81497],[14.5292908,45.8194673],[14.5286062,45.8216651],[14.527238,45.8227695],[14.5257659,45.8229462],[14.5236323,45.8261658],[14.5237188,45.827772],[14.5207211,45.8286432],[14.5190952,45.8305472],[14.5162159,45.8310019],[14.5140969,45.8330059],[14.5125696,45.8359079],[14.5112109,45.8358869],[14.5108449,45.8376122],[14.5068878,45.8396955],[14.5057144,45.8395228],[14.5051254,45.8420448],[14.5069351,45.8416718],[14.5084882,45.842887],[14.5082445,45.8447523],[14.5058918,45.8452843],[14.5044024,45.847393],[14.5034597,45.8475615],[14.5016516,45.8492753],[14.4974557,45.8512474],[14.4969176,45.8539551],[14.4984685,45.8548756],[14.4962147,45.8562659],[14.4956142,45.8582531],[14.4968914,45.8598058],[14.4998292,45.8594008],[14.5012097,45.8615557],[14.501227,45.8628817],[14.5027593,45.8634257],[14.5023537,45.8649972],[14.5034965,45.8663106],[14.5023416,45.8675791],[14.5028904,45.8698626],[14.5013264,45.8710259],[14.4985484,45.8709526],[14.4984073,45.8733944],[14.4994792,45.8744515],[14.4971574,45.8761699],[14.4965378,45.8776618],[14.494613,45.8777476],[14.4924984,45.8791123],[14.4926862,45.8803514],[14.4906894,45.8820629],[14.4876927,45.8813259],[14.4862961,45.8789438],[14.482948,45.8780422],[14.4809967,45.8780847],[14.4789217,45.8749228],[14.4734546,45.8716434],[14.468367,45.8711999],[14.4686925,45.8701772],[14.4669958,45.8687811],[14.4653481,45.8698896],[14.4631283,45.8722268],[14.459868,45.8714713],[14.4578775,45.8727263],[14.4560369,45.8718742],[14.4551963,45.8704568],[14.4508221,45.8671214],[14.4486434,45.8665275],[14.4478612,45.8648595],[14.4454475,45.8619428],[14.4424274,45.8618226],[14.438837,45.8608583],[14.4372201,45.8595709],[14.4327451,45.8594822],[14.4308488,45.8603538],[14.4262967,45.8640318],[14.4249578,45.8646497],[14.4229295,45.8676057],[14.4182981,45.8718064],[14.415004,45.871611],[14.4122234,45.8718671],[14.4089432,45.8727171],[14.4063028,45.8685925],[14.4049701,45.8655146],[14.4029015,45.863099],[14.4022578,45.8611968],[14.40105,45.8600727],[14.3995374,45.8572541],[14.3962494,45.8588614],[14.3936004,45.8586846],[14.3913614,45.8606124],[14.3923351,45.8623384],[14.3914396,45.8649971],[14.3888559,45.8662755],[14.3861544,45.8660369],[14.3849934,45.8664595],[14.3836067,45.8687251],[14.3803181,45.8697228],[14.3794823,45.8705426],[14.3785318,45.8736005],[14.3754658,45.8759065],[14.3710658,45.8774197],[14.3659355,45.8709455],[14.3640896,45.870108],[14.3608379,45.8695025],[14.3552725,45.8713208],[14.356152,45.8718564],[14.3565203,45.8735832],[14.3560519,45.8768566],[14.3535683,45.8814836],[14.3507359,45.8844136],[14.3488766,45.8844268],[14.3488913,45.882268],[14.341542,45.8792468],[14.3285141,45.8901906],[14.3244908,45.8930144],[14.3209653,45.8929726],[14.3179963,45.8941754],[14.3159994,45.8928119],[14.3132701,45.89238],[14.311523,45.8931817],[14.3069338,45.8901324],[14.3052663,45.8886818],[14.3026171,45.8884723],[14.3004726,45.8868774],[14.3007905,45.8846166],[14.3020044,45.8824792],[14.2820481,45.8533801],[14.28041,45.8507471],[14.2800765,45.8477732],[14.2785613,45.847023]]],[[[14.5377102,46.1722388],[14.5376245,46.1697576],[14.538567,46.1682475],[14.5360425,46.1667927],[14.5364878,46.1655427],[14.5410738,46.1628047],[14.5415174,46.1607331],[14.5335548,46.1584823],[14.5284449,46.1563132],[14.5249711,46.1563771],[14.5229487,46.1520097],[14.5209364,46.149898],[14.5221455,46.1476436],[14.5220172,46.1463707],[14.5174779,46.1445414],[14.5138039,46.1442668],[14.5152787,46.141336],[14.513117,46.1389861],[14.514687,46.1373483],[14.5184663,46.1358456],[14.5204207,46.1341906],[14.5197047,46.1315378],[14.5207204,46.1299508],[14.5214833,46.1273938],[14.5243284,46.1253299],[14.5256294,46.1252588],[14.5294359,46.1237147],[14.529413,46.1223922],[14.5319108,46.1207277],[14.535639,46.1211427],[14.5372381,46.1191852],[14.5393868,46.1180488],[14.5394258,46.1160848],[14.5409307,46.115626],[14.5442563,46.1161995],[14.5485133,46.1136499],[14.5515206,46.115018],[14.5525463,46.1168386],[14.5551874,46.1159853],[14.5606151,46.1151075],[14.5626512,46.113288],[14.5650311,46.1135338],[14.5672195,46.1120754],[14.5675795,46.1100867],[14.5687221,46.107443],[14.5709542,46.1054335],[14.5724593,46.1030031],[14.5765157,46.1055614],[14.5786191,46.1036939],[14.579919,46.1035433],[14.5794665,46.1063316],[14.5816053,46.1070664],[14.5841563,46.1073654],[14.5844872,46.1058095],[14.5877223,46.1048783],[14.5898214,46.1049898],[14.5917162,46.1041817],[14.5932722,46.1019685],[14.5927608,46.1002687],[14.5942863,46.0987633],[14.5924338,46.0972559],[14.5938189,46.095281],[14.5990233,46.0952987],[14.5992573,46.0941105],[14.6016972,46.0941955],[14.6033076,46.0951158],[14.605342,46.0952643],[14.6089638,46.0942299],[14.6115538,46.094804],[14.6147631,46.0940061],[14.6176146,46.095248],[14.6193923,46.0942822],[14.6212035,46.0946229],[14.6219103,46.0964698],[14.6251145,46.0959503],[14.6258609,46.0989498],[14.627826,46.0985442],[14.6299148,46.0990264],[14.6313498,46.097556],[14.6324373,46.0974446],[14.6336369,46.0988705],[14.635745,46.1000758],[14.6384025,46.1003421],[14.6383726,46.1020959],[14.6416595,46.102699],[14.6473059,46.1031727],[14.6501728,46.1047782],[14.6527709,46.1045901],[14.655894,46.111157],[14.6564085,46.1154884],[14.6570614,46.1169146],[14.6586723,46.1172452],[14.6630285,46.1170294],[14.6631127,46.1178801],[14.6651296,46.1185601],[14.6673065,46.1185623],[14.6701768,46.1194073],[14.6710575,46.1202284],[14.675751,46.1189274],[14.679491,46.1182133],[14.684345,46.1180764],[14.6869522,46.1165681],[14.6877651,46.114137],[14.6896489,46.1130506],[14.690665,46.1147933],[14.6919817,46.1140164],[14.6919754,46.112129],[14.6967758,46.1103067],[14.6972887,46.109631],[14.7022549,46.1097647],[14.703867,46.1104325],[14.7078394,46.1110404],[14.7093777,46.1118017],[14.7124657,46.1125223],[14.717267,46.1120062],[14.7199271,46.111157],[14.7242943,46.110287],[14.7214796,46.1075751],[14.7229763,46.1059504],[14.7215812,46.1051867],[14.7215459,46.1039382],[14.7171072,46.1005764],[14.7145115,46.0973322],[14.7163145,46.0963899],[14.7168058,46.0950076],[14.7197263,46.0957028],[14.7217274,46.0979058],[14.7231352,46.0966188],[14.7239493,46.0988202],[14.7260589,46.0989117],[14.7273022,46.1009792],[14.7294828,46.1012545],[14.7337772,46.0987699],[14.7348354,46.0964874],[14.7369444,46.0974692],[14.7387318,46.0969658],[14.7416073,46.0977649],[14.7436091,46.0965122],[14.7455162,46.0986733],[14.7477696,46.0976374],[14.7491256,46.0983074],[14.7517954,46.0978262],[14.754507,46.0990673],[14.756533,46.0991401],[14.7604149,46.0998879],[14.7591817,46.10102],[14.7614758,46.1024272],[14.7604433,46.1045649],[14.7641441,46.1057599],[14.7649364,46.1065269],[14.7669953,46.1043892],[14.7683306,46.105371],[14.7670994,46.1071611],[14.7689152,46.1076071],[14.7708067,46.1063568],[14.7711272,46.1044204],[14.7740351,46.1059456],[14.7738607,46.1070718],[14.7774899,46.1086808],[14.780176,46.1091809],[14.7814758,46.1079646],[14.7832337,46.1077842],[14.7867901,46.1081347],[14.7911666,46.1076347],[14.7930508,46.1064444],[14.7941428,46.1073732],[14.7935296,46.1105324],[14.7908251,46.1124756],[14.7928809,46.1137121],[14.7939177,46.1136187],[14.7950735,46.1153391],[14.7975695,46.1151433],[14.8001904,46.1138109],[14.8040099,46.1131997],[14.8023546,46.1171691],[14.8022467,46.1189298],[14.8008376,46.1206169],[14.7981457,46.121431],[14.7992156,46.1238041],[14.8042639,46.1259248],[14.8067706,46.1257419],[14.8084411,46.1276715],[14.8131444,46.1283201],[14.8151484,46.128236],[14.8175422,46.1266979],[14.819648,46.1274771],[14.8215986,46.1297633],[14.8264884,46.131996],[14.828924,46.135081],[14.8313545,46.1359412],[14.8338704,46.1359014],[14.8360445,46.134937],[14.8380877,46.1358017],[14.8373359,46.1369437],[14.8389235,46.1383707],[14.8389187,46.1398096],[14.8359389,46.1402754],[14.8341336,46.1396503],[14.8297974,46.1404061],[14.8307222,46.1416331],[14.833879,46.1415976],[14.8368456,46.1409242],[14.8395688,46.1408068],[14.8409732,46.1422325],[14.8414295,46.1436227],[14.8428144,46.1450584],[14.8429877,46.1463898],[14.8416983,46.1474817],[14.8394803,46.1466981],[14.8381749,46.148742],[14.8350565,46.149004],[14.8345701,46.1511482],[14.8305169,46.1541704],[14.8316113,46.1562964],[14.8286002,46.1575549],[14.8259256,46.159198],[14.8255122,46.1602875],[14.8270473,46.1613544],[14.8272616,46.1626832],[14.8262565,46.1647543],[14.8231122,46.16596],[14.8167642,46.1658755],[14.8159111,46.1673416],[14.8123858,46.1689543],[14.8118242,46.1706051],[14.8158787,46.1702357],[14.8173271,46.1708737],[14.8198016,46.1710243],[14.8204743,46.1703753],[14.8268219,46.1692941],[14.8305209,46.1700174],[14.838206,46.1699093],[14.8444486,46.169485],[14.8488294,46.1705414],[14.8545112,46.1708],[14.856652,46.171661],[14.8600426,46.1723058],[14.8612839,46.1749831],[14.8661309,46.1754607],[14.8671535,46.1763701],[14.8709881,46.1777686],[14.8767382,46.1766581],[14.8781206,46.1775935],[14.8816352,46.1767674],[14.885656,46.1752967],[14.8876993,46.1738293],[14.8901449,46.1738926],[14.8913113,46.1767427],[14.8897208,46.1793045],[14.8882281,46.1796695],[14.8902349,46.1814478],[14.8934536,46.1819172],[14.8955026,46.1816871],[14.8973944,46.1843908],[14.9007143,46.1862028],[14.9029343,46.1880353],[14.9012079,46.189664],[14.9006501,46.1933162],[14.9028341,46.196287],[14.9022457,46.1975108],[14.900283,46.2037888],[14.8982033,46.20554],[14.897062,46.2058359],[14.8964074,46.2071436],[14.8937607,46.2082491],[14.8906729,46.2081824],[14.8869653,46.2075001],[14.8855352,46.2066389],[14.8799481,46.2063646],[14.8776009,46.2054847],[14.8763971,46.203967],[14.8719313,46.2029117],[14.8643279,46.2034313],[14.8627656,46.2030171],[14.8596233,46.2029707],[14.8576057,46.2034084],[14.8553315,46.2024115],[14.8539162,46.2001241],[14.8475575,46.1974829],[14.8450241,46.1978922],[14.8387796,46.1978872],[14.8355162,46.1985059],[14.8340945,46.1981336],[14.8301911,46.198047],[14.8244486,46.2001561],[14.8179141,46.2007118],[14.8166644,46.2017954],[14.8132201,46.2012329],[14.811867,46.2025546],[14.8082806,46.2034074],[14.8073201,46.1993494],[14.806526,46.1981527],[14.8044056,46.1970866],[14.8026709,46.1998697],[14.8016423,46.1988544],[14.799209,46.1977497],[14.7962039,46.1983412],[14.7935274,46.1981715],[14.7893627,46.19665],[14.7858016,46.1969215],[14.7835703,46.1982385],[14.7800072,46.1978757],[14.7797452,46.1972209],[14.7764494,46.1956263],[14.7723993,46.1966591],[14.7693829,46.1965159],[14.7675355,46.1976543],[14.7660316,46.1973714],[14.7640581,46.1981001],[14.7632838,46.1974975],[14.7645452,46.195607],[14.7640647,46.1930359],[14.7652784,46.1916661],[14.7645652,46.1900179],[14.7620188,46.1893303],[14.7603477,46.1898034],[14.7574879,46.18978],[14.752472,46.1904893],[14.750585,46.192079],[14.7500053,46.1938981],[14.7503897,46.1953731],[14.7455999,46.1943291],[14.7437893,46.1942988],[14.7434643,46.1955462],[14.7441844,46.1972825],[14.7421504,46.1979278],[14.7403881,46.2011448],[14.7383302,46.2012559],[14.7368054,46.2024876],[14.735132,46.2026223],[14.7319591,46.2020596],[14.7301973,46.2024375],[14.7278572,46.2036488],[14.723938,46.2037531],[14.7235765,46.2027905],[14.7168178,46.2046343],[14.7127759,46.2032686],[14.7084522,46.2046277],[14.7067014,46.2019804],[14.7068146,46.2009346],[14.7057553,46.1993438],[14.7065698,46.1983659],[14.7056348,46.1967681],[14.7038919,46.1967827],[14.6998837,46.197985],[14.6991091,46.196205],[14.6970383,46.1962067],[14.6962496,46.1969125],[14.6940904,46.1971762],[14.6911711,46.1992509],[14.6888717,46.1984975],[14.6867288,46.1986187],[14.6828657,46.1974254],[14.6800961,46.1977476],[14.6779877,46.1985954],[14.6771738,46.2004267],[14.6734882,46.2020347],[14.6720127,46.2033853],[14.6682422,46.2047114],[14.6629455,46.2047573],[14.6594041,46.203331],[14.6582399,46.2021042],[14.6554953,46.2022601],[14.6534591,46.205314],[14.6551229,46.2060363],[14.6541604,46.2074812],[14.650535,46.2063037],[14.6471592,46.2043738],[14.6461656,46.2017213],[14.6414954,46.2006496],[14.6404947,46.2013773],[14.6371406,46.2015754],[14.6375592,46.2005271],[14.6354754,46.1989084],[14.6346063,46.1966112],[14.6325903,46.1953129],[14.6309748,46.1949415],[14.6294053,46.1928295],[14.6240717,46.1894857],[14.6211697,46.1894045],[14.6200822,46.1885274],[14.6146791,46.1877263],[14.6145743,46.1856651],[14.612239,46.1846735],[14.6093018,46.1846878],[14.6089336,46.1836842],[14.6060303,46.1836268],[14.6042566,46.1823536],[14.6018067,46.1843873],[14.6022398,46.1859405],[14.6006852,46.1874663],[14.5954531,46.1867279],[14.5948552,46.1871309],[14.5895772,46.1874363],[14.5861819,46.1885117],[14.5860383,46.1889943],[14.5780661,46.1906408],[14.5791664,46.1928067],[14.5739446,46.1938717],[14.5721949,46.1904442],[14.5686808,46.1880475],[14.5686647,46.1872895],[14.5636151,46.1859221],[14.5556705,46.1828201],[14.5521627,46.180989],[14.5499902,46.1791981],[14.5487117,46.1771058],[14.5447134,46.1758204],[14.5436041,46.1762162],[14.538405,46.1734976],[14.5377102,46.1722388]]],[[[14.924957,45.9630651],[14.9203172,45.9633992],[14.9195036,45.9630597],[14.9167806,45.9645219],[14.9114851,45.9643689],[14.9100071,45.9674757],[14.9084792,45.9675511],[14.9051908,45.9699771],[14.9038464,45.9703306],[14.9042111,45.9718535],[14.9027727,45.9725234],[14.9021737,45.9741187],[14.8999749,45.975557],[14.9001061,45.9764282],[14.8977123,45.9794589],[14.8952863,45.9799736],[14.8929948,45.9832838],[14.8910566,45.9832687],[14.8876933,45.9805212],[14.8874649,45.9785594],[14.8894469,45.9747912],[14.8867381,45.9741498],[14.8839415,45.9723475],[14.8824703,45.972382],[14.8808234,45.9761954],[14.87802,45.9756777],[14.8773646,45.9762638],[14.8770111,45.9785759],[14.8743479,45.9806515],[14.8747565,45.9825955],[14.8729106,45.9827105],[14.8708219,45.9817814],[14.8673084,45.9830101],[14.86387,45.9851116],[14.8635663,45.9879276],[14.8648799,45.9891888],[14.863882,45.9908343],[14.8639042,45.9923279],[14.8618356,45.9936122],[14.8613163,45.9947903],[14.8590738,45.9963089],[14.858056,45.994142],[14.8543673,45.9955308],[14.8523918,45.9950728],[14.8468589,45.9957179],[14.8456815,45.9964116],[14.845952,45.9977384],[14.8421935,45.9978129],[14.8396965,45.9989244],[14.837318,45.9993505],[14.8350181,45.9990753],[14.8348055,45.9981037],[14.8310105,45.9974012],[14.8287802,45.9985044],[14.8265232,45.9989179],[14.8253412,46.000557],[14.822547,46.0003269],[14.8186556,46.0006033],[14.8191528,46.0026177],[14.8175926,46.0029034],[14.817848,46.0042872],[14.8152493,46.0042397],[14.8128332,46.0047757],[14.8112681,46.0030355],[14.8113742,46.0014361],[14.8096103,46.0017943],[14.8084728,46.0041438],[14.8055854,46.0055191],[14.8070028,46.0067958],[14.8050017,46.0073491],[14.80427,46.0051864],[14.8007373,46.0065821],[14.8004407,46.0082032],[14.7971473,46.0116217],[14.7963734,46.0130568],[14.7944062,46.0123847],[14.7933871,46.0113707],[14.7886911,46.009137],[14.7873981,46.0074411],[14.7852568,46.0078848],[14.778564,46.0076951],[14.7764914,46.0089865],[14.7759331,46.0064216],[14.7746109,46.0049856],[14.7759915,46.0036199],[14.7749886,46.0019365],[14.7705318,46.0004401],[14.766167,46.0001095],[14.7635877,45.9982419],[14.758671,45.9978906],[14.7557859,45.9997485],[14.750601,46.0011081],[14.7499009,46.0022933],[14.7482806,46.0020821],[14.7472541,46.0008056],[14.7444726,45.9994768],[14.7431819,45.9978713],[14.7385566,45.9976458],[14.735716,45.9981814],[14.7315621,45.9978018],[14.7313754,45.9996293],[14.7265427,45.9999396],[14.725408,46.0002988],[14.72343,46.0037258],[14.7221899,46.0008214],[14.7203918,46.0007084],[14.7195861,46.001489],[14.7194323,46.0032345],[14.7183701,46.005235],[14.7185539,46.006413],[14.715329,46.0070084],[14.7135233,46.0099081],[14.7144903,46.0118662],[14.7115802,46.0116626],[14.710651,46.0126978],[14.7045116,46.015282],[14.7024419,46.0135999],[14.7026263,46.0129014],[14.698932,46.0104053],[14.6961171,46.0124626],[14.6941613,46.0081542],[14.6904737,46.0086357],[14.6887888,46.0097956],[14.6857747,46.010894],[14.68328,46.0105253],[14.6811357,46.0079654],[14.6792116,46.0065782],[14.6744471,46.0045196],[14.6754998,46.0027702],[14.6780003,46.0014953],[14.6804513,46.0009824],[14.6829865,45.9998909],[14.6832401,45.998943],[14.6817541,45.9969625],[14.6783776,45.9958046],[14.6772097,45.9961795],[14.6742889,45.9954477],[14.673091,45.9956868],[14.6688418,45.9936073],[14.6676887,45.9911979],[14.6689598,45.9884143],[14.6667175,45.9876651],[14.6633433,45.9879633],[14.6625957,45.9874085],[14.6587864,45.9887339],[14.657359,45.9879493],[14.6550914,45.9876744],[14.6500811,45.9897758],[14.646552,45.9893894],[14.645064,45.9883527],[14.6410384,45.9898968],[14.6389456,45.9898047],[14.637493,45.9909481],[14.6333379,45.9956207],[14.6306897,45.9949547],[14.6301227,45.99429],[14.6317992,45.991591],[14.6326326,45.9894289],[14.6362291,45.987907],[14.634202,45.9869734],[14.6251625,45.9875534],[14.6241002,45.988573],[14.6206489,45.9884621],[14.619091,45.9896642],[14.6169967,45.9926367],[14.6167679,45.9936106],[14.6143278,45.9949048],[14.6142523,45.9904701],[14.6110637,45.9902496],[14.6100494,45.9909286],[14.6079598,45.9898024],[14.6056236,45.9899033],[14.6052958,45.9921865],[14.6037176,45.9919396],[14.6012143,45.9900975],[14.6022445,45.9884037],[14.597856,45.9866611],[14.5944745,45.9866654],[14.5909223,45.985946],[14.5880873,45.9848746],[14.5846739,45.9840211],[14.5855703,45.9822803],[14.5851789,45.9808225],[14.5867063,45.9798706],[14.5875981,45.977505],[14.5885854,45.9773617],[14.5903567,45.9756719],[14.59094,45.9739948],[14.5894368,45.972263],[14.5895138,45.9698644],[14.5912391,45.9690107],[14.5896776,45.9672709],[14.5895625,45.966137],[14.5908939,45.9652539],[14.5936277,45.9655689],[14.5965694,45.9666263],[14.5979412,45.9653651],[14.5952758,45.9636626],[14.5935396,45.9632719],[14.593475,45.96232],[14.595118,45.961661],[14.5965723,45.9582276],[14.5962542,45.9560918],[14.593191,45.9533573],[14.5949332,45.9530717],[14.5964824,45.9519186],[14.594813,45.9497187],[14.5947536,45.947145],[14.5940677,45.9469143],[14.5945825,45.9443419],[14.5930342,45.9415064],[14.5938056,45.9407857],[14.5949423,45.9370521],[14.592478,45.9361861],[14.5920432,45.9350439],[14.5902154,45.9337265],[14.5891287,45.9305514],[14.5894273,45.927967],[14.5908886,45.9254766],[14.5933855,45.9230024],[14.5944149,45.9198429],[14.5957296,45.9178343],[14.596444,45.9155419],[14.5965511,45.9131005],[14.5974462,45.9122936],[14.5996012,45.9120973],[14.6023273,45.9093013],[14.6040497,45.9087088],[14.6045481,45.9074631],[14.61845,45.8987682],[14.6187159,45.8992465],[14.6252591,45.8965039],[14.6256018,45.8943273],[14.6278327,45.8929305],[14.6275678,45.890685],[14.6256071,45.8906669],[14.6248754,45.8887244],[14.6292768,45.884351],[14.6288054,45.8818887],[14.6310134,45.880555],[14.6321497,45.8770809],[14.6345901,45.8755246],[14.6395751,45.877334],[14.6411934,45.8736732],[14.6423478,45.869883],[14.6416117,45.8681665],[14.6422446,45.8666647],[14.6424403,45.8622469],[14.6413298,45.8602136],[14.6390526,45.8599617],[14.6373808,45.857645],[14.6350758,45.8566584],[14.6340368,45.8542103],[14.6347553,45.8537005],[14.6356734,45.8479117],[14.6391851,45.8461116],[14.6417652,45.8439334],[14.64365,45.8443403],[14.6449798,45.8465031],[14.6451895,45.8487836],[14.6463227,45.8504254],[14.6568066,45.8461242],[14.6619309,45.8416374],[14.6663718,45.8396372],[14.670519,45.8393837],[14.6739838,45.8355802],[14.6802114,45.8298606],[14.6822433,45.8300283],[14.6892183,45.8228542],[14.6883782,45.8191086],[14.6916679,45.8187009],[14.6940432,45.8178611],[14.6952,45.8154174],[14.6977735,45.8140457],[14.6969077,45.8130417],[14.6992967,45.8122259],[14.7008118,45.8111644],[14.7048665,45.8094918],[14.7058015,45.8075453],[14.7061269,45.8045822],[14.707692,45.8045765],[14.7070893,45.8029768],[14.7165195,45.7971472],[14.7246585,45.7935359],[14.7328751,45.7885737],[14.7424999,45.7848259],[14.7475877,45.7756467],[14.7566772,45.7685485],[14.7661329,45.7618258],[14.766512,45.7597608],[14.7731346,45.7559247],[14.7767907,45.7534361],[14.7899538,45.7454483],[14.8056731,45.7368964],[14.8195007,45.7292783],[14.8238108,45.7266055],[14.8284712,45.7317261],[14.8305424,45.733391],[14.835073,45.7381699],[14.838708,45.74029],[14.8379051,45.7410095],[14.8420478,45.7423742],[14.8395474,45.745126],[14.835209,45.7478112],[14.8308557,45.7484843],[14.8325407,45.7517902],[14.8322127,45.7528427],[14.8301938,45.7546228],[14.826376,45.7562974],[14.8253778,45.7571051],[14.817711,45.7587993],[14.809038,45.7609341],[14.8031181,45.772375],[14.8013571,45.7764377],[14.8007366,45.7771931],[14.8021437,45.7781789],[14.8000537,45.7806617],[14.8003803,45.7818324],[14.7995456,45.7830924],[14.800209,45.785873],[14.799176,45.78704],[14.7995262,45.7882954],[14.8015561,45.7888131],[14.803005,45.7917426],[14.8044644,45.79265],[14.8047734,45.7941213],[14.8027041,45.796625],[14.8042958,45.7970413],[14.8048645,45.7987959],[14.8095659,45.7989933],[14.811588,45.7995527],[14.8133191,45.7980028],[14.8181552,45.8011869],[14.8204383,45.8006472],[14.8223181,45.7996784],[14.8252302,45.8000075],[14.8275098,45.7992124],[14.830438,45.797226],[14.8326349,45.7973626],[14.8343968,45.7958167],[14.8372721,45.7956573],[14.8396705,45.7959752],[14.8421126,45.7954099],[14.84998,45.795995],[14.8520111,45.7958256],[14.8577608,45.8010873],[14.8587638,45.8033686],[14.8574712,45.806172],[14.8565344,45.8070887],[14.8571083,45.8087252],[14.8565448,45.810173],[14.8572937,45.8145077],[14.8587074,45.8176387],[14.8578873,45.8208889],[14.8579969,45.8266864],[14.8578352,45.8309124],[14.8583687,45.8346601],[14.8572212,45.8351009],[14.8551178,45.8347683],[14.8537575,45.8337504],[14.8506671,45.8359267],[14.8502415,45.8396097],[14.85056,45.8409367],[14.8521476,45.8424869],[14.8532594,45.844453],[14.8512588,45.8448572],[14.8485362,45.8445219],[14.8460562,45.8448686],[14.8439804,45.8504152],[14.8443336,45.8526705],[14.8434902,45.8543073],[14.8436044,45.85611],[14.8483376,45.8576717],[14.8500703,45.8562326],[14.8525076,45.85706],[14.8562873,45.857321],[14.8586013,45.8563495],[14.8617882,45.8555301],[14.8633157,45.8562919],[14.8670682,45.8566314],[14.8688607,45.8559341],[14.8755588,45.8553967],[14.8775348,45.855787],[14.8800667,45.8550095],[14.8808307,45.8593507],[14.8777517,45.8599389],[14.8788864,45.8609625],[14.8824212,45.8607323],[14.883053,45.8627141],[14.8822069,45.8659426],[14.8789972,45.8662952],[14.8764987,45.8679164],[14.8756555,45.8692006],[14.8761208,45.8701164],[14.8758055,45.8717286],[14.8709583,45.8735673],[14.8717961,45.8764612],[14.8728899,45.8773043],[14.8694645,45.8787681],[14.8674562,45.8815397],[14.8644024,45.8829764],[14.8636438,45.8840051],[14.8604146,45.8857649],[14.8626226,45.886504],[14.8661194,45.8884921],[14.8680205,45.8908757],[14.8693735,45.8942917],[14.8713583,45.8954267],[14.8734887,45.8957835],[14.8753561,45.8969376],[14.8753528,45.8991561],[14.8763822,45.9000326],[14.8756107,45.9015008],[14.8777091,45.9039448],[14.8797805,45.904897],[14.8822238,45.9045572],[14.8827804,45.9080935],[14.8811075,45.9124799],[14.8778814,45.916708],[14.8789081,45.9220661],[14.8803797,45.9237117],[14.879061,45.9243083],[14.8771459,45.9266241],[14.8787445,45.9283824],[14.8782197,45.9290064],[14.8811977,45.9305074],[14.882488,45.9316495],[14.8844447,45.9319971],[14.8833845,45.9345393],[14.8856832,45.9350639],[14.8860698,45.936684],[14.8830535,45.9386694],[14.8826075,45.9403492],[14.8837852,45.9435422],[14.8835301,45.9460685],[14.8881215,45.9458736],[14.8914615,45.9452732],[14.8928764,45.9461227],[14.8981843,45.9481989],[14.9018051,45.9463421],[14.9020415,45.9452354],[14.9039304,45.9448717],[14.9046361,45.9470995],[14.9068273,45.945481],[14.9087845,45.9458252],[14.9102636,45.9468734],[14.9101947,45.9497697],[14.9109436,45.9511631],[14.9107939,45.9532336],[14.9154545,45.9543896],[14.9187625,45.9597773],[14.9199843,45.9598017],[14.9217962,45.9617383],[14.924957,45.9630651]]],[[[15.1019792,46.0936489],[15.1049101,46.0928147],[15.1074043,46.0909279],[15.1096147,46.090805],[15.1146039,46.0895705],[15.1198776,46.0903093],[15.1201873,46.0888171],[15.123052,46.0862077],[15.1283673,46.0868136],[15.1336453,46.0863977],[15.1403511,46.0861866],[15.1418298,46.0872819],[15.1446053,46.0876542],[15.1477814,46.0886244],[15.1455958,46.0908945],[15.1483514,46.0912823],[15.1522182,46.0906273],[15.1550221,46.0931308],[15.15098,46.0966032],[15.1458494,46.0987572],[15.1415139,46.1011359],[15.1381875,46.1018324],[15.1338395,46.1046071],[15.13743,46.1058633],[15.1398936,46.1074082],[15.1375887,46.1109774],[15.1385819,46.1119958],[15.1430913,46.1124665],[15.1447487,46.1109396],[15.1455989,46.1084552],[15.1516272,46.1076189],[15.1524498,46.1058957],[15.1539432,46.10431],[15.1583102,46.1047634],[15.1635082,46.1034384],[15.1691265,46.1001268],[15.1696622,46.1025819],[15.1708306,46.1047779],[15.1731713,46.1070745],[15.177818,46.1088343],[15.1800027,46.1084216],[15.1813758,46.1092873],[15.1844882,46.1098559],[15.1864638,46.1095617],[15.1883885,46.109983],[15.1878805,46.1117731],[15.1863445,46.112728],[15.1849305,46.1126711],[15.1838835,46.1142564],[15.1810296,46.1156373],[15.1822529,46.1195944],[15.1794324,46.1199059],[15.1793187,46.1220281],[15.1799381,46.1244405],[15.1797205,46.126029],[15.1760107,46.1270694],[15.1739602,46.1270755],[15.1744044,46.1304779],[15.1752897,46.131594],[15.1739807,46.1334704],[15.1705988,46.1334262],[15.1691045,46.1366391],[15.1692277,46.1376956],[15.1670956,46.1381687],[15.1652704,46.1394282],[15.1632191,46.1395298],[15.1615744,46.1403548],[15.1578275,46.1407092],[15.1561622,46.1428343],[15.1567191,46.1484184],[15.1577419,46.1507178],[15.1502895,46.1524373],[15.1494081,46.1540795],[15.1506482,46.1563181],[15.1483444,46.1571733],[15.145855,46.1595326],[15.1400737,46.1578477],[15.1371437,46.1566186],[15.1308325,46.1562681],[15.1260757,46.1583962],[15.127067,46.1596642],[15.1273879,46.1615656],[15.1308004,46.1654461],[15.1301718,46.1667348],[15.1232985,46.1666774],[15.1230629,46.1685002],[15.123735,46.1701693],[15.1221487,46.1720393],[15.122691,46.1743288],[15.120506,46.1741814],[15.1188226,46.1771608],[15.1156499,46.1783759],[15.1158691,46.1801954],[15.1112904,46.1817071],[15.1087383,46.1838935],[15.1066206,46.1836183],[15.1076166,46.1811304],[15.1066542,46.1797423],[15.1093383,46.1774876],[15.1041791,46.1772886],[15.0967692,46.1760266],[15.095353,46.1765506],[15.0917547,46.1749977],[15.0895431,46.175767],[15.0882564,46.1742824],[15.085529,46.172912],[15.0848757,46.1720151],[15.0820752,46.1737794],[15.0810328,46.1725883],[15.0828668,46.1719933],[15.0797163,46.1690707],[15.0785308,46.1687044],[15.0783455,46.1654785],[15.0800836,46.1643252],[15.0797605,46.1624084],[15.0807215,46.1601792],[15.0826396,46.1585508],[15.0824782,46.1560727],[15.0808491,46.1559098],[15.078738,46.1549376],[15.0760501,46.1545516],[15.0734503,46.15318],[15.0697746,46.1532852],[15.0699217,46.1524592],[15.0673455,46.1491351],[15.0675119,46.1482267],[15.0614799,46.1468271],[15.0584031,46.1431029],[15.0577758,46.1415367],[15.0588992,46.1393763],[15.0608036,46.1374979],[15.0663411,46.1371302],[15.067943,46.1361423],[15.0643564,46.1343404],[15.0652563,46.132761],[15.0623364,46.1294736],[15.0616314,46.1278639],[15.0630584,46.1260218],[15.0662694,46.1261008],[15.0689444,46.1244591],[15.0692082,46.1226996],[15.0719961,46.1205089],[15.0715611,46.1190702],[15.0724082,46.1160707],[15.0757176,46.1133881],[15.0767677,46.11318],[15.0823789,46.1140688],[15.0844378,46.1134846],[15.085724,46.1124967],[15.0863947,46.1106158],[15.0881177,46.1107856],[15.0905206,46.109842],[15.0928524,46.1097427],[15.0940155,46.10901],[15.094166,46.1071591],[15.0928747,46.1044593],[15.0933061,46.1032037],[15.0946971,46.1022134],[15.095856,46.0989794],[15.0985966,46.0977565],[15.0988571,46.0960853],[15.1019792,46.0936489]]],[[[14.5652394,46.367801],[14.5638249,46.3657405],[14.5617626,46.3638435],[14.5577278,46.3633942],[14.5511916,46.3638538],[14.542545,46.362837],[14.5400907,46.3628484],[14.5355884,46.3572494],[14.5362559,46.3566293],[14.541198,46.3557854],[14.5443885,46.3529581],[14.546532,46.3523514],[14.5482086,46.3508161],[14.5499514,46.3463582],[14.5473537,46.3441262],[14.5475628,46.3410238],[14.5444753,46.339479],[14.5415731,46.3368549],[14.5400107,46.3330334],[14.5376181,46.3321277],[14.5384717,46.3286981],[14.5404007,46.326808],[14.5406351,46.3258684],[14.5423157,46.3254164],[14.5447212,46.3240182],[14.5462562,46.3240335],[14.5490716,46.3223438],[14.5500291,46.3223003],[14.5505489,46.3242117],[14.5549815,46.3191705],[14.5532816,46.3148532],[14.5481877,46.3121922],[14.5424883,46.3095558],[14.5412047,46.3079941],[14.5387854,46.3064662],[14.5377655,46.304329],[14.5365706,46.3034747],[14.5370884,46.3008119],[14.5366081,46.2998509],[14.5474536,46.2908099],[14.5482312,46.2875657],[14.5489066,46.2865353],[14.5521159,46.2857174],[14.5538887,46.2822889],[14.5534713,46.2806278],[14.5495821,46.2793573],[14.5489749,46.2750539],[14.5546942,46.2745176],[14.5615299,46.2731269],[14.5654035,46.2714003],[14.5615416,46.268903],[14.5612845,46.2675335],[14.5634873,46.2663503],[14.5648587,46.2624943],[14.5665641,46.2614107],[14.569161,46.261358],[14.5712199,46.2597575],[14.5720761,46.2581332],[14.5739466,46.2562645],[14.569791,46.2563232],[14.5676184,46.2557606],[14.5681618,46.2536225],[14.5648029,46.2516252],[14.5637381,46.2491754],[14.5659722,46.2476212],[14.5681458,46.2469306],[14.5648313,46.2439254],[14.562198,46.2432961],[14.5599517,46.2447732],[14.5553412,46.24335],[14.5526477,46.2418363],[14.5509868,46.2416165],[14.5500436,46.2395643],[14.5489425,46.2390996],[14.5478,46.2357701],[14.5433332,46.232546],[14.5420305,46.2300651],[14.5423114,46.2295872],[14.5370586,46.2245129],[14.5320261,46.2218952],[14.5324142,46.2207868],[14.5292668,46.219972],[14.5291167,46.2176135],[14.5262834,46.2171549],[14.5235533,46.2178744],[14.5214068,46.2191715],[14.5194526,46.2163412],[14.5141252,46.2162164],[14.5134871,46.2144762],[14.5112138,46.2135326],[14.5100153,46.2124523],[14.5081661,46.2120247],[14.5074683,46.2101499],[14.5070784,46.2064175],[14.5033028,46.2025945],[14.5004527,46.2004949],[14.5018594,46.1996464],[14.5053321,46.1986589],[14.5057443,46.1974282],[14.50737,46.1969531],[14.5074028,46.1944429],[14.5083103,46.1937353],[14.5084618,46.1903933],[14.5121739,46.1905905],[14.5166102,46.1880405],[14.5232906,46.1838595],[14.523251,46.1811482],[14.5211589,46.1792592],[14.5229121,46.1758108],[14.5250442,46.1753542],[14.5290051,46.1755467],[14.5305304,46.172474],[14.5327758,46.1720946],[14.5377102,46.1722388],[14.538405,46.1734976],[14.5436041,46.1762162],[14.5447134,46.1758204],[14.5487117,46.1771058],[14.5499902,46.1791981],[14.5521627,46.180989],[14.5556705,46.1828201],[14.5636151,46.1859221],[14.5686647,46.1872895],[14.5686808,46.1880475],[14.5721949,46.1904442],[14.5739446,46.1938717],[14.5791664,46.1928067],[14.5780661,46.1906408],[14.5860383,46.1889943],[14.5861819,46.1885117],[14.5895772,46.1874363],[14.5948552,46.1871309],[14.5954531,46.1867279],[14.6006852,46.1874663],[14.6022398,46.1859405],[14.6018067,46.1843873],[14.6042566,46.1823536],[14.6060303,46.1836268],[14.6089336,46.1836842],[14.6093018,46.1846878],[14.612239,46.1846735],[14.6145743,46.1856651],[14.6146791,46.1877263],[14.6200822,46.1885274],[14.6211697,46.1894045],[14.6240717,46.1894857],[14.6294053,46.1928295],[14.6309748,46.1949415],[14.6325903,46.1953129],[14.6346063,46.1966112],[14.6354754,46.1989084],[14.6375592,46.2005271],[14.6371406,46.2015754],[14.6404947,46.2013773],[14.6414954,46.2006496],[14.6461656,46.2017213],[14.6471592,46.2043738],[14.650535,46.2063037],[14.6541604,46.2074812],[14.6551229,46.2060363],[14.6534591,46.205314],[14.6554953,46.2022601],[14.6582399,46.2021042],[14.6594041,46.203331],[14.6629455,46.2047573],[14.6682422,46.2047114],[14.6720127,46.2033853],[14.6734882,46.2020347],[14.6771738,46.2004267],[14.6779877,46.1985954],[14.6800961,46.1977476],[14.6828657,46.1974254],[14.6867288,46.1986187],[14.6888717,46.1984975],[14.6911711,46.1992509],[14.6940904,46.1971762],[14.6962496,46.1969125],[14.6970383,46.1962067],[14.6991091,46.196205],[14.6998837,46.197985],[14.7038919,46.1967827],[14.7056348,46.1967681],[14.7065698,46.1983659],[14.7057553,46.1993438],[14.7068146,46.2009346],[14.7067014,46.2019804],[14.7084522,46.2046277],[14.7127759,46.2032686],[14.7168178,46.2046343],[14.7235765,46.2027905],[14.723938,46.2037531],[14.7278572,46.2036488],[14.7301973,46.2024375],[14.7319591,46.2020596],[14.735132,46.2026223],[14.7368054,46.2024876],[14.7383302,46.2012559],[14.7403881,46.2011448],[14.7421504,46.1979278],[14.7441844,46.1972825],[14.7434643,46.1955462],[14.7437893,46.1942988],[14.7455999,46.1943291],[14.7503897,46.1953731],[14.7500053,46.1938981],[14.750585,46.192079],[14.752472,46.1904893],[14.7574879,46.18978],[14.7603477,46.1898034],[14.7620188,46.1893303],[14.7645652,46.1900179],[14.7652784,46.1916661],[14.7640647,46.1930359],[14.7645452,46.195607],[14.7632838,46.1974975],[14.7640581,46.1981001],[14.7660316,46.1973714],[14.7675355,46.1976543],[14.7693829,46.1965159],[14.7723993,46.1966591],[14.7764494,46.1956263],[14.7797452,46.1972209],[14.7800072,46.1978757],[14.7835703,46.1982385],[14.7858016,46.1969215],[14.7893627,46.19665],[14.7935274,46.1981715],[14.7962039,46.1983412],[14.799209,46.1977497],[14.8016423,46.1988544],[14.8026709,46.1998697],[14.8044056,46.1970866],[14.806526,46.1981527],[14.8073201,46.1993494],[14.8082806,46.2034074],[14.811867,46.2025546],[14.8132201,46.2012329],[14.8166644,46.2017954],[14.8179141,46.2007118],[14.8244486,46.2001561],[14.8301911,46.198047],[14.8340945,46.1981336],[14.8355162,46.1985059],[14.8387796,46.1978872],[14.8450241,46.1978922],[14.8475575,46.1974829],[14.8539162,46.2001241],[14.8553315,46.2024115],[14.8576057,46.2034084],[14.8596233,46.2029707],[14.8627656,46.2030171],[14.8643279,46.2034313],[14.8719313,46.2029117],[14.8763971,46.203967],[14.8776009,46.2054847],[14.8799481,46.2063646],[14.8855352,46.2066389],[14.8869653,46.2075001],[14.8906729,46.2081824],[14.8937607,46.2082491],[14.8964074,46.2071436],[14.897062,46.2058359],[14.8982033,46.20554],[14.8973252,46.2062686],[14.8976472,46.2075846],[14.8999704,46.2073852],[14.901738,46.2061661],[14.9041413,46.2059638],[14.9071878,46.2066837],[14.9087032,46.2078267],[14.9104502,46.2086711],[14.9083125,46.2128867],[14.9173947,46.2150839],[14.9195466,46.2130434],[14.9212997,46.2138277],[14.9197627,46.215358],[14.925025,46.2165702],[14.92566,46.2156227],[14.928219,46.2168957],[14.9262707,46.2175234],[14.9217359,46.2178589],[14.9189215,46.2177405],[14.9163451,46.2184412],[14.914051,46.2185884],[14.9116307,46.2205425],[14.9127425,46.2214269],[14.9113957,46.222507],[14.9084109,46.2263903],[14.9070958,46.2275595],[14.9068726,46.2310092],[14.9046073,46.2311232],[14.9024869,46.2295295],[14.9001411,46.2287307],[14.8966513,46.2311092],[14.8955447,46.2335177],[14.8928917,46.2332837],[14.8902132,46.2337932],[14.8873298,46.2335737],[14.8864252,46.236337],[14.8852469,46.2374818],[14.8826377,46.2385997],[14.8793963,46.240503],[14.8745945,46.2408359],[14.8679285,46.2424084],[14.864287,46.2440914],[14.8604659,46.2453904],[14.8596454,46.2465984],[14.8542088,46.2503154],[14.8482552,46.2505719],[14.839213,46.2507353],[14.8258503,46.2537384],[14.8181224,46.2536847],[14.8145019,46.2533554],[14.811021,46.2544046],[14.8045614,46.2553513],[14.7917163,46.2524249],[14.77807,46.2509604],[14.7760859,46.2499498],[14.7731878,46.2507558],[14.7705438,46.2505243],[14.7646196,46.2536452],[14.7602264,46.2531689],[14.7586232,46.2518017],[14.7563504,46.2506412],[14.7513649,46.2522756],[14.7475377,46.2543469],[14.7449955,46.2553861],[14.7391248,46.2553453],[14.7326481,46.2567776],[14.7299649,46.2577075],[14.7264032,46.2581056],[14.7237169,46.2571051],[14.7181345,46.2573936],[14.7153219,46.2577867],[14.7120298,46.2575117],[14.7107198,46.2579167],[14.704556,46.2578752],[14.7012689,46.2610513],[14.6992852,46.2637614],[14.696431,46.2655772],[14.6954526,46.2669798],[14.6967579,46.2686512],[14.6995915,46.2705055],[14.700705,46.2735461],[14.7024192,46.2759252],[14.7050932,46.2781176],[14.7046261,46.2790352],[14.7053743,46.2824449],[14.7042779,46.2847343],[14.7003354,46.2841381],[14.6983585,46.2834193],[14.6916148,46.2826842],[14.6885091,46.2831081],[14.682129,46.2815118],[14.6781842,46.282868],[14.673669,46.2837932],[14.6750489,46.287858],[14.6753833,46.289778],[14.6772675,46.2928371],[14.6772431,46.3001912],[14.6763013,46.303205],[14.6744468,46.3062933],[14.6740373,46.3099671],[14.6701055,46.3127464],[14.6676779,46.3131967],[14.6647469,46.3145113],[14.6612048,46.3138681],[14.657723,46.3145098],[14.6535531,46.3185931],[14.6493214,46.3205844],[14.6482925,46.3213844],[14.6465378,46.3242469],[14.64245,46.3256761],[14.642068,46.3268463],[14.6401147,46.3290467],[14.6375774,46.3308598],[14.6405307,46.3346317],[14.6388554,46.3363645],[14.6378409,46.3444302],[14.6384714,46.3468336],[14.637933,46.3536237],[14.6382513,46.3571549],[14.6380754,46.3607127],[14.6375403,46.3641269],[14.6312672,46.3622528],[14.6145114,46.3575007],[14.6031021,46.3590403],[14.6003766,46.3591509],[14.5968306,46.3598307],[14.5923542,46.3593518],[14.5876549,46.3549269],[14.5827234,46.3578462],[14.5703142,46.3657098],[14.5652394,46.367801]]],[[[14.8195007,45.7292783],[14.8071277,45.7181753],[14.8123893,45.7154899],[14.807294,45.7120242],[14.7940746,45.7017942],[14.7819966,45.6926796],[14.7802376,45.6933185],[14.7784949,45.692009],[14.7724522,45.685156],[14.7752107,45.6817498],[14.7793888,45.6711669],[14.7794541,45.6691566],[14.7814694,45.6669012],[14.7836259,45.6659029],[14.7862679,45.6632316],[14.7862434,45.6619235],[14.7836553,45.6609514],[14.7833372,45.6583325],[14.7822976,45.6584219],[14.7808857,45.6550836],[14.7789942,45.655114],[14.7787598,45.6530085],[14.7775405,45.6503648],[14.775731,45.6493387],[14.7776897,45.6452185],[14.7774907,45.6415912],[14.7780431,45.6395965],[14.7744762,45.6385212],[14.7726997,45.6371161],[14.770758,45.6362718],[14.7605877,45.6377932],[14.7564657,45.6375807],[14.7522868,45.6388709],[14.747789,45.6387535],[14.7449678,45.6407566],[14.7386952,45.6446127],[14.7369322,45.6469889],[14.7349709,45.6489654],[14.7338135,45.6484279],[14.7301856,45.6494524],[14.7297171,45.6478839],[14.7283572,45.6471879],[14.729193,45.6440164],[14.7280337,45.6426307],[14.7294707,45.6394609],[14.7265772,45.6374526],[14.6964773,45.6356414],[14.7129665,45.6233379],[14.7222939,45.6007712],[14.6921653,45.5892055],[14.6949987,45.5875636],[14.6943267,45.5871234],[14.6914653,45.583398],[14.6887532,45.5811639],[14.6901837,45.5805766],[14.6903681,45.5782339],[14.6927308,45.5773022],[14.6939144,45.5730491],[14.693488,45.5717994],[14.6943874,45.5704458],[14.6959207,45.5703678],[14.6981039,45.5680608],[14.6972308,45.5665405],[14.6984098,45.5639566],[14.7000532,45.5626844],[14.698546,45.5621107],[14.6972591,45.5580207],[14.6952879,45.5560547],[14.6913522,45.5557624],[14.6890049,45.553849],[14.6884985,45.5523461],[14.6903851,45.551099],[14.6907941,45.5487625],[14.6895338,45.5470622],[14.6869878,45.5459416],[14.6883963,45.5440374],[14.6871333,45.5410181],[14.6883422,45.5395311],[14.6870086,45.5383103],[14.6865938,45.5367607],[14.6850333,45.5354567],[14.6861425,45.5328834],[14.6859626,45.5311227],[14.6878672,45.5299],[14.6904059,45.526521],[14.6928828,45.527719],[14.6944801,45.5272393],[14.6953276,45.52615],[14.699084,45.5256154],[14.7015682,45.5257835],[14.702666,45.5272235],[14.7029709,45.5295693],[14.701552,45.5321893],[14.7031849,45.5343564],[14.7057632,45.534935],[14.7073878,45.5347129],[14.708979,45.533545],[14.7110262,45.5328393],[14.7136016,45.5346062],[14.7155868,45.5331248],[14.716637,45.5336719],[14.7207477,45.534006],[14.725108,45.5320566],[14.7255939,45.5307696],[14.7318106,45.5283976],[14.7350675,45.5296278],[14.7365528,45.5278793],[14.738162,45.524081],[14.7409828,45.5231419],[14.7425987,45.5218225],[14.7477212,45.5184571],[14.7489289,45.5186561],[14.7527162,45.5159847],[14.7552859,45.5148722],[14.7566729,45.5136382],[14.7576224,45.5115935],[14.76031,45.50989],[14.7623353,45.5112338],[14.7673412,45.5121879],[14.7688264,45.5109778],[14.766811,45.5094564],[14.7665653,45.5073339],[14.7681743,45.5058662],[14.7698101,45.5058552],[14.7724418,45.5075042],[14.7748811,45.5070631],[14.7807705,45.5071228],[14.7863503,45.5065301],[14.7888069,45.5039119],[14.7888696,45.5031219],[14.7861286,45.5017014],[14.7871585,45.5005728],[14.7907011,45.4998925],[14.7946921,45.5031159],[14.7997342,45.4991528],[14.7999273,45.4976454],[14.8021509,45.4968332],[14.8034163,45.495788],[14.8023971,45.4940921],[14.7994586,45.4929097],[14.7987635,45.4922004],[14.799612,45.4899797],[14.8043803,45.4873439],[14.8052487,45.484747],[14.8059626,45.4811803],[14.8047367,45.4790481],[14.8083508,45.4769717],[14.8086159,45.4759962],[14.8129735,45.4730426],[14.8158837,45.4714188],[14.8160373,45.4693472],[14.8154821,45.4674876],[14.8165817,45.4602323],[14.8177665,45.4591901],[14.8204628,45.4599011],[14.8250605,45.4606212],[14.8309625,45.4605638],[14.833348,45.4602726],[14.8384605,45.4613797],[14.844657,45.461954],[14.8480798,45.4625323],[14.8565849,45.4644366],[14.8589414,45.4658417],[14.8612141,45.4665328],[14.8669648,45.4656596],[14.8692241,45.4658374],[14.8715083,45.4667915],[14.8746127,45.4715447],[14.8752651,45.4720317],[14.880543,45.4721089],[14.8834736,45.4734635],[14.8887314,45.4754075],[14.8936497,45.4761651],[14.9016653,45.4751414],[14.9070526,45.4765296],[14.9101204,45.4784533],[14.9121621,45.4819343],[14.9115403,45.4853459],[14.910663,45.4861678],[14.9106047,45.4876703],[14.9158847,45.4933811],[14.9164383,45.4945251],[14.9152811,45.4963774],[14.9137018,45.4968914],[14.9124358,45.498299],[14.9120304,45.5007622],[14.912825,45.5018355],[14.9167761,45.5035795],[14.9168964,45.5046781],[14.9137265,45.5098512],[14.913411,45.5107704],[14.9140473,45.5146155],[14.9139187,45.5184827],[14.9154021,45.5203132],[14.9186025,45.521324],[14.9200666,45.5230241],[14.9201417,45.525114],[14.9207731,45.5268368],[14.9220519,45.5275976],[14.9279062,45.5280635],[14.930488,45.5289395],[14.9322942,45.5287005],[14.9367166,45.5259732],[14.9438258,45.5230086],[14.9466799,45.5204898],[14.9531955,45.5174042],[14.9556866,45.5152794],[14.960216,45.5121293],[14.9631853,45.510628],[14.9667686,45.5100761],[14.9686881,45.5088197],[14.9706921,45.5059371],[14.9728327,45.5040926],[14.9792201,45.4991572],[14.9876239,45.4960492],[14.989289,45.4956942],[14.9926771,45.496038],[14.999866,45.495998],[15.0048681,45.4970558],[15.0111575,45.4974052],[15.0142512,45.4961626],[15.0147823,45.4942594],[15.0167386,45.492585],[15.0199438,45.491812],[15.0224271,45.4907571],[15.0232957,45.4899027],[15.0246316,45.4864472],[15.0270716,45.4853808],[15.0318005,45.4860047],[15.0377869,45.4863759],[15.0429931,45.487754],[15.0447526,45.4885271],[15.0468403,45.4906071],[15.0482886,45.4932352],[15.0533978,45.494053],[15.0558922,45.4933677],[15.057159,45.4915388],[15.0626349,45.4944879],[15.0611989,45.4964571],[15.0614028,45.4995807],[15.0623932,45.4999584],[15.06323,45.5016142],[15.0660712,45.5025208],[15.0693448,45.5028699],[15.0728,45.5056302],[15.0763202,45.5080832],[15.0777596,45.5095629],[15.0791297,45.5083402],[15.0849009,45.5116964],[15.0937043,45.5145062],[15.0968586,45.5133354],[15.1014472,45.5129396],[15.1049446,45.5130694],[15.1074292,45.5151501],[15.1098942,45.5163194],[15.1106887,45.5173532],[15.1112086,45.5197102],[15.1134173,45.5211138],[15.1121437,45.5235051],[15.1090874,45.5239879],[15.1012402,45.5304461],[15.0946637,45.5290472],[15.0932356,45.5293385],[15.0920929,45.5281883],[15.0886464,45.5282726],[15.0849313,45.5254844],[15.0840497,45.5244658],[15.0722525,45.5195503],[15.0667066,45.5180784],[15.0643529,45.5177779],[15.061377,45.5191887],[15.0583183,45.518933],[15.0557354,45.5219004],[15.0529781,45.5234327],[15.0552593,45.5252997],[15.0555539,45.5302195],[15.0537655,45.5326104],[15.0572667,45.5366953],[15.0570448,45.5380806],[15.0591858,45.5391073],[15.0575654,45.5432962],[15.0601053,45.5443167],[15.061289,45.5453614],[15.0634251,45.5434825],[15.0666247,45.543105],[15.0683603,45.5461118],[15.0704529,45.546351],[15.0717154,45.5477338],[15.0742592,45.5475339],[15.0762821,45.5480687],[15.077032,45.549513],[15.076882,45.5511998],[15.0775231,45.5531039],[15.0809422,45.5525204],[15.0816877,45.5518347],[15.0829996,45.5478906],[15.0896703,45.5473328],[15.0907355,45.5492945],[15.0912318,45.5514819],[15.0925071,45.5514276],[15.092974,45.5543915],[15.0942319,45.5558804],[15.0941378,45.5574054],[15.0883146,45.5602606],[15.0845148,45.5610525],[15.0814726,45.5620319],[15.0780124,45.5621454],[15.0736709,45.5609861],[15.0687135,45.5645419],[15.0700841,45.5667765],[15.0687861,45.5679791],[15.0689343,45.5717867],[15.0704601,45.5727552],[15.0697393,45.5744118],[15.0685215,45.5749781],[15.0686062,45.5763597],[15.0712625,45.5797056],[15.0751984,45.5827587],[15.0737976,45.5834184],[15.0724188,45.5853829],[15.06913,45.5887401],[15.0671876,45.5893866],[15.0646176,45.5910772],[15.0674925,45.5930472],[15.0675316,45.594108],[15.0699503,45.5951161],[15.0696892,45.5959854],[15.0699593,45.6009328],[15.0656149,45.6016719],[15.0628127,45.6025374],[15.0608495,45.6037886],[15.0632273,45.6067954],[15.0537562,45.6088488],[15.0460284,45.6119858],[15.0442631,45.6149503],[15.0398813,45.6172769],[15.0414549,45.6194775],[15.0403631,45.6212554],[15.0326134,45.6318232],[15.026467,45.6357086],[15.0233839,45.6378288],[15.0176166,45.6411652],[15.0111633,45.6580671],[15.0113793,45.6646531],[15.0122869,45.6784438],[15.0088831,45.6785337],[15.0052376,45.680207],[15.0028498,45.6805522],[15.0007131,45.6829323],[14.9962574,45.6846857],[14.9886789,45.6883847],[14.9806837,45.6950762],[14.9804083,45.6987828],[14.9766662,45.6986507],[14.9757998,45.7003572],[14.9763483,45.701519],[14.9730125,45.7032552],[14.9655497,45.7051903],[14.9630271,45.7052751],[14.9614499,45.7063183],[14.9624168,45.7074594],[14.9652899,45.7080869],[14.9651256,45.71026],[14.9635144,45.7230688],[14.966322,45.7225868],[14.9667457,45.7250716],[14.9648874,45.731522],[14.9673082,45.7359581],[14.9700883,45.7352708],[14.9718942,45.7356917],[14.9757853,45.7349407],[14.9776997,45.738935],[14.9742803,45.7398821],[14.9740048,45.7417276],[14.9767716,45.7454104],[14.9799554,45.7458319],[14.9828177,45.7488444],[14.982981,45.7511187],[14.9781959,45.7518337],[14.9768713,45.7523252],[14.9790798,45.7562305],[14.980483,45.7574926],[14.9802236,45.7593951],[14.9793628,45.7597976],[14.9778292,45.7620823],[14.9798639,45.7649522],[14.9790108,45.7665453],[14.9672424,45.7681084],[14.9604232,45.7675046],[14.9582752,45.7676457],[14.9523383,45.7685998],[14.9450019,45.7704419],[14.9338034,45.7751597],[14.9315531,45.7759852],[14.925069,45.7758603],[14.9255361,45.7730155],[14.9239469,45.7725902],[14.9232244,45.7710956],[14.9218318,45.7705405],[14.9195025,45.7707889],[14.9179762,45.7715761],[14.9144543,45.7715702],[14.9121319,45.769879],[14.9123571,45.7681125],[14.9100565,45.7653767],[14.907156,45.7654382],[14.9036132,45.7623805],[14.9031682,45.7612932],[14.9056675,45.7600931],[14.9072061,45.756774],[14.9068184,45.7549079],[14.9072905,45.7536133],[14.9056554,45.7523851],[14.903892,45.7525699],[14.9021232,45.7514795],[14.8995863,45.7482716],[14.897988,45.747619],[14.8965804,45.7453767],[14.8943453,45.7433486],[14.8917397,45.7431804],[14.8870555,45.7445909],[14.8871367,45.7461259],[14.885199,45.7470386],[14.8807926,45.7463842],[14.8806798,45.7456834],[14.8783284,45.7446021],[14.8764141,45.7443069],[14.8740897,45.7446722],[14.8723951,45.7454599],[14.8714563,45.7473516],[14.8715789,45.7504083],[14.8730648,45.7523326],[14.8712497,45.7532676],[14.8693459,45.7554986],[14.8670189,45.7569655],[14.8652416,45.7567545],[14.8599649,45.7591131],[14.8587197,45.7584245],[14.8544392,45.7578323],[14.8521532,45.7570424],[14.8507553,45.75788],[14.8467045,45.7586334],[14.8429372,45.7560478],[14.839689,45.7566359],[14.8370251,45.7585002],[14.8378151,45.7614649],[14.8389464,45.7637027],[14.8356854,45.7654289],[14.8331714,45.7623989],[14.8320501,45.7616647],[14.8315683,45.7591385],[14.8300812,45.7597883],[14.82902,45.7585049],[14.8289621,45.7568769],[14.826376,45.7562974],[14.8301938,45.7546228],[14.8322127,45.7528427],[14.8325407,45.7517902],[14.8308557,45.7484843],[14.835209,45.7478112],[14.8395474,45.745126],[14.8420478,45.7423742],[14.8379051,45.7410095],[14.838708,45.74029],[14.835073,45.7381699],[14.8305424,45.733391],[14.8284712,45.7317261],[14.8238108,45.7266055],[14.8195007,45.7292783]]],[[[14.7482806,46.0020821],[14.7499009,46.0022933],[14.750601,46.0011081],[14.7557859,45.9997485],[14.758671,45.9978906],[14.7635877,45.9982419],[14.766167,46.0001095],[14.7705318,46.0004401],[14.7749886,46.0019365],[14.7759915,46.0036199],[14.7746109,46.0049856],[14.7759331,46.0064216],[14.7764914,46.0089865],[14.778564,46.0076951],[14.7852568,46.0078848],[14.7873981,46.0074411],[14.7886911,46.009137],[14.7933871,46.0113707],[14.7944062,46.0123847],[14.7963734,46.0130568],[14.7971473,46.0116217],[14.8004407,46.0082032],[14.8007373,46.0065821],[14.80427,46.0051864],[14.8050017,46.0073491],[14.8070028,46.0067958],[14.8055854,46.0055191],[14.8084728,46.0041438],[14.8096103,46.0017943],[14.8113742,46.0014361],[14.8112681,46.0030355],[14.8128332,46.0047757],[14.8152493,46.0042397],[14.817848,46.0042872],[14.8175926,46.0029034],[14.8191528,46.0026177],[14.8186556,46.0006033],[14.822547,46.0003269],[14.8253412,46.000557],[14.8265232,45.9989179],[14.8287802,45.9985044],[14.8310105,45.9974012],[14.8348055,45.9981037],[14.8350181,45.9990753],[14.837318,45.9993505],[14.8396965,45.9989244],[14.8421935,45.9978129],[14.845952,45.9977384],[14.8456815,45.9964116],[14.8468589,45.9957179],[14.8523918,45.9950728],[14.8543673,45.9955308],[14.858056,45.994142],[14.8590738,45.9963089],[14.8613163,45.9947903],[14.8618356,45.9936122],[14.8639042,45.9923279],[14.863882,45.9908343],[14.8648799,45.9891888],[14.8635663,45.9879276],[14.86387,45.9851116],[14.8673084,45.9830101],[14.8708219,45.9817814],[14.8729106,45.9827105],[14.8747565,45.9825955],[14.8743479,45.9806515],[14.8770111,45.9785759],[14.8773646,45.9762638],[14.87802,45.9756777],[14.8808234,45.9761954],[14.8824703,45.972382],[14.8839415,45.9723475],[14.8867381,45.9741498],[14.8894469,45.9747912],[14.8874649,45.9785594],[14.8876933,45.9805212],[14.8910566,45.9832687],[14.8929948,45.9832838],[14.8952863,45.9799736],[14.8977123,45.9794589],[14.9001061,45.9764282],[14.8999749,45.975557],[14.9021737,45.9741187],[14.9027727,45.9725234],[14.9042111,45.9718535],[14.9038464,45.9703306],[14.9051908,45.9699771],[14.9084792,45.9675511],[14.9100071,45.9674757],[14.9114851,45.9643689],[14.9167806,45.9645219],[14.9195036,45.9630597],[14.9203172,45.9633992],[14.924957,45.9630651],[14.9263042,45.9638289],[14.9278138,45.963285],[14.9310476,45.9641653],[14.9333127,45.9641971],[14.9348667,45.9651477],[14.9375045,45.9632246],[14.9397659,45.9649906],[14.940621,45.9668532],[14.9384878,45.9709132],[14.9404347,45.9747372],[14.9434332,45.9766843],[14.9458753,45.9777614],[14.9486697,45.9783402],[14.9515899,45.9784064],[14.9550552,45.9779525],[14.9603056,45.9767852],[14.9632043,45.9756452],[14.964876,45.9754083],[14.9686364,45.9713334],[14.9694406,45.9694347],[14.9722281,45.970021],[14.9789974,45.9688884],[14.9836612,45.969925],[14.9862274,45.9699885],[14.9882931,45.9679533],[14.9930234,45.9656938],[14.9943294,45.9658125],[14.9967721,45.9638293],[15.001922,45.9630453],[15.0039273,45.9640973],[15.0071086,45.965054],[15.010133,45.9637854],[15.011676,45.9637895],[15.0144244,45.9648075],[15.0175604,45.9672062],[15.0176996,45.9686028],[15.0146657,45.9714791],[15.0143923,45.9733202],[15.0177681,45.9752852],[15.0225042,45.976187],[15.0238991,45.9774385],[15.0230405,45.9786893],[15.0259673,45.9785212],[15.030569,45.9796322],[15.0307876,45.9844405],[15.0340274,45.9862878],[15.0324956,45.9873577],[15.0313608,45.9898457],[15.0302846,45.9903249],[15.0303203,45.992418],[15.0278667,45.9943923],[15.0260021,45.9978848],[15.0223122,45.9991452],[15.0226141,46.0018612],[15.0245601,46.0030481],[15.0260817,46.0047213],[15.0299037,46.0046436],[15.0335532,46.0050026],[15.0367063,46.0047621],[15.0385143,46.0041685],[15.0428981,46.0046507],[15.0452802,46.0041648],[15.0458436,46.0048071],[15.0488879,46.00484],[15.0517114,46.0043418],[15.0553488,46.0047949],[15.0555698,46.0062846],[15.0573318,46.0074638],[15.0576421,46.0100002],[15.0570261,46.0103207],[15.0573165,46.0135649],[15.0619679,46.0153537],[15.0650656,46.0155177],[15.0703298,46.0164045],[15.0720966,46.01609],[15.071178,46.0140939],[15.0749321,46.0139228],[15.0787191,46.0128719],[15.0821802,46.0124101],[15.0808615,46.0160668],[15.0813248,46.0182123],[15.0806846,46.0200004],[15.0827489,46.0219433],[15.0862717,46.0221972],[15.0894487,46.0205051],[15.0913718,46.0215131],[15.0952151,46.019349],[15.0992659,46.0189987],[15.0994838,46.019878],[15.0971416,46.021122],[15.0985474,46.0221885],[15.0963186,46.0229818],[15.0957999,46.0245693],[15.094399,46.0253257],[15.0908539,46.0285584],[15.0921917,46.0292679],[15.0885726,46.032619],[15.0877537,46.0328419],[15.0894262,46.0356743],[15.0883541,46.0408311],[15.0844176,46.0406378],[15.0808939,46.0415638],[15.0787521,46.0416752],[15.0765472,46.0426535],[15.0752055,46.0439279],[15.073058,46.0448513],[15.0715562,46.046614],[15.0716285,46.0496634],[15.0725407,46.0513835],[15.0683107,46.0544676],[15.0669079,46.0567429],[15.0667847,46.060146],[15.0661071,46.0609374],[15.0672339,46.0635625],[15.0675185,46.0654647],[15.0663503,46.0659529],[15.0637621,46.0656269],[15.0621296,46.0647181],[15.0509361,46.062376],[15.0460649,46.0601074],[15.0429863,46.0594625],[15.0399498,46.060501],[15.0365696,46.0585523],[15.0316898,46.0581144],[15.027493,46.0560984],[15.0250042,46.0556122],[15.0246724,46.0544408],[15.0231593,46.0533684],[15.0217741,46.0533509],[15.0193099,46.051237],[15.0162428,46.0497838],[15.0109007,46.0508133],[15.0089659,46.0503585],[15.0048663,46.0508424],[14.9999183,46.0526237],[14.9957787,46.0520651],[14.992373,46.0536623],[14.9912209,46.0536141],[14.988172,46.0547088],[14.9871102,46.0577691],[14.9902801,46.0588711],[14.9924457,46.0587172],[14.9925692,46.0602006],[14.9955564,46.0597191],[14.9994957,46.0604439],[15.0013831,46.0604473],[15.0007033,46.0631845],[14.996922,46.0650023],[14.9943686,46.0651788],[14.9925896,46.0660792],[14.9926069,46.068467],[14.99353,46.0709073],[14.9935578,46.0727885],[14.992751,46.0753042],[14.9914967,46.0753439],[14.9921749,46.077264],[14.9900106,46.0777944],[14.990713,46.0788363],[14.9909378,46.0820867],[14.9891296,46.0826979],[14.9864277,46.0858749],[14.9876209,46.086931],[14.9925773,46.0865534],[14.9939136,46.087917],[14.996485,46.0882654],[14.9978584,46.0890245],[15.0008323,46.0896834],[15.0017592,46.0930291],[15.0024468,46.0938096],[15.0039851,46.0978889],[15.0019996,46.1004232],[15.0016366,46.1018481],[14.9991463,46.1035872],[14.9964781,46.1083184],[14.9977086,46.1095885],[14.9981185,46.111732],[14.9947159,46.1156051],[14.9925092,46.1167933],[14.9893302,46.1168936],[14.9866864,46.1145719],[14.9817705,46.1122046],[14.9747107,46.1114885],[14.9725524,46.1105917],[14.9663062,46.1066449],[14.9634123,46.1054844],[14.9617409,46.1043943],[14.9596144,46.101077],[14.9580876,46.0996316],[14.9561165,46.0964361],[14.9552173,46.0957829],[14.9505241,46.0937256],[14.9456003,46.0923959],[14.9411221,46.0921588],[14.9389213,46.0913603],[14.9343917,46.0915069],[14.9325298,46.0919159],[14.9260747,46.0926423],[14.9189608,46.0920446],[14.9123757,46.0933051],[14.9097651,46.093265],[14.9057515,46.0924803],[14.9011679,46.0910672],[14.8982509,46.0921894],[14.8955143,46.0946285],[14.8933962,46.095633],[14.8932584,46.0967167],[14.89469,46.099588],[14.8928066,46.1026407],[14.8930917,46.1043545],[14.8898478,46.1051933],[14.8880978,46.106795],[14.8878298,46.1092609],[14.8883045,46.110425],[14.8928041,46.1137208],[14.8923573,46.1154161],[14.8929831,46.1171442],[14.8923319,46.1189792],[14.8937435,46.1204869],[14.891757,46.1217135],[14.8923212,46.1233148],[14.8940567,46.1243258],[14.8938235,46.1265691],[14.8897305,46.1294339],[14.8861544,46.1283145],[14.8828761,46.1283316],[14.881006,46.1287737],[14.8794289,46.1284518],[14.8716442,46.1279973],[14.8679259,46.1290667],[14.8646948,46.129089],[14.8622667,46.1296153],[14.8602906,46.1309219],[14.8586842,46.1301653],[14.8585242,46.128373],[14.855715,46.1284147],[14.8540667,46.1273523],[14.8525137,46.1285931],[14.8480914,46.12868],[14.84598,46.1279774],[14.8434137,46.1263403],[14.8411966,46.1267802],[14.8376987,46.1268848],[14.8351786,46.1265284],[14.834915,46.1287931],[14.836474,46.1299955],[14.83524,46.1335456],[14.8337509,46.1347447],[14.8338704,46.1359014],[14.8313545,46.1359412],[14.828924,46.135081],[14.8264884,46.131996],[14.8215986,46.1297633],[14.819648,46.1274771],[14.8175422,46.1266979],[14.8151484,46.128236],[14.8131444,46.1283201],[14.8084411,46.1276715],[14.8067706,46.1257419],[14.8042639,46.1259248],[14.7992156,46.1238041],[14.7981457,46.121431],[14.8008376,46.1206169],[14.8022467,46.1189298],[14.8023546,46.1171691],[14.8040099,46.1131997],[14.8001904,46.1138109],[14.7975695,46.1151433],[14.7950735,46.1153391],[14.7939177,46.1136187],[14.7928809,46.1137121],[14.7908251,46.1124756],[14.7935296,46.1105324],[14.7941428,46.1073732],[14.7930508,46.1064444],[14.7911666,46.1076347],[14.7867901,46.1081347],[14.7832337,46.1077842],[14.7814758,46.1079646],[14.780176,46.1091809],[14.7774899,46.1086808],[14.7738607,46.1070718],[14.7740351,46.1059456],[14.7711272,46.1044204],[14.7708067,46.1063568],[14.7689152,46.1076071],[14.7670994,46.1071611],[14.7683306,46.105371],[14.7669953,46.1043892],[14.7649364,46.1065269],[14.7641441,46.1057599],[14.7604433,46.1045649],[14.7614758,46.1024272],[14.7591817,46.10102],[14.7604149,46.0998879],[14.756533,46.0991401],[14.754507,46.0990673],[14.7517954,46.0978262],[14.7536379,46.0932519],[14.7506277,46.0914504],[14.7489183,46.0895552],[14.7450053,46.0881007],[14.7371317,46.0873792],[14.7330534,46.0863609],[14.7275256,46.0855889],[14.7205596,46.0838302],[14.7162328,46.0848744],[14.7147858,46.0808523],[14.7117559,46.0783765],[14.7117167,46.0766484],[14.7137054,46.0757812],[14.7173442,46.0757911],[14.7196073,46.073992],[14.7231364,46.072357],[14.7229689,46.0697066],[14.7202452,46.067876],[14.7237844,46.0656313],[14.727307,46.0661576],[14.7292896,46.0655755],[14.7301284,46.0661177],[14.7355026,46.066613],[14.7384092,46.06782],[14.7462452,46.0676735],[14.7461133,46.0662421],[14.7472069,46.0634437],[14.746314,46.0595733],[14.7444898,46.0581994],[14.74111,46.0573215],[14.7382894,46.0554951],[14.7363504,46.0553488],[14.7331397,46.0542133],[14.7319997,46.0532979],[14.732348,46.0522498],[14.7310085,46.0516205],[14.7282385,46.0523977],[14.7273589,46.0516953],[14.724977,46.0520484],[14.7268243,46.0494333],[14.730721,46.045623],[14.7346797,46.0446298],[14.7358898,46.043578],[14.7362791,46.0410122],[14.7375667,46.0402281],[14.7425199,46.0394347],[14.7454208,46.0372159],[14.74586,46.0357187],[14.7473668,46.0336204],[14.7510798,46.0306616],[14.7552663,46.0297147],[14.7521911,46.0273854],[14.7543953,46.0259252],[14.7545516,46.0237684],[14.752151,46.0241279],[14.7433258,46.0232894],[14.7416722,46.0221967],[14.7425342,46.0210833],[14.7410207,46.0201728],[14.7417495,46.0185335],[14.7406145,46.0171426],[14.7434682,46.0168196],[14.7457727,46.0153383],[14.7419582,46.015157],[14.7447753,46.0133937],[14.7471036,46.0141648],[14.7482564,46.0126918],[14.7463083,46.0109279],[14.7446398,46.0079467],[14.7464921,46.0081453],[14.7507858,46.0075096],[14.7508316,46.0064442],[14.7493147,46.0046007],[14.7475085,46.004237],[14.7472418,46.0029412],[14.7482806,46.0020821]]],[[[14.5649275,45.7915236],[14.5660741,45.7925208],[14.5671878,45.795591],[14.5707412,45.7949001],[14.5850472,45.7938566],[14.5916711,45.7936153],[14.5947868,45.7937316],[14.5945595,45.7958345],[14.5956237,45.7973082],[14.5946058,45.7985852],[14.5945839,45.8008669],[14.5956034,45.8014002],[14.5989283,45.7998407],[14.6025191,45.7995925],[14.6032341,45.8000942],[14.6063708,45.8000773],[14.6068111,45.801035],[14.6094018,45.8017886],[14.6136822,45.8035129],[14.6162854,45.8036608],[14.6222503,45.8016919],[14.626179,45.8022891],[14.627779,45.8017704],[14.6283334,45.8004812],[14.6308795,45.8009568],[14.6320493,45.7996679],[14.6338167,45.8006735],[14.6332703,45.8024146],[14.6367076,45.8036762],[14.6390328,45.8030569],[14.6401655,45.8012842],[14.6419013,45.8013365],[14.6445549,45.8021938],[14.6464085,45.8022751],[14.6484397,45.801548],[14.6508104,45.8032516],[14.6557213,45.8049798],[14.6570645,45.8062949],[14.6597843,45.8056682],[14.6602223,45.8081723],[14.6612218,45.8092502],[14.6634706,45.8090034],[14.6655739,45.808072],[14.6660967,45.8091821],[14.6687969,45.8121321],[14.6730683,45.8156701],[14.6757814,45.8169679],[14.6755006,45.8185843],[14.6760285,45.8202276],[14.6783126,45.8209661],[14.6801358,45.8204909],[14.6834807,45.8206826],[14.6883782,45.8191086],[14.6892183,45.8228542],[14.6822433,45.8300283],[14.6802114,45.8298606],[14.6739838,45.8355802],[14.670519,45.8393837],[14.6663718,45.8396372],[14.6619309,45.8416374],[14.6568066,45.8461242],[14.6463227,45.8504254],[14.6451895,45.8487836],[14.6449798,45.8465031],[14.64365,45.8443403],[14.6417652,45.8439334],[14.6391851,45.8461116],[14.6356734,45.8479117],[14.6347553,45.8537005],[14.6340368,45.8542103],[14.6350758,45.8566584],[14.6373808,45.857645],[14.6390526,45.8599617],[14.6413298,45.8602136],[14.6424403,45.8622469],[14.6422446,45.8666647],[14.6416117,45.8681665],[14.6423478,45.869883],[14.6411934,45.8736732],[14.6395751,45.877334],[14.6345901,45.8755246],[14.6321497,45.8770809],[14.6310134,45.880555],[14.6288054,45.8818887],[14.6292768,45.884351],[14.6248754,45.8887244],[14.6256071,45.8906669],[14.6275678,45.890685],[14.6278327,45.8929305],[14.6256018,45.8943273],[14.6252591,45.8965039],[14.6187159,45.8992465],[14.61845,45.8987682],[14.6045481,45.9074631],[14.6040497,45.9087088],[14.6023273,45.9093013],[14.5996012,45.9120973],[14.5974462,45.9122936],[14.5965511,45.9131005],[14.596444,45.9155419],[14.5957296,45.9178343],[14.5944149,45.9198429],[14.5933855,45.9230024],[14.5908886,45.9254766],[14.5894273,45.927967],[14.5891287,45.9305514],[14.5902154,45.9337265],[14.5920432,45.9350439],[14.592478,45.9361861],[14.5949423,45.9370521],[14.5938056,45.9407857],[14.5930342,45.9415064],[14.5945825,45.9443419],[14.5940677,45.9469143],[14.5947536,45.947145],[14.594813,45.9497187],[14.5964824,45.9519186],[14.5949332,45.9530717],[14.593191,45.9533573],[14.5962542,45.9560918],[14.5965723,45.9582276],[14.595118,45.961661],[14.593475,45.96232],[14.5935396,45.9632719],[14.5952758,45.9636626],[14.5979412,45.9653651],[14.5965694,45.9666263],[14.5936277,45.9655689],[14.5908939,45.9652539],[14.5895625,45.966137],[14.5896776,45.9672709],[14.5912391,45.9690107],[14.5895138,45.9698644],[14.5894368,45.972263],[14.59094,45.9739948],[14.5903567,45.9756719],[14.5885854,45.9773617],[14.5875981,45.977505],[14.5867063,45.9798706],[14.5851789,45.9808225],[14.5855703,45.9822803],[14.5846739,45.9840211],[14.5880873,45.9848746],[14.5909223,45.985946],[14.5944745,45.9866654],[14.597856,45.9866611],[14.6022445,45.9884037],[14.6012143,45.9900975],[14.6037176,45.9919396],[14.6052958,45.9921865],[14.6056236,45.9899033],[14.6079598,45.9898024],[14.6100494,45.9909286],[14.6110637,45.9902496],[14.6142523,45.9904701],[14.6143278,45.9949048],[14.6167679,45.9936106],[14.6169967,45.9926367],[14.619091,45.9896642],[14.6206489,45.9884621],[14.6241002,45.988573],[14.6251625,45.9875534],[14.634202,45.9869734],[14.6362291,45.987907],[14.6326326,45.9894289],[14.6317992,45.991591],[14.6301227,45.99429],[14.6306897,45.9949547],[14.6333379,45.9956207],[14.637493,45.9909481],[14.6389456,45.9898047],[14.6410384,45.9898968],[14.645064,45.9883527],[14.646552,45.9893894],[14.6500811,45.9897758],[14.6550914,45.9876744],[14.657359,45.9879493],[14.6587864,45.9887339],[14.6625957,45.9874085],[14.6633433,45.9879633],[14.6667175,45.9876651],[14.6689598,45.9884143],[14.6676887,45.9911979],[14.6688418,45.9936073],[14.673091,45.9956868],[14.6742889,45.9954477],[14.6772097,45.9961795],[14.6783776,45.9958046],[14.6817541,45.9969625],[14.6832401,45.998943],[14.6829865,45.9998909],[14.6804513,46.0009824],[14.6780003,46.0014953],[14.6754998,46.0027702],[14.6744471,46.0045196],[14.6792116,46.0065782],[14.6811357,46.0079654],[14.68328,46.0105253],[14.6857747,46.010894],[14.6887888,46.0097956],[14.6904737,46.0086357],[14.6941613,46.0081542],[14.6961171,46.0124626],[14.698932,46.0104053],[14.7026263,46.0129014],[14.7024419,46.0135999],[14.7045116,46.015282],[14.710651,46.0126978],[14.7115802,46.0116626],[14.7144903,46.0118662],[14.7135233,46.0099081],[14.715329,46.0070084],[14.7185539,46.006413],[14.7183701,46.005235],[14.7194323,46.0032345],[14.7195861,46.001489],[14.7203918,46.0007084],[14.7221899,46.0008214],[14.72343,46.0037258],[14.725408,46.0002988],[14.7265427,45.9999396],[14.7313754,45.9996293],[14.7315621,45.9978018],[14.735716,45.9981814],[14.7385566,45.9976458],[14.7431819,45.9978713],[14.7444726,45.9994768],[14.7472541,46.0008056],[14.7482806,46.0020821],[14.7472418,46.0029412],[14.7475085,46.004237],[14.7493147,46.0046007],[14.7508316,46.0064442],[14.7507858,46.0075096],[14.7464921,46.0081453],[14.7446398,46.0079467],[14.7463083,46.0109279],[14.7482564,46.0126918],[14.7471036,46.0141648],[14.7447753,46.0133937],[14.7419582,46.015157],[14.7457727,46.0153383],[14.7434682,46.0168196],[14.7406145,46.0171426],[14.7417495,46.0185335],[14.7410207,46.0201728],[14.7425342,46.0210833],[14.7416722,46.0221967],[14.7433258,46.0232894],[14.752151,46.0241279],[14.7545516,46.0237684],[14.7543953,46.0259252],[14.7521911,46.0273854],[14.7552663,46.0297147],[14.7510798,46.0306616],[14.7473668,46.0336204],[14.74586,46.0357187],[14.7454208,46.0372159],[14.7425199,46.0394347],[14.7375667,46.0402281],[14.7362791,46.0410122],[14.7358898,46.043578],[14.7346797,46.0446298],[14.730721,46.045623],[14.7268243,46.0494333],[14.724977,46.0520484],[14.7273589,46.0516953],[14.7282385,46.0523977],[14.7310085,46.0516205],[14.732348,46.0522498],[14.7319997,46.0532979],[14.7331397,46.0542133],[14.7363504,46.0553488],[14.7382894,46.0554951],[14.74111,46.0573215],[14.7444898,46.0581994],[14.746314,46.0595733],[14.7472069,46.0634437],[14.7461133,46.0662421],[14.7462452,46.0676735],[14.7384092,46.06782],[14.7355026,46.066613],[14.7301284,46.0661177],[14.7292896,46.0655755],[14.727307,46.0661576],[14.7237844,46.0656313],[14.7202452,46.067876],[14.7229689,46.0697066],[14.7231364,46.072357],[14.7196073,46.073992],[14.7173442,46.0757911],[14.7137054,46.0757812],[14.7117167,46.0766484],[14.7117559,46.0783765],[14.7147858,46.0808523],[14.7162328,46.0848744],[14.7205596,46.0838302],[14.7275256,46.0855889],[14.7330534,46.0863609],[14.7371317,46.0873792],[14.7450053,46.0881007],[14.7489183,46.0895552],[14.7506277,46.0914504],[14.7536379,46.0932519],[14.7517954,46.0978262],[14.7491256,46.0983074],[14.7477696,46.0976374],[14.7455162,46.0986733],[14.7436091,46.0965122],[14.7416073,46.0977649],[14.7387318,46.0969658],[14.7369444,46.0974692],[14.7348354,46.0964874],[14.7337772,46.0987699],[14.7294828,46.1012545],[14.7273022,46.1009792],[14.7260589,46.0989117],[14.7239493,46.0988202],[14.7231352,46.0966188],[14.7217274,46.0979058],[14.7197263,46.0957028],[14.7168058,46.0950076],[14.7163145,46.0963899],[14.7145115,46.0973322],[14.7171072,46.1005764],[14.7215459,46.1039382],[14.7215812,46.1051867],[14.7229763,46.1059504],[14.7214796,46.1075751],[14.7242943,46.110287],[14.7199271,46.111157],[14.717267,46.1120062],[14.7124657,46.1125223],[14.7093777,46.1118017],[14.7078394,46.1110404],[14.703867,46.1104325],[14.7022549,46.1097647],[14.6972887,46.109631],[14.6967758,46.1103067],[14.6919754,46.112129],[14.6919817,46.1140164],[14.690665,46.1147933],[14.6896489,46.1130506],[14.6877651,46.114137],[14.6869522,46.1165681],[14.684345,46.1180764],[14.679491,46.1182133],[14.675751,46.1189274],[14.6710575,46.1202284],[14.6701768,46.1194073],[14.6673065,46.1185623],[14.6651296,46.1185601],[14.6631127,46.1178801],[14.6630285,46.1170294],[14.6586723,46.1172452],[14.6570614,46.1169146],[14.6564085,46.1154884],[14.655894,46.111157],[14.6527709,46.1045901],[14.6501728,46.1047782],[14.6473059,46.1031727],[14.6416595,46.102699],[14.6383726,46.1020959],[14.6384025,46.1003421],[14.635745,46.1000758],[14.6336369,46.0988705],[14.6324373,46.0974446],[14.6313498,46.097556],[14.6299148,46.0990264],[14.627826,46.0985442],[14.6258609,46.0989498],[14.6251145,46.0959503],[14.6219103,46.0964698],[14.6212035,46.0946229],[14.6193923,46.0942822],[14.6176146,46.095248],[14.6147631,46.0940061],[14.6115538,46.094804],[14.6089638,46.0942299],[14.605342,46.0952643],[14.6033076,46.0951158],[14.6016972,46.0941955],[14.5992573,46.0941105],[14.5990233,46.0952987],[14.5938189,46.095281],[14.5924338,46.0972559],[14.5942863,46.0987633],[14.5927608,46.1002687],[14.5932722,46.1019685],[14.5917162,46.1041817],[14.5898214,46.1049898],[14.5877223,46.1048783],[14.5844872,46.1058095],[14.5841563,46.1073654],[14.5816053,46.1070664],[14.5794665,46.1063316],[14.579919,46.1035433],[14.5786191,46.1036939],[14.5765157,46.1055614],[14.5724593,46.1030031],[14.5709542,46.1054335],[14.5687221,46.107443],[14.5675795,46.1100867],[14.5672195,46.1120754],[14.5650311,46.1135338],[14.5626512,46.113288],[14.5606151,46.1151075],[14.5551874,46.1159853],[14.5525463,46.1168386],[14.5515206,46.115018],[14.5485133,46.1136499],[14.5442563,46.1161995],[14.5409307,46.115626],[14.5394258,46.1160848],[14.5393868,46.1180488],[14.5372381,46.1191852],[14.535639,46.1211427],[14.5319108,46.1207277],[14.529413,46.1223922],[14.5294359,46.1237147],[14.5256294,46.1252588],[14.5243284,46.1253299],[14.5214833,46.1273938],[14.5207204,46.1299508],[14.5197047,46.1315378],[14.5204207,46.1341906],[14.5184663,46.1358456],[14.514687,46.1373483],[14.513117,46.1389861],[14.5152787,46.141336],[14.5138039,46.1442668],[14.5174779,46.1445414],[14.5220172,46.1463707],[14.5221455,46.1476436],[14.5209364,46.149898],[14.5229487,46.1520097],[14.5249711,46.1563771],[14.5284449,46.1563132],[14.5335548,46.1584823],[14.5415174,46.1607331],[14.5410738,46.1628047],[14.5364878,46.1655427],[14.5360425,46.1667927],[14.538567,46.1682475],[14.5376245,46.1697576],[14.5377102,46.1722388],[14.5327758,46.1720946],[14.5305304,46.172474],[14.5290051,46.1755467],[14.5250442,46.1753542],[14.5229121,46.1758108],[14.5211589,46.1792592],[14.523251,46.1811482],[14.5232906,46.1838595],[14.5166102,46.1880405],[14.5121739,46.1905905],[14.5084618,46.1903933],[14.5083103,46.1937353],[14.5074028,46.1944429],[14.50737,46.1969531],[14.5057443,46.1974282],[14.5053321,46.1986589],[14.5018594,46.1996464],[14.5004527,46.2004949],[14.4996876,46.2019088],[14.4983284,46.2027034],[14.4944098,46.2027889],[14.4880258,46.2017086],[14.4856638,46.2019626],[14.4838026,46.2035918],[14.4825259,46.2037865],[14.4801203,46.2024861],[14.478502,46.202233],[14.4720813,46.2037981],[14.4696663,46.2058102],[14.4679588,46.2043668],[14.4647181,46.2046898],[14.4643546,46.2039419],[14.4603915,46.2038608],[14.4594585,46.2020886],[14.4624434,46.200626],[14.4631281,46.1993829],[14.4662825,46.1981441],[14.4691716,46.1980716],[14.4692261,46.1965522],[14.4618277,46.1942835],[14.4598718,46.1942215],[14.4585002,46.1917644],[14.4425634,46.1888727],[14.4421136,46.1890888],[14.4327057,46.1883388],[14.4330749,46.1904738],[14.4291964,46.1913474],[14.4232725,46.1919436],[14.420805,46.1907469],[14.415471,46.1888201],[14.4148807,46.189726],[14.412126,46.1889555],[14.4117682,46.1895915],[14.4077661,46.1893288],[14.4066971,46.1906039],[14.4053762,46.1900778],[14.4073057,46.188821],[14.4083867,46.1870047],[14.4088588,46.1844325],[14.4084537,46.1814438],[14.4132461,46.1765761],[14.4143045,46.1731439],[14.416032,46.1714554],[14.4169906,46.1713004],[14.422553,46.1675894],[14.4209824,46.1663448],[14.4161681,46.1648368],[14.4132781,46.1636209],[14.4112643,46.1640459],[14.4095483,46.1634116],[14.4045638,46.162513],[14.399635,46.1601341],[14.3953716,46.1577196],[14.3912836,46.158982],[14.3869702,46.1588543],[14.3815882,46.1581611],[14.381853,46.1539314],[14.3834721,46.1528591],[14.3834476,46.1509291],[14.3821317,46.1503132],[14.3780289,46.1451266],[14.3754719,46.1450205],[14.3738727,46.1461054],[14.3745127,46.1507915],[14.3712215,46.1518864],[14.3668354,46.1507591],[14.3631094,46.1513484],[14.3636952,46.149947],[14.3630444,46.1483459],[14.3646278,46.1473436],[14.3635105,46.1452125],[14.3618207,46.1457759],[14.3605547,46.1439968],[14.3587694,46.1443547],[14.355099,46.146144],[14.3545708,46.144712],[14.3515915,46.1436508],[14.3494566,46.1379278],[14.3471641,46.1358249],[14.3452272,46.1352668],[14.340189,46.1352276],[14.3354277,46.1334763],[14.3326451,46.130933],[14.3282934,46.1298338],[14.3288967,46.1282548],[14.3285741,46.1253176],[14.3290233,46.1240454],[14.3266696,46.1234484],[14.3274739,46.1210156],[14.326793,46.1187363],[14.3276713,46.1166045],[14.3325334,46.1132969],[14.3345954,46.1130001],[14.336024,46.1118683],[14.3337681,46.1096721],[14.3349691,46.1074959],[14.3362295,46.1066309],[14.3365194,46.1050409],[14.3330839,46.1027209],[14.33177,46.1012308],[14.3319628,46.0991767],[14.3310592,46.0974958],[14.3276334,46.0964682],[14.3251409,46.0961469],[14.3227949,46.0966602],[14.3207031,46.0976987],[14.3176826,46.0974609],[14.315215,46.0987546],[14.3115068,46.1021479],[14.3088462,46.1026798],[14.3055662,46.1028694],[14.3033502,46.1016375],[14.3001128,46.1011568],[14.2963579,46.101652],[14.2944497,46.1025415],[14.2912992,46.103229],[14.2893569,46.1026361],[14.2863812,46.1026312],[14.2860802,46.1034069],[14.2813789,46.1041537],[14.2763763,46.1059112],[14.2759594,46.1070658],[14.2734473,46.1061304],[14.2716614,46.1066375],[14.2670204,46.1068347],[14.2628699,46.1080664],[14.2600105,46.1067136],[14.2547604,46.106449],[14.2529411,46.1052992],[14.2525137,46.102692],[14.2499714,46.1019528],[14.250045,46.0987287],[14.2488176,46.0975832],[14.246257,46.0970458],[14.2440151,46.0980435],[14.2389203,46.0977888],[14.2365136,46.0973961],[14.2334714,46.0975795],[14.2311882,46.0971184],[14.2292492,46.0977776],[14.2250703,46.0964375],[14.2239645,46.0947749],[14.2234792,46.0915949],[14.2175408,46.0899417],[14.2146363,46.0885282],[14.2141974,46.086957],[14.2103206,46.0833595],[14.2103546,46.0819145],[14.2090864,46.079098],[14.2075434,46.0774315],[14.2072612,46.0761834],[14.2078856,46.0736966],[14.2091409,46.0729208],[14.2075691,46.0708828],[14.2070761,46.0681348],[14.2110539,46.0623525],[14.208947,46.0588477],[14.2090462,46.0568993],[14.2053626,46.0553701],[14.203846,46.0553354],[14.201683,46.0534847],[14.2022292,46.052097],[14.2009305,46.0479705],[14.2009243,46.0462273],[14.1992325,46.0446492],[14.199368,46.0432201],[14.1981108,46.0422865],[14.1942594,46.0412955],[14.191743,46.0394355],[14.1901436,46.0389796],[14.1900223,46.0377221],[14.1926938,46.0355045],[14.1940931,46.0337051],[14.1922471,46.0328779],[14.1913579,46.0306569],[14.1884403,46.0261347],[14.1893457,46.0242213],[14.1919088,46.0249594],[14.1998425,46.0257746],[14.2035317,46.0253123],[14.2039367,46.0244061],[14.2063827,46.0237414],[14.2088701,46.0241336],[14.2093758,46.0232537],[14.2121283,46.022669],[14.2147118,46.0212356],[14.2191677,46.021328],[14.2236795,46.0219526],[14.2288826,46.0200985],[14.2339606,46.0225364],[14.2359285,46.0222824],[14.2382531,46.0210882],[14.2419619,46.0216753],[14.2426169,46.0228087],[14.2452809,46.0209963],[14.2468607,46.0174248],[14.2505804,46.0174926],[14.2531748,46.0151724],[14.2516608,46.0130694],[14.2480859,46.0133211],[14.2438339,46.0147158],[14.2412907,46.0135178],[14.2399794,46.0135436],[14.2389557,46.0119501],[14.2370106,46.011618],[14.2343317,46.0098212],[14.2363374,46.0077706],[14.2356665,46.0061626],[14.2395792,46.0052385],[14.240667,46.0036807],[14.2432265,46.0023383],[14.2442896,46.0009656],[14.2481142,46.0009931],[14.2496875,45.9999747],[14.2558,45.9981965],[14.2595324,45.9975865],[14.2604047,45.9970082],[14.2627677,45.9981379],[14.2656609,45.9986883],[14.2700006,45.9967384],[14.2732167,45.9961392],[14.2734315,45.9951827],[14.2722861,45.9926939],[14.2746544,45.9917971],[14.2795934,45.9921517],[14.2820507,45.9928947],[14.2827694,45.9936719],[14.2808876,45.9970302],[14.278566,45.9984631],[14.2781517,46.0029397],[14.2792796,46.0046436],[14.2814284,46.0052391],[14.283174,46.0038273],[14.2873063,46.0038985],[14.2900913,46.0030933],[14.2939918,46.0033795],[14.2998519,46.0032349],[14.3044411,46.0046931],[14.308891,46.0063768],[14.3112046,46.0063521],[14.3138173,46.0078416],[14.3137469,46.0096172],[14.3159427,46.0099419],[14.3168906,46.0107982],[14.3254556,46.012042],[14.3307493,46.0108923],[14.3367547,46.0113379],[14.3378455,46.0119619],[14.3419935,46.0131802],[14.3451164,46.0128469],[14.3476769,46.013496],[14.3502324,46.0151805],[14.3521085,46.0150148],[14.3533463,46.0156581],[14.3562593,46.0155502],[14.3580878,46.0162483],[14.3591423,46.0155419],[14.3604685,46.0176701],[14.3603382,46.0186509],[14.3587574,46.0193631],[14.3573679,46.0237557],[14.3590832,46.0246868],[14.3610734,46.0250538],[14.3627839,46.0273693],[14.3675596,46.0297894],[14.3701422,46.0307566],[14.3743156,46.0300459],[14.3759635,46.0294357],[14.3838199,46.0308843],[14.3867613,46.0308685],[14.3864655,46.0287078],[14.3885225,46.0289474],[14.3937931,46.0254926],[14.3958466,46.024844],[14.3997262,46.0245063],[14.4007974,46.023687],[14.4006734,46.0213246],[14.4012555,46.0201015],[14.4011855,46.0180551],[14.4001886,46.0154723],[14.4029628,46.012632],[14.4057769,46.0103284],[14.4080714,46.0090639],[14.4078391,46.0070912],[14.4055507,46.0069446],[14.3923965,46.0077241],[14.3859257,46.0080095],[14.3850038,46.0070257],[14.3824947,46.0066764],[14.3820508,46.0058771],[14.3800378,46.0054564],[14.3777523,46.0057689],[14.3759619,46.0051296],[14.3757361,46.0037028],[14.3736209,46.0015737],[14.3711772,46.0009154],[14.369051,45.9993221],[14.3709157,45.9976749],[14.3700388,45.9967043],[14.3702107,45.9951227],[14.3717949,45.9917225],[14.3808916,45.9781452],[14.3832603,45.9738316],[14.3765763,45.9719146],[14.372647,45.9698628],[14.3725488,45.9686047],[14.3704348,45.9676126],[14.3711951,45.965481],[14.3687159,45.9645811],[14.3664663,45.9630867],[14.3687436,45.9617647],[14.3668665,45.9599527],[14.3636606,45.957816],[14.3685667,45.9512375],[14.3694125,45.9504196],[14.3711293,45.9511804],[14.3723577,45.9486163],[14.3719871,45.9480114],[14.3738736,45.945774],[14.3778719,45.9434515],[14.3806986,45.9415108],[14.3813484,45.9403917],[14.3913755,45.9316779],[14.3943381,45.9321625],[14.3978752,45.9295709],[14.4051374,45.9269616],[14.4071836,45.9282501],[14.4079273,45.9299492],[14.409202,45.9292647],[14.4113542,45.92959],[14.4134131,45.9285014],[14.414883,45.9284199],[14.4153904,45.9271024],[14.4177465,45.9264377],[14.420502,45.9296302],[14.419452,45.9087927],[14.4180839,45.9086251],[14.4139478,45.906689],[14.4183138,45.9017887],[14.4183914,45.899704],[14.4153144,45.8977458],[14.4126314,45.898323],[14.40613,45.8957279],[14.4046913,45.8946536],[14.4048844,45.8937737],[14.4084664,45.8925805],[14.4100687,45.8912324],[14.4106487,45.8896499],[14.4102476,45.8873822],[14.4109361,45.88573],[14.411382,45.880897],[14.4106625,45.8785555],[14.4130354,45.8782959],[14.4159728,45.8762469],[14.4162261,45.8744474],[14.4182981,45.8718064],[14.4229295,45.8676057],[14.4249578,45.8646497],[14.4262967,45.8640318],[14.4308488,45.8603538],[14.4327451,45.8594822],[14.4372201,45.8595709],[14.438837,45.8608583],[14.4424274,45.8618226],[14.4454475,45.8619428],[14.4478612,45.8648595],[14.4486434,45.8665275],[14.4508221,45.8671214],[14.4551963,45.8704568],[14.4560369,45.8718742],[14.4578775,45.8727263],[14.459868,45.8714713],[14.4631283,45.8722268],[14.4653481,45.8698896],[14.4669958,45.8687811],[14.4686925,45.8701772],[14.468367,45.8711999],[14.4734546,45.8716434],[14.4789217,45.8749228],[14.4809967,45.8780847],[14.482948,45.8780422],[14.4862961,45.8789438],[14.4876927,45.8813259],[14.4906894,45.8820629],[14.4926862,45.8803514],[14.4924984,45.8791123],[14.494613,45.8777476],[14.4965378,45.8776618],[14.4971574,45.8761699],[14.4994792,45.8744515],[14.4984073,45.8733944],[14.4985484,45.8709526],[14.5013264,45.8710259],[14.5028904,45.8698626],[14.5023416,45.8675791],[14.5034965,45.8663106],[14.5023537,45.8649972],[14.5027593,45.8634257],[14.501227,45.8628817],[14.5012097,45.8615557],[14.4998292,45.8594008],[14.4968914,45.8598058],[14.4956142,45.8582531],[14.4962147,45.8562659],[14.4984685,45.8548756],[14.4969176,45.8539551],[14.4974557,45.8512474],[14.5016516,45.8492753],[14.5034597,45.8475615],[14.5044024,45.847393],[14.5058918,45.8452843],[14.5082445,45.8447523],[14.5084882,45.842887],[14.5069351,45.8416718],[14.5051254,45.8420448],[14.5057144,45.8395228],[14.5068878,45.8396955],[14.5108449,45.8376122],[14.5112109,45.8358869],[14.5125696,45.8359079],[14.5140969,45.8330059],[14.5162159,45.8310019],[14.5190952,45.8305472],[14.5207211,45.8286432],[14.5237188,45.827772],[14.5236323,45.8261658],[14.5257659,45.8229462],[14.527238,45.8227695],[14.5286062,45.8216651],[14.5292908,45.8194673],[14.5296692,45.81497],[14.531951,45.8136097],[14.5334977,45.8147165],[14.5353219,45.8152151],[14.5374546,45.8141959],[14.5398688,45.8138544],[14.5417215,45.8142467],[14.5460439,45.8138443],[14.5480105,45.8126008],[14.5496539,45.8108213],[14.5481671,45.8080608],[14.548975,45.8064489],[14.5492229,45.8036613],[14.5511163,45.7998555],[14.5526519,45.7984645],[14.5561321,45.7970674],[14.5574472,45.7972754],[14.5605271,45.7965628],[14.5628096,45.7944744],[14.5649275,45.7915236]]],[[[14.1293608,45.8693872],[14.1330684,45.8733161],[14.1366959,45.8723792],[14.1386015,45.8725199],[14.1405895,45.8738366],[14.1427851,45.8744357],[14.1438757,45.8754909],[14.1497519,45.8768789],[14.1572671,45.8723464],[14.1615486,45.8722729],[14.1745217,45.8742068],[14.1908915,45.8790903],[14.1919891,45.8773734],[14.1915892,45.8762239],[14.1930406,45.8748286],[14.196549,45.8748837],[14.1978918,45.8753508],[14.1990019,45.8741924],[14.2008262,45.8734103],[14.2038263,45.8705775],[14.2078031,45.8687219],[14.2116348,45.868685],[14.2127535,45.8695717],[14.2157264,45.8694532],[14.2200516,45.867243],[14.2204458,45.8663752],[14.2229862,45.8641964],[14.2252401,45.862728],[14.2209389,45.8604727],[14.2221944,45.8585327],[14.2231194,45.858329],[14.2282961,45.8595212],[14.2314386,45.8583881],[14.2343545,45.8599661],[14.2361971,45.8587143],[14.2387168,45.8597557],[14.2402246,45.8589492],[14.242023,45.8598013],[14.2441742,45.8599733],[14.2455011,45.8577273],[14.2439359,45.8568185],[14.2408269,45.857126],[14.2396878,45.8564176],[14.2405887,45.8551883],[14.2446292,45.8546093],[14.2442242,45.8526563],[14.2459971,45.851401],[14.2472222,45.8529194],[14.2491509,45.8530607],[14.2500145,45.851897],[14.2490986,45.8511395],[14.2504658,45.8492443],[14.2524188,45.8499049],[14.2563636,45.8542228],[14.2575979,45.8551864],[14.2615541,45.8565494],[14.2629649,45.8550417],[14.2592147,45.8535789],[14.2593323,45.8518138],[14.2639805,45.8530846],[14.2671207,45.8520741],[14.2694613,45.8520466],[14.270558,45.8532868],[14.2729765,45.8526298],[14.2741977,45.8509823],[14.277336,45.8497296],[14.2773501,45.8480427],[14.2785613,45.847023],[14.2800765,45.8477732],[14.28041,45.8507471],[14.2820481,45.8533801],[14.3020044,45.8824792],[14.3007905,45.8846166],[14.3004726,45.8868774],[14.3001857,45.8881835],[14.2981286,45.8908124],[14.2954479,45.8936],[14.2934983,45.8982697],[14.2935728,45.9047211],[14.2724431,45.921197],[14.2719029,45.9215022],[14.2590251,45.9316186],[14.2553164,45.9319758],[14.2528216,45.933548],[14.2523657,45.9343555],[14.2534518,45.9372818],[14.2551431,45.9395261],[14.2517948,45.9408085],[14.2475555,45.9401753],[14.2490722,45.9442726],[14.2449599,45.9442267],[14.2425353,45.9450279],[14.2399132,45.9473224],[14.236655,45.9482331],[14.2335083,45.9485088],[14.2311214,45.9495276],[14.2281525,45.9502901],[14.2242769,45.9524029],[14.2224982,45.9496292],[14.2217591,45.9492308],[14.2187845,45.9494851],[14.2180895,45.948979],[14.2159022,45.9513011],[14.2153577,45.9531068],[14.2158416,45.9544097],[14.2129218,45.9549602],[14.2059358,45.9577908],[14.2072377,45.9590232],[14.2123798,45.9622627],[14.2230741,45.9660017],[14.222982,45.9670259],[14.2210359,45.969129],[14.2210257,45.9702727],[14.2223918,45.9708009],[14.2219987,45.9721315],[14.2201277,45.9742648],[14.2174747,45.9734807],[14.2134723,45.9735039],[14.2130701,45.9749014],[14.2144773,45.9790703],[14.2144801,45.9811241],[14.2131766,45.9829014],[14.2171582,45.9840629],[14.218762,45.9855163],[14.2183,45.9879661],[14.2187201,45.9886729],[14.2187652,45.9923578],[14.2218815,45.9912259],[14.2241517,45.9911968],[14.22579,45.9923017],[14.2293969,45.9936761],[14.2317485,45.9932817],[14.2337032,45.9939921],[14.2361633,45.9939382],[14.2369282,45.9948237],[14.2338109,45.9971079],[14.230868,45.9980778],[14.2268315,46.0002614],[14.2251317,46.0007314],[14.2207819,46.0038522],[14.2204717,46.0044829],[14.2178958,46.0049537],[14.2160895,46.0045718],[14.2139057,46.0062431],[14.2129362,46.0082481],[14.2115747,46.0078447],[14.2059291,46.0096569],[14.2028287,46.0098688],[14.2008893,46.0084517],[14.1984529,46.0100066],[14.1941141,46.0082943],[14.1906174,46.0051475],[14.188944,46.0066451],[14.1898388,46.0094604],[14.1918286,46.0136334],[14.1902312,46.0148053],[14.1895391,46.0195377],[14.1903194,46.0211855],[14.1900188,46.0234069],[14.1893457,46.0242213],[14.1884403,46.0261347],[14.1913579,46.0306569],[14.1922471,46.0328779],[14.1940931,46.0337051],[14.1926938,46.0355045],[14.1900223,46.0377221],[14.1861079,46.0370034],[14.1862487,46.0322965],[14.1845686,46.0313151],[14.1823146,46.0311327],[14.1759957,46.0290996],[14.1733091,46.0261333],[14.1754118,46.0245321],[14.1753613,46.022071],[14.1734549,46.0202603],[14.1665068,46.0190351],[14.1601979,46.0201572],[14.1574717,46.0212473],[14.1566502,46.0203428],[14.1570702,46.0184646],[14.1550807,46.0165246],[14.1526454,46.0162084],[14.1504712,46.0166269],[14.1478772,46.0130954],[14.1489968,46.0105614],[14.1490148,46.0091507],[14.1441108,46.0084066],[14.1420476,46.0075859],[14.1401611,46.0046287],[14.1419153,46.0034932],[14.1428474,46.0021715],[14.1420995,46.0010052],[14.1431666,46.0000034],[14.140337,45.9989082],[14.1393362,45.9975512],[14.1392628,45.9960441],[14.1410842,45.9948123],[14.1446879,45.9933573],[14.1415004,45.9924587],[14.1397265,45.9926081],[14.1379019,45.9937408],[14.1358449,45.9933047],[14.1345276,45.9923502],[14.1342202,45.9902966],[14.1353131,45.9887437],[14.1335034,45.9861201],[14.1307738,45.9840883],[14.1306788,45.9811927],[14.1265901,45.9792872],[14.1242547,45.9786684],[14.12308,45.9794167],[14.1206106,45.9790457],[14.1184414,45.9796627],[14.1162189,45.9794929],[14.1111196,45.9802201],[14.1128965,45.977807],[14.1130845,45.9767114],[14.1113976,45.974969],[14.1097407,45.9743986],[14.1075713,45.9722242],[14.1082888,45.9678601],[14.1076442,45.9663722],[14.1096514,45.9654211],[14.112044,45.9656219],[14.1155306,45.9679865],[14.1178439,45.9679741],[14.1184644,45.9671126],[14.1172203,45.9637773],[14.1172309,45.9624265],[14.1193759,45.9586711],[14.1193225,45.9568371],[14.1203193,45.9556892],[14.1204926,45.9530417],[14.120114,45.9512354],[14.1156869,45.9492557],[14.1143861,45.9497529],[14.1119969,45.9476614],[14.1113275,45.9449767],[14.110422,45.9379986],[14.1113109,45.9360861],[14.1079428,45.9351696],[14.1050864,45.9349876],[14.1024826,45.933582],[14.1030462,45.931994],[14.10049,45.9322508],[14.0987118,45.9316313],[14.0979292,45.9304037],[14.0998934,45.9271166],[14.1022911,45.9213311],[14.1011437,45.9100956],[14.1040834,45.9069751],[14.1069053,45.9067745],[14.1119125,45.9046015],[14.120882,45.8961786],[14.1229774,45.8870772],[14.124114,45.87853],[14.1293608,45.8693872]]],[[[14.6883782,45.8191086],[14.6834807,45.8206826],[14.6801358,45.8204909],[14.6783126,45.8209661],[14.6760285,45.8202276],[14.6755006,45.8185843],[14.6757814,45.8169679],[14.6730683,45.8156701],[14.6687969,45.8121321],[14.6660967,45.8091821],[14.6655739,45.808072],[14.6634706,45.8090034],[14.6612218,45.8092502],[14.6602223,45.8081723],[14.6597843,45.8056682],[14.6570645,45.8062949],[14.6557213,45.8049798],[14.6508104,45.8032516],[14.6484397,45.801548],[14.6464085,45.8022751],[14.6445549,45.8021938],[14.6419013,45.8013365],[14.6401655,45.8012842],[14.6390328,45.8030569],[14.6367076,45.8036762],[14.6332703,45.8024146],[14.6338167,45.8006735],[14.6320493,45.7996679],[14.6308795,45.8009568],[14.6283334,45.8004812],[14.627779,45.8017704],[14.626179,45.8022891],[14.6222503,45.8016919],[14.6162854,45.8036608],[14.6136822,45.8035129],[14.6094018,45.8017886],[14.6068111,45.801035],[14.6063708,45.8000773],[14.6032341,45.8000942],[14.6025191,45.7995925],[14.5989283,45.7998407],[14.5956034,45.8014002],[14.5945839,45.8008669],[14.5946058,45.7985852],[14.5956237,45.7973082],[14.5945595,45.7958345],[14.5947868,45.7937316],[14.5916711,45.7936153],[14.5850472,45.7938566],[14.5707412,45.7949001],[14.5671878,45.795591],[14.5660741,45.7925208],[14.5649275,45.7915236],[14.5637911,45.789004],[14.5628014,45.7886056],[14.5587894,45.7882989],[14.5542297,45.7888865],[14.5527586,45.7877159],[14.5508637,45.7873987],[14.5493166,45.7887452],[14.5474025,45.78855],[14.5460029,45.7852341],[14.5491784,45.783378],[14.5539471,45.7799314],[14.5544671,45.7786953],[14.5598649,45.7792041],[14.5628026,45.7792041],[14.5683316,45.7787629],[14.5698211,45.7772669],[14.5687221,45.7738824],[14.569772,45.7726626],[14.569714,45.7695084],[14.5713577,45.7681286],[14.5704523,45.7657359],[14.5706681,45.7636321],[14.5692104,45.7620811],[14.56745,45.761431],[14.5660713,45.7601584],[14.5672763,45.7583536],[14.5656485,45.7558519],[14.5655473,45.7528306],[14.5690279,45.7513458],[14.5688947,45.7503964],[14.5701947,45.7484826],[14.569109,45.7475291],[14.5714373,45.7454409],[14.5713967,45.7442624],[14.5738094,45.7429163],[14.5734835,45.7420235],[14.5767105,45.7401381],[14.5762786,45.7378346],[14.5767272,45.7361844],[14.5726385,45.7371615],[14.5696898,45.7361448],[14.5683238,45.7365241],[14.5655724,45.7356203],[14.5641393,45.7335424],[14.5622187,45.7341577],[14.5602841,45.7336066],[14.5591489,45.7345723],[14.5563281,45.7346447],[14.5555823,45.7366257],[14.5515554,45.7405892],[14.5478854,45.7438914],[14.5467988,45.7432613],[14.544031,45.7430068],[14.5375097,45.7395437],[14.542181,45.7249849],[14.54318,45.7230358],[14.5462887,45.7183994],[14.5515757,45.7112522],[14.553953,45.704401],[14.5548694,45.7005547],[14.5575335,45.697219],[14.5596431,45.6929178],[14.5605244,45.6832844],[14.5608344,45.6821997],[14.5601088,45.6768256],[14.5609664,45.6747041],[14.5667454,45.6743334],[14.5699822,45.6729492],[14.5715755,45.6721715],[14.5738207,45.6725444],[14.5755341,45.6709304],[14.5766899,45.6687134],[14.5781106,45.6702491],[14.5790184,45.6691902],[14.5780788,45.6680351],[14.5794183,45.6668569],[14.5796286,45.6656322],[14.5817695,45.6654231],[14.583346,45.6646632],[14.5860197,45.6665374],[14.5876621,45.6661189],[14.5909983,45.6665058],[14.5912645,45.6672814],[14.5944465,45.6675524],[14.5962444,45.668514],[14.5982611,45.6687062],[14.5990001,45.6671771],[14.6003094,45.6671314],[14.6033465,45.6660548],[14.6048073,45.664465],[14.6079913,45.6641757],[14.6064361,45.6626992],[14.6064717,45.6609031],[14.6081135,45.6577666],[14.607578,45.6553649],[14.604929,45.6465199],[14.6014132,45.643729],[14.6011534,45.6409147],[14.6022203,45.6397193],[14.6018828,45.6341708],[14.599895,45.6328885],[14.5996624,45.630684],[14.5979859,45.6299388],[14.5957371,45.6278636],[14.6053268,45.6217826],[14.6065487,45.6218677],[14.6085383,45.6209444],[14.609399,45.619091],[14.6115993,45.6173832],[14.6143502,45.6167886],[14.6191499,45.6163765],[14.6220904,45.6137471],[14.6247841,45.6132777],[14.6267551,45.61383],[14.6275214,45.6125459],[14.6277853,45.6099456],[14.6300469,45.6080003],[14.6295046,45.6072169],[14.630738,45.6046829],[14.6336521,45.6028697],[14.6369447,45.6035744],[14.6384411,45.6043473],[14.6398088,45.602569],[14.6402733,45.6009852],[14.6432321,45.6007364],[14.6450984,45.5979798],[14.6480803,45.5963187],[14.6484765,45.5948543],[14.6501327,45.5936916],[14.6511336,45.5917764],[14.6552399,45.591287],[14.6567108,45.59166],[14.6589384,45.5905908],[14.6624397,45.5904033],[14.6647657,45.5892605],[14.6674028,45.5901524],[14.6691277,45.5890701],[14.6717203,45.5899461],[14.6734761,45.5894057],[14.6772271,45.5890639],[14.679927,45.5884165],[14.6808874,45.5875959],[14.6809715,45.5859599],[14.6832632,45.585598],[14.6841462,45.5847055],[14.6830996,45.5837917],[14.6836255,45.5828224],[14.6887532,45.5811639],[14.6914653,45.583398],[14.6943267,45.5871234],[14.6949987,45.5875636],[14.6921653,45.5892055],[14.7222939,45.6007712],[14.7129665,45.6233379],[14.6964773,45.6356414],[14.7265772,45.6374526],[14.7294707,45.6394609],[14.7280337,45.6426307],[14.729193,45.6440164],[14.7283572,45.6471879],[14.7297171,45.6478839],[14.7301856,45.6494524],[14.7338135,45.6484279],[14.7349709,45.6489654],[14.7369322,45.6469889],[14.7386952,45.6446127],[14.7449678,45.6407566],[14.747789,45.6387535],[14.7522868,45.6388709],[14.7564657,45.6375807],[14.7605877,45.6377932],[14.770758,45.6362718],[14.7726997,45.6371161],[14.7744762,45.6385212],[14.7780431,45.6395965],[14.7774907,45.6415912],[14.7776897,45.6452185],[14.775731,45.6493387],[14.7775405,45.6503648],[14.7787598,45.6530085],[14.7789942,45.655114],[14.7808857,45.6550836],[14.7822976,45.6584219],[14.7833372,45.6583325],[14.7836553,45.6609514],[14.7862434,45.6619235],[14.7862679,45.6632316],[14.7836259,45.6659029],[14.7814694,45.6669012],[14.7794541,45.6691566],[14.7793888,45.6711669],[14.7752107,45.6817498],[14.7724522,45.685156],[14.7784949,45.692009],[14.7802376,45.6933185],[14.7819966,45.6926796],[14.7940746,45.7017942],[14.807294,45.7120242],[14.8123893,45.7154899],[14.8071277,45.7181753],[14.8195007,45.7292783],[14.8056731,45.7368964],[14.7899538,45.7454483],[14.7767907,45.7534361],[14.7731346,45.7559247],[14.766512,45.7597608],[14.7661329,45.7618258],[14.7566772,45.7685485],[14.7475877,45.7756467],[14.7424999,45.7848259],[14.7328751,45.7885737],[14.7246585,45.7935359],[14.7165195,45.7971472],[14.7070893,45.8029768],[14.707692,45.8045765],[14.7061269,45.8045822],[14.7058015,45.8075453],[14.7048665,45.8094918],[14.7008118,45.8111644],[14.6992967,45.8122259],[14.6969077,45.8130417],[14.6977735,45.8140457],[14.6952,45.8154174],[14.6940432,45.8178611],[14.6916679,45.8187009],[14.6883782,45.8191086]]],[[[15.1066206,46.1836183],[15.1058851,46.1848706],[15.1060059,46.1870193],[15.1069401,46.1875796],[15.1025497,46.1894804],[15.0985455,46.1909273],[15.096151,46.1895555],[15.093814,46.1888813],[15.0884323,46.1865552],[15.0819866,46.1853703],[15.0756884,46.1834688],[15.0710772,46.1851848],[15.0628788,46.185607],[15.0607352,46.1868747],[15.0584447,46.187592],[15.0506243,46.1889685],[15.0457666,46.1908631],[15.0450904,46.1918742],[15.0448921,46.1943033],[15.0461415,46.1959756],[15.0438767,46.1975012],[15.0421956,46.1952594],[15.0397447,46.1933492],[15.0371714,46.1922752],[15.0325936,46.1917153],[15.0307367,46.190994],[15.0285429,46.1911976],[15.0262876,46.1927023],[15.0188131,46.1928301],[15.0168532,46.1915615],[15.0123602,46.1909223],[15.0098579,46.192158],[15.0117574,46.1937101],[15.0129128,46.1952866],[15.0122859,46.1958645],[15.0097075,46.1954293],[15.0064867,46.1967941],[15.0048497,46.1958388],[15.0034439,46.1945399],[15.0048151,46.1936067],[14.9994043,46.1919465],[14.9991648,46.1901573],[15.0026437,46.1909397],[15.0078945,46.1879737],[15.0160074,46.1828318],[15.0169793,46.1809985],[15.0173145,46.178314],[15.0148801,46.177858],[15.0116703,46.1789475],[15.0095879,46.1788168],[15.0083328,46.176275],[15.0068206,46.1755938],[15.000409,46.175894],[14.9970579,46.1749147],[14.996758,46.1738],[14.9950317,46.1730677],[14.9916565,46.1730575],[14.9888126,46.1705611],[14.9851335,46.1681881],[14.9836546,46.1668134],[14.9805015,46.1647535],[14.983253,46.1631712],[14.9863341,46.1634822],[14.9871882,46.1656473],[14.9895741,46.1668189],[14.9908409,46.168174],[14.9928876,46.1688314],[14.9964006,46.1681992],[14.9958642,46.166864],[14.9986414,46.167212],[15.0014735,46.1651778],[15.0010388,46.1636067],[15.0019043,46.1603445],[15.0036302,46.1618907],[15.0061857,46.1623966],[15.0072627,46.163429],[15.0092656,46.1630614],[15.0128144,46.1643463],[15.0150464,46.1636383],[15.0152977,46.1608465],[15.0172516,46.1595046],[15.0172117,46.1540709],[15.0163085,46.1529252],[15.0162151,46.1509765],[15.0207843,46.1508452],[15.0235116,46.1498413],[15.0209521,46.1485281],[15.0204227,46.1457624],[15.0218663,46.1443198],[15.026098,46.1412184],[15.0251639,46.1408101],[15.0253177,46.1378643],[15.0271235,46.1369287],[15.0239957,46.1363747],[15.0237483,46.1338498],[15.0262647,46.1342028],[15.0268435,46.1321869],[15.0283319,46.1324263],[15.0301318,46.1335632],[15.0322691,46.1322784],[15.0327169,46.1299289],[15.0300057,46.1297915],[15.0300758,46.1274378],[15.0320688,46.1251822],[15.0304936,46.1241324],[15.0252635,46.1218941],[15.0265971,46.1210416],[15.0248396,46.120093],[15.0227196,46.1200492],[15.0207401,46.1183525],[15.0190621,46.1193346],[15.0181709,46.1178107],[15.0141849,46.1166932],[15.0149308,46.1139631],[15.0078738,46.1116248],[15.0022165,46.1119832],[15.0005265,46.1131232],[14.9989277,46.1119246],[14.9979261,46.1095371],[15.0025019,46.1075397],[15.003488,46.1056842],[15.008595,46.1035524],[15.0120253,46.1033408],[15.0134104,46.1023597],[15.016683,46.102071],[15.0190047,46.1004806],[15.0220674,46.0993486],[15.0231386,46.0993593],[15.0253537,46.0975214],[15.0269655,46.0984002],[15.0281189,46.09768],[15.0314311,46.0972116],[15.0360318,46.0942161],[15.0363929,46.093344],[15.0389675,46.0927627],[15.0409224,46.0916652],[15.0458831,46.0896068],[15.0475304,46.0910867],[15.0486718,46.0905177],[15.050216,46.0912597],[15.046662,46.0928911],[15.0485349,46.094102],[15.0505157,46.0947021],[15.0564662,46.097443],[15.0583496,46.0970738],[15.0586053,46.0951352],[15.0598211,46.0950104],[15.0601551,46.0927168],[15.0608811,46.0912996],[15.0623869,46.0907974],[15.0662271,46.0903256],[15.0683565,46.0894628],[15.0654629,46.0872764],[15.069319,46.0849531],[15.0714845,46.0867414],[15.073145,46.0859908],[15.0745875,46.0871592],[15.0771348,46.0856837],[15.0785549,46.0855352],[15.0765885,46.0828228],[15.076451,46.0811894],[15.0778398,46.0793778],[15.0819152,46.0783866],[15.0828644,46.0774142],[15.0837202,46.0789228],[15.0874855,46.0791537],[15.0910148,46.0771241],[15.0972043,46.0782454],[15.0994329,46.0794242],[15.1024335,46.0822864],[15.0989115,46.081976],[15.097879,46.0842125],[15.0992773,46.0869315],[15.1021929,46.0877426],[15.1028289,46.0894651],[15.1005844,46.0916793],[15.1004998,46.0926691],[15.1019792,46.0936489],[15.0988571,46.0960853],[15.0985966,46.0977565],[15.095856,46.0989794],[15.0946971,46.1022134],[15.0933061,46.1032037],[15.0928747,46.1044593],[15.094166,46.1071591],[15.0940155,46.10901],[15.0928524,46.1097427],[15.0905206,46.109842],[15.0881177,46.1107856],[15.0863947,46.1106158],[15.085724,46.1124967],[15.0844378,46.1134846],[15.0823789,46.1140688],[15.0767677,46.11318],[15.0757176,46.1133881],[15.0724082,46.1160707],[15.0715611,46.1190702],[15.0719961,46.1205089],[15.0692082,46.1226996],[15.0689444,46.1244591],[15.0662694,46.1261008],[15.0630584,46.1260218],[15.0616314,46.1278639],[15.0623364,46.1294736],[15.0652563,46.132761],[15.0643564,46.1343404],[15.067943,46.1361423],[15.0663411,46.1371302],[15.0608036,46.1374979],[15.0588992,46.1393763],[15.0577758,46.1415367],[15.0584031,46.1431029],[15.0614799,46.1468271],[15.0675119,46.1482267],[15.0673455,46.1491351],[15.0699217,46.1524592],[15.0697746,46.1532852],[15.0734503,46.15318],[15.0760501,46.1545516],[15.078738,46.1549376],[15.0808491,46.1559098],[15.0824782,46.1560727],[15.0826396,46.1585508],[15.0807215,46.1601792],[15.0797605,46.1624084],[15.0800836,46.1643252],[15.0783455,46.1654785],[15.0785308,46.1687044],[15.0797163,46.1690707],[15.0828668,46.1719933],[15.0810328,46.1725883],[15.0820752,46.1737794],[15.0848757,46.1720151],[15.085529,46.172912],[15.0882564,46.1742824],[15.0895431,46.175767],[15.0917547,46.1749977],[15.095353,46.1765506],[15.0967692,46.1760266],[15.1041791,46.1772886],[15.1093383,46.1774876],[15.1066542,46.1797423],[15.1076166,46.1811304],[15.1066206,46.1836183]]],[[[14.1893457,46.0242213],[14.1900188,46.0234069],[14.1903194,46.0211855],[14.1895391,46.0195377],[14.1902312,46.0148053],[14.1918286,46.0136334],[14.1898388,46.0094604],[14.188944,46.0066451],[14.1906174,46.0051475],[14.1941141,46.0082943],[14.1984529,46.0100066],[14.2008893,46.0084517],[14.2028287,46.0098688],[14.2059291,46.0096569],[14.2115747,46.0078447],[14.2129362,46.0082481],[14.2139057,46.0062431],[14.2160895,46.0045718],[14.2178958,46.0049537],[14.2204717,46.0044829],[14.2207819,46.0038522],[14.2251317,46.0007314],[14.2268315,46.0002614],[14.230868,45.9980778],[14.2338109,45.9971079],[14.2369282,45.9948237],[14.2361633,45.9939382],[14.2337032,45.9939921],[14.2317485,45.9932817],[14.2293969,45.9936761],[14.22579,45.9923017],[14.2241517,45.9911968],[14.2218815,45.9912259],[14.2187652,45.9923578],[14.2187201,45.9886729],[14.2183,45.9879661],[14.218762,45.9855163],[14.2171582,45.9840629],[14.2131766,45.9829014],[14.2144801,45.9811241],[14.2144773,45.9790703],[14.2130701,45.9749014],[14.2134723,45.9735039],[14.2174747,45.9734807],[14.2201277,45.9742648],[14.2219987,45.9721315],[14.2223918,45.9708009],[14.2210257,45.9702727],[14.2210359,45.969129],[14.222982,45.9670259],[14.2230741,45.9660017],[14.2123798,45.9622627],[14.2072377,45.9590232],[14.2059358,45.9577908],[14.2129218,45.9549602],[14.2158416,45.9544097],[14.2153577,45.9531068],[14.2159022,45.9513011],[14.2180895,45.948979],[14.2187845,45.9494851],[14.2217591,45.9492308],[14.2224982,45.9496292],[14.2242769,45.9524029],[14.2281525,45.9502901],[14.2311214,45.9495276],[14.2335083,45.9485088],[14.236655,45.9482331],[14.2399132,45.9473224],[14.2425353,45.9450279],[14.2449599,45.9442267],[14.2490722,45.9442726],[14.2475555,45.9401753],[14.2517948,45.9408085],[14.2551431,45.9395261],[14.2534518,45.9372818],[14.2523657,45.9343555],[14.2528216,45.933548],[14.2553164,45.9319758],[14.2590251,45.9316186],[14.2719029,45.9215022],[14.2724431,45.921197],[14.2935728,45.9047211],[14.2934983,45.8982697],[14.2954479,45.8936],[14.2981286,45.8908124],[14.3001857,45.8881835],[14.3004726,45.8868774],[14.3026171,45.8884723],[14.3052663,45.8886818],[14.3069338,45.8901324],[14.311523,45.8931817],[14.3132701,45.89238],[14.3159994,45.8928119],[14.3179963,45.8941754],[14.3209653,45.8929726],[14.3244908,45.8930144],[14.3285141,45.8901906],[14.341542,45.8792468],[14.3488913,45.882268],[14.3488766,45.8844268],[14.3507359,45.8844136],[14.3535683,45.8814836],[14.3560519,45.8768566],[14.3565203,45.8735832],[14.356152,45.8718564],[14.3552725,45.8713208],[14.3608379,45.8695025],[14.3640896,45.870108],[14.3659355,45.8709455],[14.3710658,45.8774197],[14.3754658,45.8759065],[14.3785318,45.8736005],[14.3794823,45.8705426],[14.3803181,45.8697228],[14.3836067,45.8687251],[14.3849934,45.8664595],[14.3861544,45.8660369],[14.3888559,45.8662755],[14.3914396,45.8649971],[14.3923351,45.8623384],[14.3913614,45.8606124],[14.3936004,45.8586846],[14.3962494,45.8588614],[14.3995374,45.8572541],[14.40105,45.8600727],[14.4022578,45.8611968],[14.4029015,45.863099],[14.4049701,45.8655146],[14.4063028,45.8685925],[14.4089432,45.8727171],[14.4122234,45.8718671],[14.415004,45.871611],[14.4182981,45.8718064],[14.4162261,45.8744474],[14.4159728,45.8762469],[14.4130354,45.8782959],[14.4106625,45.8785555],[14.411382,45.880897],[14.4109361,45.88573],[14.4102476,45.8873822],[14.4106487,45.8896499],[14.4100687,45.8912324],[14.4084664,45.8925805],[14.4048844,45.8937737],[14.4046913,45.8946536],[14.40613,45.8957279],[14.4126314,45.898323],[14.4153144,45.8977458],[14.4183914,45.899704],[14.4183138,45.9017887],[14.4139478,45.906689],[14.4180839,45.9086251],[14.419452,45.9087927],[14.420502,45.9296302],[14.4177465,45.9264377],[14.4153904,45.9271024],[14.414883,45.9284199],[14.4134131,45.9285014],[14.4113542,45.92959],[14.409202,45.9292647],[14.4079273,45.9299492],[14.4071836,45.9282501],[14.4051374,45.9269616],[14.3978752,45.9295709],[14.3943381,45.9321625],[14.3913755,45.9316779],[14.3813484,45.9403917],[14.3806986,45.9415108],[14.3778719,45.9434515],[14.3738736,45.945774],[14.3719871,45.9480114],[14.3723577,45.9486163],[14.3711293,45.9511804],[14.3694125,45.9504196],[14.3685667,45.9512375],[14.3636606,45.957816],[14.3668665,45.9599527],[14.3687436,45.9617647],[14.3664663,45.9630867],[14.3687159,45.9645811],[14.3711951,45.965481],[14.3704348,45.9676126],[14.3725488,45.9686047],[14.372647,45.9698628],[14.3765763,45.9719146],[14.3832603,45.9738316],[14.3808916,45.9781452],[14.3717949,45.9917225],[14.3702107,45.9951227],[14.3700388,45.9967043],[14.3709157,45.9976749],[14.369051,45.9993221],[14.3711772,46.0009154],[14.3736209,46.0015737],[14.3757361,46.0037028],[14.3759619,46.0051296],[14.3777523,46.0057689],[14.3800378,46.0054564],[14.3820508,46.0058771],[14.3824947,46.0066764],[14.3850038,46.0070257],[14.3859257,46.0080095],[14.3923965,46.0077241],[14.4055507,46.0069446],[14.4078391,46.0070912],[14.4080714,46.0090639],[14.4057769,46.0103284],[14.4029628,46.012632],[14.4001886,46.0154723],[14.4011855,46.0180551],[14.4012555,46.0201015],[14.4006734,46.0213246],[14.4007974,46.023687],[14.3997262,46.0245063],[14.3958466,46.024844],[14.3937931,46.0254926],[14.3885225,46.0289474],[14.3864655,46.0287078],[14.3867613,46.0308685],[14.3838199,46.0308843],[14.3759635,46.0294357],[14.3743156,46.0300459],[14.3701422,46.0307566],[14.3675596,46.0297894],[14.3627839,46.0273693],[14.3610734,46.0250538],[14.3590832,46.0246868],[14.3573679,46.0237557],[14.3587574,46.0193631],[14.3603382,46.0186509],[14.3604685,46.0176701],[14.3591423,46.0155419],[14.3580878,46.0162483],[14.3562593,46.0155502],[14.3533463,46.0156581],[14.3521085,46.0150148],[14.3502324,46.0151805],[14.3476769,46.013496],[14.3451164,46.0128469],[14.3419935,46.0131802],[14.3378455,46.0119619],[14.3367547,46.0113379],[14.3307493,46.0108923],[14.3254556,46.012042],[14.3168906,46.0107982],[14.3159427,46.0099419],[14.3137469,46.0096172],[14.3138173,46.0078416],[14.3112046,46.0063521],[14.308891,46.0063768],[14.3044411,46.0046931],[14.2998519,46.0032349],[14.2939918,46.0033795],[14.2900913,46.0030933],[14.2873063,46.0038985],[14.283174,46.0038273],[14.2814284,46.0052391],[14.2792796,46.0046436],[14.2781517,46.0029397],[14.278566,45.9984631],[14.2808876,45.9970302],[14.2827694,45.9936719],[14.2820507,45.9928947],[14.2795934,45.9921517],[14.2746544,45.9917971],[14.2722861,45.9926939],[14.2734315,45.9951827],[14.2732167,45.9961392],[14.2700006,45.9967384],[14.2656609,45.9986883],[14.2627677,45.9981379],[14.2604047,45.9970082],[14.2595324,45.9975865],[14.2558,45.9981965],[14.2496875,45.9999747],[14.2481142,46.0009931],[14.2442896,46.0009656],[14.2432265,46.0023383],[14.240667,46.0036807],[14.2395792,46.0052385],[14.2356665,46.0061626],[14.2363374,46.0077706],[14.2343317,46.0098212],[14.2370106,46.011618],[14.2389557,46.0119501],[14.2399794,46.0135436],[14.2412907,46.0135178],[14.2438339,46.0147158],[14.2480859,46.0133211],[14.2516608,46.0130694],[14.2531748,46.0151724],[14.2505804,46.0174926],[14.2468607,46.0174248],[14.2452809,46.0209963],[14.2426169,46.0228087],[14.2419619,46.0216753],[14.2382531,46.0210882],[14.2359285,46.0222824],[14.2339606,46.0225364],[14.2288826,46.0200985],[14.2236795,46.0219526],[14.2191677,46.021328],[14.2147118,46.0212356],[14.2121283,46.022669],[14.2093758,46.0232537],[14.2088701,46.0241336],[14.2063827,46.0237414],[14.2039367,46.0244061],[14.2035317,46.0253123],[14.1998425,46.0257746],[14.1919088,46.0249594],[14.1893457,46.0242213]]],[[[15.0675185,46.0654647],[15.0693242,46.0659795],[15.0713817,46.0673575],[15.0727872,46.0697571],[15.0751593,46.0710315],[15.0777139,46.0713779],[15.0804966,46.0698964],[15.081331,46.0689292],[15.083756,46.0684886],[15.085724,46.0713427],[15.0840812,46.0719726],[15.0843453,46.0731859],[15.0857798,46.0750561],[15.083242,46.0760769],[15.0828644,46.0774142],[15.0819152,46.0783866],[15.0778398,46.0793778],[15.076451,46.0811894],[15.0765885,46.0828228],[15.0785549,46.0855352],[15.0771348,46.0856837],[15.0745875,46.0871592],[15.073145,46.0859908],[15.0714845,46.0867414],[15.069319,46.0849531],[15.0654629,46.0872764],[15.0683565,46.0894628],[15.0662271,46.0903256],[15.0623869,46.0907974],[15.0608811,46.0912996],[15.0601551,46.0927168],[15.0598211,46.0950104],[15.0586053,46.0951352],[15.0583496,46.0970738],[15.0564662,46.097443],[15.0505157,46.0947021],[15.0485349,46.094102],[15.046662,46.0928911],[15.050216,46.0912597],[15.0486718,46.0905177],[15.0475304,46.0910867],[15.0458831,46.0896068],[15.0409224,46.0916652],[15.0389675,46.0927627],[15.0363929,46.093344],[15.0360318,46.0942161],[15.0314311,46.0972116],[15.0281189,46.09768],[15.0269655,46.0984002],[15.0253537,46.0975214],[15.0231386,46.0993593],[15.0220674,46.0993486],[15.0190047,46.1004806],[15.016683,46.102071],[15.0134104,46.1023597],[15.0120253,46.1033408],[15.008595,46.1035524],[15.003488,46.1056842],[15.0025019,46.1075397],[14.9979261,46.1095371],[14.9989277,46.1119246],[15.0005265,46.1131232],[15.0022165,46.1119832],[15.0078738,46.1116248],[15.0149308,46.1139631],[15.0141849,46.1166932],[15.0181709,46.1178107],[15.0190621,46.1193346],[15.0207401,46.1183525],[15.0227196,46.1200492],[15.0248396,46.120093],[15.0265971,46.1210416],[15.0252635,46.1218941],[15.0304936,46.1241324],[15.0320688,46.1251822],[15.0300758,46.1274378],[15.0300057,46.1297915],[15.0327169,46.1299289],[15.0322691,46.1322784],[15.0301318,46.1335632],[15.0283319,46.1324263],[15.0268435,46.1321869],[15.0262647,46.1342028],[15.0237483,46.1338498],[15.0239957,46.1363747],[15.0271235,46.1369287],[15.0253177,46.1378643],[15.0251639,46.1408101],[15.026098,46.1412184],[15.0218663,46.1443198],[15.0204227,46.1457624],[15.0209521,46.1485281],[15.0235116,46.1498413],[15.0207843,46.1508452],[15.0162151,46.1509765],[15.0163085,46.1529252],[15.0172117,46.1540709],[15.0172516,46.1595046],[15.0152977,46.1608465],[15.0150464,46.1636383],[15.0128144,46.1643463],[15.0092656,46.1630614],[15.0072627,46.163429],[15.0061857,46.1623966],[15.0036302,46.1618907],[15.0019043,46.1603445],[15.0010388,46.1636067],[15.0014735,46.1651778],[14.9986414,46.167212],[14.9958642,46.166864],[14.9964006,46.1681992],[14.9928876,46.1688314],[14.9908409,46.168174],[14.9895741,46.1668189],[14.9871882,46.1656473],[14.9863341,46.1634822],[14.983253,46.1631712],[14.9805015,46.1647535],[14.9836546,46.1668134],[14.9851335,46.1681881],[14.9888126,46.1705611],[14.9916565,46.1730575],[14.9950317,46.1730677],[14.996758,46.1738],[14.9970579,46.1749147],[15.000409,46.175894],[15.0068206,46.1755938],[15.0083328,46.176275],[15.0095879,46.1788168],[15.0116703,46.1789475],[15.0148801,46.177858],[15.0173145,46.178314],[15.0169793,46.1809985],[15.0160074,46.1828318],[15.0078945,46.1879737],[15.0026437,46.1909397],[14.9991648,46.1901573],[14.9994043,46.1919465],[15.0048151,46.1936067],[15.0034439,46.1945399],[15.0048497,46.1958388],[15.004009,46.1975337],[15.0020365,46.1967332],[15.0005639,46.1969055],[14.9955147,46.1950706],[14.9924381,46.1958997],[14.9892884,46.1944493],[14.9851847,46.1951024],[14.9822078,46.1972454],[14.9775176,46.196554],[14.9760129,46.1957506],[14.9743128,46.1940338],[14.9707706,46.1936526],[14.9685711,46.1940169],[14.9610379,46.1915756],[14.9542401,46.1891716],[14.9448374,46.1862741],[14.9354587,46.1869766],[14.9309677,46.1858024],[14.9283966,46.1867976],[14.9249772,46.1888698],[14.9252609,46.1895206],[14.9241457,46.1920409],[14.9222483,46.1933492],[14.9213955,46.1951374],[14.9152786,46.1976352],[14.9124712,46.1983169],[14.9095557,46.1983329],[14.9084843,46.1995626],[14.9090797,46.2005141],[14.9088042,46.2030266],[14.9091012,46.2054138],[14.9087032,46.2078267],[14.9071878,46.2066837],[14.9041413,46.2059638],[14.901738,46.2061661],[14.8999704,46.2073852],[14.8976472,46.2075846],[14.8973252,46.2062686],[14.8982033,46.20554],[14.900283,46.2037888],[14.9022457,46.1975108],[14.9028341,46.196287],[14.9006501,46.1933162],[14.9012079,46.189664],[14.9029343,46.1880353],[14.9007143,46.1862028],[14.8973944,46.1843908],[14.8955026,46.1816871],[14.8934536,46.1819172],[14.8902349,46.1814478],[14.8882281,46.1796695],[14.8897208,46.1793045],[14.8913113,46.1767427],[14.8901449,46.1738926],[14.8876993,46.1738293],[14.885656,46.1752967],[14.8816352,46.1767674],[14.8781206,46.1775935],[14.8767382,46.1766581],[14.8709881,46.1777686],[14.8671535,46.1763701],[14.8661309,46.1754607],[14.8612839,46.1749831],[14.8600426,46.1723058],[14.856652,46.171661],[14.8545112,46.1708],[14.8488294,46.1705414],[14.8444486,46.169485],[14.838206,46.1699093],[14.8305209,46.1700174],[14.8268219,46.1692941],[14.8204743,46.1703753],[14.8198016,46.1710243],[14.8173271,46.1708737],[14.8158787,46.1702357],[14.8118242,46.1706051],[14.8123858,46.1689543],[14.8159111,46.1673416],[14.8167642,46.1658755],[14.8231122,46.16596],[14.8262565,46.1647543],[14.8272616,46.1626832],[14.8270473,46.1613544],[14.8255122,46.1602875],[14.8259256,46.159198],[14.8286002,46.1575549],[14.8316113,46.1562964],[14.8305169,46.1541704],[14.8345701,46.1511482],[14.8350565,46.149004],[14.8381749,46.148742],[14.8394803,46.1466981],[14.8416983,46.1474817],[14.8429877,46.1463898],[14.8428144,46.1450584],[14.8414295,46.1436227],[14.8409732,46.1422325],[14.8395688,46.1408068],[14.8368456,46.1409242],[14.833879,46.1415976],[14.8307222,46.1416331],[14.8297974,46.1404061],[14.8341336,46.1396503],[14.8359389,46.1402754],[14.8389187,46.1398096],[14.8389235,46.1383707],[14.8373359,46.1369437],[14.8380877,46.1358017],[14.8360445,46.134937],[14.8338704,46.1359014],[14.8337509,46.1347447],[14.83524,46.1335456],[14.836474,46.1299955],[14.834915,46.1287931],[14.8351786,46.1265284],[14.8376987,46.1268848],[14.8411966,46.1267802],[14.8434137,46.1263403],[14.84598,46.1279774],[14.8480914,46.12868],[14.8525137,46.1285931],[14.8540667,46.1273523],[14.855715,46.1284147],[14.8585242,46.128373],[14.8586842,46.1301653],[14.8602906,46.1309219],[14.8622667,46.1296153],[14.8646948,46.129089],[14.8679259,46.1290667],[14.8716442,46.1279973],[14.8794289,46.1284518],[14.881006,46.1287737],[14.8828761,46.1283316],[14.8861544,46.1283145],[14.8897305,46.1294339],[14.8938235,46.1265691],[14.8940567,46.1243258],[14.8923212,46.1233148],[14.891757,46.1217135],[14.8937435,46.1204869],[14.8923319,46.1189792],[14.8929831,46.1171442],[14.8923573,46.1154161],[14.8928041,46.1137208],[14.8883045,46.110425],[14.8878298,46.1092609],[14.8880978,46.106795],[14.8898478,46.1051933],[14.8930917,46.1043545],[14.8928066,46.1026407],[14.89469,46.099588],[14.8932584,46.0967167],[14.8933962,46.095633],[14.8955143,46.0946285],[14.8982509,46.0921894],[14.9011679,46.0910672],[14.9057515,46.0924803],[14.9097651,46.093265],[14.9123757,46.0933051],[14.9189608,46.0920446],[14.9260747,46.0926423],[14.9325298,46.0919159],[14.9343917,46.0915069],[14.9389213,46.0913603],[14.9411221,46.0921588],[14.9456003,46.0923959],[14.9505241,46.0937256],[14.9552173,46.0957829],[14.9561165,46.0964361],[14.9580876,46.0996316],[14.9596144,46.101077],[14.9617409,46.1043943],[14.9634123,46.1054844],[14.9663062,46.1066449],[14.9725524,46.1105917],[14.9747107,46.1114885],[14.9817705,46.1122046],[14.9866864,46.1145719],[14.9893302,46.1168936],[14.9925092,46.1167933],[14.9947159,46.1156051],[14.9981185,46.111732],[14.9977086,46.1095885],[14.9964781,46.1083184],[14.9991463,46.1035872],[15.0016366,46.1018481],[15.0019996,46.1004232],[15.0039851,46.0978889],[15.0024468,46.0938096],[15.0017592,46.0930291],[15.0008323,46.0896834],[14.9978584,46.0890245],[14.996485,46.0882654],[14.9939136,46.087917],[14.9925773,46.0865534],[14.9876209,46.086931],[14.9864277,46.0858749],[14.9891296,46.0826979],[14.9909378,46.0820867],[14.990713,46.0788363],[14.9900106,46.0777944],[14.9921749,46.077264],[14.9914967,46.0753439],[14.992751,46.0753042],[14.9935578,46.0727885],[14.99353,46.0709073],[14.9926069,46.068467],[14.9925896,46.0660792],[14.9943686,46.0651788],[14.996922,46.0650023],[15.0007033,46.0631845],[15.0013831,46.0604473],[14.9994957,46.0604439],[14.9955564,46.0597191],[14.9925692,46.0602006],[14.9924457,46.0587172],[14.9902801,46.0588711],[14.9871102,46.0577691],[14.988172,46.0547088],[14.9912209,46.0536141],[14.992373,46.0536623],[14.9957787,46.0520651],[14.9999183,46.0526237],[15.0048663,46.0508424],[15.0089659,46.0503585],[15.0109007,46.0508133],[15.0162428,46.0497838],[15.0193099,46.051237],[15.0217741,46.0533509],[15.0231593,46.0533684],[15.0246724,46.0544408],[15.0250042,46.0556122],[15.027493,46.0560984],[15.0316898,46.0581144],[15.0365696,46.0585523],[15.0399498,46.060501],[15.0429863,46.0594625],[15.0460649,46.0601074],[15.0509361,46.062376],[15.0621296,46.0647181],[15.0637621,46.0656269],[15.0663503,46.0659529],[15.0675185,46.0654647]]]]},"properties":{"name":"Laibach (Ljubljana)","code":"LJ"}},
{"type":"Feature","geometry":{"type":"MultiPolygon","coordinates":[[[[15.2977189,45.585915],[15.2958939,45.5847608],[15.2950655,45.5854784],[15.2914398,45.5837738],[15.2926811,45.5802356],[15.2894784,45.5786517],[15.2816998,45.5735367],[15.2798256,45.5728972],[15.2768271,45.5733668],[15.2751201,45.5767263],[15.2710651,45.5813735],[15.2684772,45.583611],[15.2640431,45.5827036],[15.2624334,45.5830545],[15.2587769,45.5806012],[15.2561678,45.5804178],[15.2554241,45.5813151],[15.2499418,45.5842567],[15.2450107,45.5858113],[15.2423735,45.5863961],[15.2417191,45.5881406],[15.2398851,45.5891897],[15.237637,45.59319],[15.2380192,45.5943983],[15.2401361,45.5962886],[15.2373756,45.597738],[15.2349581,45.5959527],[15.2316835,45.5969629],[15.2309795,45.5976605],[15.2316641,45.5995731],[15.2345045,45.601362],[15.2387806,45.6021388],[15.2402641,45.6033649],[15.2400761,45.6050878],[15.2374537,45.6063722],[15.2354423,45.6058606],[15.2329107,45.6060966],[15.2299548,45.6025733],[15.2249534,45.5992276],[15.223156,45.5992091],[15.2207508,45.6000492],[15.2192689,45.6010701],[15.2160177,45.6023985],[15.2139101,45.6026207],[15.2100097,45.6040345],[15.205543,45.604486],[15.2073782,45.6083388],[15.2072797,45.6101729],[15.21045,45.6141921],[15.2161179,45.6116213],[15.2168202,45.6120912],[15.220434,45.6114474],[15.2230884,45.6123118],[15.2228085,45.6134228],[15.2211784,45.6142202],[15.2226276,45.61539],[15.2261458,45.6134213],[15.2277711,45.6133056],[15.228074,45.6178652],[15.2310392,45.619048],[15.2335533,45.6185683],[15.234261,45.62024],[15.237634,45.62438],[15.2397297,45.6244485],[15.2423486,45.6256274],[15.2452473,45.6253757],[15.2461068,45.6279043],[15.2439432,45.6286175],[15.2423952,45.6301304],[15.2454204,45.634431],[15.2467655,45.6375638],[15.2457628,45.638227],[15.2470184,45.6398247],[15.2487732,45.6409626],[15.2521061,45.6419713],[15.2516557,45.64313],[15.2533621,45.6436883],[15.2545846,45.6422367],[15.2594096,45.6418459],[15.2638213,45.6425196],[15.2671629,45.644049],[15.2701239,45.6471294],[15.2721585,45.6480912],[15.2741819,45.6497194],[15.2762429,45.6506122],[15.2747126,45.6517248],[15.2705642,45.6567388],[15.2670068,45.6562926],[15.2673642,45.6580536],[15.264667,45.65877],[15.2601077,45.6610229],[15.2580222,45.6634569],[15.2544166,45.6649802],[15.2547522,45.6658334],[15.2532967,45.6669891],[15.2552681,45.6679682],[15.2564493,45.6701059],[15.2588654,45.6717438],[15.2578839,45.6734652],[15.2561515,45.6752594],[15.253944,45.6764342],[15.2514162,45.6802307],[15.2474987,45.6810449],[15.2432851,45.6831098],[15.2419904,45.6843135],[15.2395928,45.6848024],[15.2368185,45.6859627],[15.2358855,45.685802],[15.2322759,45.683558],[15.2308571,45.6880167],[15.230047,45.6892501],[15.2315583,45.691962],[15.229191,45.6929364],[15.2288594,45.695023],[15.2274815,45.6963433],[15.226201,45.7006017],[15.2264544,45.7023901],[15.2273113,45.7035334],[15.22662,45.7047556],[15.2245274,45.7051947],[15.2246364,45.7075324],[15.2197139,45.7070854],[15.2177853,45.7057673],[15.2156644,45.7073212],[15.2124729,45.7059287],[15.2106453,45.7070821],[15.2096213,45.7059965],[15.2077145,45.7054423],[15.2066847,45.7032822],[15.2054239,45.7026366],[15.206852,45.6995973],[15.2047311,45.6998084],[15.2045302,45.6985675],[15.2030577,45.6975384],[15.1995041,45.6971788],[15.1987132,45.6957797],[15.1952067,45.6948603],[15.1936416,45.6952673],[15.1880879,45.693428],[15.1862268,45.6931807],[15.1833631,45.69163],[15.1781992,45.6903787],[15.1765211,45.6890357],[15.1756714,45.6865634],[15.1718213,45.6844956],[15.1685767,45.6851069],[15.1676469,45.6861307],[15.162109,45.6876637],[15.1588056,45.6893476],[15.1561749,45.6911656],[15.1562891,45.692818],[15.1539161,45.6948402],[15.1501738,45.6937126],[15.1495769,45.6957426],[15.1477759,45.6954894],[15.1441687,45.6940006],[15.1413222,45.6950795],[15.1396078,45.6947374],[15.1384626,45.6934802],[15.135615,45.6920718],[15.1328669,45.6914228],[15.1273359,45.6930536],[15.1232027,45.6923428],[15.12053,45.6914786],[15.1188821,45.6902016],[15.1141343,45.6885618],[15.113488,45.6880607],[15.1107504,45.6901056],[15.1081441,45.6887955],[15.1025594,45.6881265],[15.1010755,45.6885151],[15.0995308,45.6864455],[15.0989404,45.6833475],[15.0968911,45.6832012],[15.0950324,45.6839624],[15.0942701,45.6864029],[15.0910564,45.6886442],[15.0913626,45.6896734],[15.089276,45.6904431],[15.0853103,45.6912184],[15.0837822,45.6909612],[15.0803604,45.6917814],[15.0777544,45.6933756],[15.073226,45.6916691],[15.0687441,45.6904287],[15.0671125,45.6914813],[15.0646169,45.6921951],[15.0631705,45.6906647],[15.0590908,45.6894116],[15.0560474,45.6868098],[15.0575216,45.685611],[15.0588371,45.6835063],[15.0592592,45.6803813],[15.0570125,45.6804447],[15.0540446,45.6795948],[15.0517866,45.6776679],[15.051811,45.6764879],[15.0502042,45.6744326],[15.0508272,45.6719014],[15.0508286,45.6692354],[15.0471529,45.6687042],[15.0375793,45.6646322],[15.0337477,45.6623018],[15.0306187,45.6584123],[15.0289585,45.6550908],[15.0388096,45.6474746],[15.0312919,45.6405369],[15.026467,45.6357086],[15.0326134,45.6318232],[15.0403631,45.6212554],[15.0414549,45.6194775],[15.0398813,45.6172769],[15.0442631,45.6149503],[15.0460284,45.6119858],[15.0537562,45.6088488],[15.0632273,45.6067954],[15.0608495,45.6037886],[15.0628127,45.6025374],[15.0656149,45.6016719],[15.0699593,45.6009328],[15.0696892,45.5959854],[15.0699503,45.5951161],[15.0675316,45.594108],[15.0674925,45.5930472],[15.0646176,45.5910772],[15.0671876,45.5893866],[15.06913,45.5887401],[15.0724188,45.5853829],[15.0737976,45.5834184],[15.0751984,45.5827587],[15.0712625,45.5797056],[15.0686062,45.5763597],[15.0685215,45.5749781],[15.0697393,45.5744118],[15.0704601,45.5727552],[15.0689343,45.5717867],[15.0687861,45.5679791],[15.0700841,45.5667765],[15.0687135,45.5645419],[15.0736709,45.5609861],[15.0780124,45.5621454],[15.0814726,45.5620319],[15.0845148,45.5610525],[15.0883146,45.5602606],[15.0941378,45.5574054],[15.0942319,45.5558804],[15.092974,45.5543915],[15.0925071,45.5514276],[15.0912318,45.5514819],[15.0907355,45.5492945],[15.0896703,45.5473328],[15.0829996,45.5478906],[15.0816877,45.5518347],[15.0809422,45.5525204],[15.0775231,45.5531039],[15.076882,45.5511998],[15.077032,45.549513],[15.0762821,45.5480687],[15.0742592,45.5475339],[15.0717154,45.5477338],[15.0704529,45.546351],[15.0683603,45.5461118],[15.0666247,45.543105],[15.0634251,45.5434825],[15.061289,45.5453614],[15.0601053,45.5443167],[15.0575654,45.5432962],[15.0591858,45.5391073],[15.0570448,45.5380806],[15.0572667,45.5366953],[15.0537655,45.5326104],[15.0555539,45.5302195],[15.0552593,45.5252997],[15.0529781,45.5234327],[15.0557354,45.5219004],[15.0583183,45.518933],[15.061377,45.5191887],[15.0643529,45.5177779],[15.0667066,45.5180784],[15.0722525,45.5195503],[15.0840497,45.5244658],[15.0849313,45.5254844],[15.0886464,45.5282726],[15.0920929,45.5281883],[15.0932356,45.5293385],[15.0946637,45.5290472],[15.1012402,45.5304461],[15.1090874,45.5239879],[15.1121437,45.5235051],[15.1134173,45.5211138],[15.1112086,45.5197102],[15.1106887,45.5173532],[15.1098942,45.5163194],[15.1074292,45.5151501],[15.1049446,45.5130694],[15.1014472,45.5129396],[15.0968586,45.5133354],[15.0937043,45.5145062],[15.0849009,45.5116964],[15.0791297,45.5083402],[15.0777596,45.5095629],[15.0763202,45.5080832],[15.0728,45.5056302],[15.0693448,45.5028699],[15.0660712,45.5025208],[15.06323,45.5016142],[15.0623932,45.4999584],[15.0614028,45.4995807],[15.0611989,45.4964571],[15.0626349,45.4944879],[15.057159,45.4915388],[15.0583251,45.4888958],[15.0613911,45.4874278],[15.0675818,45.4877646],[15.0715823,45.4871079],[15.0769018,45.4824369],[15.0782853,45.4818903],[15.0847608,45.4828562],[15.0860475,45.4814336],[15.0846356,45.4794589],[15.0835825,45.4769139],[15.0841722,45.4727552],[15.0837111,45.4701692],[15.0842879,45.4679361],[15.087152,45.4657334],[15.0942903,45.4632168],[15.10196,45.4629517],[15.1049294,45.4616247],[15.1071577,45.459097],[15.1092577,45.4578124],[15.1118248,45.4551114],[15.1180126,45.4514345],[15.1219994,45.4475963],[15.1251498,45.4460048],[15.1305645,45.4451345],[15.1364839,45.4446633],[15.1388515,45.4436882],[15.1409815,45.4395698],[15.144521,45.4364692],[15.1452403,45.4353057],[15.1456911,45.4326429],[15.1463813,45.4312301],[15.14943,45.4292504],[15.1513979,45.4274764],[15.1539033,45.4259512],[15.157391,45.4245611],[15.1597179,45.4243831],[15.1647673,45.4222741],[15.1670987,45.4217445],[15.1700361,45.4227063],[15.1726242,45.4228354],[15.1758185,45.4213265],[15.1778007,45.421178],[15.1835133,45.4236362],[15.185621,45.4256491],[15.1891711,45.4273788],[15.1908769,45.4292119],[15.1894147,45.4317409],[15.1894815,45.4337161],[15.1920895,45.4356252],[15.194109,45.4360913],[15.195228,45.4355856],[15.1992601,45.429899],[15.2004918,45.4274405],[15.201977,45.4260992],[15.2079036,45.4248106],[15.2152705,45.4251799],[15.2212627,45.4250834],[15.2239352,45.4255243],[15.2266496,45.4267068],[15.2278743,45.4285033],[15.2288774,45.4314055],[15.228629,45.4347535],[15.2289532,45.4366051],[15.2343725,45.4419511],[15.2349496,45.4434272],[15.2392952,45.448043],[15.2410671,45.4493328],[15.2429288,45.451636],[15.2448046,45.4532662],[15.2512477,45.4562235],[15.2588633,45.4584685],[15.2621778,45.460003],[15.2659672,45.4612598],[15.2683501,45.4626516],[15.2702187,45.4642991],[15.2733338,45.4654791],[15.2764206,45.4655504],[15.279078,45.4649896],[15.2859119,45.462456],[15.2872587,45.4623268],[15.2920482,45.4608698],[15.2966286,45.4588169],[15.2990999,45.458255],[15.3035697,45.4580953],[15.3065393,45.4574448],[15.310168,45.4570501],[15.3169837,45.4555517],[15.3195263,45.4556184],[15.3244963,45.4529602],[15.3277903,45.4522347],[15.3296594,45.4525426],[15.3354882,45.4552378],[15.3393238,45.4564755],[15.3416806,45.4566571],[15.345641,45.4559724],[15.3465566,45.4565149],[15.3488829,45.4601567],[15.3496708,45.4636815],[15.3515081,45.4656136],[15.3553742,45.4679947],[15.3565075,45.4699348],[15.3565025,45.4721801],[15.3578181,45.4741302],[15.360428,45.4769067],[15.3617064,45.4776837],[15.3655576,45.478554],[15.3724413,45.4816711],[15.3751152,45.4833719],[15.3796914,45.4849333],[15.3848696,45.4854705],[15.3864294,45.4867489],[15.3860285,45.4890998],[15.3842257,45.4899768],[15.3806514,45.4903551],[15.3784018,45.4923781],[15.3736604,45.4939587],[15.3726584,45.4945873],[15.3713965,45.4977271],[15.3697122,45.498096],[15.3668284,45.496848],[15.3648835,45.4951856],[15.3617976,45.4956567],[15.3573177,45.4998597],[15.3530386,45.5023029],[15.3402612,45.507683],[15.335198,45.5095662],[15.3316378,45.511559],[15.3286102,45.5140456],[15.3275812,45.5156286],[15.3270043,45.5194964],[15.3255739,45.5208584],[15.3230805,45.521835],[15.317578,45.5220768],[15.3158172,45.5227069],[15.3146133,45.5242241],[15.313914,45.5262625],[15.3146322,45.528835],[15.3143743,45.5320215],[15.3129141,45.5326563],[15.3085034,45.5323361],[15.305727,45.5330392],[15.3050395,45.5341425],[15.3028417,45.5355101],[15.3013212,45.5381819],[15.3020128,45.5425147],[15.29959,45.546497],[15.2993457,45.5480392],[15.300326,45.5577761],[15.2989443,45.5631493],[15.2990353,45.5669762],[15.2998475,45.5697429],[15.3000348,45.572701],[15.300854,45.5766906],[15.3000903,45.5791371],[15.2996276,45.5838166],[15.2990987,45.5850693],[15.2977189,45.585915]]],[[[15.2977189,45.585915],[15.2947103,45.5886331],[15.2931291,45.5905984],[15.2903154,45.5918179],[15.2841236,45.596114],[15.2808137,45.5992652],[15.2796563,45.6010027],[15.2772887,45.6033359],[15.2770472,45.6044714],[15.281511,45.6078863],[15.2857062,45.6096529],[15.2882304,45.6102324],[15.2926745,45.6120438],[15.2996145,45.6121576],[15.3025878,45.6119601],[15.3056644,45.6122924],[15.3084987,45.6139866],[15.3085132,45.6154991],[15.3071758,45.6182067],[15.3054438,45.6201518],[15.3033533,45.6214469],[15.3019762,45.6235894],[15.3031994,45.6266401],[15.3018886,45.6285575],[15.3022663,45.6297729],[15.304573,45.6312128],[15.3071251,45.6320898],[15.3116446,45.6326178],[15.3148588,45.6332854],[15.3239963,45.6339481],[15.3259654,45.6343871],[15.3300293,45.6346338],[15.3324117,45.633763],[15.3395985,45.6327656],[15.3435152,45.6333881],[15.3479673,45.6348808],[15.3517268,45.6368863],[15.3526262,45.6379832],[15.351873,45.6403738],[15.3502062,45.6413274],[15.3448422,45.6412983],[15.3422553,45.6433335],[15.3433367,45.6454612],[15.3503651,45.646416],[15.3555215,45.6457396],[15.3564126,45.6452694],[15.3639507,45.6437367],[15.365321,45.6437116],[15.3672138,45.6448642],[15.3702756,45.6456024],[15.3716968,45.6445705],[15.3715684,45.6423044],[15.3746025,45.640877],[15.3807678,45.6406151],[15.3826841,45.6403264],[15.3846561,45.6382897],[15.3873646,45.637471],[15.3900843,45.6371681],[15.391979,45.6375952],[15.3967209,45.639844],[15.400214,45.64207],[15.4023793,45.6456985],[15.4036086,45.6465044],[15.4066413,45.6473809],[15.4060925,45.6502454],[15.4027843,45.6499567],[15.3993564,45.6507671],[15.3952572,45.6538537],[15.3955612,45.656082],[15.3945929,45.6568683],[15.3944616,45.6613593],[15.3915343,45.6625424],[15.3915691,45.6673484],[15.3895152,45.6672675],[15.3879212,45.6685528],[15.3869853,45.6703129],[15.3842849,45.6713776],[15.3847231,45.673465],[15.3825684,45.6752341],[15.3793568,45.675371],[15.3768072,45.6769116],[15.3754048,45.6808395],[15.3731634,45.6819314],[15.370683,45.6842242],[15.3692607,45.6861247],[15.3709346,45.6917643],[15.3693542,45.6933072],[15.3681481,45.6925204],[15.3679812,45.6904234],[15.3688523,45.690128],[15.3661506,45.6878211],[15.3652603,45.6857315],[15.3632632,45.6835663],[15.3626831,45.680786],[15.3628983,45.6780589],[15.3606372,45.6768066],[15.3589166,45.6771266],[15.3567088,45.6764466],[15.3543269,45.6767764],[15.3540753,45.675386],[15.3552754,45.6732635],[15.3512482,45.6711286],[15.3513384,45.6692478],[15.349568,45.6694631],[15.3481475,45.671117],[15.3495869,45.6759025],[15.3491209,45.6773089],[15.3501455,45.6786705],[15.3496168,45.6806196],[15.3511635,45.6815772],[15.3514714,45.6828157],[15.3503873,45.6835629],[15.351571,45.6845837],[15.3555397,45.6864681],[15.3602285,45.6848822],[15.3612307,45.6863414],[15.3606531,45.6875067],[15.3611279,45.6892631],[15.3640612,45.691603],[15.3644872,45.6930954],[15.36381,45.6945542],[15.3648434,45.6970128],[15.3637415,45.6985751],[15.3618022,45.6990974],[15.3593273,45.6973642],[15.3573728,45.6987955],[15.3575299,45.7006558],[15.3587237,45.7014372],[15.3573907,45.7023849],[15.3599148,45.7078695],[15.3591636,45.7101279],[15.3597608,45.7106673],[15.3582242,45.7132752],[15.3545806,45.7144085],[15.3518104,45.7137167],[15.3501135,45.7143106],[15.3479763,45.7140187],[15.3450741,45.712404],[15.3433778,45.7146073],[15.3415979,45.7141715],[15.3398459,45.7145908],[15.3387964,45.7124732],[15.3373421,45.7117607],[15.3347203,45.7073302],[15.3354053,45.7052511],[15.3331822,45.7031774],[15.3326227,45.7019173],[15.3280429,45.6990151],[15.3254199,45.6980945],[15.3230978,45.6978149],[15.3195912,45.6962099],[15.3189181,45.694242],[15.3187865,45.6917373],[15.3200347,45.6904416],[15.3205661,45.6886752],[15.31995,45.6877008],[15.3206892,45.6860363],[15.3226188,45.6849431],[15.3236702,45.6832285],[15.3259854,45.6769541],[15.3261881,45.6756319],[15.3227402,45.6738606],[15.318161,45.6744446],[15.3175385,45.6783349],[15.3123886,45.683142],[15.3108263,45.6862084],[15.3084389,45.6858444],[15.3082956,45.687257],[15.3057756,45.6888529],[15.308649,45.690052],[15.3094918,45.692823],[15.3088085,45.6930592],[15.309388,45.6953721],[15.3105434,45.6958275],[15.3109261,45.6975928],[15.3079104,45.6983239],[15.3075322,45.697162],[15.3046084,45.6978948],[15.3049462,45.6988963],[15.3022648,45.6989957],[15.3015448,45.6973825],[15.2990326,45.6971846],[15.2994293,45.6944165],[15.3013686,45.6932514],[15.3000925,45.6923813],[15.2997041,45.6909202],[15.2963504,45.6897661],[15.2983073,45.6892666],[15.3008543,45.6866635],[15.2997412,45.6860144],[15.2954657,45.6888232],[15.2928345,45.6914416],[15.2886012,45.6921401],[15.2874411,45.6949464],[15.2871541,45.6980603],[15.2891399,45.6996941],[15.2878104,45.7056527],[15.28625,45.7068191],[15.2833297,45.710266],[15.2810788,45.7108002],[15.2771312,45.7078667],[15.2733316,45.7063043],[15.2697497,45.707254],[15.2687173,45.7092137],[15.2667795,45.7149851],[15.2674964,45.7169019],[15.2635406,45.7177962],[15.2620506,45.719395],[15.2568182,45.7187543],[15.2592551,45.7241694],[15.2595984,45.7260605],[15.2561544,45.7260228],[15.2529122,45.7271362],[15.249257,45.7249314],[15.2455208,45.723271],[15.2443025,45.7242938],[15.2397787,45.7235692],[15.2387352,45.7209652],[15.2362114,45.720347],[15.2335899,45.7205613],[15.2298877,45.7171566],[15.227979,45.7170459],[15.2242653,45.7152829],[15.2250564,45.7139127],[15.2227111,45.7128148],[15.2213258,45.7128495],[15.2194331,45.7111669],[15.2196772,45.709389],[15.2156644,45.7073212],[15.2177853,45.7057673],[15.2197139,45.7070854],[15.2246364,45.7075324],[15.2245274,45.7051947],[15.22662,45.7047556],[15.2273113,45.7035334],[15.2264544,45.7023901],[15.226201,45.7006017],[15.2274815,45.6963433],[15.2288594,45.695023],[15.229191,45.6929364],[15.2315583,45.691962],[15.230047,45.6892501],[15.2308571,45.6880167],[15.2322759,45.683558],[15.2358855,45.685802],[15.2368185,45.6859627],[15.2395928,45.6848024],[15.2419904,45.6843135],[15.2432851,45.6831098],[15.2474987,45.6810449],[15.2514162,45.6802307],[15.253944,45.6764342],[15.2561515,45.6752594],[15.2578839,45.6734652],[15.2588654,45.6717438],[15.2564493,45.6701059],[15.2552681,45.6679682],[15.2532967,45.6669891],[15.2547522,45.6658334],[15.2544166,45.6649802],[15.2580222,45.6634569],[15.2601077,45.6610229],[15.264667,45.65877],[15.2673642,45.6580536],[15.2670068,45.6562926],[15.2705642,45.6567388],[15.2747126,45.6517248],[15.2762429,45.6506122],[15.2741819,45.6497194],[15.2721585,45.6480912],[15.2701239,45.6471294],[15.2671629,45.644049],[15.2638213,45.6425196],[15.2594096,45.6418459],[15.2545846,45.6422367],[15.2533621,45.6436883],[15.2516557,45.64313],[15.2521061,45.6419713],[15.2487732,45.6409626],[15.2470184,45.6398247],[15.2457628,45.638227],[15.2467655,45.6375638],[15.2454204,45.634431],[15.2423952,45.6301304],[15.2439432,45.6286175],[15.2461068,45.6279043],[15.2452473,45.6253757],[15.2423486,45.6256274],[15.2397297,45.6244485],[15.237634,45.62438],[15.234261,45.62024],[15.2335533,45.6185683],[15.2310392,45.619048],[15.228074,45.6178652],[15.2277711,45.6133056],[15.2261458,45.6134213],[15.2226276,45.61539],[15.2211784,45.6142202],[15.2228085,45.6134228],[15.2230884,45.6123118],[15.220434,45.6114474],[15.2168202,45.6120912],[15.2161179,45.6116213],[15.21045,45.6141921],[15.2072797,45.6101729],[15.2073782,45.6083388],[15.205543,45.604486],[15.2100097,45.6040345],[15.2139101,45.6026207],[15.2160177,45.6023985],[15.2192689,45.6010701],[15.2207508,45.6000492],[15.223156,45.5992091],[15.2249534,45.5992276],[15.2299548,45.6025733],[15.2329107,45.6060966],[15.2354423,45.6058606],[15.2374537,45.6063722],[15.2400761,45.6050878],[15.2402641,45.6033649],[15.2387806,45.6021388],[15.2345045,45.601362],[15.2316641,45.5995731],[15.2309795,45.5976605],[15.2316835,45.5969629],[15.2349581,45.5959527],[15.2373756,45.597738],[15.2401361,45.5962886],[15.2380192,45.5943983],[15.237637,45.59319],[15.2398851,45.5891897],[15.2417191,45.5881406],[15.2423735,45.5863961],[15.2450107,45.5858113],[15.2499418,45.5842567],[15.2554241,45.5813151],[15.2561678,45.5804178],[15.2587769,45.5806012],[15.2624334,45.5830545],[15.2640431,45.5827036],[15.2684772,45.583611],[15.2710651,45.5813735],[15.2751201,45.5767263],[15.2768271,45.5733668],[15.2798256,45.5728972],[15.2816998,45.5735367],[15.2894784,45.5786517],[15.2926811,45.5802356],[15.2914398,45.5837738],[15.2950655,45.5854784],[15.2958939,45.5847608],[15.2977189,45.585915]]],[[[15.3348676,45.8931103],[15.3322588,45.8952064],[15.3320763,45.8959313],[15.3294431,45.8973696],[15.3264936,45.9009277],[15.3248669,45.9015397],[15.3243939,45.9043889],[15.3267484,45.9058893],[15.3267833,45.90853],[15.3257378,45.9104721],[15.3240247,45.9117951],[15.3216321,45.9126432],[15.3201961,45.9139834],[15.3170518,45.9153059],[15.3149565,45.9174757],[15.3107761,45.9202989],[15.3096255,45.9220342],[15.3095843,45.9262002],[15.3070548,45.9292573],[15.3070802,45.9315067],[15.3047959,45.9346665],[15.3042957,45.9363324],[15.3022058,45.9385424],[15.3029395,45.9406369],[15.3022555,45.9417365],[15.2966063,45.9453054],[15.2962975,45.9478436],[15.2949135,45.9495297],[15.2948939,45.9506905],[15.2924047,45.9519836],[15.2921087,45.953334],[15.288014,45.9547525],[15.2890428,45.9553708],[15.2875608,45.9568949],[15.2841239,45.9577844],[15.282024,45.9590569],[15.2790928,45.9599921],[15.2758238,45.9561859],[15.2769251,45.9545218],[15.2726676,45.9522927],[15.2720271,45.9492764],[15.2742766,45.948048],[15.2806025,45.9429988],[15.2813669,45.9416495],[15.2812964,45.938935],[15.2806749,45.9373704],[15.2782274,45.937561],[15.2759837,45.9366446],[15.2753022,45.9356181],[15.2734486,45.9352997],[15.2678927,45.9361303],[15.2669675,45.9406947],[15.267363,45.9420605],[15.2635817,45.9447335],[15.262133,45.9465753],[15.2581785,45.9481875],[15.256294,45.9509277],[15.2529259,45.9512736],[15.2515506,45.9500829],[15.2489913,45.9487925],[15.2456466,45.9478965],[15.2486997,45.9455229],[15.2474774,45.9443051],[15.2482691,45.9433855],[15.2483156,45.9415755],[15.2468131,45.9406187],[15.2424217,45.9408823],[15.2382542,45.938778],[15.2369738,45.9365291],[15.2357214,45.935327],[15.2348991,45.9332703],[15.2354677,45.9312994],[15.234008,45.9291655],[15.2321781,45.9278961],[15.2310426,45.9261618],[15.2290516,45.9261389],[15.2254272,45.9254768],[15.2185908,45.9210404],[15.2158173,45.9200789],[15.2147148,45.9185737],[15.2131125,45.9177293],[15.2125401,45.9164407],[15.2142716,45.9137601],[15.2154719,45.9110401],[15.2130678,45.908547],[15.2137783,45.9080492],[15.2129865,45.9054471],[15.2141306,45.9049144],[15.2165135,45.9053961],[15.2171869,45.9045977],[15.2195872,45.9043182],[15.2186604,45.9024029],[15.2212054,45.8998929],[15.2225722,45.8994203],[15.2219141,45.8982152],[15.2193056,45.8976482],[15.2143161,45.8944982],[15.2143512,45.8934036],[15.2122081,45.8911283],[15.2117486,45.8896285],[15.2101427,45.8894861],[15.2118968,45.8877404],[15.2071619,45.8854109],[15.2100628,45.8851231],[15.2119924,45.8837883],[15.2097197,45.882513],[15.2065654,45.8818353],[15.2047927,45.879708],[15.2045768,45.8786564],[15.2020267,45.8772998],[15.2002028,45.8772684],[15.1963941,45.8759312],[15.1945018,45.8758211],[15.1915372,45.8741695],[15.1905098,45.8718741],[15.189251,45.8708804],[15.1843953,45.8693295],[15.1825022,45.8694438],[15.1805549,45.8681126],[15.178309,45.8672576],[15.1763214,45.8672022],[15.1715369,45.8685317],[15.1705903,45.8699874],[15.1681561,45.8708333],[15.1619873,45.8708887],[15.1560877,45.8731273],[15.1518853,45.8730622],[15.1506874,45.8723823],[15.1487386,45.8729443],[15.1450413,45.8761214],[15.1424295,45.8743154],[15.1419437,45.8734181],[15.1373905,45.8746513],[15.1339524,45.8772098],[15.1318736,45.8778252],[15.1301439,45.8775667],[15.1203586,45.8799534],[15.1184258,45.8801921],[15.1170069,45.8813334],[15.1161727,45.8830676],[15.1148402,45.8833879],[15.1125905,45.8853777],[15.1109997,45.8849802],[15.1103075,45.8861287],[15.1087671,45.8860505],[15.1072345,45.8870561],[15.1067571,45.8888074],[15.1053809,45.8901635],[15.1032559,45.8904489],[15.0972513,45.8927716],[15.0955249,45.893933],[15.095992,45.8975723],[15.0930678,45.8970677],[15.0885014,45.8970535],[15.0852859,45.8973608],[15.0849317,45.8958877],[15.0833574,45.8955298],[15.0809535,45.892431],[15.0817753,45.889382],[15.0830166,45.8863197],[15.0807295,45.8854685],[15.0797773,45.8825436],[15.0788525,45.8811176],[15.0756027,45.8812196],[15.0731734,45.880255],[15.0648918,45.8820199],[15.0631247,45.882035],[15.0614516,45.880507],[15.0574965,45.8815375],[15.0559543,45.8831935],[15.0544085,45.8820204],[15.0533474,45.880234],[15.0527002,45.8751656],[15.0532131,45.8730363],[15.0524446,45.8720547],[15.0484377,45.8702832],[15.0469977,45.8700919],[15.0429394,45.8728002],[15.0406671,45.8717853],[15.0347758,45.871227],[15.0352032,45.8694806],[15.0327847,45.8687746],[15.0347104,45.8661976],[15.0332921,45.8654772],[15.0279957,45.8658117],[15.0276719,45.8651745],[15.0284919,45.862391],[15.027608,45.8620835],[15.0282694,45.8572212],[15.0299291,45.8432193],[15.0230421,45.8405815],[15.0201946,45.8399252],[15.0197385,45.8387291],[15.0128688,45.8392044],[15.0111351,45.8383594],[15.0099605,45.8413184],[15.0069697,45.8405388],[15.0075266,45.8424675],[15.0098271,45.8451799],[15.010723,45.8471104],[15.0105064,45.8484984],[15.0078625,45.8480335],[15.0035914,45.849442],[15.0002603,45.848007],[14.9994138,45.8493471],[14.9976073,45.8493459],[14.993892,45.8475175],[14.9914161,45.8468864],[14.9866003,45.8451199],[14.9841916,45.842566],[14.9819537,45.8406932],[14.980142,45.8386346],[14.9769044,45.8385986],[14.9727217,45.8404785],[14.9718065,45.8414799],[14.9696458,45.8420345],[14.9673555,45.8403557],[14.9603635,45.8420697],[14.957598,45.842923],[14.9517922,45.8511749],[14.9513627,45.8530102],[14.9537917,45.854199],[14.9523864,45.8569373],[14.9534532,45.8576629],[14.9518378,45.8593277],[14.9497095,45.8605357],[14.9482017,45.8629697],[14.9466727,45.86233],[14.9455172,45.8645194],[14.9444883,45.8675098],[14.9432857,45.8683746],[14.9418663,45.8712784],[14.9335256,45.8709489],[14.9320781,45.8692415],[14.9299795,45.8685162],[14.9283094,45.8687317],[14.9243485,45.8660769],[14.9221394,45.8651162],[14.9212201,45.8635728],[14.9196685,45.8639627],[14.9182713,45.861897],[14.9127347,45.866417],[14.9003185,45.868669],[14.8903534,45.8701741],[14.8869789,45.8663002],[14.8828385,45.8679066],[14.8802479,45.8681649],[14.8761208,45.8701164],[14.8756555,45.8692006],[14.8764987,45.8679164],[14.8789972,45.8662952],[14.8822069,45.8659426],[14.883053,45.8627141],[14.8824212,45.8607323],[14.8788864,45.8609625],[14.8777517,45.8599389],[14.8808307,45.8593507],[14.8800667,45.8550095],[14.8775348,45.855787],[14.8755588,45.8553967],[14.8688607,45.8559341],[14.8670682,45.8566314],[14.8633157,45.8562919],[14.8617882,45.8555301],[14.8586013,45.8563495],[14.8562873,45.857321],[14.8525076,45.85706],[14.8500703,45.8562326],[14.8483376,45.8576717],[14.8436044,45.85611],[14.8434902,45.8543073],[14.8443336,45.8526705],[14.8439804,45.8504152],[14.8460562,45.8448686],[14.8485362,45.8445219],[14.8512588,45.8448572],[14.8532594,45.844453],[14.8521476,45.8424869],[14.85056,45.8409367],[14.8502415,45.8396097],[14.8506671,45.8359267],[14.8537575,45.8337504],[14.8551178,45.8347683],[14.8572212,45.8351009],[14.8583687,45.8346601],[14.8578352,45.8309124],[14.8579969,45.8266864],[14.8578873,45.8208889],[14.8587074,45.8176387],[14.8572937,45.8145077],[14.8565448,45.810173],[14.8571083,45.8087252],[14.8565344,45.8070887],[14.8574712,45.806172],[14.8587638,45.8033686],[14.8577608,45.8010873],[14.8520111,45.7958256],[14.84998,45.795995],[14.8421126,45.7954099],[14.8396705,45.7959752],[14.8372721,45.7956573],[14.8343968,45.7958167],[14.8326349,45.7973626],[14.830438,45.797226],[14.8275098,45.7992124],[14.8252302,45.8000075],[14.8223181,45.7996784],[14.8204383,45.8006472],[14.8181552,45.8011869],[14.8133191,45.7980028],[14.811588,45.7995527],[14.8095659,45.7989933],[14.8048645,45.7987959],[14.8042958,45.7970413],[14.8027041,45.796625],[14.8047734,45.7941213],[14.8044644,45.79265],[14.803005,45.7917426],[14.8015561,45.7888131],[14.7995262,45.7882954],[14.799176,45.78704],[14.800209,45.785873],[14.7995456,45.7830924],[14.8003803,45.7818324],[14.8000537,45.7806617],[14.8021437,45.7781789],[14.8007366,45.7771931],[14.8013571,45.7764377],[14.8031181,45.772375],[14.809038,45.7609341],[14.817711,45.7587993],[14.8253778,45.7571051],[14.826376,45.7562974],[14.8289621,45.7568769],[14.82902,45.7585049],[14.8300812,45.7597883],[14.8315683,45.7591385],[14.8320501,45.7616647],[14.8331714,45.7623989],[14.8356854,45.7654289],[14.8389464,45.7637027],[14.8378151,45.7614649],[14.8370251,45.7585002],[14.839689,45.7566359],[14.8429372,45.7560478],[14.8467045,45.7586334],[14.8507553,45.75788],[14.8521532,45.7570424],[14.8544392,45.7578323],[14.8587197,45.7584245],[14.8599649,45.7591131],[14.8652416,45.7567545],[14.8670189,45.7569655],[14.8693459,45.7554986],[14.8712497,45.7532676],[14.8730648,45.7523326],[14.8715789,45.7504083],[14.8714563,45.7473516],[14.8723951,45.7454599],[14.8740897,45.7446722],[14.8764141,45.7443069],[14.8783284,45.7446021],[14.8806798,45.7456834],[14.8807926,45.7463842],[14.885199,45.7470386],[14.8871367,45.7461259],[14.8870555,45.7445909],[14.8917397,45.7431804],[14.8943453,45.7433486],[14.8965804,45.7453767],[14.897988,45.747619],[14.8995863,45.7482716],[14.9021232,45.7514795],[14.903892,45.7525699],[14.9056554,45.7523851],[14.9072905,45.7536133],[14.9068184,45.7549079],[14.9072061,45.756774],[14.9056675,45.7600931],[14.9031682,45.7612932],[14.9036132,45.7623805],[14.907156,45.7654382],[14.9100565,45.7653767],[14.9123571,45.7681125],[14.9121319,45.769879],[14.9144543,45.7715702],[14.9179762,45.7715761],[14.9195025,45.7707889],[14.9218318,45.7705405],[14.9232244,45.7710956],[14.9239469,45.7725902],[14.9255361,45.7730155],[14.925069,45.7758603],[14.9315531,45.7759852],[14.9338034,45.7751597],[14.9450019,45.7704419],[14.9523383,45.7685998],[14.9582752,45.7676457],[14.9604232,45.7675046],[14.9672424,45.7681084],[14.9790108,45.7665453],[14.9798639,45.7649522],[14.9778292,45.7620823],[14.9793628,45.7597976],[14.9802236,45.7593951],[14.980483,45.7574926],[14.9790798,45.7562305],[14.9768713,45.7523252],[14.9781959,45.7518337],[14.982981,45.7511187],[14.9828177,45.7488444],[14.9799554,45.7458319],[14.9767716,45.7454104],[14.9740048,45.7417276],[14.9742803,45.7398821],[14.9776997,45.738935],[14.9757853,45.7349407],[14.9718942,45.7356917],[14.9700883,45.7352708],[14.9673082,45.7359581],[14.9648874,45.731522],[14.9667457,45.7250716],[14.966322,45.7225868],[14.9635144,45.7230688],[14.9651256,45.71026],[14.9652899,45.7080869],[14.9624168,45.7074594],[14.9614499,45.7063183],[14.9630271,45.7052751],[14.9655497,45.7051903],[14.9730125,45.7032552],[14.9763483,45.701519],[14.9757998,45.7003572],[14.9766662,45.6986507],[14.9804083,45.6987828],[14.9806837,45.6950762],[14.9886789,45.6883847],[14.9962574,45.6846857],[15.0007131,45.6829323],[15.0028498,45.6805522],[15.0052376,45.680207],[15.0088831,45.6785337],[15.0122869,45.6784438],[15.0113793,45.6646531],[15.0111633,45.6580671],[15.0176166,45.6411652],[15.0233839,45.6378288],[15.026467,45.6357086],[15.0312919,45.6405369],[15.0388096,45.6474746],[15.0289585,45.6550908],[15.0306187,45.6584123],[15.0337477,45.6623018],[15.0375793,45.6646322],[15.0471529,45.6687042],[15.0508286,45.6692354],[15.0508272,45.6719014],[15.0502042,45.6744326],[15.051811,45.6764879],[15.0517866,45.6776679],[15.0540446,45.6795948],[15.0570125,45.6804447],[15.0592592,45.6803813],[15.0588371,45.6835063],[15.0575216,45.685611],[15.0560474,45.6868098],[15.0590908,45.6894116],[15.0631705,45.6906647],[15.0646169,45.6921951],[15.0671125,45.6914813],[15.0687441,45.6904287],[15.073226,45.6916691],[15.0777544,45.6933756],[15.0803604,45.6917814],[15.0837822,45.6909612],[15.0853103,45.6912184],[15.089276,45.6904431],[15.0913626,45.6896734],[15.0910564,45.6886442],[15.0942701,45.6864029],[15.0950324,45.6839624],[15.0968911,45.6832012],[15.0989404,45.6833475],[15.0995308,45.6864455],[15.1010755,45.6885151],[15.1025594,45.6881265],[15.1081441,45.6887955],[15.1107504,45.6901056],[15.113488,45.6880607],[15.1141343,45.6885618],[15.1188821,45.6902016],[15.12053,45.6914786],[15.1232027,45.6923428],[15.1273359,45.6930536],[15.1328669,45.6914228],[15.135615,45.6920718],[15.1384626,45.6934802],[15.1396078,45.6947374],[15.1413222,45.6950795],[15.1441687,45.6940006],[15.1477759,45.6954894],[15.1495769,45.6957426],[15.1501738,45.6937126],[15.1539161,45.6948402],[15.1562891,45.692818],[15.1561749,45.6911656],[15.1588056,45.6893476],[15.162109,45.6876637],[15.1676469,45.6861307],[15.1685767,45.6851069],[15.1718213,45.6844956],[15.1756714,45.6865634],[15.1765211,45.6890357],[15.1781992,45.6903787],[15.1833631,45.69163],[15.1862268,45.6931807],[15.1880879,45.693428],[15.1936416,45.6952673],[15.1952067,45.6948603],[15.1987132,45.6957797],[15.1995041,45.6971788],[15.2030577,45.6975384],[15.2045302,45.6985675],[15.2047311,45.6998084],[15.206852,45.6995973],[15.2054239,45.7026366],[15.2066847,45.7032822],[15.2077145,45.7054423],[15.2096213,45.7059965],[15.2106453,45.7070821],[15.2124729,45.7059287],[15.2156644,45.7073212],[15.2196772,45.709389],[15.2194331,45.7111669],[15.2213258,45.7128495],[15.2227111,45.7128148],[15.2250564,45.7139127],[15.2242653,45.7152829],[15.227979,45.7170459],[15.2298877,45.7171566],[15.2335899,45.7205613],[15.2362114,45.720347],[15.2387352,45.7209652],[15.2397787,45.7235692],[15.2443025,45.7242938],[15.2455208,45.723271],[15.249257,45.7249314],[15.2529122,45.7271362],[15.2561544,45.7260228],[15.2595984,45.7260605],[15.2626487,45.7271515],[15.264913,45.7288239],[15.266288,45.7307144],[15.270665,45.7336847],[15.2711231,45.7347614],[15.2755191,45.7369953],[15.2748846,45.738869],[15.2750807,45.7402206],[15.2784543,45.7393506],[15.2784497,45.7420065],[15.2812731,45.7436293],[15.2825446,45.7431214],[15.2845758,45.7437387],[15.2862241,45.7453297],[15.2899409,45.7455901],[15.2946429,45.7478237],[15.2957102,45.7497399],[15.2951899,45.7510963],[15.2996758,45.7544904],[15.3053262,45.7553154],[15.3071499,45.7548737],[15.3126484,45.757125],[15.316468,45.7596819],[15.3207093,45.7598732],[15.3246845,45.7605183],[15.3275862,45.7618772],[15.3313733,45.7628515],[15.3341926,45.7640778],[15.3419112,45.7684408],[15.3445443,45.7695856],[15.3461918,45.769601],[15.3480362,45.7707146],[15.35055,45.771562],[15.3516785,45.772907],[15.3576351,45.7737353],[15.3596504,45.7737296],[15.3615843,45.776808],[15.365315,45.7761292],[15.3682965,45.7760766],[15.3716397,45.7774163],[15.3729257,45.7796672],[15.3743668,45.7807614],[15.3785606,45.7793107],[15.3812135,45.7789504],[15.3851205,45.7812301],[15.3854541,45.7830236],[15.3863175,45.7839995],[15.3897858,45.78585],[15.3903062,45.7870405],[15.3920674,45.7882455],[15.3953653,45.7890289],[15.3977282,45.7903714],[15.3994162,45.792027],[15.4022211,45.7926268],[15.4047141,45.7926107],[15.4041214,45.7946195],[15.4044343,45.7963495],[15.4038044,45.797585],[15.4022828,45.7977844],[15.4012438,45.7995662],[15.4013309,45.8012101],[15.4006017,45.8023775],[15.4013245,45.8039394],[15.4002128,45.8065119],[15.3964334,45.8072106],[15.39435,45.8093476],[15.3910185,45.810484],[15.3891323,45.8132371],[15.3809436,45.8130929],[15.3798885,45.8138537],[15.3800621,45.8152586],[15.3782135,45.8186466],[15.3800766,45.8185726],[15.3802692,45.8199921],[15.378493,45.8202628],[15.3760064,45.8222076],[15.3748563,45.8247405],[15.376601,45.8271879],[15.3775109,45.8295436],[15.3772676,45.831529],[15.3798728,45.8319173],[15.3817427,45.8331392],[15.383099,45.8332266],[15.3833412,45.8349526],[15.3821243,45.8361562],[15.3823038,45.8385855],[15.3804757,45.839008],[15.3804925,45.8410748],[15.3784924,45.8425706],[15.3778885,45.8458078],[15.3766856,45.8469836],[15.3759805,45.8488467],[15.3732558,45.8479579],[15.3668665,45.851878],[15.3662643,45.8524863],[15.3688918,45.8545194],[15.3716132,45.855343],[15.3752082,45.8557486],[15.3750724,45.8533065],[15.3779195,45.8541622],[15.3780215,45.8559952],[15.3824425,45.8583873],[15.3888319,45.8602775],[15.3912649,45.8595294],[15.3938779,45.8602591],[15.3984617,45.8641959],[15.3970489,45.8648161],[15.3919187,45.8649316],[15.3887451,45.8636556],[15.3846469,45.863873],[15.3832254,45.8650019],[15.3841592,45.8690667],[15.3822353,45.8729522],[15.3813338,45.8735383],[15.3787192,45.873598],[15.3773414,45.8747267],[15.3782635,45.8756738],[15.3769202,45.8770423],[15.3782381,45.8778543],[15.3779067,45.879311],[15.3790655,45.8806805],[15.3786072,45.881826],[15.3795678,45.8842872],[15.3754157,45.8853131],[15.3754717,45.8862631],[15.3681092,45.8872038],[15.3688754,45.8895617],[15.3648923,45.8901373],[15.3549423,45.8893201],[15.3534452,45.8894444],[15.3526936,45.8883257],[15.3498424,45.8880096],[15.3488044,45.8870149],[15.3465522,45.8883563],[15.3430711,45.8884977],[15.3410626,45.8878941],[15.3391804,45.8885692],[15.33609,45.8909852],[15.3341879,45.891962],[15.3348676,45.8931103]]],[[[14.8761208,45.8701164],[14.8802479,45.8681649],[14.8828385,45.8679066],[14.8869789,45.8663002],[14.8903534,45.8701741],[14.9003185,45.868669],[14.9127347,45.866417],[14.9182713,45.861897],[14.9196685,45.8639627],[14.9212201,45.8635728],[14.9221394,45.8651162],[14.9243485,45.8660769],[14.9283094,45.8687317],[14.9299795,45.8685162],[14.9320781,45.8692415],[14.9335256,45.8709489],[14.9418663,45.8712784],[14.9432857,45.8683746],[14.9444883,45.8675098],[14.9455172,45.8645194],[14.9466727,45.86233],[14.9482017,45.8629697],[14.9497095,45.8605357],[14.9518378,45.8593277],[14.9534532,45.8576629],[14.9523864,45.8569373],[14.9537917,45.854199],[14.9513627,45.8530102],[14.9517922,45.8511749],[14.957598,45.842923],[14.9603635,45.8420697],[14.9673555,45.8403557],[14.9696458,45.8420345],[14.9718065,45.8414799],[14.9727217,45.8404785],[14.9769044,45.8385986],[14.980142,45.8386346],[14.9819537,45.8406932],[14.9841916,45.842566],[14.9866003,45.8451199],[14.9914161,45.8468864],[14.993892,45.8475175],[14.9976073,45.8493459],[14.9994138,45.8493471],[15.0002603,45.848007],[15.0035914,45.849442],[15.0078625,45.8480335],[15.0105064,45.8484984],[15.010723,45.8471104],[15.0098271,45.8451799],[15.0075266,45.8424675],[15.0069697,45.8405388],[15.0099605,45.8413184],[15.0111351,45.8383594],[15.0128688,45.8392044],[15.0197385,45.8387291],[15.0201946,45.8399252],[15.0230421,45.8405815],[15.0299291,45.8432193],[15.0282694,45.8572212],[15.027608,45.8620835],[15.0284919,45.862391],[15.0276719,45.8651745],[15.0279957,45.8658117],[15.0332921,45.8654772],[15.0347104,45.8661976],[15.0327847,45.8687746],[15.0352032,45.8694806],[15.0347758,45.871227],[15.0406671,45.8717853],[15.0429394,45.8728002],[15.0469977,45.8700919],[15.0484377,45.8702832],[15.0524446,45.8720547],[15.0532131,45.8730363],[15.0527002,45.8751656],[15.0533474,45.880234],[15.0544085,45.8820204],[15.0559543,45.8831935],[15.0574965,45.8815375],[15.0614516,45.880507],[15.0631247,45.882035],[15.0648918,45.8820199],[15.0731734,45.880255],[15.0756027,45.8812196],[15.0788525,45.8811176],[15.0797773,45.8825436],[15.0807295,45.8854685],[15.0830166,45.8863197],[15.0817753,45.889382],[15.0809535,45.892431],[15.0833574,45.8955298],[15.0849317,45.8958877],[15.0852859,45.8973608],[15.0885014,45.8970535],[15.0930678,45.8970677],[15.095992,45.8975723],[15.0955249,45.893933],[15.0972513,45.8927716],[15.1032559,45.8904489],[15.1053809,45.8901635],[15.1067571,45.8888074],[15.1072345,45.8870561],[15.1087671,45.8860505],[15.1103075,45.8861287],[15.1109997,45.8849802],[15.1125905,45.8853777],[15.1148402,45.8833879],[15.1161727,45.8830676],[15.1170069,45.8813334],[15.1184258,45.8801921],[15.1203586,45.8799534],[15.1301439,45.8775667],[15.1318736,45.8778252],[15.1339524,45.8772098],[15.1373905,45.8746513],[15.1419437,45.8734181],[15.1424295,45.8743154],[15.1450413,45.8761214],[15.1487386,45.8729443],[15.1506874,45.8723823],[15.1518853,45.8730622],[15.1560877,45.8731273],[15.1619873,45.8708887],[15.1681561,45.8708333],[15.1705903,45.8699874],[15.1715369,45.8685317],[15.1763214,45.8672022],[15.178309,45.8672576],[15.1805549,45.8681126],[15.1825022,45.8694438],[15.1843953,45.8693295],[15.189251,45.8708804],[15.1905098,45.8718741],[15.1915372,45.8741695],[15.1945018,45.8758211],[15.1963941,45.8759312],[15.2002028,45.8772684],[15.2020267,45.8772998],[15.2045768,45.8786564],[15.2047927,45.879708],[15.2065654,45.8818353],[15.2097197,45.882513],[15.2119924,45.8837883],[15.2100628,45.8851231],[15.2071619,45.8854109],[15.2118968,45.8877404],[15.2101427,45.8894861],[15.2117486,45.8896285],[15.2122081,45.8911283],[15.2143512,45.8934036],[15.2143161,45.8944982],[15.2193056,45.8976482],[15.2219141,45.8982152],[15.2225722,45.8994203],[15.2212054,45.8998929],[15.2186604,45.9024029],[15.2195872,45.9043182],[15.2171869,45.9045977],[15.2165135,45.9053961],[15.2141306,45.9049144],[15.2129865,45.9054471],[15.2137783,45.9080492],[15.2130678,45.908547],[15.2154719,45.9110401],[15.2142716,45.9137601],[15.2125401,45.9164407],[15.2131125,45.9177293],[15.2147148,45.9185737],[15.2158173,45.9200789],[15.2185908,45.9210404],[15.2254272,45.9254768],[15.2290516,45.9261389],[15.2291551,45.9278233],[15.2267712,45.9278004],[15.223879,45.9291085],[15.2212973,45.9286915],[15.2163949,45.9289039],[15.2137029,45.9301918],[15.2136181,45.9317886],[15.2115702,45.9328838],[15.2106535,45.9319293],[15.2084465,45.9335658],[15.2028412,45.9327704],[15.2008923,45.9330162],[15.2004653,45.9347151],[15.1985121,45.9350549],[15.1982203,45.9364057],[15.1950249,45.9359535],[15.1940673,45.9375457],[15.1919277,45.9383498],[15.1919865,45.9401179],[15.1899397,45.9405118],[15.1867681,45.9404125],[15.1844988,45.9418732],[15.183811,45.9448882],[15.1811903,45.946424],[15.1775269,45.9491378],[15.1751178,45.949665],[15.1725281,45.9514155],[15.1718744,45.9524427],[15.169755,45.9526355],[15.167347,45.95509],[15.1627076,45.9568969],[15.1614948,45.9603069],[15.1617709,45.9619202],[15.1605244,45.9640822],[15.161324,45.9651921],[15.1596623,45.9658375],[15.1576899,45.9657599],[15.1541972,45.9692485],[15.1521377,45.9690368],[15.1518377,45.9717177],[15.1511395,45.9725527],[15.1517031,45.9739088],[15.1500747,45.97565],[15.1498916,45.976727],[15.1483252,45.9782187],[15.1488482,45.9814983],[15.1499935,45.9834262],[15.1544455,45.9855289],[15.1572848,45.9849999],[15.1599438,45.9852294],[15.1614639,45.9879868],[15.1598965,45.9904065],[15.161393,45.9905659],[15.1639595,45.9918121],[15.1629885,45.9940237],[15.1629836,45.9966496],[15.161847,45.9979636],[15.1591829,45.9980002],[15.15669,45.9968897],[15.1524159,45.9958508],[15.1497541,45.99662],[15.1505531,45.9945894],[15.14889,45.992531],[15.1466298,45.9921764],[15.1458449,45.9914374],[15.1416166,45.9915394],[15.1367908,45.9913294],[15.1353116,45.9908174],[15.1340591,45.9876487],[15.1342061,45.9864088],[15.1323255,45.9843905],[15.1298421,45.9860386],[15.131235,45.9885632],[15.1308114,45.9908314],[15.1290513,45.9915961],[15.1279671,45.9947027],[15.1277447,45.997944],[15.1281455,45.9998922],[15.1258856,46.0009182],[15.1257169,46.0016488],[15.1202802,46.0025491],[15.1186545,46.0023523],[15.1108984,46.0052376],[15.108564,46.0064903],[15.1073817,46.0078088],[15.1035347,46.0076746],[15.1035624,46.0086441],[15.1060665,46.0090325],[15.1056944,46.0111905],[15.1047215,46.0124436],[15.1051682,46.0137706],[15.1037689,46.0145713],[15.1033547,46.015833],[15.1000146,46.0180259],[15.0992659,46.0189987],[15.0952151,46.019349],[15.0913718,46.0215131],[15.0894487,46.0205051],[15.0862717,46.0221972],[15.0827489,46.0219433],[15.0806846,46.0200004],[15.0813248,46.0182123],[15.0808615,46.0160668],[15.0821802,46.0124101],[15.0787191,46.0128719],[15.0749321,46.0139228],[15.071178,46.0140939],[15.0720966,46.01609],[15.0703298,46.0164045],[15.0650656,46.0155177],[15.0619679,46.0153537],[15.0573165,46.0135649],[15.0570261,46.0103207],[15.0576421,46.0100002],[15.0573318,46.0074638],[15.0555698,46.0062846],[15.0553488,46.0047949],[15.0517114,46.0043418],[15.0488879,46.00484],[15.0458436,46.0048071],[15.0452802,46.0041648],[15.0428981,46.0046507],[15.0385143,46.0041685],[15.0367063,46.0047621],[15.0335532,46.0050026],[15.0299037,46.0046436],[15.0260817,46.0047213],[15.0245601,46.0030481],[15.0226141,46.0018612],[15.0223122,45.9991452],[15.0260021,45.9978848],[15.0278667,45.9943923],[15.0303203,45.992418],[15.0302846,45.9903249],[15.0313608,45.9898457],[15.0324956,45.9873577],[15.0340274,45.9862878],[15.0307876,45.9844405],[15.030569,45.9796322],[15.0259673,45.9785212],[15.0230405,45.9786893],[15.0238991,45.9774385],[15.0225042,45.976187],[15.0177681,45.9752852],[15.0143923,45.9733202],[15.0146657,45.9714791],[15.0176996,45.9686028],[15.0175604,45.9672062],[15.0144244,45.9648075],[15.011676,45.9637895],[15.010133,45.9637854],[15.0071086,45.965054],[15.0039273,45.9640973],[15.001922,45.9630453],[14.9967721,45.9638293],[14.9943294,45.9658125],[14.9930234,45.9656938],[14.9882931,45.9679533],[14.9862274,45.9699885],[14.9836612,45.969925],[14.9789974,45.9688884],[14.9722281,45.970021],[14.9694406,45.9694347],[14.9686364,45.9713334],[14.964876,45.9754083],[14.9632043,45.9756452],[14.9603056,45.9767852],[14.9550552,45.9779525],[14.9515899,45.9784064],[14.9486697,45.9783402],[14.9458753,45.9777614],[14.9434332,45.9766843],[14.9404347,45.9747372],[14.9384878,45.9709132],[14.940621,45.9668532],[14.9397659,45.9649906],[14.9375045,45.9632246],[14.9348667,45.9651477],[14.9333127,45.9641971],[14.9310476,45.9641653],[14.9278138,45.963285],[14.9263042,45.9638289],[14.924957,45.9630651],[14.9217962,45.9617383],[14.9199843,45.9598017],[14.9187625,45.9597773],[14.9154545,45.9543896],[14.9107939,45.9532336],[14.9109436,45.9511631],[14.9101947,45.9497697],[14.9102636,45.9468734],[14.9087845,45.9458252],[14.9068273,45.945481],[14.9046361,45.9470995],[14.9039304,45.9448717],[14.9020415,45.9452354],[14.9018051,45.9463421],[14.8981843,45.9481989],[14.8928764,45.9461227],[14.8914615,45.9452732],[14.8881215,45.9458736],[14.8835301,45.9460685],[14.8837852,45.9435422],[14.8826075,45.9403492],[14.8830535,45.9386694],[14.8860698,45.936684],[14.8856832,45.9350639],[14.8833845,45.9345393],[14.8844447,45.9319971],[14.882488,45.9316495],[14.8811977,45.9305074],[14.8782197,45.9290064],[14.8787445,45.9283824],[14.8771459,45.9266241],[14.879061,45.9243083],[14.8803797,45.9237117],[14.8789081,45.9220661],[14.8778814,45.916708],[14.8811075,45.9124799],[14.8827804,45.9080935],[14.8822238,45.9045572],[14.8797805,45.904897],[14.8777091,45.9039448],[14.8756107,45.9015008],[14.8763822,45.9000326],[14.8753528,45.8991561],[14.8753561,45.8969376],[14.8734887,45.8957835],[14.8713583,45.8954267],[14.8693735,45.8942917],[14.8680205,45.8908757],[14.8661194,45.8884921],[14.8626226,45.886504],[14.8604146,45.8857649],[14.8636438,45.8840051],[14.8644024,45.8829764],[14.8674562,45.8815397],[14.8694645,45.8787681],[14.8728899,45.8773043],[14.8717961,45.8764612],[14.8709583,45.8735673],[14.8758055,45.8717286],[14.8761208,45.8701164]]]]},"properties":{"name":"Rudolfswert (Novo Mesto)","code":"NM"}},
{"type":"Feature","geometry":{"type":"MultiPolygon","coordinates":[[[[15.0095405,46.5445769],[15.012891,46.543235],[15.0147168,46.5428949],[15.0158087,46.5411234],[15.0181496,46.5398937],[15.0191008,46.5380343],[15.0193892,46.5358177],[15.0209097,46.5354852],[15.0231877,46.5340195],[15.0260768,46.5314567],[15.028793,46.5307213],[15.0328314,46.5307873],[15.0331442,46.5318914],[15.0304021,46.5353595],[15.0314611,46.5368247],[15.0312686,46.5386474],[15.0332634,46.5381716],[15.0348634,46.5367518],[15.0346805,46.5354075],[15.0357519,46.5346856],[15.0385209,46.5345078],[15.0387864,46.53618],[15.0371013,46.5372423],[15.0383971,46.5380463],[15.0403675,46.5377238],[15.0427305,46.5388287],[15.0436411,46.5421474],[15.0473436,46.5433128],[15.046038,46.5455667],[15.0483029,46.5468689],[15.0522779,46.5447636],[15.0525768,46.5436404],[15.0553477,46.5422076],[15.0562076,46.5412771],[15.0598161,46.54034],[15.0594408,46.5397055],[15.0561924,46.5385118],[15.0584469,46.5348342],[15.0603473,46.5353257],[15.0607355,46.5338185],[15.0650673,46.5362122],[15.067788,46.535421],[15.0685974,46.5365189],[15.068047,46.5377309],[15.0654901,46.5373891],[15.0641429,46.5386127],[15.0643471,46.5415568],[15.0639166,46.5425001],[15.0593413,46.5455823],[15.0584699,46.5467591],[15.0561796,46.5475615],[15.0544037,46.5489851],[15.0517759,46.5497554],[15.0499363,46.5508628],[15.0526303,46.552643],[15.0544271,46.5529142],[15.0586259,46.5543479],[15.0618687,46.5559875],[15.0633909,46.5574275],[15.0657215,46.5580145],[15.0688015,46.5593844],[15.0714097,46.5593617],[15.0743296,46.5580548],[15.0783845,46.559144],[15.0796877,46.5590632],[15.0850193,46.5615478],[15.0890836,46.5607315],[15.0919313,46.5617217],[15.0947294,46.5645249],[15.0988183,46.564921],[15.1039232,46.5659231],[15.1040182,46.5647208],[15.1077507,46.5661086],[15.1089023,46.5677264],[15.1086106,46.5696169],[15.109188,46.5714731],[15.106095,46.572704],[15.1061156,46.5745665],[15.1037804,46.5772422],[15.1045073,46.5789737],[15.1025447,46.581697],[15.1011185,46.5820559],[15.1039925,46.5835968],[15.1104763,46.5847626],[15.1084467,46.5874012],[15.108745,46.5895611],[15.1111765,46.5909682],[15.1103846,46.5921178],[15.1105488,46.5938273],[15.1129692,46.5958122],[15.1161598,46.595803],[15.1169882,46.5939325],[15.1186478,46.5945039],[15.1200556,46.5930188],[15.1231419,46.5915625],[15.1263999,46.5926217],[15.1277317,46.5943556],[15.1259839,46.5949973],[15.122414,46.5970778],[15.1173771,46.6038619],[15.1114399,46.6060036],[15.108495,46.6064287],[15.1038669,46.6056053],[15.1032354,46.6084018],[15.1020121,46.6087842],[15.1016704,46.6103565],[15.1026432,46.6118028],[15.1014274,46.6141191],[15.0979767,46.616489],[15.0968151,46.6181138],[15.0966701,46.6197994],[15.0950563,46.6238022],[15.0942087,46.6246408],[15.092165,46.6283149],[15.0905498,46.6298127],[15.0889952,46.6323124],[15.0893736,46.6334783],[15.0923702,46.6329523],[15.093062,46.6341281],[15.0913475,46.6377659],[15.0918787,46.6386933],[15.0912414,46.6402918],[15.0918267,46.6410738],[15.0879492,46.6425014],[15.0824037,46.6451467],[15.0763702,46.6488887],[15.0726315,46.650136],[15.0706483,46.6499027],[15.0670228,46.6514275],[15.0639721,46.6519205],[15.0590969,46.6521579],[15.0543816,46.6515605],[15.0484821,46.6518565],[15.0457037,46.651625],[15.0440131,46.652113],[15.0410406,46.651771],[15.0398517,46.6505374],[15.0369668,46.6494126],[15.0340222,46.6489337],[15.0312084,46.646843],[15.0292746,46.6447873],[15.0215513,46.6423448],[15.0161673,46.6408262],[15.0152021,46.6389408],[15.0139283,46.638493],[15.0118701,46.6356218],[15.0101281,46.6338223],[15.0078676,46.6334196],[15.0064023,46.6320857],[15.0064111,46.6308299],[15.0043411,46.6288431],[15.0019425,46.6275807],[14.9989542,46.6247529],[14.9953424,46.6219388],[14.9947183,46.6176388],[14.9961684,46.6160731],[14.9949491,46.6138425],[14.9929609,46.6128669],[14.9905161,46.61059],[14.9878638,46.6093749],[14.9864213,46.6079828],[14.9869629,46.6063296],[14.9845863,46.603637],[14.9793736,46.6014011],[14.9768679,46.6043306],[14.9749737,46.6080323],[14.9744202,46.6104145],[14.9740051,46.6165562],[14.9715274,46.6231495],[14.9691867,46.6260138],[14.9671055,46.6278002],[14.9556737,46.6327323],[14.9541972,46.6309555],[14.9475667,46.6259515],[14.9478164,46.6257554],[14.9415167,46.6214138],[14.9417895,46.6207561],[14.9399313,46.6195831],[14.9379065,46.620308],[14.9363957,46.6197731],[14.9338965,46.6172297],[14.9335682,46.6163305],[14.9310999,46.6153196],[14.9282863,46.6191899],[14.9260637,46.6200316],[14.9229622,46.6201926],[14.9211728,46.6184442],[14.9204237,46.61625],[14.9211059,46.6157039],[14.9216093,46.6125136],[14.9226341,46.6110022],[14.9220777,46.6078807],[14.9247632,46.6082787],[14.9265799,46.6071824],[14.9276845,46.6024768],[14.931493,46.6009794],[14.932473,46.599322],[14.9365412,46.5971695],[14.9381019,46.5982789],[14.9396799,46.596479],[14.9375109,46.5953606],[14.9383152,46.5944845],[14.9420329,46.5921467],[14.9442063,46.5913489],[14.9455693,46.5934435],[14.9468314,46.5943135],[14.9504427,46.5946583],[14.9518849,46.5935987],[14.9521054,46.5924749],[14.956039,46.5924012],[14.9581673,46.5929532],[14.9602397,46.592489],[14.9603479,46.5948545],[14.9633957,46.596147],[14.9662449,46.5945089],[14.9677405,46.5932293],[14.964923,46.5903455],[14.963804,46.591113],[14.9624932,46.5891391],[14.9632368,46.5864988],[14.9641001,46.5859919],[14.9658204,46.583212],[14.9668144,46.5824119],[14.9683485,46.5791635],[14.9704222,46.5786104],[14.9732829,46.5772268],[14.9776184,46.5779412],[14.9762878,46.5746241],[14.9818488,46.5733013],[14.9835999,46.573461],[14.9875825,46.5721308],[14.990516,46.5724441],[14.9915452,46.5711545],[14.9970696,46.5717017],[14.9987826,46.5696378],[14.9991067,46.5682518],[14.9979271,46.5663849],[15.0011167,46.565838],[15.0029404,46.5646053],[15.0041555,46.5628938],[15.0077979,46.5644529],[15.0107083,46.5665188],[15.011518,46.5642245],[15.0119692,46.5606333],[15.0113935,46.5578997],[15.0119997,46.555286],[15.0146991,46.5529664],[15.0149182,46.5521615],[15.0118131,46.5493365],[15.0126851,46.5471396],[15.010623,46.5464024],[15.0095405,46.5445769]]],[[[15.3112071,46.4902278],[15.3122131,46.4944065],[15.3122262,46.4965592],[15.3128971,46.499171],[15.3163844,46.5033515],[15.3213481,46.5075828],[15.3220126,46.5088589],[15.3246532,46.5104322],[15.3269404,46.5131865],[15.3264808,46.516109],[15.324227,46.515999],[15.3236516,46.5177119],[15.3247411,46.5185804],[15.3284188,46.5190784],[15.330993,46.5214334],[15.3322642,46.5216538],[15.3358461,46.5212692],[15.3369188,46.5257245],[15.3388324,46.5277168],[15.3417394,46.5291448],[15.3405453,46.5302852],[15.3381851,46.5307187],[15.3385966,46.5322422],[15.3403416,46.5332966],[15.3405472,46.5361636],[15.3414177,46.5364942],[15.3407757,46.5388633],[15.3429128,46.5406827],[15.3432258,46.5417924],[15.3446843,46.5425058],[15.3462896,46.5457874],[15.3462429,46.5469001],[15.3440729,46.5484235],[15.3444571,46.5515975],[15.3438853,46.5523782],[15.3459759,46.5543293],[15.3488667,46.5535066],[15.350264,46.551198],[15.3540646,46.5505356],[15.3537375,46.5517992],[15.3537851,46.555406],[15.3550044,46.5563963],[15.3545663,46.5575895],[15.3552674,46.5592534],[15.356733,46.5601193],[15.3579591,46.5627023],[15.35963,46.5625179],[15.3616892,46.5600429],[15.3630581,46.56101],[15.3661309,46.5608457],[15.3657768,46.5619068],[15.3670936,46.5627647],[15.3692866,46.5623818],[15.3700406,46.5644501],[15.3689129,46.5657827],[15.3702111,46.5666087],[15.3676569,46.5682572],[15.368614,46.5692732],[15.3708078,46.5698018],[15.3694867,46.57174],[15.3700366,46.5733693],[15.3722754,46.5746955],[15.3711248,46.5753786],[15.3687938,46.5734763],[15.3663659,46.5771832],[15.3645457,46.5785976],[15.3636024,46.5802132],[15.3650608,46.5805146],[15.3689084,46.5831977],[15.3721281,46.58473],[15.3751024,46.5849583],[15.380974,46.5830906],[15.3881453,46.5827715],[15.3958214,46.5829181],[15.4014405,46.5814809],[15.4038221,46.5801731],[15.4042581,46.5779567],[15.4059109,46.5763465],[15.4116185,46.5730114],[15.4162385,46.5693006],[15.4183367,46.5672207],[15.4204556,46.5657285],[15.4249693,46.5635922],[15.4288227,46.5633456],[15.435886,46.5650251],[15.4386722,46.5663988],[15.4398685,46.5677015],[15.4400288,46.5703509],[15.4385368,46.5733657],[15.4382835,46.5748236],[15.4385279,46.5782941],[15.4394459,46.5803263],[15.4411995,46.5819319],[15.4435404,46.5823692],[15.4455148,46.5837006],[15.446353,46.5853716],[15.4436829,46.587863],[15.4421011,46.5858296],[15.4345775,46.5843899],[15.4326389,46.5869548],[15.4301544,46.587908],[15.4294354,46.5891343],[15.4323591,46.5905829],[15.4334844,46.5919972],[15.4321214,46.5928059],[15.4325518,46.5965791],[15.4319112,46.5977043],[15.4333288,46.5987687],[15.4365427,46.5986178],[15.4370008,46.600534],[15.4347285,46.6010103],[15.4357475,46.6020107],[15.4408826,46.6046324],[15.4422835,46.6059116],[15.4416788,46.6085935],[15.4437584,46.6089258],[15.4418392,46.6105269],[15.4415237,46.6119078],[15.4448542,46.613824],[15.4446644,46.6154461],[15.4456797,46.6163938],[15.4448748,46.6176493],[15.440759,46.6180518],[15.4385133,46.6177687],[15.4355044,46.6180178],[15.4336467,46.6189373],[15.4341144,46.6197555],[15.4331111,46.6210448],[15.4332275,46.6228096],[15.4325428,46.6244904],[15.4329296,46.6260226],[15.4344134,46.6275037],[15.4331551,46.6283496],[15.4325396,46.6301672],[15.4334801,46.6311879],[15.4320189,46.6320737],[15.4322675,46.6332395],[15.4283425,46.6370367],[15.4245951,46.6375757],[15.4226952,46.6385016],[15.4203879,46.6406569],[15.4180729,46.6414411],[15.4126798,46.640723],[15.4104159,46.6429423],[15.411376,46.6440071],[15.4112632,46.6464972],[15.4093171,46.6469028],[15.4076911,46.6482652],[15.406388,46.6509153],[15.4028455,46.6524266],[15.4020286,46.65356],[15.3981319,46.6532835],[15.393776,46.6520737],[15.3910299,46.652199],[15.3889729,46.6529267],[15.3834427,46.6515096],[15.3805652,46.6522874],[15.3759068,46.6518878],[15.3743581,46.6504686],[15.3723024,46.6497429],[15.3701177,46.6498939],[15.3681374,46.6512959],[15.3649388,46.6509916],[15.3557247,46.6514507],[15.3553781,46.6536354],[15.3537446,46.6549884],[15.3509297,46.6546499],[15.3471664,46.6534239],[15.3464907,46.6525356],[15.3441999,46.6513685],[15.3411421,46.6508703],[15.3377806,46.6531692],[15.3338533,46.6531533],[15.3313025,46.6523677],[15.328429,46.6532408],[15.323739,46.6504074],[15.3206589,46.6478864],[15.3186745,46.6478535],[15.3155428,46.6490768],[15.3146532,46.6502431],[15.3113184,46.6521396],[15.3059243,46.6529672],[15.3015843,46.6532537],[15.2934427,46.6522114],[15.2914678,46.6504872],[15.2885562,46.649006],[15.2840853,46.6479542],[15.2822408,46.6452239],[15.279658,46.6446731],[15.2768114,46.6435725],[15.2729537,46.6441844],[15.270385,46.6439174],[15.2678543,46.644738],[15.2639059,46.6444867],[15.2625326,46.6447176],[15.2575569,46.643544],[15.2537789,46.6422978],[15.2489387,46.6420646],[15.2473992,46.641715],[15.2439962,46.6417687],[15.2413507,46.6400711],[15.2359047,46.6393885],[15.229426,46.64192],[15.2242935,46.6434416],[15.2180599,46.6422148],[15.2163061,46.6432048],[15.2137277,46.6437989],[15.2090357,46.6439456],[15.2061584,46.6452075],[15.2036037,46.6454194],[15.2019871,46.6449494],[15.1973592,46.6457382],[15.192255,46.6484162],[15.1908157,46.651123],[15.1893489,46.6527811],[15.1864025,46.6536163],[15.1826486,46.6560254],[15.1811345,46.6562722],[15.1774562,46.6552797],[15.1746753,46.6555499],[15.1732072,46.6542136],[15.1693748,46.6538426],[15.1667067,46.6541765],[15.1645434,46.6573036],[15.1623693,46.6577795],[15.1585694,46.6563221],[15.1549497,46.6558562],[15.152628,46.6582407],[15.1504719,46.6583141],[15.1481459,46.6592533],[15.1452996,46.6598073],[15.1432062,46.6594153],[15.142213,46.6571702],[15.1401931,46.6563863],[15.1378523,46.6577679],[15.1337947,46.6562624],[15.1332214,46.6538899],[15.1322485,46.6533868],[15.1320743,46.6516562],[15.1311451,46.6505594],[15.1285654,46.6500113],[15.126336,46.6509946],[15.1265564,46.6516643],[15.1247617,46.6539956],[15.1198569,46.6546049],[15.1185756,46.6544049],[15.1157559,46.6550693],[15.114969,46.656321],[15.1162817,46.6569182],[15.1132596,46.6581022],[15.110637,46.6596674],[15.1072858,46.659619],[15.1064571,46.658504],[15.1027825,46.6567591],[15.1003112,46.6559735],[15.1001734,46.6548025],[15.0974445,46.6528947],[15.0925664,46.652945],[15.0889276,46.6522943],[15.089047,46.6514],[15.0851043,46.6483109],[15.0824037,46.6451467],[15.0879492,46.6425014],[15.0918267,46.6410738],[15.0912414,46.6402918],[15.0918787,46.6386933],[15.0913475,46.6377659],[15.093062,46.6341281],[15.0923702,46.6329523],[15.0893736,46.6334783],[15.0889952,46.6323124],[15.0905498,46.6298127],[15.092165,46.6283149],[15.0942087,46.6246408],[15.0950563,46.6238022],[15.0966701,46.6197994],[15.0968151,46.6181138],[15.0979767,46.616489],[15.1014274,46.6141191],[15.1026432,46.6118028],[15.1016704,46.6103565],[15.1020121,46.6087842],[15.1032354,46.6084018],[15.1038669,46.6056053],[15.108495,46.6064287],[15.1114399,46.6060036],[15.1173771,46.6038619],[15.122414,46.5970778],[15.1259839,46.5949973],[15.1277317,46.5943556],[15.1263999,46.5926217],[15.1231419,46.5915625],[15.1200556,46.5930188],[15.1186478,46.5945039],[15.1169882,46.5939325],[15.1161598,46.595803],[15.1129692,46.5958122],[15.1105488,46.5938273],[15.1103846,46.5921178],[15.1111765,46.5909682],[15.108745,46.5895611],[15.1084467,46.5874012],[15.1104763,46.5847626],[15.1039925,46.5835968],[15.1011185,46.5820559],[15.1025447,46.581697],[15.1045073,46.5789737],[15.1037804,46.5772422],[15.1061156,46.5745665],[15.106095,46.572704],[15.109188,46.5714731],[15.1086106,46.5696169],[15.1089023,46.5677264],[15.1077507,46.5661086],[15.1040182,46.5647208],[15.1043353,46.5620452],[15.1061563,46.5602731],[15.1100265,46.559183],[15.1139262,46.556918],[15.1144464,46.5561429],[15.1178633,46.5553525],[15.1205686,46.5557408],[15.1229686,46.5543808],[15.1251328,46.5537464],[15.1268513,46.5524283],[15.1272382,46.5509406],[15.1292556,46.5496734],[15.1329105,46.5492555],[15.1338932,46.5485396],[15.1366397,46.5481286],[15.1383966,46.5456619],[15.137386,46.5426169],[15.1382905,46.5413819],[15.138175,46.5398974],[15.1390374,46.5376141],[15.1380079,46.5366059],[15.1378451,46.5340998],[15.1369644,46.5324245],[15.1359285,46.5321487],[15.1341056,46.5297813],[15.1358303,46.5284319],[15.1379715,46.5278761],[15.1393781,46.5262644],[15.1397623,46.5248744],[15.144012,46.5240317],[15.149082,46.5242993],[15.1505778,46.523849],[15.1514225,46.5210313],[15.1538742,46.5201244],[15.1555007,46.5189617],[15.1613891,46.5185992],[15.1667872,46.5214012],[15.1691183,46.5218955],[15.1712017,46.5203669],[15.174777,46.5171168],[15.1769771,46.5159811],[15.1802702,46.5156551],[15.1881968,46.513888],[15.1900997,46.5108283],[15.1910432,46.5083478],[15.1980725,46.5065909],[15.2024525,46.5061252],[15.2085096,46.5043169],[15.2113479,46.5030861],[15.2134089,46.5017617],[15.2148485,46.4996461],[15.2170716,46.4977333],[15.2181362,46.4948201],[15.2223219,46.4912265],[15.2261602,46.4906764],[15.2285391,46.4897009],[15.2313569,46.4876403],[15.2336517,46.486742],[15.2365664,46.4869557],[15.2372578,46.4874741],[15.2411336,46.4880866],[15.2421492,46.4889832],[15.2477341,46.4909288],[15.2500697,46.4922351],[15.2537541,46.4957848],[15.2561229,46.496141],[15.2637389,46.4942],[15.2668434,46.492756],[15.2676326,46.4938178],[15.2708623,46.4936015],[15.2744986,46.4915088],[15.2805147,46.4905183],[15.2836306,46.4909768],[15.2873129,46.4922724],[15.290565,46.4941318],[15.2931403,46.4944912],[15.2946284,46.4940782],[15.296846,46.491966],[15.2972114,46.490297],[15.2984941,46.4899182],[15.303031,46.4901551],[15.3048561,46.4906044],[15.3064868,46.4901486],[15.3087659,46.4905908],[15.3112071,46.4902278]]],[[[14.9544138,46.455603],[14.9532243,46.4570322],[14.9545722,46.4610041],[14.9570613,46.4625205],[14.9570651,46.4644702],[14.9584074,46.4679359],[14.9606901,46.4683161],[14.9633197,46.4695908],[14.9648356,46.4712582],[14.9649115,46.4725354],[14.9660528,46.4741441],[14.9641413,46.4746923],[14.9630715,46.4768199],[14.9641945,46.4792786],[14.9655076,46.4807047],[14.965821,46.4820899],[14.9651146,46.4843816],[14.9673314,46.4851332],[14.9693306,46.4873464],[14.9773727,46.4890004],[14.9790369,46.4885348],[14.9879316,46.4899003],[14.9927169,46.4934572],[14.992541,46.4973281],[14.9927995,46.4995022],[14.9972497,46.4995666],[15.0026549,46.499165],[15.002647,46.5004562],[15.0045888,46.5024542],[15.0050363,46.5057385],[15.0059865,46.5075166],[15.0047575,46.5108466],[15.0053293,46.5142553],[15.0079351,46.5130303],[15.0082127,46.5159124],[15.0074819,46.5180434],[15.0085848,46.5184176],[15.0090784,46.5198611],[15.0075921,46.5214788],[15.0076875,46.5231499],[15.0067467,46.5242565],[15.0085228,46.5265638],[15.0083662,46.528071],[15.0072798,46.5291286],[15.0044135,46.5302479],[15.0029521,46.5338041],[15.005104,46.5394717],[15.0077601,46.541029],[15.0095405,46.5445769],[15.010623,46.5464024],[15.0126851,46.5471396],[15.0118131,46.5493365],[15.0149182,46.5521615],[15.0146991,46.5529664],[15.0119997,46.555286],[15.0113935,46.5578997],[15.0119692,46.5606333],[15.011518,46.5642245],[15.0107083,46.5665188],[15.0077979,46.5644529],[15.0041555,46.5628938],[15.0029404,46.5646053],[15.0011167,46.565838],[14.9979271,46.5663849],[14.9991067,46.5682518],[14.9987826,46.5696378],[14.9970696,46.5717017],[14.9915452,46.5711545],[14.990516,46.5724441],[14.9875825,46.5721308],[14.9835999,46.573461],[14.9818488,46.5733013],[14.9762878,46.5746241],[14.9776184,46.5779412],[14.9732829,46.5772268],[14.9704222,46.5786104],[14.9683485,46.5791635],[14.9668144,46.5824119],[14.9658204,46.583212],[14.9641001,46.5859919],[14.9632368,46.5864988],[14.9624932,46.5891391],[14.963804,46.591113],[14.964923,46.5903455],[14.9677405,46.5932293],[14.9662449,46.5945089],[14.9633957,46.596147],[14.9603479,46.5948545],[14.9602397,46.592489],[14.9581673,46.5929532],[14.956039,46.5924012],[14.9521054,46.5924749],[14.9518849,46.5935987],[14.9504427,46.5946583],[14.9468314,46.5943135],[14.9455693,46.5934435],[14.9442063,46.5913489],[14.9420329,46.5921467],[14.9383152,46.5944845],[14.9375109,46.5953606],[14.9396799,46.596479],[14.9381019,46.5982789],[14.9365412,46.5971695],[14.932473,46.599322],[14.931493,46.6009794],[14.9276845,46.6024768],[14.9265799,46.6071824],[14.9247632,46.6082787],[14.9220777,46.6078807],[14.9217438,46.6067741],[14.9229972,46.6048852],[14.9230449,46.6032526],[14.9188956,46.6019064],[14.9166257,46.6050821],[14.9141736,46.6061379],[14.9135536,46.6045086],[14.9114077,46.604035],[14.9095517,46.6049935],[14.9060466,46.6052497],[14.9047969,46.6058986],[14.9035016,46.6078097],[14.9020961,46.6079698],[14.9002023,46.6095286],[14.9010322,46.6107516],[14.899414,46.6117197],[14.8969458,46.6102168],[14.8941957,46.6107457],[14.889947,46.6124789],[14.8866222,46.6127448],[14.8843956,46.6117573],[14.880896,46.6112613],[14.8799381,46.6092248],[14.8777092,46.6081528],[14.8741409,46.6084043],[14.8729855,46.607527],[14.8704643,46.6072642],[14.8670618,46.6044033],[14.8664461,46.602219],[14.8667999,46.6001155],[14.8675818,46.5994143],[14.8665702,46.5967113],[14.8648628,46.5947783],[14.8646531,46.593395],[14.8614896,46.5939024],[14.8579792,46.5930797],[14.8570977,46.5916343],[14.8558502,46.5867972],[14.8547091,46.5848635],[14.8521495,46.5825422],[14.8520422,46.5806406],[14.8481713,46.5798308],[14.8438146,46.5771094],[14.8438657,46.5758348],[14.8402583,46.5727708],[14.8398625,46.5712851],[14.8380064,46.5690848],[14.837917,46.5680005],[14.8393708,46.567325],[14.8355064,46.5650625],[14.8345143,46.5632227],[14.8375051,46.5608111],[14.8380165,46.5580833],[14.8366444,46.555774],[14.8342576,46.5533133],[14.8345916,46.5522623],[14.8319772,46.5511776],[14.8323263,46.5486786],[14.8313255,46.547941],[14.8291058,46.5486013],[14.8275289,46.5478318],[14.8260651,46.5480593],[14.8252498,46.5466839],[14.8230521,46.5459151],[14.8230246,46.5432412],[14.826037,46.542864],[14.8285923,46.5418282],[14.830364,46.539844],[14.8298631,46.5385569],[14.8271467,46.5371939],[14.8261064,46.5361783],[14.8227785,46.5351871],[14.8226381,46.5324765],[14.8238875,46.5305803],[14.8251676,46.5300219],[14.822541,46.5272607],[14.8217768,46.5243407],[14.8177891,46.5222613],[14.8177358,46.5205976],[14.8190951,46.5195168],[14.8181162,46.5173241],[14.8182384,46.5153729],[14.8191461,46.5134051],[14.8192406,46.5110573],[14.8186159,46.5093933],[14.8146212,46.5081659],[14.8128268,46.5083959],[14.8111971,46.5077526],[14.8065387,46.5077051],[14.8022683,46.5059119],[14.7988214,46.5041417],[14.7945459,46.5035405],[14.7889626,46.5007495],[14.784386,46.4994916],[14.7830693,46.5010446],[14.7809362,46.501438],[14.7797913,46.5004101],[14.7774025,46.5030625],[14.7768317,46.5045988],[14.7729827,46.503888],[14.7688997,46.5045848],[14.7613999,46.5040104],[14.7588227,46.5040959],[14.7554744,46.5018801],[14.7530322,46.5007377],[14.7483436,46.4976025],[14.7471129,46.4992843],[14.7472927,46.500778],[14.7461306,46.5010735],[14.7451342,46.503238],[14.7437395,46.5034873],[14.7412921,46.5051977],[14.7376858,46.5031122],[14.7368304,46.5017749],[14.7362856,46.499096],[14.7340656,46.4962264],[14.7310063,46.493907],[14.7297618,46.49168],[14.7278895,46.4911542],[14.7277225,46.4927768],[14.7249767,46.4944572],[14.7218667,46.4982259],[14.7147699,46.4999512],[14.7132812,46.4949241],[14.7105931,46.4926519],[14.7117816,46.4913278],[14.711294,46.4872516],[14.7098072,46.4840579],[14.7091777,46.4809516],[14.7044891,46.4801605],[14.7021228,46.4804177],[14.701383,46.4781469],[14.6978937,46.4746424],[14.6995953,46.4722188],[14.7015058,46.4710521],[14.7012095,46.4688152],[14.7023786,46.4673138],[14.6991304,46.463598],[14.6975842,46.4644892],[14.692986,46.4638141],[14.6893473,46.4644172],[14.6865702,46.4654453],[14.6832075,46.4679008],[14.6804709,46.4653964],[14.6786344,46.4627134],[14.6756994,46.461586],[14.676309,46.4604686],[14.6792364,46.4579935],[14.6766692,46.4549996],[14.674876,46.4507837],[14.6782416,46.4493344],[14.6800876,46.4492023],[14.6819074,46.4500601],[14.6857199,46.4495324],[14.6879234,46.4482622],[14.690646,46.4479773],[14.691908,46.44871],[14.6935236,46.4482884],[14.6986202,46.4481687],[14.7035931,46.4483968],[14.7059514,46.4491133],[14.7085252,46.4490046],[14.7107354,46.4496491],[14.7149354,46.4488292],[14.7166327,46.4488157],[14.7181003,46.449638],[14.7212119,46.4496685],[14.7236418,46.4450077],[14.7262527,46.4444438],[14.7283737,46.4449482],[14.7318086,46.4449751],[14.7355398,46.4422442],[14.7367512,46.4424127],[14.737557,46.4407465],[14.7390522,46.4397622],[14.7398354,46.4357655],[14.7415405,46.4343495],[14.7442043,46.4336811],[14.7452798,46.4307308],[14.7469027,46.4285315],[14.7474541,46.4249475],[14.7489402,46.4228704],[14.7503069,46.4226025],[14.7519021,46.4201192],[14.7531406,46.4190457],[14.7554594,46.4188138],[14.7567159,46.4204982],[14.7584773,46.4212835],[14.7608279,46.421463],[14.7632586,46.4225997],[14.7639345,46.4254381],[14.7630591,46.4265493],[14.7637211,46.4287922],[14.765432,46.4304727],[14.767735,46.43148],[14.7726781,46.4320767],[14.776355,46.4294142],[14.7768518,46.4280523],[14.7788533,46.4271883],[14.7813117,46.4274234],[14.7862314,46.4293541],[14.7884307,46.4277265],[14.7909221,46.425254],[14.7947074,46.424742],[14.8002487,46.4229835],[14.8016467,46.4233504],[14.8059439,46.4226006],[14.8075531,46.4228016],[14.8108308,46.4217835],[14.8137949,46.4231858],[14.8188,46.4236389],[14.8204944,46.4231324],[14.8241256,46.4228319],[14.8273953,46.4245273],[14.8329593,46.4237376],[14.8360524,46.4238072],[14.8410892,46.4215799],[14.8420445,46.419631],[14.8458939,46.417822],[14.8496399,46.4174889],[14.8506997,46.4186475],[14.8530813,46.4194153],[14.8568967,46.4189164],[14.8598978,46.4193043],[14.8619109,46.4201831],[14.8663769,46.4202765],[14.867777,46.4209128],[14.8710372,46.4207751],[14.8738678,46.4199239],[14.877369,46.4196173],[14.8813695,46.4198585],[14.8860853,46.4199065],[14.8880376,46.4206121],[14.8925969,46.4199115],[14.8957768,46.4202078],[14.8977479,46.4219219],[14.9011769,46.4233431],[14.903683,46.4265608],[14.9063122,46.4264237],[14.9072925,46.4281641],[14.9097762,46.4298517],[14.9116763,46.4328733],[14.9153279,46.4330022],[14.9165611,46.4337454],[14.9238673,46.4334809],[14.9265481,46.4322794],[14.928497,46.4329507],[14.9345902,46.432339],[14.9383309,46.433199],[14.940585,46.4345395],[14.9438997,46.433985],[14.9443853,46.4355862],[14.9461153,46.4373787],[14.9462226,46.4391669],[14.9453843,46.4407954],[14.9483,46.4406027],[14.9512521,46.4412362],[14.954843,46.4414679],[14.9574763,46.4430283],[14.9623426,46.4442728],[14.9613488,46.4459568],[14.9578019,46.4484421],[14.9582323,46.4521618],[14.9544138,46.455603]]],[[[15.1040182,46.5647208],[15.1039232,46.5659231],[15.0988183,46.564921],[15.0947294,46.5645249],[15.0919313,46.5617217],[15.0890836,46.5607315],[15.0850193,46.5615478],[15.0796877,46.5590632],[15.0783845,46.559144],[15.0743296,46.5580548],[15.0714097,46.5593617],[15.0688015,46.5593844],[15.0657215,46.5580145],[15.0633909,46.5574275],[15.0618687,46.5559875],[15.0586259,46.5543479],[15.0544271,46.5529142],[15.0526303,46.552643],[15.0499363,46.5508628],[15.0517759,46.5497554],[15.0544037,46.5489851],[15.0561796,46.5475615],[15.0584699,46.5467591],[15.0593413,46.5455823],[15.0639166,46.5425001],[15.0643471,46.5415568],[15.0641429,46.5386127],[15.0654901,46.5373891],[15.068047,46.5377309],[15.0685974,46.5365189],[15.067788,46.535421],[15.0650673,46.5362122],[15.0607355,46.5338185],[15.0603473,46.5353257],[15.0584469,46.5348342],[15.0561924,46.5385118],[15.0594408,46.5397055],[15.0598161,46.54034],[15.0562076,46.5412771],[15.0553477,46.5422076],[15.0525768,46.5436404],[15.0522779,46.5447636],[15.0483029,46.5468689],[15.046038,46.5455667],[15.0473436,46.5433128],[15.0436411,46.5421474],[15.0427305,46.5388287],[15.0403675,46.5377238],[15.0383971,46.5380463],[15.0371013,46.5372423],[15.0387864,46.53618],[15.0385209,46.5345078],[15.0357519,46.5346856],[15.0346805,46.5354075],[15.0348634,46.5367518],[15.0332634,46.5381716],[15.0312686,46.5386474],[15.0314611,46.5368247],[15.0304021,46.5353595],[15.0331442,46.5318914],[15.0328314,46.5307873],[15.028793,46.5307213],[15.0260768,46.5314567],[15.0231877,46.5340195],[15.0209097,46.5354852],[15.0193892,46.5358177],[15.0191008,46.5380343],[15.0181496,46.5398937],[15.0158087,46.5411234],[15.0147168,46.5428949],[15.012891,46.543235],[15.0095405,46.5445769],[15.0077601,46.541029],[15.005104,46.5394717],[15.0029521,46.5338041],[15.0044135,46.5302479],[15.0072798,46.5291286],[15.0083662,46.528071],[15.0085228,46.5265638],[15.0067467,46.5242565],[15.0076875,46.5231499],[15.0075921,46.5214788],[15.0090784,46.5198611],[15.0085848,46.5184176],[15.0074819,46.5180434],[15.0082127,46.5159124],[15.0079351,46.5130303],[15.0053293,46.5142553],[15.0047575,46.5108466],[15.0059865,46.5075166],[15.0050363,46.5057385],[15.0045888,46.5024542],[15.002647,46.5004562],[15.0026549,46.499165],[14.9972497,46.4995666],[14.9927995,46.4995022],[14.992541,46.4973281],[14.9927169,46.4934572],[14.9879316,46.4899003],[14.9790369,46.4885348],[14.9773727,46.4890004],[14.9693306,46.4873464],[14.9673314,46.4851332],[14.9651146,46.4843816],[14.965821,46.4820899],[14.9655076,46.4807047],[14.9641945,46.4792786],[14.9630715,46.4768199],[14.9641413,46.4746923],[14.9660528,46.4741441],[14.9649115,46.4725354],[14.9648356,46.4712582],[14.9633197,46.4695908],[14.9606901,46.4683161],[14.9584074,46.4679359],[14.9570651,46.4644702],[14.9570613,46.4625205],[14.9545722,46.4610041],[14.9532243,46.4570322],[14.9544138,46.455603],[14.9590781,46.4559314],[14.9613987,46.4555634],[14.9636984,46.4534715],[14.9657559,46.452316],[14.9686763,46.451607],[14.9724791,46.4514653],[14.9757591,46.4520482],[14.9823471,46.4495734],[14.986529,46.4468738],[14.9895705,46.4455784],[14.9928054,46.4448885],[14.9960128,46.4428105],[15.0000911,46.442272],[15.0046906,46.4408121],[15.0057881,46.4387614],[15.0094772,46.4380769],[15.0103165,46.4385996],[15.0162662,46.4402505],[15.0232132,46.4390592],[15.0288387,46.439593],[15.0347404,46.4377669],[15.0390266,46.4361828],[15.0438332,46.4356401],[15.0457048,46.435874],[15.0505045,46.4352479],[15.0534757,46.4354359],[15.0560816,46.4347823],[15.0614622,46.4339858],[15.0646038,46.4338443],[15.0669417,46.4332329],[15.0677493,46.4323991],[15.0712612,46.4310296],[15.0725792,46.4310005],[15.0773264,46.429387],[15.0781277,46.4285327],[15.0801645,46.4283273],[15.0850922,46.4254211],[15.088217,46.423302],[15.0893538,46.4236215],[15.0897583,46.4250632],[15.0875353,46.4300057],[15.0877518,46.4317283],[15.0886695,46.432975],[15.0908873,46.4345579],[15.0929783,46.4340912],[15.0985057,46.4319751],[15.0998828,46.4307987],[15.1013234,46.4306109],[15.1030639,46.4294793],[15.1063939,46.4285838],[15.1092629,46.4283848],[15.1110576,46.4290344],[15.1128317,46.4274515],[15.1154344,46.4268142],[15.1183421,46.4273491],[15.118836,46.424698],[15.1179153,46.4208077],[15.121447,46.4212014],[15.1233227,46.4177368],[15.1232669,46.4158678],[15.1238846,46.4139167],[15.1250324,46.4138251],[15.1290688,46.4118501],[15.1301018,46.4107066],[15.1358852,46.4088258],[15.1372971,46.4079358],[15.1408111,46.4077102],[15.1419573,46.4068757],[15.1447985,46.4087595],[15.1472485,46.4077473],[15.147855,46.4058423],[15.1468374,46.4043006],[15.1476386,46.4026239],[15.1544556,46.4030838],[15.156762,46.4021153],[15.1561557,46.404889],[15.1563911,46.4070151],[15.1572751,46.4078353],[15.1616835,46.407957],[15.166244,46.4105164],[15.1701115,46.4084096],[15.1752862,46.4096258],[15.1769205,46.4107756],[15.1783015,46.4107452],[15.1803499,46.4085142],[15.1790321,46.4071704],[15.1795777,46.4058176],[15.1787708,46.4048769],[15.1802132,46.4035687],[15.1788123,46.4029293],[15.1769978,46.4007091],[15.1774871,46.3993679],[15.1761296,46.3979978],[15.1721286,46.3957277],[15.1709079,46.3943836],[15.1724146,46.3905473],[15.1766354,46.3897107],[15.1809681,46.3884103],[15.1848739,46.3877312],[15.1875875,46.386669],[15.1907593,46.3873585],[15.1944897,46.3873072],[15.20066,46.3881975],[15.2041182,46.3882974],[15.207007,46.3888917],[15.2142138,46.3890248],[15.2165026,46.3888507],[15.2250148,46.3893394],[15.2276268,46.3900773],[15.2340088,46.3904066],[15.2331555,46.393519],[15.231261,46.3938267],[15.2315238,46.3971935],[15.2358228,46.3967313],[15.2372415,46.3989854],[15.2394844,46.3996657],[15.2435,46.4038732],[15.2455177,46.4046912],[15.2465924,46.4073505],[15.2476977,46.4077601],[15.2471927,46.4092303],[15.2479921,46.4108171],[15.2500166,46.4104195],[15.2530801,46.4124035],[15.253984,46.4123714],[15.2548712,46.4143801],[15.2527607,46.4180227],[15.2549759,46.4202333],[15.2567578,46.4214604],[15.2558094,46.4244583],[15.2554755,46.4271187],[15.2591082,46.4304532],[15.2592672,46.4334682],[15.2610133,46.4343447],[15.2619987,46.43596],[15.2644189,46.4367283],[15.2664672,46.4391986],[15.2661131,46.4414966],[15.2693601,46.4442191],[15.2716004,46.4450291],[15.2763301,46.4440701],[15.2822461,46.4447036],[15.2915931,46.4472435],[15.2940644,46.4490368],[15.3007689,46.4482226],[15.3035325,46.4483699],[15.3189961,46.4482859],[15.3213769,46.4497401],[15.3234136,46.4504397],[15.3276324,46.4541711],[15.3280421,46.4560636],[15.3266982,46.4579768],[15.3233707,46.4590102],[15.3196533,46.462165],[15.3173946,46.4626478],[15.3141566,46.4661912],[15.3122981,46.4688985],[15.3104585,46.4735645],[15.3108794,46.4759346],[15.309933,46.4784256],[15.3102054,46.48021],[15.3140119,46.4794699],[15.3152246,46.4813739],[15.315865,46.4834452],[15.3130521,46.4871585],[15.3112071,46.4902278],[15.3087659,46.4905908],[15.3064868,46.4901486],[15.3048561,46.4906044],[15.303031,46.4901551],[15.2984941,46.4899182],[15.2972114,46.490297],[15.296846,46.491966],[15.2946284,46.4940782],[15.2931403,46.4944912],[15.290565,46.4941318],[15.2873129,46.4922724],[15.2836306,46.4909768],[15.2805147,46.4905183],[15.2744986,46.4915088],[15.2708623,46.4936015],[15.2676326,46.4938178],[15.2668434,46.492756],[15.2637389,46.4942],[15.2561229,46.496141],[15.2537541,46.4957848],[15.2500697,46.4922351],[15.2477341,46.4909288],[15.2421492,46.4889832],[15.2411336,46.4880866],[15.2372578,46.4874741],[15.2365664,46.4869557],[15.2336517,46.486742],[15.2313569,46.4876403],[15.2285391,46.4897009],[15.2261602,46.4906764],[15.2223219,46.4912265],[15.2181362,46.4948201],[15.2170716,46.4977333],[15.2148485,46.4996461],[15.2134089,46.5017617],[15.2113479,46.5030861],[15.2085096,46.5043169],[15.2024525,46.5061252],[15.1980725,46.5065909],[15.1910432,46.5083478],[15.1900997,46.5108283],[15.1881968,46.513888],[15.1802702,46.5156551],[15.1769771,46.5159811],[15.174777,46.5171168],[15.1712017,46.5203669],[15.1691183,46.5218955],[15.1667872,46.5214012],[15.1613891,46.5185992],[15.1555007,46.5189617],[15.1538742,46.5201244],[15.1514225,46.5210313],[15.1505778,46.523849],[15.149082,46.5242993],[15.144012,46.5240317],[15.1397623,46.5248744],[15.1393781,46.5262644],[15.1379715,46.5278761],[15.1358303,46.5284319],[15.1341056,46.5297813],[15.1359285,46.5321487],[15.1369644,46.5324245],[15.1378451,46.5340998],[15.1380079,46.5366059],[15.1390374,46.5376141],[15.138175,46.5398974],[15.1382905,46.5413819],[15.137386,46.5426169],[15.1383966,46.5456619],[15.1366397,46.5481286],[15.1338932,46.5485396],[15.1329105,46.5492555],[15.1292556,46.5496734],[15.1272382,46.5509406],[15.1268513,46.5524283],[15.1251328,46.5537464],[15.1229686,46.5543808],[15.1205686,46.5557408],[15.1178633,46.5553525],[15.1144464,46.5561429],[15.1139262,46.556918],[15.1100265,46.559183],[15.1061563,46.5602731],[15.1043353,46.5620452],[15.1040182,46.5647208]]]]},"properties":{"name":"Windischgraz (Slovenj Gradec)","code":"SG"}},
{"type":"Feature","geometry":{"type":"MultiPolygon","coordinates":[[[[15.8061385,46.6976811],[15.8084667,46.6980468],[15.8104893,46.6998417],[15.8136947,46.7012134],[15.8155631,46.7004018],[15.8185134,46.6962471],[15.8196698,46.6952246],[15.8201877,46.6936025],[15.8243904,46.69081],[15.8259036,46.6887499],[15.8243377,46.6885747],[15.8209552,46.6871472],[15.8196185,46.6836398],[15.8221671,46.6830952],[15.8238676,46.6819212],[15.8255309,46.6791809],[15.8278415,46.6787233],[15.8340095,46.6787475],[15.8345998,46.6795381],[15.8369291,46.6782014],[15.8380794,46.675864],[15.8391418,46.6749579],[15.8399652,46.6720803],[15.8434626,46.6703859],[15.84565,46.6697861],[15.8476355,46.671085],[15.8505187,46.6707729],[15.8520988,46.6682167],[15.8542982,46.6681967],[15.8547271,46.6693442],[15.856896,46.6694055],[15.8600377,46.6667798],[15.8618027,46.6687649],[15.863676,46.6686512],[15.8647577,46.667693],[15.8660456,46.6646056],[15.8669924,46.6644439],[15.8677984,46.6623758],[15.870472,46.6626433],[15.870883,46.6648216],[15.8721677,46.66425],[15.8737867,46.6651045],[15.8753776,46.6670367],[15.8800977,46.6659674],[15.8804891,46.664986],[15.8873661,46.664985],[15.8909398,46.6642157],[15.8898942,46.6619178],[15.8917169,46.6581138],[15.8925074,46.6571425],[15.892055,46.6551132],[15.8891192,46.6525611],[15.8869545,46.6478713],[15.8859779,46.6468133],[15.8857487,46.6451686],[15.8910796,46.6446507],[15.8919314,46.6421581],[15.8935704,46.6415016],[15.8971526,46.6416786],[15.8989499,46.6408548],[15.9017404,46.6419623],[15.904548,46.6408343],[15.905732,46.6394697],[15.9059713,46.6381005],[15.9096525,46.6376004],[15.9158605,46.6382336],[15.9160801,46.639506],[15.9174309,46.6408542],[15.9199225,46.6410048],[15.9225943,46.6397107],[15.9244972,46.6395699],[15.9262738,46.6384557],[15.9313489,46.6390751],[15.9338954,46.6400054],[15.934889,46.6387155],[15.9337239,46.6368567],[15.9340811,46.6355879],[15.9320388,46.6351419],[15.9288273,46.6329298],[15.9285915,46.6306206],[15.9266908,46.6307465],[15.9218013,46.6300927],[15.9213372,46.6287328],[15.9224829,46.6271581],[15.9212894,46.6260263],[15.9181978,46.6244815],[15.916143,46.6240079],[15.9122639,46.6242756],[15.9106699,46.6249385],[15.9085226,46.6247884],[15.9064819,46.6233395],[15.9057318,46.6217475],[15.9064755,46.6206889],[15.9080578,46.6202297],[15.9085172,46.6177093],[15.9096568,46.6164995],[15.9120883,46.6154667],[15.9114898,46.613045],[15.9105628,46.6114057],[15.9117676,46.6103459],[15.9114694,46.6082442],[15.9124373,46.6062213],[15.9161954,46.6022835],[15.918343,46.6008647],[15.9208276,46.598381],[15.9231351,46.5972649],[15.9232861,46.5960981],[15.9251442,46.5955798],[15.9285368,46.5958547],[15.9322918,46.5950461],[15.935987,46.5929906],[15.9387658,46.5929877],[15.9402337,46.5908595],[15.9439213,46.5896856],[15.9443927,46.5888433],[15.9489767,46.5874397],[15.9525621,46.5867344],[15.9555628,46.5871031],[15.9568151,46.5881073],[15.9597123,46.588505],[15.9626225,46.5878773],[15.9660255,46.5881268],[15.972562,46.5863308],[15.9739993,46.5854155],[15.9742546,46.5840988],[15.9733983,46.5828503],[15.9728216,46.5783793],[15.9736583,46.5766814],[15.9729403,46.5740257],[15.9708077,46.5726772],[15.9696832,46.5701796],[15.9683783,46.5686605],[15.9648056,46.5667845],[15.9638748,46.5654899],[15.9655416,46.5629191],[15.967095,46.558317],[15.966256,46.5569097],[15.970627,46.5542837],[15.973489,46.554142],[15.9754306,46.5533434],[15.9778161,46.5516827],[15.9762844,46.5503705],[15.9810634,46.5463878],[15.9823812,46.5456067],[15.9828312,46.5440426],[15.988186,46.5404571],[15.9886403,46.5394106],[15.9889192,46.5351642],[15.9909608,46.5333282],[15.995723,46.531261],[15.9972463,46.5299882],[15.9988221,46.5297943],[15.9998888,46.5269642],[16.0018329,46.5243683],[16.0022101,46.5219407],[16.0019916,46.5197073],[16.0031134,46.5182132],[16.0076018,46.5156325],[16.0116109,46.512837],[16.0144369,46.5128615],[16.0169463,46.5150116],[16.0176318,46.5172529],[16.017198,46.5204712],[16.0194822,46.5216129],[16.0197145,46.5261844],[16.0222819,46.5275797],[16.023641,46.5297687],[16.0217785,46.5306326],[16.0182347,46.531255],[16.0199783,46.5325097],[16.0214628,46.534542],[16.0244203,46.5346588],[16.0282069,46.5380044],[16.028612,46.5393019],[16.0305422,46.5389476],[16.0303412,46.5403912],[16.0332769,46.5439841],[16.0328512,46.5476867],[16.0383868,46.5460916],[16.0413069,46.5459134],[16.0422352,46.5450997],[16.0488585,46.5442938],[16.0495077,46.5430042],[16.053681,46.5421279],[16.0559224,46.5409542],[16.0620156,46.5406142],[16.0654767,46.5409664],[16.0702302,46.5406718],[16.0708356,46.5430234],[16.0703657,46.5478177],[16.06944,46.5538314],[16.068192,46.5555895],[16.0713052,46.5584695],[16.070786,46.5602487],[16.0713607,46.5632646],[16.0748772,46.5638214],[16.0758032,46.5635111],[16.0779956,46.5645913],[16.082694,46.5643871],[16.0849029,46.5627621],[16.0859095,46.5634977],[16.0873954,46.5671096],[16.089648,46.5691046],[16.0887776,46.5703043],[16.0850802,46.5722228],[16.0823618,46.5730872],[16.0814065,46.5741077],[16.0811073,46.5759247],[16.0822779,46.5766546],[16.0826696,46.579284],[16.0813253,46.5808056],[16.0824545,46.583772],[16.0807563,46.5858108],[16.078904,46.586989],[16.0741128,46.5930918],[16.0737377,46.5948547],[16.0780306,46.597651],[16.0830279,46.60189],[16.0908913,46.6067553],[16.0938067,46.607151],[16.1004995,46.6060488],[16.1018377,46.6067524],[16.1088333,46.6076348],[16.1082581,46.6104234],[16.104581,46.6125807],[16.0907232,46.621283],[16.0893395,46.6223131],[16.0783773,46.629261],[16.0773507,46.6304871],[16.0759685,46.6306939],[16.0708461,46.6333277],[16.0663964,46.634916],[16.0649149,46.6363993],[16.055137,46.6412536],[16.0455298,46.6457767],[16.0451076,46.6475827],[16.0419763,46.6475462],[16.0361017,46.6502839],[16.0357266,46.6510667],[16.0380863,46.6561379],[16.0366871,46.6568284],[16.0274463,46.6599023],[16.0240008,46.6617186],[16.0201962,46.662702],[16.0161528,46.6629282],[16.0128421,46.6638529],[16.0086378,46.6665143],[16.006269,46.6699217],[16.0049573,46.6741217],[16.0035627,46.676546],[16.0017594,46.6784355],[15.9983634,46.6805758],[15.9946362,46.6818481],[15.984987,46.6843369],[15.9823521,46.6847713],[15.965541,46.6866673],[15.9573688,46.6871898],[15.9511947,46.6879832],[15.9484131,46.6886374],[15.944291,46.6900971],[15.9415502,46.6914255],[15.9385346,46.693381],[15.9278007,46.7009649],[15.9203873,46.7059976],[15.9165564,46.7080958],[15.9116793,46.7100547],[15.9049906,46.7119317],[15.8944417,46.7135771],[15.891816,46.7142993],[15.8850166,46.7171839],[15.8808045,46.7186584],[15.8761055,46.7199427],[15.8704636,46.7210482],[15.8630432,46.7220018],[15.8561419,46.7223203],[15.8396983,46.7223819],[15.8360073,46.7222736],[15.8304626,46.7216535],[15.8216143,46.7200614],[15.8147718,46.7186164],[15.8038495,46.7160438],[15.7993591,46.7146699],[15.795413,46.7129025],[15.7866487,46.7075593],[15.7898717,46.7032507],[15.791934,46.7015069],[15.7937829,46.7015558],[15.7948699,46.6996347],[15.7987072,46.6977641],[15.7998978,46.696315],[15.8014786,46.6959054],[15.8061385,46.6976811]]],[[[16.238198,46.5539112],[16.2451549,46.5500875],[16.2576187,46.544426],[16.2589582,46.5434558],[16.2699784,46.5377432],[16.2705263,46.5369159],[16.2699803,46.5333342],[16.2724504,46.5318969],[16.2745619,46.5322869],[16.277866,46.5346236],[16.2830701,46.5329978],[16.283683,46.5332928],[16.2868377,46.5294544],[16.289614,46.5283588],[16.2942786,46.5279504],[16.2964235,46.5268129],[16.299259,46.5246707],[16.3032095,46.5239469],[16.3061337,46.524792],[16.3095894,46.5248276],[16.313064,46.5241483],[16.3172362,46.5250277],[16.3174101,46.526394],[16.3225955,46.5282942],[16.3239239,46.5291435],[16.3273981,46.5287046],[16.3330333,46.5300211],[16.3340736,46.5282462],[16.3362018,46.5271742],[16.3390002,46.5277795],[16.3425476,46.530221],[16.3421922,46.5328166],[16.3413985,46.5338749],[16.3419323,46.5353746],[16.3449856,46.537321],[16.3452826,46.5396046],[16.3440735,46.5411015],[16.3461854,46.5427604],[16.3486389,46.5426945],[16.3524641,46.5438545],[16.3540569,46.5435639],[16.3557518,46.5422101],[16.3552415,46.5384684],[16.3588193,46.5384698],[16.3583987,46.5409646],[16.3590224,46.5421031],[16.3568961,46.5439348],[16.3551894,46.5438476],[16.3526558,46.5447964],[16.351549,46.5458721],[16.3526968,46.5488851],[16.3548017,46.5486361],[16.3549136,46.5467064],[16.3563705,46.545023],[16.3595343,46.5449928],[16.3609767,46.5464481],[16.3655394,46.5463916],[16.3670513,46.5475037],[16.367096,46.5496407],[16.3657068,46.5527804],[16.3671076,46.5545333],[16.3692319,46.5547875],[16.3731395,46.5529008],[16.376263,46.5523851],[16.3803652,46.5523168],[16.3817876,46.5510331],[16.3812277,46.5489764],[16.3788519,46.5477857],[16.3757082,46.5472193],[16.371975,46.5476527],[16.3699276,46.5472824],[16.3689106,46.5453981],[16.3704218,46.5436448],[16.375783,46.5410904],[16.3805396,46.5406899],[16.3820584,46.5425478],[16.3845169,46.5420955],[16.3861118,46.5404303],[16.3869417,46.5360937],[16.3899907,46.5356576],[16.3928334,46.536163],[16.396345,46.5360411],[16.3970357,46.5375214],[16.4002636,46.5390731],[16.4026561,46.5393844],[16.4041257,46.5374851],[16.4037679,46.5349952],[16.4016307,46.5322406],[16.4040844,46.5301799],[16.4059489,46.5295272],[16.4068819,46.5268578],[16.4089559,46.5265575],[16.4113154,46.5274118],[16.4124063,46.5301986],[16.4104671,46.5309823],[16.409976,46.5340263],[16.4149548,46.5321413],[16.4181076,46.5288734],[16.4230537,46.5278619],[16.4254136,46.5278003],[16.4242072,46.5298071],[16.4245882,46.5317195],[16.426077,46.5326373],[16.4284274,46.5325412],[16.4307061,46.5305901],[16.4315689,46.5272216],[16.4350006,46.5268555],[16.4363697,46.5284631],[16.43972,46.526196],[16.4407026,46.5249912],[16.4378741,46.5229954],[16.4380894,46.5214478],[16.4374821,46.5194376],[16.4380429,46.5172319],[16.4406235,46.5150062],[16.442782,46.514599],[16.4488902,46.5158142],[16.4515714,46.5174435],[16.4568922,46.5173383],[16.4596388,46.5163849],[16.4612916,46.5194982],[16.4616086,46.5209078],[16.4636407,46.5215279],[16.4654316,46.5196858],[16.4643576,46.5180536],[16.4621735,46.5160275],[16.4616907,46.5144618],[16.4657643,46.5127873],[16.4661462,46.5153227],[16.4655184,46.5162872],[16.4678964,46.5178095],[16.4709769,46.5169561],[16.4712385,46.5142227],[16.4701013,46.5116583],[16.4703028,46.5105774],[16.4725163,46.5103789],[16.4728149,46.5113311],[16.4749145,46.5116228],[16.4770543,46.5126829],[16.4784146,46.5126899],[16.4799083,46.5116427],[16.4807536,46.5088679],[16.4882175,46.5082523],[16.4880812,46.5063631],[16.4853403,46.5031526],[16.4874508,46.5007455],[16.4909472,46.500129],[16.4929249,46.497549],[16.4957984,46.4966968],[16.4998095,46.4961018],[16.5088084,46.4953252],[16.5073079,46.4916562],[16.5093271,46.4914428],[16.5133707,46.4919861],[16.5152558,46.4926766],[16.5173588,46.4915594],[16.5183237,46.4901282],[16.5176874,46.4879804],[16.5161368,46.4860709],[16.5177871,46.4850131],[16.5175053,46.4837385],[16.5160131,46.4831949],[16.5156163,46.4813685],[16.5101041,46.4809436],[16.5105363,46.4798915],[16.5121983,46.4787487],[16.5177416,46.4776133],[16.5219004,46.4781849],[16.5241506,46.4799509],[16.5302757,46.4795916],[16.532947,46.4776972],[16.528061,46.4742699],[16.5272526,46.4712765],[16.5251404,46.4718278],[16.5235272,46.4700961],[16.5243109,46.4684484],[16.5260189,46.4676478],[16.529797,46.4676731],[16.5363698,46.4713424],[16.5353477,46.4730884],[16.5362688,46.4748145],[16.5407754,46.477069],[16.5435768,46.4758348],[16.5482846,46.4775821],[16.5512022,46.4771001],[16.551131,46.4758013],[16.5607981,46.47766],[16.5624056,46.4772793],[16.5632437,46.4758357],[16.5625918,46.4744222],[16.5661416,46.4728287],[16.5688728,46.472907],[16.575066,46.4713735],[16.5760128,46.4721462],[16.5785702,46.472325],[16.5823386,46.4717705],[16.5862273,46.471906],[16.5886847,46.4731554],[16.5919136,46.4723208],[16.5902535,46.4690834],[16.5903547,46.4672647],[16.5893879,46.4657431],[16.5893932,46.4630689],[16.5933149,46.462093],[16.5947393,46.4627109],[16.5957781,46.4647155],[16.5940239,46.4688411],[16.5950543,46.4703704],[16.5958977,46.4740315],[16.5966751,46.4757148],[16.59534,46.4765855],[16.583662,46.4774007],[16.5806787,46.4782914],[16.5793675,46.480946],[16.5751377,46.4828066],[16.5707846,46.4843445],[16.5697474,46.4855033],[16.5701036,46.4871044],[16.5692705,46.4879779],[16.5645707,46.4896704],[16.561241,46.4894212],[16.5554234,46.491875],[16.5531568,46.4922707],[16.5513749,46.4932206],[16.5470105,46.494598],[16.5366061,46.5001432],[16.5322866,46.5004698],[16.5235923,46.5053721],[16.5244354,46.5088489],[16.5299235,46.5076068],[16.5331965,46.5144553],[16.5315453,46.5154125],[16.5282569,46.515058],[16.5253035,46.5161292],[16.5258468,46.5185012],[16.5243824,46.5196238],[16.5281793,46.5234212],[16.5287565,46.5246169],[16.5309215,46.5251957],[16.530055,46.5273836],[16.5301405,46.5287154],[16.5314877,46.5296258],[16.5325675,46.5313953],[16.5289643,46.5327935],[16.5279251,46.5349337],[16.5256772,46.5352849],[16.5185697,46.5354106],[16.5176632,46.5363449],[16.5180734,46.5374454],[16.5168355,46.5382008],[16.5171493,46.5399585],[16.5161511,46.5412006],[16.5193087,46.5467307],[16.5184015,46.547353],[16.5181613,46.5493683],[16.5189309,46.5511767],[16.5187313,46.5527269],[16.5084087,46.5652583],[16.5065798,46.5641206],[16.5001634,46.5623454],[16.4971504,46.5633354],[16.495429,46.5624814],[16.4930667,46.5625343],[16.4930749,46.5644944],[16.490224,46.5656349],[16.4883857,46.5650983],[16.485311,46.5658524],[16.4829861,46.5660258],[16.4818966,46.5674146],[16.4826971,46.5696942],[16.4818445,46.5744267],[16.482331,46.5760491],[16.4840611,46.5776099],[16.48339,46.5785885],[16.4814023,46.5795694],[16.4800208,46.5820638],[16.4773472,46.5846119],[16.4734327,46.5875578],[16.4699848,46.5858236],[16.4688968,46.5858068],[16.4629598,46.5944137],[16.4632935,46.5949476],[16.4615033,46.5968333],[16.4556692,46.5978138],[16.4556108,46.5987867],[16.4536342,46.6006931],[16.4521863,46.6006753],[16.4485186,46.6059601],[16.4467627,46.6077658],[16.445564,46.6109394],[16.4336561,46.6131371],[16.4248504,46.6131521],[16.4214158,46.6167824],[16.4172975,46.6203169],[16.4155824,46.6236538],[16.4146811,46.6239845],[16.4124852,46.6276333],[16.4086991,46.6285647],[16.4077635,46.630637],[16.4044096,46.6323399],[16.4025138,46.6321367],[16.3999389,46.6340204],[16.3966141,46.6342733],[16.3917652,46.6337144],[16.3920191,46.6359194],[16.3911696,46.6362407],[16.3896947,46.6398788],[16.3920821,46.6408631],[16.3876161,46.6439304],[16.3859325,46.6442355],[16.3852523,46.6538819],[16.3874028,46.6535903],[16.3900282,46.6551651],[16.3912404,46.6564731],[16.3914945,46.6590672],[16.3931408,46.6591704],[16.3936951,46.6620786],[16.3917741,46.6627188],[16.3915299,46.6637142],[16.395909,46.6646839],[16.3980571,46.6633783],[16.3994412,46.663752],[16.4001827,46.6619758],[16.4033978,46.6612221],[16.4031053,46.6588102],[16.4082484,46.6596311],[16.4107994,46.6592331],[16.4155302,46.6592083],[16.4197888,46.6584705],[16.4192881,46.659823],[16.4201199,46.6610426],[16.4202859,46.6631044],[16.4183144,46.6645276],[16.4232429,46.667028],[16.4253453,46.6702988],[16.425253,46.6716375],[16.420324,46.6741135],[16.4218148,46.6769668],[16.4244204,46.6773997],[16.4255756,46.6789787],[16.4217957,46.6793541],[16.4213402,46.6804028],[16.4224215,46.6820351],[16.4231958,46.6862144],[16.4253496,46.6894435],[16.426886,46.6923797],[16.4286274,46.6939608],[16.4256407,46.6954624],[16.4239913,46.6958431],[16.4204743,46.695823],[16.41717,46.6961922],[16.4158132,46.6956444],[16.4130414,46.6956185],[16.4087963,46.6966806],[16.402714,46.6974401],[16.3968498,46.6972465],[16.3939594,46.6978574],[16.3917745,46.6977425],[16.381684,46.6980389],[16.3795994,46.6994933],[16.3753884,46.7009394],[16.372789,46.7026132],[16.3685502,46.7042161],[16.3668987,46.7033638],[16.3664494,46.7018369],[16.3648196,46.7000122],[16.3653754,46.6985488],[16.364682,46.697415],[16.3607018,46.6973281],[16.3583378,46.6945862],[16.3576108,46.6930701],[16.3579847,46.6911336],[16.3569601,46.6883006],[16.355398,46.688501],[16.3550134,46.6864018],[16.3529147,46.683685],[16.3518092,46.6829843],[16.3490991,46.6832155],[16.3467134,46.682475],[16.3448394,46.6829693],[16.3408815,46.6853134],[16.3400499,46.6863578],[16.3381811,46.6871219],[16.3380087,46.6893739],[16.3359786,46.6884971],[16.3328635,46.6861646],[16.3320953,46.6839942],[16.3291105,46.6821251],[16.325348,46.6829107],[16.3254298,46.6794973],[16.3241612,46.6792508],[16.321266,46.6802293],[16.3218015,46.6768104],[16.3201963,46.6758237],[16.3185156,46.6761194],[16.318661,46.6742185],[16.3167495,46.6717926],[16.3161408,46.6694149],[16.3168621,46.6672344],[16.315337,46.6641691],[16.3130453,46.6608421],[16.3124927,46.6589027],[16.3128826,46.6549404],[16.3116942,46.6547839],[16.3093984,46.6524228],[16.3101911,46.6508001],[16.3038072,46.6523105],[16.3089923,46.6435742],[16.3087511,46.6433825],[16.2942133,46.6472994],[16.2910871,46.6415926],[16.2823023,46.6403768],[16.2811348,46.635673],[16.2630224,46.6303069],[16.2736624,46.6241648],[16.2722846,46.6239341],[16.2701373,46.624977],[16.2670208,46.6247202],[16.2654235,46.6251862],[16.2645787,46.6238188],[16.2680206,46.6207331],[16.2717079,46.619028],[16.2772061,46.6181984],[16.2819105,46.6171718],[16.2880206,46.6164834],[16.2904799,46.6157396],[16.2922902,46.6165865],[16.3026138,46.6143863],[16.2953024,46.603932],[16.2960804,46.6036779],[16.29337,46.5997721],[16.2951577,46.5992304],[16.2925065,46.5950194],[16.2862614,46.5968366],[16.2834109,46.5978935],[16.2801612,46.5949125],[16.267093,46.6016664],[16.2541147,46.5896906],[16.2554265,46.588223],[16.2510861,46.5818877],[16.2506201,46.5803739],[16.2559967,46.5777858],[16.2547253,46.5751092],[16.2566298,46.5737316],[16.2572984,46.571532],[16.2586109,46.5691197],[16.2575264,46.5669304],[16.2553631,46.566716],[16.2571122,46.5637837],[16.2526808,46.562221],[16.2480562,46.5602269],[16.2440169,46.5573719],[16.2458771,46.5554611],[16.238198,46.5539112]]],[[[16.2421456,46.4900772],[16.2413469,46.4912413],[16.2418097,46.4922907],[16.2411515,46.4959601],[16.2417215,46.4985338],[16.2462573,46.4978737],[16.2464514,46.4986281],[16.2522703,46.5004598],[16.2542262,46.4999965],[16.2550351,46.5009195],[16.2603459,46.5009788],[16.2643162,46.5042636],[16.2669866,46.5048839],[16.2667627,46.5064445],[16.2677426,46.5094576],[16.2660104,46.5153537],[16.2707377,46.5153395],[16.2711511,46.5163264],[16.2745747,46.5166023],[16.2753498,46.5155397],[16.2784393,46.5158076],[16.2838253,46.5150982],[16.2877516,46.51537],[16.2895441,46.5148071],[16.2900652,46.5161019],[16.2925302,46.5158076],[16.2924303,46.5135552],[16.2950023,46.513189],[16.297592,46.5121227],[16.3001982,46.5119755],[16.3052894,46.5129764],[16.3072736,46.5157331],[16.3076845,46.5171643],[16.3107616,46.5203612],[16.3145563,46.5200144],[16.3148092,46.5234321],[16.313064,46.5241483],[16.3095894,46.5248276],[16.3061337,46.524792],[16.3032095,46.5239469],[16.299259,46.5246707],[16.2964235,46.5268129],[16.2942786,46.5279504],[16.289614,46.5283588],[16.2868377,46.5294544],[16.283683,46.5332928],[16.2830701,46.5329978],[16.277866,46.5346236],[16.2745619,46.5322869],[16.2724504,46.5318969],[16.2699803,46.5333342],[16.2705263,46.5369159],[16.2699784,46.5377432],[16.2589582,46.5434558],[16.2576187,46.544426],[16.2451549,46.5500875],[16.238198,46.5539112],[16.2271445,46.5600592],[16.2203245,46.5650696],[16.2151487,46.5686755],[16.2008102,46.5782842],[16.1929533,46.5839031],[16.1853241,46.5871344],[16.1847088,46.5876488],[16.179062,46.5887656],[16.1737333,46.5915713],[16.1659735,46.5928598],[16.1632544,46.5941139],[16.1610694,46.5958064],[16.1579812,46.5972526],[16.1539794,46.5979766],[16.1481583,46.5985093],[16.144401,46.6015778],[16.1341207,46.6029669],[16.1314064,46.6035517],[16.1240881,46.6028102],[16.1130268,46.601342],[16.1058949,46.6049315],[16.1082415,46.606119],[16.1088333,46.6076348],[16.1018377,46.6067524],[16.1004995,46.6060488],[16.0938067,46.607151],[16.0908913,46.6067553],[16.0830279,46.60189],[16.0780306,46.597651],[16.0737377,46.5948547],[16.0741128,46.5930918],[16.078904,46.586989],[16.0807563,46.5858108],[16.0824545,46.583772],[16.0813253,46.5808056],[16.0826696,46.579284],[16.0822779,46.5766546],[16.0811073,46.5759247],[16.0814065,46.5741077],[16.0823618,46.5730872],[16.0850802,46.5722228],[16.0887776,46.5703043],[16.089648,46.5691046],[16.0873954,46.5671096],[16.0859095,46.5634977],[16.0849029,46.5627621],[16.082694,46.5643871],[16.0779956,46.5645913],[16.0758032,46.5635111],[16.0748772,46.5638214],[16.0713607,46.5632646],[16.070786,46.5602487],[16.0713052,46.5584695],[16.068192,46.5555895],[16.06944,46.5538314],[16.0703657,46.5478177],[16.0708356,46.5430234],[16.0702302,46.5406718],[16.0654767,46.5409664],[16.0620156,46.5406142],[16.0559224,46.5409542],[16.053681,46.5421279],[16.0495077,46.5430042],[16.0488585,46.5442938],[16.0422352,46.5450997],[16.0413069,46.5459134],[16.0383868,46.5460916],[16.0328512,46.5476867],[16.0332769,46.5439841],[16.0303412,46.5403912],[16.0305422,46.5389476],[16.028612,46.5393019],[16.0282069,46.5380044],[16.0244203,46.5346588],[16.0214628,46.534542],[16.0199783,46.5325097],[16.0182347,46.531255],[16.0217785,46.5306326],[16.023641,46.5297687],[16.0222819,46.5275797],[16.0197145,46.5261844],[16.0194822,46.5216129],[16.017198,46.5204712],[16.0176318,46.5172529],[16.0169463,46.5150116],[16.0144369,46.5128615],[16.0118172,46.5103455],[16.0159406,46.5096493],[16.0195429,46.509627],[16.021243,46.5091891],[16.0226298,46.5077745],[16.0259748,46.5073931],[16.0307594,46.5090351],[16.0350049,46.5080263],[16.0368523,46.5081757],[16.0408176,46.5094008],[16.042907,46.5088623],[16.0449592,46.5070371],[16.0495323,46.5058337],[16.0513373,46.5040003],[16.0546387,46.5033082],[16.0604947,46.5010244],[16.0614889,46.4998901],[16.0637942,46.4989012],[16.0663441,46.4998592],[16.06911,46.5001308],[16.0712392,46.5015683],[16.0750197,46.499946],[16.0781524,46.4993602],[16.0812167,46.5002303],[16.0873005,46.50092],[16.0947935,46.4991306],[16.0992248,46.4988853],[16.1020324,46.5002574],[16.109028,46.5009822],[16.1123732,46.4973511],[16.1168638,46.4916171],[16.1173116,46.4904379],[16.1189032,46.4893159],[16.1200278,46.4904833],[16.1216193,46.4892184],[16.1229041,46.4897855],[16.1246247,46.4889138],[16.1255323,46.4874332],[16.1327644,46.4856644],[16.134078,46.4849609],[16.1386885,46.484359],[16.1425237,46.4868758],[16.1438825,46.4890113],[16.1444071,46.4912768],[16.1440152,46.4942802],[16.1444466,46.4958112],[16.1463893,46.4959695],[16.1482228,46.4954442],[16.1497955,46.4958189],[16.1520511,46.4938529],[16.1524193,46.4951859],[16.1562158,46.4976572],[16.159332,46.5005643],[16.1623622,46.4954648],[16.1627601,46.4942446],[16.1641193,46.4934172],[16.1664864,46.4895396],[16.1665197,46.4879679],[16.1678426,46.4874576],[16.1697315,46.4878252],[16.1737819,46.4898074],[16.1768343,46.4906194],[16.1781119,46.4879774],[16.1816621,46.4869185],[16.1809297,46.4862044],[16.1805472,46.4839633],[16.1775703,46.4825671],[16.1746511,46.4798646],[16.1746762,46.4784439],[16.1758682,46.4773474],[16.1774935,46.4771726],[16.1803348,46.4752667],[16.1804328,46.4742039],[16.1829521,46.4724646],[16.1846335,46.4728037],[16.1856734,46.4739653],[16.1886661,46.473927],[16.1878311,46.4713205],[16.1889162,46.4688126],[16.1918282,46.4689589],[16.1946281,46.4678285],[16.1961476,46.4666108],[16.1973528,46.467194],[16.1920479,46.4725152],[16.1934178,46.4750961],[16.1917237,46.4792569],[16.1908165,46.4802486],[16.1931336,46.480773],[16.1953545,46.4799469],[16.1983731,46.4807249],[16.1999735,46.4795244],[16.2050792,46.477654],[16.2059255,46.4759877],[16.2056462,46.4738017],[16.2084716,46.4732],[16.2087927,46.4717213],[16.2131073,46.4732435],[16.2161472,46.4738537],[16.2153683,46.4756879],[16.2160713,46.4769769],[16.2158994,46.4792086],[16.2151632,46.4801309],[16.2155603,46.4828034],[16.2179937,46.4840288],[16.2199571,46.4844657],[16.2214205,46.4869856],[16.2248923,46.4881616],[16.2253961,46.4876903],[16.2297262,46.4870036],[16.2345845,46.4883667],[16.2376376,46.4902147],[16.2389634,46.4898793],[16.2421456,46.4900772]]],[[[16.0380863,46.6561379],[16.0357266,46.6510667],[16.0361017,46.6502839],[16.0419763,46.6475462],[16.0451076,46.6475827],[16.0455298,46.6457767],[16.055137,46.6412536],[16.0649149,46.6363993],[16.0663964,46.634916],[16.0708461,46.6333277],[16.0759685,46.6306939],[16.0773507,46.6304871],[16.0783773,46.629261],[16.0893395,46.6223131],[16.0907232,46.621283],[16.104581,46.6125807],[16.1082581,46.6104234],[16.1088333,46.6076348],[16.1082415,46.606119],[16.1058949,46.6049315],[16.1130268,46.601342],[16.1240881,46.6028102],[16.1314064,46.6035517],[16.1341207,46.6029669],[16.144401,46.6015778],[16.1481583,46.5985093],[16.1539794,46.5979766],[16.1579812,46.5972526],[16.1610694,46.5958064],[16.1632544,46.5941139],[16.1659735,46.5928598],[16.1737333,46.5915713],[16.179062,46.5887656],[16.1847088,46.5876488],[16.1853241,46.5871344],[16.1929533,46.5839031],[16.2008102,46.5782842],[16.2151487,46.5686755],[16.2203245,46.5650696],[16.2271445,46.5600592],[16.238198,46.5539112],[16.2458771,46.5554611],[16.2440169,46.5573719],[16.2480562,46.5602269],[16.2526808,46.562221],[16.2571122,46.5637837],[16.2553631,46.566716],[16.2575264,46.5669304],[16.2586109,46.5691197],[16.2572984,46.571532],[16.2566298,46.5737316],[16.2547253,46.5751092],[16.2559967,46.5777858],[16.2506201,46.5803739],[16.2510861,46.5818877],[16.2554265,46.588223],[16.2541147,46.5896906],[16.267093,46.6016664],[16.2801612,46.5949125],[16.2834109,46.5978935],[16.2862614,46.5968366],[16.2925065,46.5950194],[16.2951577,46.5992304],[16.29337,46.5997721],[16.2960804,46.6036779],[16.2953024,46.603932],[16.3026138,46.6143863],[16.2922902,46.6165865],[16.2904799,46.6157396],[16.2880206,46.6164834],[16.2819105,46.6171718],[16.2772061,46.6181984],[16.2717079,46.619028],[16.2680206,46.6207331],[16.2645787,46.6238188],[16.2654235,46.6251862],[16.2670208,46.6247202],[16.2701373,46.624977],[16.2722846,46.6239341],[16.2736624,46.6241648],[16.2630224,46.6303069],[16.2811348,46.635673],[16.2823023,46.6403768],[16.2910871,46.6415926],[16.2942133,46.6472994],[16.3087511,46.6433825],[16.3089923,46.6435742],[16.3038072,46.6523105],[16.3101911,46.6508001],[16.3093984,46.6524228],[16.3116942,46.6547839],[16.3128826,46.6549404],[16.3124927,46.6589027],[16.3130453,46.6608421],[16.315337,46.6641691],[16.3168621,46.6672344],[16.3161408,46.6694149],[16.3167495,46.6717926],[16.318661,46.6742185],[16.3185156,46.6761194],[16.3201963,46.6758237],[16.3218015,46.6768104],[16.321266,46.6802293],[16.3241612,46.6792508],[16.3254298,46.6794973],[16.325348,46.6829107],[16.3291105,46.6821251],[16.3320953,46.6839942],[16.3328635,46.6861646],[16.3359786,46.6884971],[16.3380087,46.6893739],[16.3381811,46.6871219],[16.3400499,46.6863578],[16.3408815,46.6853134],[16.3448394,46.6829693],[16.3467134,46.682475],[16.3490991,46.6832155],[16.3518092,46.6829843],[16.3529147,46.683685],[16.3550134,46.6864018],[16.355398,46.688501],[16.3569601,46.6883006],[16.3579847,46.6911336],[16.3576108,46.6930701],[16.3583378,46.6945862],[16.3607018,46.6973281],[16.364682,46.697415],[16.3653754,46.6985488],[16.3648196,46.7000122],[16.3664494,46.7018369],[16.3668987,46.7033638],[16.3685502,46.7042161],[16.3749616,46.7084318],[16.3771826,46.709371],[16.3794255,46.7110265],[16.3798472,46.7120086],[16.3797234,46.7154289],[16.3776055,46.7158539],[16.3749724,46.7171238],[16.3753631,46.7186051],[16.3730155,46.7190231],[16.3707912,46.7222299],[16.3684617,46.7205031],[16.3676964,46.7193548],[16.3625369,46.7167472],[16.3587752,46.7169491],[16.3587135,46.7160551],[16.3570577,46.7142255],[16.3563602,46.7159509],[16.3543525,46.7180858],[16.3526161,46.7228522],[16.3535573,46.724791],[16.3509097,46.7242973],[16.3476122,46.7244208],[16.35023,46.7270812],[16.350335,46.7293151],[16.3492355,46.7323535],[16.3463566,46.7353551],[16.3429134,46.7369988],[16.3406649,46.7410538],[16.3392585,46.7421606],[16.3346839,46.7434703],[16.3333314,46.7450294],[16.3325935,46.7484236],[16.3302891,46.7486061],[16.3293246,46.7492756],[16.3251326,46.750154],[16.32535,46.7511042],[16.3229675,46.7511142],[16.3229489,46.7528247],[16.3185918,46.7541327],[16.3186875,46.7555831],[16.3212015,46.7572465],[16.3214884,46.7608141],[16.3224404,46.7628019],[16.3221565,46.7645634],[16.3256359,46.7667314],[16.3283949,46.7708451],[16.3292758,46.7749996],[16.3305406,46.7751999],[16.3296303,46.7781148],[16.3230906,46.7772772],[16.3191642,46.7775426],[16.3172452,46.7772431],[16.3121619,46.7779923],[16.3121373,46.7794448],[16.3109876,46.7840406],[16.3110627,46.7863837],[16.3124701,46.7908046],[16.312206,46.7921504],[16.3130165,46.794045],[16.3127684,46.7973031],[16.3155712,46.7978748],[16.3155549,46.7986344],[16.3179876,46.8005394],[16.3197802,46.8003356],[16.3229364,46.801129],[16.3256487,46.8012062],[16.3276455,46.8021305],[16.3291516,46.8016793],[16.3339905,46.8020488],[16.3349078,46.8027407],[16.3398866,46.8039699],[16.34086,46.8060661],[16.3405537,46.8088685],[16.3413426,46.8108421],[16.3413689,46.8135856],[16.3399238,46.8149432],[16.3406291,46.8198725],[16.3402984,46.821796],[16.3437289,46.821891],[16.3435308,46.8243165],[16.3447875,46.8292113],[16.3446014,46.8297063],[16.3506204,46.8298036],[16.3502662,46.8325652],[16.348202,46.8355635],[16.3482706,46.8383921],[16.347715,46.840699],[16.3439538,46.8425002],[16.3432193,46.8432195],[16.3411701,46.8425978],[16.3391208,46.8430788],[16.3405084,46.8451709],[16.3405218,46.8463138],[16.3347152,46.8461739],[16.331673,46.8455875],[16.3295545,46.8446306],[16.3278308,46.8474804],[16.3264833,46.8478768],[16.3245236,46.8499523],[16.3217705,46.8513252],[16.3203776,46.8528534],[16.3191361,46.8557214],[16.3164223,46.8567167],[16.3143892,46.8562293],[16.3076326,46.8565897],[16.3086465,46.8593947],[16.3056504,46.859856],[16.301498,46.8595008],[16.2996218,46.8618123],[16.2981287,46.8625932],[16.2976809,46.8662875],[16.295852,46.8683185],[16.294554,46.8711014],[16.2913848,46.8728202],[16.2860397,46.8726855],[16.2827042,46.8723186],[16.28124,46.8725665],[16.2768424,46.8717862],[16.2750037,46.8722335],[16.2707616,46.8724356],[16.2670644,46.8717489],[16.2643078,46.8719296],[16.2578884,46.8728625],[16.2518012,46.8744168],[16.2461862,46.8744538],[16.2422909,46.8762227],[16.2361146,46.8761972],[16.233625,46.876654],[16.2311658,46.8758508],[16.2277161,46.8734318],[16.2266956,46.8710404],[16.2252362,46.8719098],[16.220132,46.8696576],[16.2177907,46.8694834],[16.2157618,46.8684603],[16.2125751,46.8693378],[16.2093115,46.8696942],[16.2040019,46.8693116],[16.1986312,46.8675594],[16.1977381,46.866949],[16.1922512,46.8664142],[16.189517,46.8664973],[16.1853944,46.8656443],[16.1832688,46.8644779],[16.1808276,46.8617412],[16.1799811,46.8599969],[16.1768826,46.8574265],[16.1752782,46.8570863],[16.1740316,46.8580001],[16.1653718,46.860073],[16.1626458,46.8593924],[16.1605206,46.8570337],[16.1562948,46.8537791],[16.1491544,46.85567],[16.1485201,46.8546396],[16.1431007,46.8550276],[16.1400758,46.8548396],[16.1368767,46.8565382],[16.134477,46.8560317],[16.1320664,46.8571977],[16.1299742,46.8566623],[16.1265726,46.8568959],[16.1240432,46.8631454],[16.1221897,46.8626291],[16.1213691,46.8639194],[16.1188973,46.8632426],[16.1170537,46.8636169],[16.1170346,46.8668625],[16.1138543,46.869058],[16.1102758,46.8688125],[16.1076888,46.8667608],[16.1068849,46.8653704],[16.1035372,46.864016],[16.100808,46.8624499],[16.0999617,46.860704],[16.0978052,46.8608184],[16.0962871,46.8638595],[16.0940888,46.8646075],[16.0919191,46.8645778],[16.0901393,46.8636795],[16.0881476,46.860493],[16.0878941,46.8594642],[16.0838898,46.8561802],[16.0822137,46.8559878],[16.0808576,46.8541606],[16.078972,46.8526035],[16.0760405,46.8532034],[16.074898,46.8527618],[16.0714584,46.8530719],[16.069933,46.8511692],[16.0676773,46.8500827],[16.0656257,46.8498738],[16.066202,46.8479266],[16.0659578,46.8460511],[16.0615587,46.8427262],[16.058966,46.8389932],[16.0576252,46.838897],[16.0546919,46.8405106],[16.0508468,46.837633],[16.0482513,46.8390012],[16.0450303,46.8391423],[16.0444935,46.8403652],[16.0423235,46.840539],[16.040954,46.8396439],[16.0399264,46.836116],[16.038403,46.8359643],[16.0353349,46.8340718],[16.0323816,46.8326955],[16.0322341,46.8348616],[16.0338562,46.8354596],[16.0319848,46.8371579],[16.0316856,46.8382517],[16.0294494,46.8403011],[16.0281074,46.8409014],[16.0263531,46.8399667],[16.0242556,46.8399945],[16.0232815,46.8386315],[16.0216653,46.8385646],[16.0183195,46.8363294],[16.0139547,46.8360761],[16.0110476,46.8344934],[16.0076766,46.8306676],[16.0046012,46.8313331],[16.0014878,46.8315237],[15.999612,46.8326252],[15.9974078,46.8348184],[15.9962232,46.8353972],[15.9944745,46.8347789],[15.9933379,46.8335597],[15.9910157,46.8328172],[15.9890678,46.8304681],[15.9896281,46.8294688],[15.9854691,46.8270568],[15.9862008,46.8266333],[15.9874236,46.8227626],[15.9875049,46.8203629],[15.9883589,46.8192387],[15.9912176,46.8180635],[15.9917612,46.816793],[15.9975119,46.8114244],[15.9981139,46.8092245],[15.9976034,46.8080546],[15.9959013,46.8070653],[15.9950074,46.8056608],[15.9931242,46.8044372],[15.9923594,46.8030809],[15.9928895,46.8003987],[15.9925768,46.7981526],[15.9935373,46.7963466],[15.9940372,46.7934828],[15.9934016,46.7890208],[15.9918359,46.7842455],[15.989682,46.7808326],[15.98993,46.7784415],[15.9887867,46.7767874],[15.9889276,46.7751339],[15.9901498,46.7732243],[15.9898237,46.7709014],[15.98871,46.7692881],[15.9893263,46.7678977],[15.9891924,46.7638026],[15.988227,46.7616389],[15.9896296,46.7585594],[15.9896792,46.757498],[15.9884654,46.7555845],[15.985106,46.7527719],[15.9847536,46.752079],[15.9865427,46.7503826],[15.9871462,46.7485472],[15.9870989,46.7466965],[15.9887869,46.7437897],[15.9882891,46.7405643],[15.989988,46.7385442],[15.9918364,46.7371008],[15.9917324,46.7358483],[15.9928283,46.7322775],[15.9941707,46.7303879],[15.9959738,46.730001],[15.9987241,46.7276156],[15.9995373,46.7258979],[16.0035071,46.7231896],[16.0036181,46.7223943],[16.0018715,46.719652],[16.0037003,46.7170688],[16.0087299,46.7161489],[16.0115661,46.7174597],[16.0126696,46.7174049],[16.0168061,46.7158682],[16.0205769,46.7113629],[16.021775,46.7108189],[16.0242371,46.7111742],[16.027915,46.7122155],[16.0298747,46.7114329],[16.0281893,46.7086769],[16.0274478,46.7051842],[16.0291973,46.7043921],[16.0297424,46.7027709],[16.0288225,46.7015201],[16.0292216,46.7004036],[16.0344577,46.6972843],[16.0364874,46.6952041],[16.0392975,46.6912063],[16.0405634,46.6880579],[16.0424437,46.6861166],[16.0408026,46.6792693],[16.0395764,46.6765309],[16.0390298,46.6723445],[16.0406234,46.6694384],[16.0406639,46.6681502],[16.0398016,46.6654908],[16.0401128,46.6614685],[16.0380863,46.6561379]]]]},"properties":{"name":"Murska Sobota","code":"MS"}},
{"type":"Feature","geometry":{"type":"MultiPolygon","coordinates":[[[[14.0971307,45.6250481],[14.0961642,45.6241027],[14.096575,45.6225919],[14.0960026,45.6179129],[14.0976716,45.6151456],[14.0981629,45.6127231],[14.1027395,45.6114392],[14.1059933,45.6099552],[14.1076205,45.6085195],[14.1107492,45.6082569],[14.1126114,45.6085767],[14.1155196,45.6066745],[14.1117479,45.6041048],[14.1103657,45.6034782],[14.1092558,45.6008519],[14.1070434,45.5977552],[14.0999604,45.5922944],[14.0962279,45.5933744],[14.0959257,45.5921254],[14.0939811,45.5907152],[14.0935887,45.5895709],[14.0947189,45.5868455],[14.0923183,45.5798735],[14.094307,45.5777461],[14.0949505,45.5739809],[14.09371,45.5705622],[14.0987408,45.5686378],[14.0990251,45.5670216],[14.102295,45.5684582],[14.1056256,45.5712694],[14.1065829,45.5726926],[14.1089479,45.572539],[14.11126,45.5707896],[14.1132641,45.5703659],[14.1159308,45.5707933],[14.1182816,45.5698339],[14.1160691,45.5669284],[14.1139301,45.5662526],[14.1135617,45.5638222],[14.112129,45.5611561],[14.1116686,45.5588408],[14.1127959,45.5559149],[14.1127833,45.5543646],[14.1117051,45.5528322],[14.1099718,45.5517476],[14.1093813,45.5506117],[14.1062473,45.5505561],[14.102334,45.5476426],[14.1006177,45.5437644],[14.103875,45.5385754],[14.1033478,45.5372093],[14.1012829,45.5343672],[14.1026262,45.5325953],[14.0997118,45.5277798],[14.0962599,45.5250436],[14.0915975,45.5235445],[14.0907119,45.5164652],[14.0933447,45.5181591],[14.1044298,45.5168213],[14.1049582,45.5164552],[14.1097884,45.5094714],[14.1114284,45.5082135],[14.1151042,45.5069137],[14.1173152,45.5092602],[14.1184718,45.5117386],[14.1244391,45.5139879],[14.1228745,45.5067746],[14.1270021,45.4982149],[14.1311375,45.4900517],[14.1251502,45.4917185],[14.1256811,45.4897533],[14.1274688,45.4886652],[14.1260185,45.4851625],[14.1265353,45.4843825],[14.1181931,45.4812402],[14.1230064,45.4791257],[14.133515,45.4753918],[14.136553,45.4750369],[14.1432419,45.4750577],[14.1503867,45.4801496],[14.1540291,45.481076],[14.1595726,45.4803576],[14.1609864,45.480514],[14.1634158,45.4797927],[14.1647004,45.4800029],[14.1729734,45.4795638],[14.1809867,45.4778939],[14.1832549,45.4771079],[14.1861929,45.4751795],[14.1898265,45.4748149],[14.193482,45.4733857],[14.1979454,45.4719906],[14.2077753,45.4692737],[14.2067039,45.478531],[14.2093908,45.4798148],[14.2064217,45.4821053],[14.2105497,45.4890293],[14.2120437,45.4889386],[14.2135358,45.4916721],[14.2160125,45.4921112],[14.2199878,45.4933716],[14.2221004,45.4965299],[14.2233382,45.5013908],[14.2306324,45.5047727],[14.2372604,45.5058092],[14.2413335,45.5049408],[14.2449689,45.5053993],[14.2456073,45.5035435],[14.2495139,45.4992246],[14.2497359,45.4975355],[14.252614,45.4965719],[14.255145,45.4946682],[14.2570936,45.4918714],[14.2620106,45.487081],[14.2645316,45.4828017],[14.2679382,45.4822515],[14.2709173,45.4855712],[14.2730289,45.485949],[14.2747987,45.488346],[14.2792486,45.490275],[14.2819215,45.4903473],[14.282767,45.4894111],[14.2864303,45.4903234],[14.2910429,45.4848895],[14.2998695,45.4819449],[14.3059806,45.480203],[14.3166208,45.4829867],[14.3186992,45.4760697],[14.3198286,45.4730286],[14.3226303,45.4705452],[14.3281011,45.4723634],[14.3321315,45.4746605],[14.3335678,45.4758744],[14.3366142,45.4775311],[14.3383907,45.4795829],[14.3429766,45.4811858],[14.3465243,45.4840447],[14.3503492,45.4855502],[14.3608633,45.4840472],[14.3790615,45.4879896],[14.3869036,45.4934565],[14.3907595,45.4944184],[14.3942609,45.493863],[14.3966276,45.4962454],[14.4001991,45.5007649],[14.3983532,45.5028342],[14.3998732,45.5029204],[14.4017619,45.5041338],[14.4038324,45.5048176],[14.4075963,45.5046048],[14.4105887,45.5066938],[14.4142455,45.5076984],[14.4155559,45.5099372],[14.4193544,45.5096434],[14.4215181,45.5090119],[14.4225027,45.5098078],[14.4265707,45.5085045],[14.4275519,45.5068508],[14.4315211,45.5092032],[14.4352155,45.5091722],[14.4356295,45.5103423],[14.4375204,45.5110098],[14.4406456,45.5153552],[14.4425948,45.5168689],[14.4447328,45.5169282],[14.4475254,45.5177336],[14.4517896,45.5195351],[14.455325,45.5199914],[14.4588352,45.5217612],[14.4597346,45.5229245],[14.462526,45.5246823],[14.468378,45.5278041],[14.4701491,45.5298304],[14.4725439,45.5312879],[14.475721,45.5337876],[14.4823109,45.5349831],[14.4834037,45.5359241],[14.4861579,45.5367637],[14.4890135,45.5369078],[14.490673,45.5380269],[14.4918446,45.5403976],[14.4958922,45.5451323],[14.4963694,45.5467768],[14.5003743,45.5496286],[14.497744,45.5518619],[14.4992283,45.5526249],[14.4979998,45.5555184],[14.498523,45.5580846],[14.4973154,45.5595089],[14.4984779,45.5651764],[14.5004134,45.5668376],[14.5007045,45.5684201],[14.4994637,45.5717062],[14.5003591,45.5727073],[14.4990798,45.5756944],[14.5019252,45.5775609],[14.5022207,45.5793343],[14.4961767,45.5805794],[14.4927652,45.5837545],[14.4903763,45.5845536],[14.4894658,45.5840441],[14.4865768,45.5842315],[14.483904,45.5828859],[14.4797645,45.582078],[14.4786241,45.5827595],[14.4752923,45.5835867],[14.4731915,45.5837354],[14.4723715,45.579866],[14.4649539,45.5835803],[14.4620076,45.5838698],[14.4491412,45.5815716],[14.4473557,45.5822874],[14.4421935,45.5833478],[14.4396969,45.5819936],[14.4341562,45.5822219],[14.437651,45.583526],[14.4358237,45.5900161],[14.4476091,45.5884748],[14.4506562,45.5983735],[14.4534495,45.5999746],[14.4474773,45.6008268],[14.4469198,45.6040607],[14.4459103,45.6056147],[14.4431965,45.6072452],[14.4433088,45.6083915],[14.4418194,45.6098827],[14.4398475,45.6109574],[14.436255,45.6107251],[14.4341536,45.6115863],[14.4304393,45.6116753],[14.4279981,45.6122968],[14.4256619,45.6121689],[14.4246721,45.6128691],[14.4239712,45.6149564],[14.4225241,45.6153041],[14.4205921,45.6169217],[14.4177718,45.6185206],[14.4188854,45.6189852],[14.4203716,45.6220005],[14.4246229,45.6218476],[14.4264599,45.6233025],[14.4269545,45.6255377],[14.4260058,45.6281143],[14.4243908,45.6304111],[14.4262002,45.631059],[14.4270491,45.6335548],[14.4282478,45.6356416],[14.4278817,45.6365261],[14.4293848,45.6375581],[14.427584,45.6392458],[14.4299973,45.640155],[14.4315651,45.6400214],[14.4315204,45.6417552],[14.4298585,45.6433595],[14.4307175,45.6448748],[14.4288687,45.6461334],[14.4256038,45.645682],[14.4238975,45.6458633],[14.4225241,45.6450347],[14.4185365,45.6446726],[14.4163576,45.643351],[14.4132356,45.6434867],[14.4100121,45.6431771],[14.4070963,45.6436356],[14.4036499,45.643399],[14.4014571,45.6444696],[14.3989612,45.6447841],[14.3960218,45.6465548],[14.394824,45.6467409],[14.3922667,45.6455805],[14.3893557,45.6453284],[14.3883114,45.6445738],[14.3853689,45.6457584],[14.3838623,45.6443064],[14.3825984,45.6447622],[14.3793621,45.6447929],[14.3766516,45.6470911],[14.3762242,45.6486884],[14.3751062,45.6490726],[14.3780894,45.6577832],[14.3651036,45.6718057],[14.3508171,45.6841666],[14.3491671,45.6853116],[14.3439628,45.6836287],[14.3271702,45.6784788],[14.3280942,45.6759816],[14.3265724,45.6759579],[14.3260344,45.6743475],[14.3283699,45.6736479],[14.3284992,45.672234],[14.3259009,45.6723422],[14.3253599,45.6712732],[14.3267976,45.6706557],[14.3313265,45.6704379],[14.3333239,45.6712625],[14.3348516,45.6711426],[14.3365966,45.6700927],[14.3375084,45.6682768],[14.3387425,45.6672779],[14.3396079,45.6652246],[14.3397876,45.6631121],[14.3391412,45.6618169],[14.3363654,45.6609181],[14.3345391,45.6613738],[14.3315261,45.6604363],[14.3283783,45.6610262],[14.3270389,45.6617936],[14.3207756,45.6595811],[14.3176363,45.6599523],[14.3145599,45.6592381],[14.3100051,45.6588384],[14.3063669,45.6580079],[14.3028202,45.6566639],[14.3003743,45.6551967],[14.2967626,45.655904],[14.294841,45.6571099],[14.2934169,45.6573263],[14.2895485,45.6566487],[14.2848315,45.6567882],[14.2824393,45.6592412],[14.2781659,45.6559013],[14.2735738,45.65312],[14.258526,45.647432],[14.2520894,45.6459136],[14.2500721,45.6459397],[14.2474223,45.6446763],[14.2456347,45.6454274],[14.2434006,45.6441523],[14.2416401,45.6437217],[14.2395741,45.6424304],[14.2397922,45.6401815],[14.2381631,45.6384813],[14.2336932,45.6362073],[14.2333359,45.6353876],[14.2311885,45.6346661],[14.2313909,45.6328928],[14.2269491,45.6308261],[14.219665,45.6277914],[14.2190215,45.626846],[14.2132591,45.6265847],[14.2104078,45.6269161],[14.2061778,45.6255023],[14.2048874,45.6253515],[14.201275,45.6261702],[14.2000923,45.6279207],[14.1981796,45.6288885],[14.1960923,45.6290814],[14.194235,45.6281741],[14.1923592,45.6263894],[14.1897455,45.6249917],[14.1876332,45.6244691],[14.1828136,45.6240637],[14.1820137,45.6232649],[14.180184,45.6232176],[14.1787898,45.6224723],[14.1743758,45.6228136],[14.1711109,45.6216951],[14.1672841,45.6223032],[14.164447,45.6220061],[14.1637503,45.6229649],[14.1558806,45.6273009],[14.1521473,45.6280001],[14.1508059,45.6289518],[14.146962,45.6305522],[14.1441786,45.6311698],[14.1428654,45.6320321],[14.1415633,45.6349748],[14.1398485,45.6344069],[14.1334607,45.6340191],[14.1313126,45.6324382],[14.1285938,45.6332447],[14.1251076,45.6357164],[14.1233277,45.6356747],[14.1190888,45.6338312],[14.1164278,45.630658],[14.1168367,45.6282964],[14.1156831,45.6254033],[14.1139453,45.6247887],[14.1131839,45.623294],[14.1081897,45.6215031],[14.1060762,45.6214793],[14.1050885,45.620793],[14.1024735,45.6206903],[14.1013724,45.6217063],[14.0995279,45.6252896],[14.0971307,45.6250481]]],[[[13.6156956,45.5398748],[13.6151019,45.5366821],[13.6162819,45.5353525],[13.6148866,45.5342462],[13.6176237,45.532887],[13.6210461,45.5317373],[13.6209484,45.528277],[13.6203621,45.5276634],[13.6194978,45.5233967],[13.621874,45.5209677],[13.6216728,45.5194412],[13.6238614,45.5172361],[13.6257268,45.5165653],[13.6263465,45.5148022],[13.6293059,45.513562],[13.6299885,45.5112182],[13.6310561,45.510269],[13.6295229,45.5093237],[13.6298031,45.5076808],[13.629253,45.5062378],[13.6279671,45.5059129],[13.6278776,45.5031197],[13.6287311,45.5028887],[13.6294186,45.5008511],[13.6311655,45.4999338],[13.631904,45.4986781],[13.6293999,45.4967013],[13.6297245,45.4951078],[13.633967,45.4943958],[13.6369004,45.493516],[13.639241,45.4948959],[13.6406373,45.494383],[13.6392278,45.4926985],[13.6397884,45.4912734],[13.6413438,45.489546],[13.640403,45.4887385],[13.641578,45.4875752],[13.6468335,45.4879517],[13.6473577,45.4843666],[13.647991,45.4833441],[13.650295,45.4825473],[13.6502928,45.4810998],[13.6540996,45.4792402],[13.6518506,45.4768066],[13.6502177,45.4760659],[13.6512135,45.4749147],[13.6537596,45.4734792],[13.6576149,45.4728243],[13.6595093,45.4736616],[13.6612324,45.4735125],[13.663621,45.474075],[13.6661534,45.4755227],[13.6679117,45.4757156],[13.669968,45.4747551],[13.6719383,45.4757804],[13.6718977,45.4797077],[13.6713583,45.4815557],[13.6729303,45.4835537],[13.6736281,45.4852072],[13.6732634,45.4862877],[13.6750704,45.4893335],[13.6750477,45.4905427],[13.6729754,45.4925953],[13.6745459,45.4944468],[13.6759558,45.4944293],[13.678142,45.4979318],[13.6784707,45.4994142],[13.6812853,45.5027886],[13.6816098,45.5052666],[13.6834228,45.5067904],[13.6855675,45.5094299],[13.6876378,45.510344],[13.6877364,45.5112595],[13.6917233,45.51493],[13.6923824,45.5159794],[13.6922211,45.5190055],[13.693044,45.5195757],[13.6898021,45.5219129],[13.6893596,45.5240603],[13.6910693,45.524508],[13.6912097,45.5268262],[13.6906794,45.528341],[13.6909818,45.5322615],[13.6941121,45.5332736],[13.6924065,45.5358908],[13.6919587,45.5379687],[13.6897256,45.5386165],[13.691994,45.540351],[13.6904776,45.5412024],[13.6901274,45.5433226],[13.6917018,45.5454395],[13.6921412,45.5470029],[13.6934958,45.547906],[13.6907768,45.5481259],[13.6852987,45.5465474],[13.6806954,45.5458327],[13.6773303,45.5445639],[13.6750787,45.54206],[13.6724117,45.5407407],[13.6702012,45.5391062],[13.668802,45.5387784],[13.664505,45.5397971],[13.6645425,45.5415401],[13.6629618,45.5421698],[13.6559227,45.5414499],[13.6563909,45.5388701],[13.6572537,45.5373987],[13.65877,45.5368231],[13.6578923,45.535763],[13.654118,45.5340918],[13.6539519,45.5336173],[13.6468834,45.5339135],[13.6449714,45.5319038],[13.6430513,45.5319614],[13.6385033,45.5332969],[13.6363964,45.5326806],[13.6326139,45.5328974],[13.6241462,45.5352538],[13.6198499,45.5374207],[13.6166968,45.5398483],[13.6156956,45.5398748]]],[[[13.6702242,45.4455058],[13.6725855,45.443582],[13.6753194,45.4423997],[13.6778306,45.4432334],[13.6766389,45.4442],[13.6789041,45.4447495],[13.6795742,45.4439172],[13.6819581,45.4442156],[13.685297,45.446009],[13.6854625,45.4472282],[13.6895421,45.4482974],[13.6936954,45.4509031],[13.6946405,45.4521667],[13.6980676,45.4535553],[13.7021845,45.4542834],[13.7027296,45.4561628],[13.7052728,45.4563524],[13.7076321,45.4572892],[13.7076634,45.4545784],[13.7083667,45.4524746],[13.7130508,45.4532721],[13.7174191,45.4546028],[13.7235321,45.4561872],[13.7251772,45.4556365],[13.725057,45.45818],[13.7243361,45.4590023],[13.7265279,45.4599133],[13.7312583,45.4587697],[13.733094,45.4594488],[13.7359002,45.4596136],[13.7390942,45.4612426],[13.7423696,45.4615927],[13.7455764,45.4604221],[13.748542,45.4608604],[13.7511315,45.4605061],[13.756481,45.4618509],[13.7592988,45.4623121],[13.7631423,45.4650455],[13.7639019,45.4661089],[13.7658688,45.4671013],[13.7679358,45.4668852],[13.7699407,45.4647948],[13.7727271,45.4656521],[13.7745624,45.4653563],[13.7757625,45.4641405],[13.7771921,45.464093],[13.7812914,45.4664053],[13.7826096,45.4656633],[13.7861647,45.4662953],[13.7900625,45.4647562],[13.7924746,45.4643681],[13.7977915,45.4626699],[13.8020894,45.4595533],[13.8050577,45.4586087],[13.805692,45.4572824],[13.8072012,45.4567889],[13.807833,45.4555128],[13.8046282,45.4542495],[13.8032315,45.4527181],[13.8050305,45.4519796],[13.8044872,45.4492754],[13.8047177,45.4467905],[13.8031559,45.4454655],[13.8029091,45.4439406],[13.8043513,45.4433516],[13.806912,45.4432091],[13.8102273,45.4424941],[13.8126784,45.4415851],[13.8141911,45.4402599],[13.8150929,45.4381108],[13.8145584,45.4356586],[13.8149649,45.4343288],[13.8189078,45.4345136],[13.8199283,45.4353206],[13.8237642,45.4348146],[13.8265145,45.4354502],[13.8431494,45.4336259],[13.8508797,45.4325347],[13.850959,45.4310668],[13.8552601,45.4286185],[13.8543598,45.4256793],[13.8585698,45.4261677],[13.8617295,45.427995],[13.8636049,45.4271601],[13.867815,45.4271542],[13.8687997,45.4268249],[13.8724469,45.4269716],[13.8778301,45.4267635],[13.8870795,45.4258895],[13.8871104,45.4298486],[13.8905387,45.4343916],[13.8927271,45.437896],[13.8942653,45.4383317],[13.8977937,45.4383152],[13.8971621,45.4393744],[13.8972126,45.4415633],[13.8996473,45.4425257],[13.9040318,45.4452482],[13.905959,45.445842],[13.9076567,45.4470132],[13.909988,45.4493472],[13.9096483,45.451168],[13.9107427,45.4520036],[13.9145252,45.4533531],[13.9209414,45.4533424],[13.9230339,45.4522821],[13.9256939,45.4529265],[13.9258178,45.4538842],[13.9401632,45.4541543],[13.9442181,45.4541168],[13.9468419,45.4564352],[13.9570191,45.4555229],[13.9707942,45.4475811],[13.9726869,45.4500876],[13.9806644,45.4538006],[13.9849235,45.4560229],[13.9854271,45.4583819],[13.9871682,45.4589652],[13.9853065,45.4615967],[13.9868464,45.4648913],[13.9867332,45.4666391],[13.9852523,45.4686591],[13.9879995,45.4704345],[13.9903785,45.4700434],[13.996795,45.4722176],[13.9921186,45.4769718],[13.9899871,45.4796493],[13.9870968,45.4810399],[13.9879889,45.4822155],[13.9920996,45.4822716],[13.9910821,45.483759],[13.9863831,45.4869169],[13.9841595,45.4896],[13.9816186,45.4914081],[13.9769029,45.4938287],[13.9701633,45.4959543],[13.9673489,45.4964113],[13.9656241,45.4961915],[13.9621687,45.5060318],[13.9658927,45.5082612],[13.968029,45.5111559],[13.9737995,45.5142209],[13.9744635,45.5149675],[13.9784239,45.5148479],[13.9801543,45.5138367],[13.9810107,45.5125757],[13.9831402,45.5113494],[13.9869585,45.5097987],[13.9936955,45.5084957],[13.9977893,45.5085081],[13.9997949,45.507944],[14.0018847,45.5080943],[13.9976293,45.5140257],[13.9975843,45.5161128],[14.0019568,45.5200582],[13.9990791,45.5196676],[13.9965813,45.5201098],[13.9940825,45.5218285],[13.9924208,45.5223237],[13.9890405,45.5248326],[13.9864615,45.5258898],[13.9837002,45.5286022],[13.9811132,45.5301518],[13.9771996,45.5342121],[13.9737266,45.5385607],[13.9673031,45.5453355],[13.9645449,45.5489034],[13.9622171,45.5538896],[13.9468109,45.5516478],[13.9401623,45.5499745],[13.9366168,45.5493804],[13.9295931,45.5485347],[13.925314,45.5485636],[13.9235895,45.5477853],[13.9161475,45.5575625],[13.9112547,45.5635063],[13.9074489,45.5646416],[13.9004682,45.563229],[13.8985452,45.5650203],[13.8958705,45.566242],[13.8920992,45.569519],[13.8911846,45.5710317],[13.8907859,45.5736568],[13.8879939,45.5779138],[13.8873869,45.5799926],[13.8848286,45.5833097],[13.8833361,45.58624],[13.8856902,45.5883311],[13.8858918,45.5893385],[13.8823121,45.5939418],[13.878316,45.6010526],[13.8706283,45.6028083],[13.8688199,45.6024822],[13.8692045,45.6084444],[13.8690494,45.6093374],[13.8676917,45.6037556],[13.8679798,45.6016161],[13.8663219,45.5991037],[13.8656897,45.596797],[13.8642054,45.595822],[13.8602047,45.5954076],[13.8577309,45.5937336],[13.8549333,45.5929383],[13.8531278,45.5918054],[13.8531708,45.5907997],[13.8506552,45.5890545],[13.851331,45.5848249],[13.8471171,45.5845994],[13.8390785,45.5822482],[13.8256054,45.5819465],[13.8101061,45.5808844],[13.7921276,45.582813],[13.7870981,45.5828398],[13.7857367,45.5834847],[13.7809694,45.5839928],[13.7469234,45.5979162],[13.7341159,45.59604],[13.7321047,45.5961634],[13.7297307,45.5953942],[13.7250758,45.594712],[13.7228045,45.5947239],[13.7235582,45.5932461],[13.722873,45.5921134],[13.721129,45.5910582],[13.7182884,45.5905799],[13.7147834,45.5918558],[13.7147798,45.5925546],[13.7120635,45.5934684],[13.7078374,45.5934803],[13.704954,45.5924886],[13.7032046,45.5900359],[13.7080372,45.5876013],[13.7121839,45.5846044],[13.7137914,45.5840676],[13.719914,45.5830068],[13.7238199,45.5817525],[13.7256762,45.5803569],[13.7277571,45.5806106],[13.7293614,45.5801118],[13.7312701,45.5786042],[13.73311,45.575517],[13.7360227,45.5743283],[13.7382829,45.5744354],[13.740746,45.573812],[13.7467825,45.5684847],[13.7463068,45.5656707],[13.7456503,45.5648466],[13.7349853,45.5645481],[13.7325951,45.55899],[13.740689,45.5592151],[13.741305,45.5576997],[13.7319254,45.5574372],[13.7299757,45.5529077],[13.7386136,45.5531502],[13.7386644,45.5522561],[13.7340367,45.5504619],[13.7286612,45.5503108],[13.7259658,45.5499161],[13.7245304,45.5487346],[13.725296,45.5469402],[13.719649,45.5427415],[13.7161231,45.543894],[13.7131996,45.545631],[13.710458,45.5467464],[13.7048858,45.5472148],[13.7017458,45.5478729],[13.6934958,45.547906],[13.6921412,45.5470029],[13.6917018,45.5454395],[13.6901274,45.5433226],[13.6904776,45.5412024],[13.691994,45.540351],[13.6897256,45.5386165],[13.6919587,45.5379687],[13.6924065,45.5358908],[13.6941121,45.5332736],[13.6909818,45.5322615],[13.6906794,45.528341],[13.6912097,45.5268262],[13.6910693,45.524508],[13.6893596,45.5240603],[13.6898021,45.5219129],[13.693044,45.5195757],[13.6922211,45.5190055],[13.6923824,45.5159794],[13.6917233,45.51493],[13.6877364,45.5112595],[13.6876378,45.510344],[13.6855675,45.5094299],[13.6834228,45.5067904],[13.6816098,45.5052666],[13.6812853,45.5027886],[13.6784707,45.4994142],[13.678142,45.4979318],[13.6759558,45.4944293],[13.6795694,45.4957496],[13.6815759,45.4956107],[13.6827071,45.4946345],[13.6851163,45.494862],[13.688985,45.4937571],[13.6917545,45.4940339],[13.6930931,45.4933658],[13.695522,45.4934844],[13.7006098,45.4922964],[13.7057148,45.4927417],[13.7111474,45.4913225],[13.7113248,45.4881199],[13.7123824,45.4859825],[13.7113615,45.4843583],[13.7083542,45.481318],[13.706848,45.4768083],[13.7058365,45.4763339],[13.7044113,45.4738597],[13.699899,45.4749459],[13.6982347,45.4732478],[13.6926661,45.4691354],[13.6884719,45.4673918],[13.686665,45.4643578],[13.6853656,45.4637039],[13.6863237,45.4624797],[13.6845156,45.4613196],[13.6864838,45.4606957],[13.6878581,45.4584496],[13.6874904,45.4575982],[13.6852219,45.4566228],[13.6854661,45.4554152],[13.6832205,45.4551135],[13.6803613,45.4573079],[13.6796838,45.4554452],[13.6828268,45.453181],[13.6845092,45.4512641],[13.6806626,45.4499776],[13.6773928,45.4497432],[13.6760031,45.4501784],[13.673485,45.4494503],[13.6739691,45.448378],[13.6706101,45.4466079],[13.6702242,45.4455058]]],[[[13.6759558,45.4944293],[13.6745459,45.4944468],[13.6729754,45.4925953],[13.6750477,45.4905427],[13.6750704,45.4893335],[13.6732634,45.4862877],[13.6736281,45.4852072],[13.6729303,45.4835537],[13.6713583,45.4815557],[13.6718977,45.4797077],[13.6719383,45.4757804],[13.669968,45.4747551],[13.6679117,45.4757156],[13.6661534,45.4755227],[13.663621,45.474075],[13.6612324,45.4735125],[13.6595093,45.4736616],[13.6576149,45.4728243],[13.6537596,45.4734792],[13.6512135,45.4749147],[13.6502177,45.4760659],[13.6518506,45.4768066],[13.6540996,45.4792402],[13.6502928,45.4810998],[13.650295,45.4825473],[13.647991,45.4833441],[13.6473577,45.4843666],[13.6468335,45.4879517],[13.641578,45.4875752],[13.640403,45.4887385],[13.6413438,45.489546],[13.6397884,45.4912734],[13.6392278,45.4926985],[13.6406373,45.494383],[13.639241,45.4948959],[13.6369004,45.493516],[13.633967,45.4943958],[13.6297245,45.4951078],[13.6293999,45.4967013],[13.631904,45.4986781],[13.6311655,45.4999338],[13.6294186,45.5008511],[13.6287311,45.5028887],[13.6278776,45.5031197],[13.6279671,45.5059129],[13.629253,45.5062378],[13.6298031,45.5076808],[13.6295229,45.5093237],[13.6310561,45.510269],[13.6299885,45.5112182],[13.6293059,45.513562],[13.6263465,45.5148022],[13.6257268,45.5165653],[13.6238614,45.5172361],[13.6216728,45.5194412],[13.621874,45.5209677],[13.6194978,45.5233967],[13.6203621,45.5276634],[13.6209484,45.528277],[13.6210461,45.5317373],[13.6176237,45.532887],[13.6148866,45.5342462],[13.6162819,45.5353525],[13.6151019,45.5366821],[13.6156956,45.5398748],[13.6130505,45.5397823],[13.6118846,45.5380174],[13.6091071,45.5374698],[13.6055707,45.5378821],[13.6019727,45.5370223],[13.6020566,45.5348098],[13.6006082,45.5324195],[13.6019837,45.5311058],[13.6047583,45.5319611],[13.6074596,45.5311877],[13.6067665,45.529898],[13.6067179,45.5279536],[13.6031908,45.5278837],[13.6015888,45.5258248],[13.5998804,45.5253144],[13.5965484,45.5263217],[13.5929333,45.5264246],[13.590175,45.5256138],[13.5886939,45.5260781],[13.5848203,45.5262405],[13.5810359,45.5251611],[13.5778822,45.5264522],[13.5730382,45.528859],[13.5681067,45.5300382],[13.563147,45.5303937],[13.5659721,45.5286446],[13.5670119,45.5274446],[13.5685562,45.5269742],[13.5667924,45.5242999],[13.5664116,45.5211408],[13.5681702,45.5187879],[13.5688154,45.5167057],[13.5729672,45.5137411],[13.576486,45.5158542],[13.5781788,45.5157079],[13.581526,45.5139756],[13.5845437,45.5130209],[13.5874543,45.5128605],[13.5891613,45.5133837],[13.5927448,45.5132833],[13.5939725,45.5119763],[13.5935994,45.5088692],[13.5966175,45.5068553],[13.5944873,45.5029304],[13.5929451,45.503284],[13.5896862,45.5031379],[13.5866747,45.5012106],[13.5871149,45.5001228],[13.5844274,45.4980893],[13.5889015,45.4948683],[13.5880773,45.4929948],[13.5902774,45.4922667],[13.5923864,45.4889208],[13.5924295,45.4833672],[13.5898488,45.4793003],[13.5884418,45.4800379],[13.5850588,45.478717],[13.5817099,45.4764302],[13.5842032,45.4756833],[13.5852783,45.4759956],[13.5863575,45.4745042],[13.5900528,45.4724193],[13.5912816,45.4725636],[13.5922161,45.4709603],[13.5946682,45.4706464],[13.5963018,45.4691757],[13.5995089,45.4677027],[13.6015294,45.4671923],[13.6058188,45.4652954],[13.6082267,45.4646944],[13.6119305,45.4627179],[13.617232,45.4623696],[13.6195936,45.4629818],[13.6213899,45.4623893],[13.6229066,45.461175],[13.6247745,45.4608612],[13.6277143,45.4586522],[13.6297422,45.4579943],[13.633203,45.4577542],[13.6349534,45.4583859],[13.6372169,45.4581724],[13.643035,45.4568553],[13.6438942,45.4559344],[13.6512964,45.4540548],[13.6548027,45.4521942],[13.6577875,45.4525967],[13.6591292,45.4514381],[13.6612716,45.4518367],[13.6627187,45.450921],[13.6626737,45.4495738],[13.6643823,45.447171],[13.6671821,45.4471669],[13.6702242,45.4455058],[13.6706101,45.4466079],[13.6739691,45.448378],[13.673485,45.4494503],[13.6760031,45.4501784],[13.6773928,45.4497432],[13.6806626,45.4499776],[13.6845092,45.4512641],[13.6828268,45.453181],[13.6796838,45.4554452],[13.6803613,45.4573079],[13.6832205,45.4551135],[13.6854661,45.4554152],[13.6852219,45.4566228],[13.6874904,45.4575982],[13.6878581,45.4584496],[13.6864838,45.4606957],[13.6845156,45.4613196],[13.6863237,45.4624797],[13.6853656,45.4637039],[13.686665,45.4643578],[13.6884719,45.4673918],[13.6926661,45.4691354],[13.6982347,45.4732478],[13.699899,45.4749459],[13.7044113,45.4738597],[13.7058365,45.4763339],[13.706848,45.4768083],[13.7083542,45.481318],[13.7113615,45.4843583],[13.7123824,45.4859825],[13.7113248,45.4881199],[13.7111474,45.4913225],[13.7057148,45.4927417],[13.7006098,45.4922964],[13.695522,45.4934844],[13.6930931,45.4933658],[13.6917545,45.4940339],[13.688985,45.4937571],[13.6851163,45.494862],[13.6827071,45.4946345],[13.6815759,45.4956107],[13.6795694,45.4957496],[13.6759558,45.4944293]]],[[[14.1181931,45.4812402],[14.1265353,45.4843825],[14.1260185,45.4851625],[14.1274688,45.4886652],[14.1256811,45.4897533],[14.1251502,45.4917185],[14.1311375,45.4900517],[14.1270021,45.4982149],[14.1228745,45.5067746],[14.1244391,45.5139879],[14.1184718,45.5117386],[14.1173152,45.5092602],[14.1151042,45.5069137],[14.1114284,45.5082135],[14.1097884,45.5094714],[14.1049582,45.5164552],[14.1044298,45.5168213],[14.0933447,45.5181591],[14.0907119,45.5164652],[14.0915975,45.5235445],[14.0962599,45.5250436],[14.0997118,45.5277798],[14.1026262,45.5325953],[14.1012829,45.5343672],[14.1033478,45.5372093],[14.103875,45.5385754],[14.1006177,45.5437644],[14.102334,45.5476426],[14.1062473,45.5505561],[14.1093813,45.5506117],[14.1099718,45.5517476],[14.1117051,45.5528322],[14.1127833,45.5543646],[14.1127959,45.5559149],[14.1116686,45.5588408],[14.112129,45.5611561],[14.1135617,45.5638222],[14.1139301,45.5662526],[14.1160691,45.5669284],[14.1182816,45.5698339],[14.1159308,45.5707933],[14.1132641,45.5703659],[14.11126,45.5707896],[14.1089479,45.572539],[14.1065829,45.5726926],[14.1056256,45.5712694],[14.102295,45.5684582],[14.0990251,45.5670216],[14.0987408,45.5686378],[14.09371,45.5705622],[14.0949505,45.5739809],[14.094307,45.5777461],[14.0923183,45.5798735],[14.0947189,45.5868455],[14.0935887,45.5895709],[14.0939811,45.5907152],[14.0959257,45.5921254],[14.0962279,45.5933744],[14.0999604,45.5922944],[14.1070434,45.5977552],[14.1092558,45.6008519],[14.1103657,45.6034782],[14.1117479,45.6041048],[14.1155196,45.6066745],[14.1126114,45.6085767],[14.1107492,45.6082569],[14.1076205,45.6085195],[14.1059933,45.6099552],[14.1027395,45.6114392],[14.0981629,45.6127231],[14.0976716,45.6151456],[14.0960026,45.6179129],[14.096575,45.6225919],[14.0961642,45.6241027],[14.0971307,45.6250481],[14.0953973,45.6264705],[14.090042,45.6274478],[14.0848765,45.6297099],[14.083322,45.631406],[14.0853412,45.6329189],[14.0868897,45.6326566],[14.0897552,45.6341252],[14.0909854,45.6357527],[14.0923935,45.6358271],[14.0925827,45.6371048],[14.0915953,45.6385811],[14.0885699,45.6393813],[14.0871209,45.6407111],[14.0876502,45.6433237],[14.0868169,45.6440137],[14.0877842,45.6451992],[14.0865223,45.6464191],[14.0870487,45.6478214],[14.0855172,45.648035],[14.0826711,45.6513301],[14.0799182,45.6523103],[14.077891,45.6548205],[14.0754897,45.6544409],[14.0731187,45.6564133],[14.074931,45.659481],[14.0766132,45.6605519],[14.0780993,45.6630182],[14.0801144,45.6655473],[14.0818336,45.6665656],[14.0792346,45.6672602],[14.077154,45.6689644],[14.0796668,45.6706384],[14.0776162,45.6708129],[14.0790856,45.673794],[14.0798218,45.6769956],[14.0789842,45.6770132],[14.0779962,45.68218],[14.0750195,45.6824962],[14.0709494,45.6822514],[14.0665868,45.6844799],[14.0693678,45.6924291],[14.0666242,45.6926967],[14.0733674,45.69897],[14.0733818,45.7017171],[14.0729871,45.7077321],[14.0755761,45.7054841],[14.0785821,45.7078228],[14.0778295,45.7095387],[14.0816889,45.7123606],[14.0829824,45.71192],[14.0822482,45.7103785],[14.0855675,45.7095717],[14.0864229,45.7112437],[14.0915927,45.7103416],[14.0927054,45.7095823],[14.095564,45.708937],[14.0996867,45.7153981],[14.0953176,45.725698],[14.0974418,45.7254948],[14.0979986,45.7265603],[14.0946498,45.7273251],[14.0910036,45.727345],[14.0879869,45.7277219],[14.0879402,45.7290863],[14.0938942,45.7291343],[14.0962247,45.7279704],[14.0969365,45.7286105],[14.0953506,45.7298049],[14.0954884,45.7310346],[14.0939835,45.7328967],[14.092144,45.7341148],[14.0906497,45.732197],[14.08797,45.7325463],[14.0859047,45.7323391],[14.0850447,45.732933],[14.0873152,45.7357811],[14.0860434,45.7365978],[14.083484,45.7339395],[14.08265,45.7354035],[14.0846183,45.7377019],[14.0810719,45.738316],[14.0847426,45.7404147],[14.086621,45.7397963],[14.0873431,45.7407486],[14.082281,45.7434971],[14.0824403,45.7442924],[14.0796705,45.7454384],[14.0792521,45.7468337],[14.076193,45.7488513],[14.0700955,45.7497829],[14.0672971,45.7504167],[14.0590579,45.7511836],[14.0562128,45.7517013],[14.0531827,45.7510055],[14.0511903,45.7522166],[14.0476891,45.7535784],[14.0474391,45.7548431],[14.0455886,45.7573613],[14.0430896,45.7595018],[14.0427322,45.7614953],[14.0391445,45.763501],[14.0311384,45.7655622],[14.0305333,45.7670321],[14.0288936,45.7683663],[14.0276468,45.7685396],[14.0266838,45.7702416],[14.0244112,45.7702552],[14.02227,45.7716616],[14.0202043,45.7718623],[14.018343,45.772975],[14.0149202,45.7713488],[14.0121312,45.7717266],[14.0101865,45.7733157],[14.0088325,45.7691212],[14.0066653,45.7660513],[14.0052513,45.7660425],[14.0046723,45.7686264],[14.0012805,45.766164],[13.9986598,45.7646686],[13.9961494,45.7665916],[13.9999576,45.7694917],[13.9974193,45.7708477],[13.9941645,45.771795],[13.9917807,45.7745976],[13.9890761,45.7758057],[13.9879099,45.7768872],[13.9828303,45.7794161],[13.9807622,45.7793528],[13.9780287,45.7800021],[13.9771053,45.7806813],[13.9717536,45.7809199],[13.9701179,45.781358],[13.9677782,45.7842326],[13.9658208,45.784489],[13.9636053,45.7868322],[13.9580221,45.7867189],[13.9571467,45.7878389],[13.9573677,45.7894424],[13.9541991,45.7885153],[13.9521866,45.7883757],[13.9489018,45.788772],[13.9464199,45.7898287],[13.9441456,45.7902409],[13.9416874,45.7914198],[13.9406189,45.7913269],[13.9389546,45.7925229],[13.9345681,45.7925587],[13.932937,45.7942714],[13.9330624,45.7957334],[13.9307908,45.7968022],[13.9291502,45.7969387],[13.9273857,45.7983814],[13.9261897,45.8005952],[13.9208432,45.8035281],[13.9144872,45.8066709],[13.9107839,45.8091958],[13.9091167,45.8093989],[13.9079984,45.8104814],[13.9080267,45.8116987],[13.9062123,45.8145594],[13.9026441,45.8141687],[13.9009876,45.817165],[13.8979585,45.8170372],[13.8960028,45.818064],[13.8976883,45.820398],[13.8958883,45.8224156],[13.8978089,45.8235841],[13.8939041,45.8243013],[13.891187,45.8254267],[13.8921318,45.8288133],[13.8890297,45.8297031],[13.8848498,45.8279461],[13.8805781,45.8273614],[13.8787973,45.8262504],[13.8766081,45.8270746],[13.8739607,45.8267388],[13.8734221,45.8245379],[13.8717987,45.8240275],[13.8678299,45.826093],[13.8668282,45.8249246],[13.8624631,45.8248488],[13.8607997,45.8258441],[13.8573682,45.8256718],[13.8526127,45.8273056],[13.8501368,45.8291467],[13.8471027,45.8281825],[13.8459297,45.8301036],[13.8441756,45.831962],[13.8428391,45.831996],[13.8413196,45.8332214],[13.8401886,45.8353822],[13.8394524,45.8363226],[13.8377256,45.836107],[13.8372998,45.8377922],[13.8331144,45.8390189],[13.8317778,45.840289],[13.8289218,45.8405863],[13.8265927,45.8437902],[13.8245879,45.843082],[13.8195896,45.8445059],[13.8175494,45.8418373],[13.8156208,45.8412171],[13.8100165,45.8421271],[13.8127161,45.8379181],[13.8116289,45.8369608],[13.8114578,45.8354899],[13.8103807,45.8346759],[13.8085951,45.835212],[13.799619,45.8346495],[13.7898331,45.8337837],[13.7863583,45.8364823],[13.7768436,45.840522],[13.772871,45.8407917],[13.7707447,45.8420052],[13.7657369,45.8477028],[13.7617755,45.8500678],[13.7584508,45.8512657],[13.751862,45.852904],[13.7487884,45.8555622],[13.748513,45.8563951],[13.7454894,45.8574954],[13.7418865,45.8581174],[13.731187,45.8603954],[13.7228209,45.861583],[13.7157657,45.8634177],[13.7172656,45.8604077],[13.7186751,45.8592527],[13.7193772,45.8571355],[13.7191819,45.8552634],[13.7171736,45.8530458],[13.7168415,45.8508397],[13.7153681,45.8476453],[13.7156194,45.8452704],[13.7141892,45.8435146],[13.7077954,45.8400915],[13.703656,45.8371152],[13.7023669,45.8351707],[13.6986773,45.8353448],[13.6921736,45.836182],[13.6895396,45.8348239],[13.6824551,45.8160894],[13.6737299,45.8160574],[13.6570385,45.8158325],[13.6503629,45.8169879],[13.6425795,45.8197073],[13.6347052,45.8193417],[13.6307124,45.8189305],[13.6255677,45.8191535],[13.6230505,45.8188054],[13.6200412,45.8194511],[13.6118821,45.8191399],[13.6073728,45.8195989],[13.5971234,45.8194558],[13.596451,45.8147656],[13.5958692,45.8081196],[13.6041177,45.8039938],[13.6076069,45.8037217],[13.6112257,45.802634],[13.6137403,45.8031712],[13.6173854,45.801378],[13.6194672,45.8007222],[13.6237504,45.800159],[13.6234497,45.7983552],[13.6240549,45.7960432],[13.6267121,45.7974377],[13.6374716,45.8013628],[13.6375153,45.7982801],[13.6383834,45.7981935],[13.648939,45.7992636],[13.6504973,45.799309],[13.6580731,45.800361],[13.6693583,45.7996986],[13.6707777,45.7979054],[13.6708071,45.7969075],[13.6722609,45.7954051],[13.6745947,45.7906404],[13.6758956,45.7914527],[13.6758634,45.7924972],[13.6792893,45.7942328],[13.6802829,45.7928376],[13.6839476,45.7912202],[13.6879439,45.789088],[13.6969902,45.7829173],[13.7006132,45.7794481],[13.7099987,45.7740369],[13.7145519,45.7720927],[13.719554,45.7702827],[13.7228388,45.7684493],[13.7299794,45.7664597],[13.7351348,45.7634594],[13.7365264,45.7614627],[13.7335028,45.7610423],[13.7355483,45.7595761],[13.7382172,45.7597202],[13.7398995,45.7579986],[13.7430008,45.7568745],[13.745753,45.7553609],[13.7577874,45.7556548],[13.7622759,45.7562224],[13.7655482,45.7526359],[13.7655642,45.750889],[13.7716254,45.7498794],[13.7745442,45.7488394],[13.7783334,45.7489204],[13.7798572,45.7484154],[13.7842477,45.7483015],[13.7944109,45.7440827],[13.7997099,45.7403793],[13.8024207,45.734332],[13.8056556,45.728686],[13.8107831,45.7232673],[13.814828,45.7211506],[13.8263142,45.7147095],[13.8339243,45.707181],[13.8343581,45.7016597],[13.8353122,45.7003338],[13.8359248,45.6979318],[13.8321841,45.6957407],[13.831235,45.6928946],[13.8336427,45.6870905],[13.8360543,45.6862172],[13.8389736,45.6843062],[13.8451491,45.6807387],[13.8513841,45.6733005],[13.8540077,45.6710511],[13.8576504,45.6658555],[13.8683072,45.6586267],[13.8743937,45.6547464],[13.8752487,45.6545498],[13.8792343,45.6521969],[13.893048,45.6450237],[13.8945526,45.645028],[13.8954964,45.6440235],[13.9031442,45.6425502],[13.9079077,45.63955],[13.9186576,45.633515],[13.9183064,45.6312017],[13.9134086,45.6295053],[13.9100106,45.6269506],[13.9068509,45.6249797],[13.9051873,45.6246371],[13.9011043,45.6221919],[13.8972856,45.6207306],[13.8952015,45.6204923],[13.8926464,45.6190979],[13.8908822,45.6171369],[13.8876902,45.6161738],[13.8833394,45.6142121],[13.8827665,45.6134066],[13.8788868,45.6114698],[13.8690494,45.6093374],[13.8692045,45.6084444],[13.8688199,45.6024822],[13.8706283,45.6028083],[13.878316,45.6010526],[13.8823121,45.5939418],[13.8858918,45.5893385],[13.8856902,45.5883311],[13.8833361,45.58624],[13.8848286,45.5833097],[13.8873869,45.5799926],[13.8879939,45.5779138],[13.8907859,45.5736568],[13.8911846,45.5710317],[13.8920992,45.569519],[13.8958705,45.566242],[13.8985452,45.5650203],[13.9004682,45.563229],[13.9074489,45.5646416],[13.9112547,45.5635063],[13.9161475,45.5575625],[13.9235895,45.5477853],[13.925314,45.5485636],[13.9295931,45.5485347],[13.9366168,45.5493804],[13.9401623,45.5499745],[13.9468109,45.5516478],[13.9622171,45.5538896],[13.9645449,45.5489034],[13.9673031,45.5453355],[13.9737266,45.5385607],[13.9771996,45.5342121],[13.9811132,45.5301518],[13.9837002,45.5286022],[13.9864615,45.5258898],[13.9890405,45.5248326],[13.9924208,45.5223237],[13.9940825,45.5218285],[13.9965813,45.5201098],[13.9990791,45.5196676],[14.0019568,45.5200582],[14.0110069,45.5196807],[14.0188015,45.5152609],[14.0263508,45.5112574],[14.0304364,45.5069384],[14.0331309,45.5048779],[14.04218,45.4988718],[14.0435928,45.4981209],[14.0494571,45.4985773],[14.0566289,45.49356],[14.0592582,45.4937249],[14.0690434,45.4878342],[14.0709208,45.4853427],[14.0735838,45.4845404],[14.0803739,45.4840259],[14.0917163,45.4818338],[14.1006149,45.4822088],[14.1049415,45.4827543],[14.1117808,45.4822807],[14.1181931,45.4812402]]]]},"properties":{"name":"Koper (Capodistria)","code":"KP"}},
{"type":"Feature","geometry":{"type":"MultiPolygon","coordinates":[[[[14.2371805,46.4322222],[14.236161,46.4329628],[14.2308571,46.4338619],[14.2301138,46.4346805],[14.2269846,46.4358835],[14.2236803,46.439741],[14.2237202,46.4405634],[14.2219749,46.4417725],[14.2190757,46.4428403],[14.2170119,46.4425706],[14.2158106,46.4431652],[14.213287,46.4418676],[14.2123799,46.4398969],[14.2095287,46.4398572],[14.207664,46.4393149],[14.2052249,46.4394627],[14.2012724,46.4406654],[14.1957771,46.4410611],[14.1945938,46.44212],[14.1912866,46.4421693],[14.1893266,46.4406544],[14.1830684,46.4382243],[14.1805235,46.4382983],[14.1785265,46.4368],[14.1780492,46.4353358],[14.1765582,46.4339961],[14.1714261,46.4337818],[14.170399,46.4332629],[14.1632086,46.4336118],[14.1591709,46.4342496],[14.1546391,46.4356796],[14.152532,46.4373088],[14.1522257,46.4408803],[14.1512403,46.4429591],[14.1482476,46.443112],[14.1446113,46.4451243],[14.1412746,46.4466285],[14.1403379,46.4482655],[14.1383383,46.4484672],[14.1349248,46.4511219],[14.1359303,46.4533215],[14.1359676,46.4551816],[14.1353359,46.4563406],[14.1351007,46.4587143],[14.1329345,46.460972],[14.1307224,46.4621565],[14.1282016,46.4652452],[14.1294727,46.466431],[14.1239471,46.4724119],[14.1214925,46.4732655],[14.1201505,46.4749984],[14.1215229,46.4766112],[14.1156015,46.4775349],[14.1125386,46.4786332],[14.1046232,46.4799313],[14.1024825,46.4789127],[14.0992705,46.4800665],[14.0999482,46.4814632],[14.0987161,46.4824522],[14.0960983,46.4835752],[14.0946524,46.4849089],[14.0915333,46.4857037],[14.088265,46.485352],[14.0860188,46.4866389],[14.0838763,46.4861549],[14.0802627,46.4868175],[14.0782222,46.4865882],[14.0736797,46.4872366],[14.0716805,46.4870913],[14.0670516,46.488264],[14.0653207,46.48954],[14.0626689,46.4899302],[14.0582856,46.490005],[14.057864,46.4905664],[14.0530961,46.491708],[14.0507484,46.4931957],[14.0497865,46.4927197],[14.0450687,46.492431],[14.0405584,46.4930284],[14.0346233,46.4910427],[14.0320236,46.4893842],[14.0310427,46.4868597],[14.0285468,46.4866922],[14.0260176,46.4859744],[14.0243825,46.4833831],[14.0196704,46.481381],[14.0145264,46.4821495],[14.0110556,46.4820027],[14.0064944,46.4813645],[14.003695,46.4827027],[13.9989724,46.4864042],[13.994739,46.4876111],[13.9926367,46.4873255],[13.9895295,46.4883359],[13.9893784,46.4910847],[13.9887561,46.4929021],[13.9858804,46.4933443],[13.9829126,46.4952658],[13.9808176,46.4956237],[13.9781586,46.4967094],[13.9756376,46.4982734],[13.971898,46.4967914],[13.9694576,46.4969954],[13.9673189,46.4978616],[13.9605098,46.5013556],[13.9598088,46.5029223],[13.9566359,46.5046125],[13.9550068,46.5048139],[13.9530534,46.5062334],[13.9525154,46.5073645],[13.9485798,46.5080543],[13.9429507,46.5114828],[13.9380823,46.5115525],[13.9375315,46.5122284],[13.9346451,46.5126979],[13.931186,46.5137392],[13.9273426,46.5140673],[13.9254089,46.5169801],[13.9229532,46.5187046],[13.9197561,46.5195644],[13.917733,46.5195914],[13.9119661,46.5211412],[13.9088312,46.5206323],[13.9067109,46.5193273],[13.901214,46.5188107],[13.8956498,46.5193311],[13.8923701,46.5212075],[13.8885656,46.520803],[13.8835874,46.5220442],[13.8819778,46.522777],[13.8787911,46.5191324],[13.8771514,46.5195024],[13.8747889,46.5187168],[13.8714349,46.5192102],[13.8659389,46.5174876],[13.8623676,46.515079],[13.8609676,46.5151601],[13.8580274,46.5141078],[13.8552823,46.513868],[13.8520381,46.5144897],[13.8484656,46.5141764],[13.8419583,46.5159567],[13.8379219,46.5160321],[13.8354664,46.5169766],[13.8343274,46.518428],[13.8312899,46.5186728],[13.8286125,46.5169337],[13.829189,46.5152624],[13.8270869,46.5135959],[13.8230109,46.5129955],[13.8212376,46.5119488],[13.8208427,46.5105156],[13.8173193,46.5101111],[13.8150116,46.5073899],[13.8107748,46.505991],[13.8058837,46.5070094],[13.8021442,46.5065195],[13.7982951,46.5064736],[13.7952326,46.5054043],[13.7937126,46.5057151],[13.7919785,46.5079222],[13.7900907,46.5076251],[13.7869767,46.509162],[13.7836789,46.5112772],[13.7801486,46.5121159],[13.7786822,46.517136],[13.7763561,46.5176052],[13.7743494,46.5160086],[13.7712628,46.5163645],[13.7677141,46.5156009],[13.7663399,46.5145038],[13.7574443,46.5174592],[13.7538961,46.5180329],[13.7475503,46.5172384],[13.7373953,46.5170785],[13.734005,46.5182485],[13.7327519,46.5192884],[13.7293883,46.5205037],[13.726218,46.522007],[13.7258285,46.5231472],[13.7209565,46.5232062],[13.7177706,46.5226183],[13.7163312,46.5228009],[13.7143179,46.5220759],[13.7163456,46.5157992],[13.7170693,46.5142468],[13.7171576,46.5123281],[13.7158095,46.5097556],[13.7167018,46.507018],[13.7154499,46.5057727],[13.711702,46.5050799],[13.7040499,46.5016547],[13.7024874,46.4987446],[13.7038044,46.4979232],[13.7031655,46.4956416],[13.7049775,46.4950039],[13.7055215,46.4920003],[13.7045222,46.4917573],[13.7040386,46.488879],[13.7041157,46.486643],[13.7030101,46.4852719],[13.7034014,46.4844155],[13.7071782,46.4830335],[13.7093178,46.4817366],[13.7092558,46.4801208],[13.7069773,46.4780668],[13.7032774,46.4763402],[13.7003103,46.4735551],[13.6988135,46.4710721],[13.6952902,46.4683084],[13.6936671,46.4679351],[13.693808,46.4645704],[13.6963745,46.4627014],[13.6968484,46.4603074],[13.6981137,46.4593687],[13.6978143,46.4583068],[13.6988022,46.456709],[13.6950757,46.4512627],[13.6937083,46.4474207],[13.6943604,46.446137],[13.6936985,46.443842],[13.6892453,46.4399844],[13.6850117,46.4393324],[13.6840204,46.4374728],[13.6836203,46.4357088],[13.6839875,46.434279],[13.6804208,46.4319332],[13.6799763,46.4301256],[13.6813133,46.4296113],[13.6811199,46.4282983],[13.6796505,46.4273331],[13.6786549,46.4253668],[13.6763761,46.424646],[13.6763033,46.4239332],[13.6798982,46.421563],[13.6809059,46.4196989],[13.6827799,46.4196507],[13.6896428,46.423334],[13.6915434,46.423059],[13.6940594,46.4243029],[13.6993349,46.4261166],[13.70512,46.4259311],[13.7095168,46.4276197],[13.7106207,46.4283917],[13.7138308,46.4290784],[13.7161673,46.4289965],[13.7197783,46.4303965],[13.7200168,46.431657],[13.7237674,46.434403],[13.7266466,46.435959],[13.7299829,46.4365894],[13.7312616,46.4375758],[13.7353979,46.437775],[13.7388771,46.4390278],[13.740553,46.4361092],[13.7433671,46.4348009],[13.7465627,46.4340831],[13.7467611,46.4328275],[13.7480932,46.4315921],[13.7483368,46.4303781],[13.750313,46.4274659],[13.754099,46.4256186],[13.7581569,46.4240557],[13.7617321,46.4235779],[13.7632057,46.4243243],[13.7657355,46.4240573],[13.7697505,46.4247069],[13.7706514,46.4229966],[13.7721463,46.4223234],[13.7746686,46.4229759],[13.7770217,46.4222345],[13.7780954,46.4229086],[13.7835929,46.4198078],[13.7846582,46.4197928],[13.7876611,46.4185582],[13.7896077,46.4182535],[13.7928248,46.4162869],[13.7922973,46.4139713],[13.7955141,46.4144414],[13.7988298,46.4136929],[13.7996176,46.4112805],[13.8009347,46.4099634],[13.8035346,46.4097829],[13.8068563,46.4108192],[13.8117923,46.4098558],[13.8137892,46.4076409],[13.8113752,46.4042673],[13.8122292,46.4037886],[13.8123334,46.4015805],[13.8134365,46.4003729],[13.8126075,46.3981135],[13.8154747,46.3959989],[13.8162629,46.3942675],[13.8153635,46.3904639],[13.8139903,46.3899454],[13.8150543,46.3876636],[13.8166236,46.3870294],[13.8203033,46.3845243],[13.8238488,46.3812864],[13.8271195,46.3809161],[13.8300377,46.3815891],[13.8355775,46.3815066],[13.8366701,46.3782889],[13.8433335,46.3767622],[13.8519142,46.379842],[13.8810414,46.3919976],[13.8938195,46.3957345],[13.8987515,46.3979975],[13.9068294,46.403594],[13.9198483,46.4062796],[13.92614,46.4061767],[13.9296231,46.4092946],[13.9295408,46.4119597],[13.9311491,46.4143709],[13.931453,46.4159489],[13.9330061,46.4172441],[13.9364747,46.422565],[13.938772,46.4239549],[13.9402473,46.4263299],[13.94433,46.4276911],[13.9479209,46.4281328],[13.9506301,46.4289281],[13.9541738,46.4291053],[13.9569627,46.4301202],[13.9619854,46.4303436],[13.9658354,46.4295635],[13.9675956,46.4303045],[13.9696821,46.4292199],[13.9704155,46.4302708],[13.9719157,46.4357155],[13.9700937,46.4387765],[13.9715537,46.4403683],[13.9752763,46.4419941],[13.9783785,46.4408492],[13.9825388,46.4406667],[13.9855667,46.4396142],[13.9881143,46.440134],[13.9994082,46.4390441],[14.0029831,46.4353806],[14.0051492,46.434455],[14.008461,46.4339675],[14.0113125,46.4329109],[14.0134407,46.4308696],[14.0169824,46.4302748],[14.0238722,46.4280881],[14.026926,46.4288546],[14.0298221,46.428155],[14.0342949,46.4253998],[14.038486,46.4257069],[14.0403777,46.4264802],[14.0422788,46.4263306],[14.0442558,46.4239878],[14.045037,46.4221102],[14.0533073,46.4210383],[14.0592401,46.4197493],[14.062307,46.4177473],[14.0660099,46.4162561],[14.0689488,46.415954],[14.0706349,46.4140133],[14.0725071,46.4127078],[14.0763833,46.4114341],[14.0787889,46.4097417],[14.0809319,46.4090057],[14.0819538,46.4075009],[14.0860592,46.4054835],[14.0843634,46.4044065],[14.0849753,46.4028136],[14.0886024,46.4007783],[14.0908573,46.4008358],[14.0934285,46.3999106],[14.0938017,46.3987135],[14.0967349,46.4002063],[14.1002265,46.4009841],[14.1047506,46.4013786],[14.1077519,46.4025589],[14.1090683,46.4035678],[14.1116909,46.4031902],[14.1140569,46.4048945],[14.1174235,46.4058446],[14.1232687,46.404199],[14.1235611,46.4027203],[14.1246333,46.4017703],[14.1242168,46.3997839],[14.1215724,46.3942131],[14.120113,46.3936548],[14.1172807,46.3905806],[14.1197373,46.3887561],[14.1196519,46.3870508],[14.1206744,46.3862028],[14.1251993,46.3869945],[14.1254284,46.3840535],[14.1278021,46.381002],[14.128601,46.3790184],[14.1303557,46.3779437],[14.1338565,46.3772091],[14.1324432,46.3752654],[14.1316168,46.3726686],[14.1321448,46.3710784],[14.1367102,46.3692117],[14.1410776,46.3721282],[14.1532676,46.381893],[14.1543082,46.3814156],[14.1559586,46.3827011],[14.1584695,46.3812871],[14.1619686,46.3801547],[14.1641111,46.3786039],[14.1659275,46.3796317],[14.1668593,46.3784668],[14.1692672,46.3784631],[14.1716047,46.3772945],[14.1755097,46.3734277],[14.177283,46.3725243],[14.1776719,46.3743485],[14.1756693,46.3751868],[14.1782398,46.3761807],[14.1778037,46.3775418],[14.1792758,46.3800514],[14.1811323,46.3805469],[14.1829215,46.3819834],[14.1819862,46.3828061],[14.1855102,46.3843576],[14.1847325,46.3797728],[14.1898246,46.3821972],[14.1917706,46.3840064],[14.1908197,46.3852638],[14.1925388,46.3868873],[14.1915256,46.3893834],[14.1921398,46.3908531],[14.1924214,46.3937053],[14.1908855,46.3952961],[14.1920648,46.3966613],[14.1925934,46.3985641],[14.1936765,46.3990785],[14.1938189,46.4004719],[14.1962662,46.4007584],[14.1978538,46.4038718],[14.2005654,46.4045956],[14.2026618,46.4084147],[14.2030558,46.4097248],[14.2050254,46.4128892],[14.2084502,46.4162993],[14.2102575,46.4176125],[14.2133453,46.4186847],[14.2169647,46.420351],[14.2218792,46.4217707],[14.2298252,46.4216561],[14.2335208,46.422086],[14.2342038,46.422405],[14.2375625,46.431684],[14.2371805,46.4322222]]],[[[14.3953716,46.1577196],[14.399635,46.1601341],[14.4045638,46.162513],[14.4095483,46.1634116],[14.4112643,46.1640459],[14.4132781,46.1636209],[14.4161681,46.1648368],[14.4209824,46.1663448],[14.422553,46.1675894],[14.4169906,46.1713004],[14.416032,46.1714554],[14.4143045,46.1731439],[14.4132461,46.1765761],[14.4084537,46.1814438],[14.4088588,46.1844325],[14.4083867,46.1870047],[14.4073057,46.188821],[14.4053762,46.1900778],[14.4066971,46.1906039],[14.4077661,46.1893288],[14.4117682,46.1895915],[14.412126,46.1889555],[14.4148807,46.189726],[14.415471,46.1888201],[14.420805,46.1907469],[14.4232725,46.1919436],[14.4291964,46.1913474],[14.4330749,46.1904738],[14.4327057,46.1883388],[14.4421136,46.1890888],[14.4425634,46.1888727],[14.4585002,46.1917644],[14.4598718,46.1942215],[14.4618277,46.1942835],[14.4692261,46.1965522],[14.4691716,46.1980716],[14.4662825,46.1981441],[14.4631281,46.1993829],[14.4624434,46.200626],[14.4594585,46.2020886],[14.4603915,46.2038608],[14.4643546,46.2039419],[14.4647181,46.2046898],[14.4679588,46.2043668],[14.4696663,46.2058102],[14.4720813,46.2037981],[14.478502,46.202233],[14.4801203,46.2024861],[14.4825259,46.2037865],[14.4838026,46.2035918],[14.4856638,46.2019626],[14.4880258,46.2017086],[14.4944098,46.2027889],[14.4983284,46.2027034],[14.4996876,46.2019088],[14.5004527,46.2004949],[14.5033028,46.2025945],[14.5070784,46.2064175],[14.5074683,46.2101499],[14.5081661,46.2120247],[14.5100153,46.2124523],[14.5112138,46.2135326],[14.5134871,46.2144762],[14.5141252,46.2162164],[14.5194526,46.2163412],[14.5214068,46.2191715],[14.5235533,46.2178744],[14.5262834,46.2171549],[14.5291167,46.2176135],[14.5292668,46.219972],[14.5324142,46.2207868],[14.5320261,46.2218952],[14.5370586,46.2245129],[14.5423114,46.2295872],[14.5420305,46.2300651],[14.5433332,46.232546],[14.5478,46.2357701],[14.5489425,46.2390996],[14.5500436,46.2395643],[14.5509868,46.2416165],[14.5526477,46.2418363],[14.5553412,46.24335],[14.5599517,46.2447732],[14.562198,46.2432961],[14.5648313,46.2439254],[14.5681458,46.2469306],[14.5659722,46.2476212],[14.5637381,46.2491754],[14.5648029,46.2516252],[14.5681618,46.2536225],[14.5676184,46.2557606],[14.569791,46.2563232],[14.5739466,46.2562645],[14.5720761,46.2581332],[14.5712199,46.2597575],[14.569161,46.261358],[14.5665641,46.2614107],[14.5648587,46.2624943],[14.5634873,46.2663503],[14.5612845,46.2675335],[14.5615416,46.268903],[14.5654035,46.2714003],[14.5615299,46.2731269],[14.5546942,46.2745176],[14.5489749,46.2750539],[14.5495821,46.2793573],[14.5534713,46.2806278],[14.5538887,46.2822889],[14.5521159,46.2857174],[14.5489066,46.2865353],[14.5482312,46.2875657],[14.5474536,46.2908099],[14.5366081,46.2998509],[14.5370884,46.3008119],[14.5365706,46.3034747],[14.5377655,46.304329],[14.5387854,46.3064662],[14.5412047,46.3079941],[14.5424883,46.3095558],[14.5481877,46.3121922],[14.5532816,46.3148532],[14.5549815,46.3191705],[14.5505489,46.3242117],[14.5500291,46.3223003],[14.5490716,46.3223438],[14.5462562,46.3240335],[14.5447212,46.3240182],[14.5423157,46.3254164],[14.5406351,46.3258684],[14.5404007,46.326808],[14.5384717,46.3286981],[14.5376181,46.3321277],[14.5400107,46.3330334],[14.5415731,46.3368549],[14.5444753,46.339479],[14.5475628,46.3410238],[14.5473537,46.3441262],[14.5499514,46.3463582],[14.5482086,46.3508161],[14.546532,46.3523514],[14.5443885,46.3529581],[14.541198,46.3557854],[14.5362559,46.3566293],[14.5355884,46.3572494],[14.5400907,46.3628484],[14.542545,46.362837],[14.5511916,46.3638538],[14.5577278,46.3633942],[14.5617626,46.3638435],[14.5638249,46.3657405],[14.5652394,46.367801],[14.5651786,46.3724569],[14.5634674,46.3723141],[14.5616176,46.3733237],[14.5609542,46.3746376],[14.5583166,46.3751822],[14.5559396,46.3785953],[14.55683,46.3816043],[14.5560793,46.382967],[14.5568159,46.3851613],[14.5546078,46.3877953],[14.5536914,46.3915724],[14.5502768,46.3965515],[14.5474643,46.3980903],[14.5468208,46.3996458],[14.5421421,46.4036258],[14.5404855,46.4063458],[14.5409825,46.4068256],[14.5398757,46.4115935],[14.5361517,46.4142509],[14.5320608,46.4146121],[14.531942,46.415348],[14.5270995,46.4190759],[14.5252278,46.4213349],[14.5221203,46.4238219],[14.5217634,46.4272613],[14.5165618,46.4261827],[14.5154698,46.4264213],[14.5113114,46.4261821],[14.5086302,46.4255121],[14.5031881,46.4229286],[14.5026181,46.4202994],[14.5001236,46.4200921],[14.4975435,46.4188635],[14.4953898,46.4169514],[14.4941643,46.4146634],[14.4922143,46.4129263],[14.485716,46.4147331],[14.4844462,46.4154355],[14.4815817,46.4138488],[14.4793959,46.4134179],[14.4783234,46.4138878],[14.4779009,46.4186106],[14.4764306,46.4198117],[14.4737407,46.4196157],[14.4717677,46.4206437],[14.4688853,46.4209835],[14.4672126,46.4218739],[14.4650727,46.4220781],[14.461025,46.4213855],[14.4569298,46.4211828],[14.4542542,46.4214715],[14.4514986,46.4224699],[14.4467628,46.4215949],[14.4434931,46.4226389],[14.4422645,46.4236901],[14.437429,46.4171833],[14.434202,46.416901],[14.4326826,46.4157354],[14.4304191,46.4114907],[14.4305484,46.4039353],[14.4338558,46.4025636],[14.4336815,46.4010516],[14.4311707,46.4018393],[14.4299706,46.4004788],[14.4255237,46.3993743],[14.4237139,46.3975937],[14.4210366,46.3970442],[14.4187808,46.3933654],[14.4172964,46.39274],[14.4198317,46.3893182],[14.4188604,46.3862318],[14.4201006,46.3836474],[14.4194167,46.3824498],[14.4175237,46.3820242],[14.4173638,46.3808135],[14.4151293,46.3781692],[14.4110918,46.3783174],[14.4090996,46.3769563],[14.4057523,46.3770311],[14.4026295,46.3750979],[14.4016862,46.372584],[14.4014833,46.3696693],[14.4023772,46.3684593],[14.4055782,46.3660577],[14.4068145,46.3635461],[14.4062805,46.3617288],[14.4065261,46.3602289],[14.407934,46.357805],[14.4075763,46.353527],[14.406902,46.3518331],[14.4046109,46.3502145],[14.3878988,46.3487682],[14.3851519,46.3472112],[14.378812,46.3486315],[14.376227,46.3476621],[14.3705533,46.3480441],[14.3677516,46.3485602],[14.3619872,46.3487448],[14.3572265,46.35045],[14.3531628,46.3496425],[14.351075,46.3473422],[14.3489796,46.3437509],[14.3483626,46.3414572],[14.3460188,46.3395107],[14.3478404,46.3377812],[14.3475627,46.336777],[14.3435162,46.3364264],[14.3401244,46.3365874],[14.3391124,46.3374572],[14.3367315,46.3382389],[14.3353369,46.3375914],[14.3346999,46.3356849],[14.3327349,46.3354283],[14.3310934,46.3345436],[14.3296259,46.3353432],[14.3267184,46.3358468],[14.3246901,46.3356364],[14.3240126,46.3341204],[14.3242062,46.3318972],[14.3265253,46.3296939],[14.3275042,46.3241384],[14.326573,46.3222835],[14.3271157,46.3206963],[14.3260822,46.3176847],[14.3246366,46.3170455],[14.3214596,46.3186591],[14.3209465,46.3168734],[14.3198427,46.3167623],[14.314999,46.318473],[14.3175342,46.3194983],[14.3162037,46.3204091],[14.3132404,46.3210049],[14.3114464,46.3224282],[14.3092492,46.3221782],[14.3082766,46.322814],[14.3054128,46.3231957],[14.3010675,46.3218931],[14.3025924,46.319441],[14.3016173,46.3177558],[14.3000947,46.316644],[14.2962702,46.316844],[14.2947278,46.3142684],[14.2932491,46.3138051],[14.2936479,46.3176978],[14.2924651,46.3198228],[14.2927228,46.3209395],[14.2863587,46.3208849],[14.2863031,46.3188353],[14.2838995,46.3189951],[14.2820561,46.3202547],[14.2803253,46.3223533],[14.2788573,46.3213395],[14.2764244,46.3216823],[14.2741822,46.3242087],[14.2722489,46.3231875],[14.2711663,46.3234027],[14.2709792,46.3249344],[14.2678328,46.3246119],[14.2653609,46.323358],[14.2622591,46.3222374],[14.2641933,46.3216646],[14.2653545,46.3185621],[14.2666857,46.3175797],[14.2668761,46.3158084],[14.2653768,46.314941],[14.2638417,46.3150902],[14.2628462,46.3125602],[14.2644127,46.3115437],[14.2617317,46.3074549],[14.2629146,46.3061164],[14.2606449,46.3021713],[14.2613152,46.3013569],[14.259773,46.2993124],[14.2603045,46.2988502],[14.2599584,46.295515],[14.2603665,46.2927699],[14.263683,46.287081],[14.2640917,46.2840177],[14.2654499,46.2815036],[14.2662727,46.2776278],[14.270939,46.2739286],[14.2724718,46.2723405],[14.2671614,46.2720056],[14.2660538,46.2707189],[14.2635045,46.2714348],[14.2594505,46.271091],[14.2570716,46.2718091],[14.253707,46.2717777],[14.2508929,46.2705486],[14.2471293,46.272275],[14.2453451,46.2706509],[14.2431017,46.2712185],[14.2398171,46.2708303],[14.237708,46.2694925],[14.2356385,46.27055],[14.2331834,46.2708729],[14.2333706,46.2697486],[14.2299557,46.2691522],[14.2308143,46.2715438],[14.2245492,46.2731999],[14.2233543,46.2762318],[14.2214686,46.2772645],[14.2202774,46.2753838],[14.2176473,46.2755049],[14.2149935,46.2767374],[14.213292,46.2758334],[14.2084385,46.2747874],[14.2084664,46.2761062],[14.2072483,46.2788085],[14.2080182,46.2809919],[14.2062066,46.2820519],[14.2033368,46.2805648],[14.2018878,46.277535],[14.2001545,46.2776989],[14.1976702,46.277185],[14.1957607,46.2756389],[14.1929535,46.2768305],[14.1921023,46.2780856],[14.1868811,46.27744],[14.1832757,46.2779979],[14.179154,46.2813155],[14.1763347,46.2816839],[14.1707658,46.2802616],[14.164875,46.279806],[14.163799,46.2791051],[14.166513,46.2770521],[14.1691694,46.276268],[14.1709961,46.2752672],[14.1754068,46.2757119],[14.1792017,46.2746846],[14.1803963,46.27368],[14.1831872,46.2728979],[14.1864959,46.2711511],[14.1885242,46.2694537],[14.1894704,46.2673269],[14.1894069,46.2648876],[14.1905118,46.263399],[14.191028,46.2614754],[14.1940867,46.261232],[14.1949854,46.2598291],[14.1945976,46.2582911],[14.1953515,46.2557842],[14.1973856,46.2531237],[14.1982335,46.2538856],[14.2049791,46.2532667],[14.2050077,46.2518445],[14.2033691,46.2496238],[14.2054869,46.2481059],[14.2090836,46.2470836],[14.2115717,46.2475013],[14.2177376,46.2470494],[14.2192986,46.2479462],[14.2207339,46.2477715],[14.2213602,46.2460598],[14.2230397,46.2463087],[14.2240562,46.2477075],[14.2289413,46.2455984],[14.2290317,46.249221],[14.2298327,46.2499761],[14.2332724,46.2502025],[14.2353892,46.2463547],[14.2384947,46.2454728],[14.2403782,46.2445024],[14.2415436,46.2432236],[14.2447967,46.2413378],[14.2481961,46.2411553],[14.2501045,46.2415889],[14.2530256,46.240991],[14.2541381,46.2398675],[14.2569657,46.2385864],[14.2619061,46.2376659],[14.2657417,46.2377971],[14.2689907,46.2386258],[14.2718767,46.237192],[14.2719333,46.2353519],[14.2737375,46.2341177],[14.2757834,46.2335983],[14.2816607,46.2305481],[14.28077,46.228288],[14.2783722,46.2282626],[14.2749887,46.2251551],[14.2785891,46.2238392],[14.2767227,46.221983],[14.2761296,46.2202963],[14.2740894,46.2208089],[14.2714616,46.2207726],[14.2687894,46.2188799],[14.2669044,46.2194701],[14.2651443,46.2185109],[14.2658275,46.2157053],[14.2636254,46.21346],[14.2632984,46.2108141],[14.2652835,46.2099348],[14.2660734,46.2107536],[14.2693465,46.2119844],[14.2721452,46.211563],[14.2732216,46.210263],[14.2748261,46.2099547],[14.2756734,46.2084632],[14.2760697,46.2061577],[14.2801334,46.2090779],[14.284015,46.2076957],[14.2865236,46.211664],[14.2893564,46.2125373],[14.2916248,46.2113622],[14.2950026,46.2056041],[14.2959913,46.2033811],[14.2977333,46.2028567],[14.2976463,46.2007057],[14.299665,46.2008023],[14.3035277,46.2016819],[14.304365,46.2004425],[14.3076559,46.2005679],[14.3080461,46.2016213],[14.3108727,46.201266],[14.3122074,46.200605],[14.3117603,46.1988583],[14.3128066,46.1980966],[14.3153758,46.1975683],[14.3187314,46.1976603],[14.3229195,46.1990656],[14.3248412,46.2000488],[14.327696,46.1974156],[14.3296654,46.1967704],[14.3303704,46.1943255],[14.3316673,46.1919574],[14.3336799,46.1926972],[14.3363448,46.1898841],[14.3373341,46.1900146],[14.3394509,46.1880045],[14.3441194,46.1890496],[14.3447797,46.1867924],[14.3512172,46.1876041],[14.3516975,46.1888099],[14.3540315,46.1885892],[14.3552639,46.1893789],[14.3546412,46.1912201],[14.354802,46.1929305],[14.3566031,46.1922199],[14.3642662,46.1938721],[14.3718405,46.1961006],[14.3726272,46.1947365],[14.3699072,46.1938742],[14.3707351,46.1924985],[14.3672002,46.1917861],[14.3635469,46.1906427],[14.3615378,46.1912331],[14.3601918,46.1909052],[14.3606786,46.1891576],[14.3594027,46.1880885],[14.3583922,46.18605],[14.3608904,46.182762],[14.3601928,46.1825546],[14.362386,46.1777903],[14.3646401,46.1780902],[14.3672179,46.1778608],[14.3693757,46.1781451],[14.3672929,46.1813993],[14.3698835,46.1825048],[14.3717865,46.1826161],[14.3759806,46.1838347],[14.3764233,46.1832337],[14.3793851,46.1839386],[14.3862741,46.1727494],[14.3869649,46.1713032],[14.390299,46.1669488],[14.3926247,46.1628736],[14.3943739,46.1605988],[14.3953716,46.1577196]]],[[[13.8366701,46.3782889],[13.836267,46.375993],[13.8298916,46.3684931],[13.8267305,46.3643696],[13.8208256,46.3628265],[13.820016,46.3621855],[13.8170478,46.3616834],[13.8156684,46.3604633],[13.8154179,46.3591378],[13.8134496,46.3588815],[13.8122041,46.3596161],[13.8091776,46.3601511],[13.8072545,46.3599351],[13.8057331,46.3576338],[13.8040314,46.3572251],[13.8024861,46.3554841],[13.7943455,46.3567976],[13.7890123,46.3554175],[13.7870013,46.3526784],[13.7848588,46.352398],[13.7824052,46.3515076],[13.7824603,46.3502314],[13.7794069,46.3490081],[13.7786017,46.3477564],[13.7758813,46.3467594],[13.772614,46.3464044],[13.7699424,46.3457031],[13.7678733,46.3440692],[13.7652262,46.3427172],[13.7619371,46.3418951],[13.7609408,46.342214],[13.7551724,46.3420725],[13.7538048,46.3416628],[13.7503374,46.338014],[13.7446579,46.3373922],[13.7442758,46.3343056],[13.7405942,46.3326735],[13.7413257,46.3318346],[13.7408918,46.3292077],[13.7414868,46.3288833],[13.7413268,46.3251133],[13.7421237,46.321804],[13.7428435,46.321924],[13.7445834,46.3198401],[13.744654,46.3176463],[13.7461577,46.3158834],[13.7457233,46.3119552],[13.7440611,46.3097516],[13.7421471,46.3091215],[13.7406372,46.3076978],[13.7376145,46.3059137],[13.7356343,46.3058414],[13.7333135,46.3042103],[13.7307927,46.3008414],[13.7284985,46.3005207],[13.7251083,46.2982093],[13.7248098,46.2966382],[13.7268449,46.2953082],[13.7281786,46.295178],[13.7297638,46.2938403],[13.7327153,46.2924033],[13.7315797,46.2910334],[13.7316458,46.2890466],[13.7300881,46.2865883],[13.7314506,46.2839342],[13.7343787,46.2822564],[13.7359684,46.2801405],[13.7356318,46.2778085],[13.7369534,46.2764637],[13.7405494,46.2765005],[13.7448442,46.2748559],[13.7462101,46.2731885],[13.7484296,46.2716204],[13.7491288,46.2687941],[13.7505678,46.2664917],[13.7526095,46.265396],[13.754378,46.2617971],[13.7571794,46.2605143],[13.7600259,46.2600685],[13.7626709,46.2604368],[13.7660763,46.2616752],[13.7687804,46.2612682],[13.7719795,46.2594368],[13.7743729,46.2588549],[13.7750386,46.2571944],[13.7766401,46.2554905],[13.7805396,46.2543763],[13.7822696,46.2518239],[13.7848411,46.2509484],[13.7870549,46.2508658],[13.7932026,46.2475241],[13.7955907,46.2468802],[13.7978548,46.2455901],[13.7997605,46.2454205],[13.8041425,46.2437493],[13.8047853,46.2422659],[13.8081995,46.2398273],[13.8098246,46.2398884],[13.8129167,46.2384809],[13.8151925,46.2385042],[13.8179933,46.2391535],[13.8187349,46.2384949],[13.8213499,46.2391818],[13.8287086,46.2386506],[13.830062,46.2391939],[13.834709,46.2384106],[13.8372217,46.2370593],[13.8391313,46.2366553],[13.8399634,46.2356618],[13.843689,46.2354785],[13.8454997,46.2329454],[13.8477831,46.2332489],[13.8509966,46.2328991],[13.8530761,46.233059],[13.8528481,46.2315578],[13.8547048,46.2306979],[13.8561991,46.2289954],[13.8596635,46.2281391],[13.862543,46.2295117],[13.865168,46.2277217],[13.8671857,46.2276051],[13.8727024,46.2262601],[13.8753717,46.2258835],[13.8816123,46.2280258],[13.8829759,46.2278676],[13.8854087,46.2290734],[13.886727,46.2288147],[13.8882914,46.2271487],[13.8924085,46.2257113],[13.8943737,46.2257151],[13.8972425,46.2263637],[13.9030489,46.2303675],[13.9085372,46.2303823],[13.9100234,46.2294714],[13.9127024,46.2289226],[13.9140642,46.2299572],[13.916454,46.230643],[13.9205803,46.2296873],[13.9253199,46.2306361],[13.9278674,46.2300393],[13.9312534,46.2308486],[13.9339447,46.2307014],[13.936206,46.2317755],[13.9396622,46.231218],[13.9422854,46.2312966],[13.9476277,46.2324078],[13.9499922,46.2342416],[13.9513393,46.2345328],[13.9538109,46.2366386],[13.958709,46.2372348],[13.9621752,46.2350699],[13.9656153,46.2333353],[13.9693763,46.2341648],[13.971058,46.2350097],[13.97263,46.2347582],[13.9751397,46.2359422],[13.9768844,46.2373787],[13.9787352,46.2372077],[13.9791998,46.2382545],[13.9821218,46.2370899],[13.9885771,46.2375284],[13.9931622,46.236879],[13.9962037,46.237652],[13.9969323,46.2372427],[13.9999719,46.2390492],[13.9957434,46.2427114],[14.0067054,46.2442045],[14.0108451,46.2470856],[14.0177564,46.2474843],[14.0248599,46.2491017],[14.0276348,46.24929],[14.0298435,46.2519596],[14.0351154,46.2500906],[14.0369631,46.2501281],[14.0459059,46.2481215],[14.0491952,46.2470546],[14.0500562,46.2460962],[14.0534827,46.2441617],[14.0566784,46.2427769],[14.0575618,46.2433405],[14.0615873,46.2433863],[14.0659167,46.2417327],[14.0680226,46.240109],[14.0702106,46.2395029],[14.0754323,46.2401842],[14.0783871,46.2384022],[14.0800932,46.2368439],[14.0857425,46.2370476],[14.0869615,46.2376189],[14.0895644,46.2372604],[14.0925525,46.2376213],[14.0954261,46.2418352],[14.0947727,46.2437746],[14.0919881,46.2496123],[14.0936939,46.2554712],[14.0952189,46.2582404],[14.0955954,46.2633048],[14.0947256,46.2666944],[14.0974976,46.2693806],[14.0984006,46.2722657],[14.0973762,46.2732332],[14.0960585,46.2758987],[14.0969782,46.2781761],[14.1016754,46.280855],[14.1029764,46.2804609],[14.1071231,46.2812221],[14.1081155,46.2829882],[14.1107497,46.2828571],[14.1149132,46.280994],[14.1199264,46.2808926],[14.1215364,46.2805738],[14.1297901,46.2811474],[14.1304449,46.2805797],[14.1369919,46.2777246],[14.1390816,46.2762115],[14.1497929,46.2745818],[14.152813,46.2746915],[14.1570996,46.2760241],[14.1584571,46.2774876],[14.1605304,46.278241],[14.1620308,46.2795984],[14.163799,46.2791051],[14.164875,46.279806],[14.1707658,46.2802616],[14.1763347,46.2816839],[14.179154,46.2813155],[14.1832757,46.2779979],[14.1868811,46.27744],[14.1921023,46.2780856],[14.1929535,46.2768305],[14.1957607,46.2756389],[14.1976702,46.277185],[14.2001545,46.2776989],[14.2018878,46.277535],[14.2033368,46.2805648],[14.2062066,46.2820519],[14.2080182,46.2809919],[14.2072483,46.2788085],[14.2084664,46.2761062],[14.2084385,46.2747874],[14.213292,46.2758334],[14.2149935,46.2767374],[14.2176473,46.2755049],[14.2202774,46.2753838],[14.2214686,46.2772645],[14.2233543,46.2762318],[14.2245492,46.2731999],[14.2308143,46.2715438],[14.2299557,46.2691522],[14.2333706,46.2697486],[14.2331834,46.2708729],[14.2356385,46.27055],[14.237708,46.2694925],[14.2398171,46.2708303],[14.2431017,46.2712185],[14.2453451,46.2706509],[14.2471293,46.272275],[14.2508929,46.2705486],[14.253707,46.2717777],[14.2570716,46.2718091],[14.2594505,46.271091],[14.2635045,46.2714348],[14.2660538,46.2707189],[14.2671614,46.2720056],[14.2724718,46.2723405],[14.270939,46.2739286],[14.2662727,46.2776278],[14.2654499,46.2815036],[14.2640917,46.2840177],[14.263683,46.287081],[14.2603665,46.2927699],[14.2599584,46.295515],[14.2603045,46.2988502],[14.259773,46.2993124],[14.2613152,46.3013569],[14.2606449,46.3021713],[14.2629146,46.3061164],[14.2617317,46.3074549],[14.2644127,46.3115437],[14.2628462,46.3125602],[14.2638417,46.3150902],[14.2653768,46.314941],[14.2668761,46.3158084],[14.2666857,46.3175797],[14.2653545,46.3185621],[14.2641933,46.3216646],[14.2622591,46.3222374],[14.2653609,46.323358],[14.2650094,46.3245361],[14.2585161,46.3263763],[14.2569423,46.3286609],[14.2538741,46.3299455],[14.2521208,46.3298737],[14.2523647,46.3316431],[14.2492789,46.3338165],[14.2490577,46.3353271],[14.253962,46.3374095],[14.2565622,46.3399189],[14.2622439,46.3423013],[14.2594607,46.3452793],[14.2591054,46.346432],[14.257421,46.3468163],[14.2547213,46.3439565],[14.2524032,46.3432772],[14.2493145,46.3406595],[14.2476455,46.3424709],[14.2452336,46.3422244],[14.2448291,46.3433703],[14.2423176,46.345757],[14.2411144,46.3462996],[14.2402859,46.3483769],[14.240303,46.3499659],[14.2411375,46.353383],[14.2424831,46.3545035],[14.2431497,46.3568505],[14.2459576,46.3592231],[14.2470922,46.3606626],[14.2482776,46.3647301],[14.2490193,46.3661373],[14.2479767,46.3679797],[14.2503089,46.3731681],[14.2497615,46.3733124],[14.2491413,46.376843],[14.2494552,46.3788408],[14.2482169,46.3808715],[14.2518175,46.3810701],[14.2528205,46.3806865],[14.2523276,46.3857093],[14.2518488,46.3874634],[14.2505403,46.3892054],[14.2476619,46.3902736],[14.2469455,46.391331],[14.2474342,46.3927867],[14.2468254,46.3938651],[14.2495497,46.3944722],[14.2491237,46.3971528],[14.2507539,46.3987098],[14.2501937,46.4007072],[14.2508814,46.4029527],[14.2465946,46.4051737],[14.243778,46.4097438],[14.2469928,46.4131859],[14.2492614,46.4140142],[14.2511707,46.4158075],[14.2496572,46.4175284],[14.2431375,46.4215008],[14.2335208,46.422086],[14.2298252,46.4216561],[14.2218792,46.4217707],[14.2169647,46.420351],[14.2133453,46.4186847],[14.2102575,46.4176125],[14.2084502,46.4162993],[14.2050254,46.4128892],[14.2030558,46.4097248],[14.2026618,46.4084147],[14.2005654,46.4045956],[14.1978538,46.4038718],[14.1962662,46.4007584],[14.1938189,46.4004719],[14.1936765,46.3990785],[14.1925934,46.3985641],[14.1920648,46.3966613],[14.1908855,46.3952961],[14.1924214,46.3937053],[14.1921398,46.3908531],[14.1915256,46.3893834],[14.1925388,46.3868873],[14.1908197,46.3852638],[14.1917706,46.3840064],[14.1898246,46.3821972],[14.1847325,46.3797728],[14.1855102,46.3843576],[14.1819862,46.3828061],[14.1829215,46.3819834],[14.1811323,46.3805469],[14.1792758,46.3800514],[14.1778037,46.3775418],[14.1782398,46.3761807],[14.1756693,46.3751868],[14.1776719,46.3743485],[14.177283,46.3725243],[14.1755097,46.3734277],[14.1716047,46.3772945],[14.1692672,46.3784631],[14.1668593,46.3784668],[14.1659275,46.3796317],[14.1641111,46.3786039],[14.1619686,46.3801547],[14.1584695,46.3812871],[14.1559586,46.3827011],[14.1543082,46.3814156],[14.1532676,46.381893],[14.1410776,46.3721282],[14.1367102,46.3692117],[14.1321448,46.3710784],[14.1316168,46.3726686],[14.1324432,46.3752654],[14.1338565,46.3772091],[14.1303557,46.3779437],[14.128601,46.3790184],[14.1278021,46.381002],[14.1254284,46.3840535],[14.1251993,46.3869945],[14.1206744,46.3862028],[14.1196519,46.3870508],[14.1197373,46.3887561],[14.1172807,46.3905806],[14.120113,46.3936548],[14.1215724,46.3942131],[14.1242168,46.3997839],[14.1246333,46.4017703],[14.1235611,46.4027203],[14.1232687,46.404199],[14.1174235,46.4058446],[14.1140569,46.4048945],[14.1116909,46.4031902],[14.1090683,46.4035678],[14.1077519,46.4025589],[14.1047506,46.4013786],[14.1002265,46.4009841],[14.0967349,46.4002063],[14.0938017,46.3987135],[14.0934285,46.3999106],[14.0908573,46.4008358],[14.0886024,46.4007783],[14.0849753,46.4028136],[14.0843634,46.4044065],[14.0860592,46.4054835],[14.0819538,46.4075009],[14.0809319,46.4090057],[14.0787889,46.4097417],[14.0763833,46.4114341],[14.0725071,46.4127078],[14.0706349,46.4140133],[14.0689488,46.415954],[14.0660099,46.4162561],[14.062307,46.4177473],[14.0592401,46.4197493],[14.0533073,46.4210383],[14.045037,46.4221102],[14.0442558,46.4239878],[14.0422788,46.4263306],[14.0403777,46.4264802],[14.038486,46.4257069],[14.0342949,46.4253998],[14.0298221,46.428155],[14.026926,46.4288546],[14.0238722,46.4280881],[14.0169824,46.4302748],[14.0134407,46.4308696],[14.0113125,46.4329109],[14.008461,46.4339675],[14.0051492,46.434455],[14.0029831,46.4353806],[13.9994082,46.4390441],[13.9881143,46.440134],[13.9855667,46.4396142],[13.9825388,46.4406667],[13.9783785,46.4408492],[13.9752763,46.4419941],[13.9715537,46.4403683],[13.9700937,46.4387765],[13.9719157,46.4357155],[13.9704155,46.4302708],[13.9696821,46.4292199],[13.9675956,46.4303045],[13.9658354,46.4295635],[13.9619854,46.4303436],[13.9569627,46.4301202],[13.9541738,46.4291053],[13.9506301,46.4289281],[13.9479209,46.4281328],[13.94433,46.4276911],[13.9402473,46.4263299],[13.938772,46.4239549],[13.9364747,46.422565],[13.9330061,46.4172441],[13.931453,46.4159489],[13.9311491,46.4143709],[13.9295408,46.4119597],[13.9296231,46.4092946],[13.92614,46.4061767],[13.9198483,46.4062796],[13.9068294,46.403594],[13.8987515,46.3979975],[13.8938195,46.3957345],[13.8810414,46.3919976],[13.8519142,46.379842],[13.8433335,46.3767622],[13.8366701,46.3782889]]],[[[14.3953716,46.1577196],[14.3943739,46.1605988],[14.3926247,46.1628736],[14.390299,46.1669488],[14.3869649,46.1713032],[14.3862741,46.1727494],[14.3793851,46.1839386],[14.3764233,46.1832337],[14.3759806,46.1838347],[14.3717865,46.1826161],[14.3698835,46.1825048],[14.3672929,46.1813993],[14.3693757,46.1781451],[14.3672179,46.1778608],[14.3646401,46.1780902],[14.362386,46.1777903],[14.3601928,46.1825546],[14.3608904,46.182762],[14.3583922,46.18605],[14.3594027,46.1880885],[14.3606786,46.1891576],[14.3601918,46.1909052],[14.3615378,46.1912331],[14.3635469,46.1906427],[14.3672002,46.1917861],[14.3707351,46.1924985],[14.3699072,46.1938742],[14.3726272,46.1947365],[14.3718405,46.1961006],[14.3642662,46.1938721],[14.3566031,46.1922199],[14.354802,46.1929305],[14.3546412,46.1912201],[14.3552639,46.1893789],[14.3540315,46.1885892],[14.3516975,46.1888099],[14.3512172,46.1876041],[14.3447797,46.1867924],[14.3441194,46.1890496],[14.3394509,46.1880045],[14.3373341,46.1900146],[14.3363448,46.1898841],[14.3336799,46.1926972],[14.3316673,46.1919574],[14.3303704,46.1943255],[14.3296654,46.1967704],[14.327696,46.1974156],[14.3248412,46.2000488],[14.3229195,46.1990656],[14.3187314,46.1976603],[14.3153758,46.1975683],[14.3128066,46.1980966],[14.3117603,46.1988583],[14.3122074,46.200605],[14.3108727,46.201266],[14.3080461,46.2016213],[14.3076559,46.2005679],[14.304365,46.2004425],[14.3035277,46.2016819],[14.299665,46.2008023],[14.2976463,46.2007057],[14.2977333,46.2028567],[14.2959913,46.2033811],[14.2950026,46.2056041],[14.2916248,46.2113622],[14.2893564,46.2125373],[14.2865236,46.211664],[14.284015,46.2076957],[14.2801334,46.2090779],[14.2760697,46.2061577],[14.2756734,46.2084632],[14.2748261,46.2099547],[14.2732216,46.210263],[14.2721452,46.211563],[14.2693465,46.2119844],[14.2660734,46.2107536],[14.2652835,46.2099348],[14.2632984,46.2108141],[14.2636254,46.21346],[14.2658275,46.2157053],[14.2651443,46.2185109],[14.2669044,46.2194701],[14.2687894,46.2188799],[14.2714616,46.2207726],[14.2740894,46.2208089],[14.2761296,46.2202963],[14.2767227,46.221983],[14.2785891,46.2238392],[14.2749887,46.2251551],[14.2783722,46.2282626],[14.28077,46.228288],[14.2816607,46.2305481],[14.2757834,46.2335983],[14.2737375,46.2341177],[14.2719333,46.2353519],[14.2718767,46.237192],[14.2689907,46.2386258],[14.2657417,46.2377971],[14.2619061,46.2376659],[14.2569657,46.2385864],[14.2541381,46.2398675],[14.2530256,46.240991],[14.2501045,46.2415889],[14.2481961,46.2411553],[14.2447967,46.2413378],[14.2415436,46.2432236],[14.2403782,46.2445024],[14.2384947,46.2454728],[14.2353892,46.2463547],[14.2332724,46.2502025],[14.2298327,46.2499761],[14.2290317,46.249221],[14.2289413,46.2455984],[14.2240562,46.2477075],[14.2230397,46.2463087],[14.2213602,46.2460598],[14.2207339,46.2477715],[14.2192986,46.2479462],[14.2177376,46.2470494],[14.2115717,46.2475013],[14.2090836,46.2470836],[14.2054869,46.2481059],[14.2033691,46.2496238],[14.2050077,46.2518445],[14.2049791,46.2532667],[14.1982335,46.2538856],[14.1973856,46.2531237],[14.1953515,46.2557842],[14.1945976,46.2582911],[14.1949854,46.2598291],[14.1940867,46.261232],[14.191028,46.2614754],[14.1905118,46.263399],[14.1894069,46.2648876],[14.1894704,46.2673269],[14.1885242,46.2694537],[14.1864959,46.2711511],[14.1831872,46.2728979],[14.1803963,46.27368],[14.1792017,46.2746846],[14.1754068,46.2757119],[14.1709961,46.2752672],[14.1691694,46.276268],[14.166513,46.2770521],[14.163799,46.2791051],[14.1620308,46.2795984],[14.1605304,46.278241],[14.1584571,46.2774876],[14.1570996,46.2760241],[14.152813,46.2746915],[14.1497929,46.2745818],[14.1390816,46.2762115],[14.1369919,46.2777246],[14.1304449,46.2805797],[14.1297901,46.2811474],[14.1215364,46.2805738],[14.1199264,46.2808926],[14.1149132,46.280994],[14.1107497,46.2828571],[14.1081155,46.2829882],[14.1071231,46.2812221],[14.1029764,46.2804609],[14.1016754,46.280855],[14.0969782,46.2781761],[14.0960585,46.2758987],[14.0973762,46.2732332],[14.0984006,46.2722657],[14.0974976,46.2693806],[14.0947256,46.2666944],[14.0955954,46.2633048],[14.0952189,46.2582404],[14.0936939,46.2554712],[14.0919881,46.2496123],[14.0947727,46.2437746],[14.0954261,46.2418352],[14.0925525,46.2376213],[14.0895644,46.2372604],[14.0869615,46.2376189],[14.0857425,46.2370476],[14.0800932,46.2368439],[14.0783871,46.2384022],[14.0754323,46.2401842],[14.0702106,46.2395029],[14.0680226,46.240109],[14.0659167,46.2417327],[14.0615873,46.2433863],[14.0575618,46.2433405],[14.0566784,46.2427769],[14.0534827,46.2441617],[14.0500562,46.2460962],[14.0491952,46.2470546],[14.0459059,46.2481215],[14.0369631,46.2501281],[14.0351154,46.2500906],[14.0298435,46.2519596],[14.0276348,46.24929],[14.0248599,46.2491017],[14.0177564,46.2474843],[14.0108451,46.2470856],[14.0067054,46.2442045],[13.9957434,46.2427114],[13.9999719,46.2390492],[13.9969323,46.2372427],[13.9962037,46.237652],[13.9931622,46.236879],[13.9938702,46.2362382],[14.0001149,46.2337317],[14.0027757,46.2313003],[14.0066604,46.229613],[14.0063245,46.226493],[14.0078134,46.2259538],[14.0067804,46.224562],[14.0070827,46.2235705],[14.0067063,46.2204529],[14.0085301,46.2176915],[14.0063921,46.217294],[14.0064381,46.215721],[14.0043988,46.2117481],[14.0057086,46.2097958],[13.9987788,46.2086219],[13.9969717,46.2088147],[13.9948852,46.2076658],[13.9943877,46.2062298],[13.9924349,46.2044969],[13.9919826,46.2030464],[13.9904779,46.2020238],[13.9891373,46.1996515],[13.9887975,46.1937218],[13.9882466,46.192963],[13.9895421,46.1915623],[13.9889628,46.1873763],[13.987404,46.1867757],[13.9875825,46.1853017],[13.9855436,46.1834322],[13.9857269,46.1825302],[13.9879684,46.1815849],[13.9858663,46.1798592],[13.9866991,46.1763863],[13.9896531,46.1765031],[13.9911828,46.1758829],[13.9911868,46.1745971],[13.9900938,46.1733879],[13.9981748,46.1699819],[13.9998271,46.1705833],[14.0025146,46.1692894],[14.0049456,46.1695731],[14.0080922,46.1714392],[14.0114746,46.1707483],[14.0138884,46.1715763],[14.0157868,46.1727839],[14.0189082,46.1713534],[14.0233423,46.1700659],[14.0242751,46.1691378],[14.0274867,46.1689783],[14.0301106,46.1698984],[14.0324365,46.1716152],[14.0338035,46.1718864],[14.0364301,46.1713099],[14.039637,46.1722994],[14.0436488,46.1706688],[14.0460555,46.1692856],[14.048554,46.1685369],[14.0516414,46.1683903],[14.0525374,46.1695916],[14.0580334,46.1679258],[14.0589407,46.1668582],[14.0611738,46.1672355],[14.0625312,46.1664883],[14.0659888,46.1662811],[14.0658548,46.1649345],[14.069329,46.1656989],[14.0738331,46.1655424],[14.074146,46.1646214],[14.0732961,46.1599599],[14.073495,46.1559009],[14.0713521,46.1538874],[14.0694285,46.1514144],[14.0695449,46.1496038],[14.0649594,46.146998],[14.0636407,46.1439703],[14.0618269,46.14235],[14.0590018,46.1412934],[14.0564574,46.139641],[14.0568789,46.1374338],[14.0559442,46.1365665],[14.0561051,46.1343769],[14.0583258,46.1324381],[14.0547313,46.1307931],[14.052616,46.1303748],[14.0516798,46.1284763],[14.0493859,46.1264767],[14.0488659,46.1250671],[14.0446441,46.1211745],[14.0433839,46.1187565],[14.0429401,46.1160189],[14.0439675,46.1139077],[14.0422842,46.1120863],[14.040325,46.1124251],[14.0389473,46.1112937],[14.0370966,46.1107357],[14.0324206,46.1084451],[14.0299777,46.106955],[14.0287592,46.1031705],[14.0277519,46.1020156],[14.0255813,46.1018706],[14.020815,46.0961288],[14.0218001,46.0924581],[14.019969,46.0924433],[14.0186621,46.0917317],[14.0179105,46.089181],[14.0185811,46.0883471],[14.0188609,46.0841221],[14.0222482,46.0819988],[14.0237612,46.0798145],[14.0229775,46.0772142],[14.0267604,46.074872],[14.0267379,46.0734216],[14.0294407,46.0724309],[14.0324752,46.0705031],[14.0341267,46.0698795],[14.0365191,46.069722],[14.0384091,46.0688227],[14.0394296,46.0666513],[14.0407186,46.066909],[14.0416948,46.0656227],[14.0430067,46.0662489],[14.0445477,46.0653757],[14.0471082,46.0652615],[14.0466197,46.064248],[14.0498994,46.063619],[14.0542642,46.0614278],[14.0562507,46.0591217],[14.0587479,46.0589704],[14.0612744,46.0578437],[14.0637871,46.0561392],[14.0660297,46.0532132],[14.073006,46.0511581],[14.0754502,46.0511912],[14.0772985,46.0492974],[14.0766484,46.0476895],[14.0755828,46.0470311],[14.0791091,46.0449955],[14.0791454,46.0417102],[14.0806225,46.0418002],[14.0811838,46.039164],[14.0786404,46.0395027],[14.0784077,46.0379729],[14.0806588,46.0377671],[14.0830746,46.0382688],[14.0861496,46.0375957],[14.0851433,46.0365302],[14.084829,46.0346442],[14.0828821,46.0326219],[14.0819927,46.0308448],[14.080277,46.0307361],[14.0790194,46.0269466],[14.0825036,46.0272071],[14.0838495,46.0282726],[14.0836959,46.0305798],[14.0855359,46.0328496],[14.0883992,46.0307148],[14.0895209,46.0326567],[14.0930102,46.0344023],[14.0978454,46.0361775],[14.1000632,46.0350397],[14.1021382,46.0347604],[14.1022555,46.0336151],[14.1011896,46.0322085],[14.099192,46.0319821],[14.0996814,46.0307936],[14.1013738,46.0301456],[14.1032944,46.028679],[14.1044093,46.0267884],[14.1024435,46.0250462],[14.102579,46.0215691],[14.1072041,46.017798],[14.1088986,46.0172521],[14.1079001,46.0158582],[14.1055823,46.0148806],[14.1058764,46.0137048],[14.1051349,46.0120108],[14.1089134,46.0117407],[14.1118445,46.0120344],[14.1123519,46.010599],[14.1152319,46.0087792],[14.1149431,46.0068686],[14.1181336,46.007437],[14.1195652,46.0083868],[14.1213715,46.0083754],[14.1213624,46.0043418],[14.1232963,46.0053031],[14.1255208,46.0046202],[14.1298863,46.0042996],[14.1331883,46.0034122],[14.1373608,46.0048963],[14.1401611,46.0046287],[14.1420476,46.0075859],[14.1441108,46.0084066],[14.1490148,46.0091507],[14.1489968,46.0105614],[14.1478772,46.0130954],[14.1504712,46.0166269],[14.1526454,46.0162084],[14.1550807,46.0165246],[14.1570702,46.0184646],[14.1566502,46.0203428],[14.1574717,46.0212473],[14.1601979,46.0201572],[14.1665068,46.0190351],[14.1734549,46.0202603],[14.1753613,46.022071],[14.1754118,46.0245321],[14.1733091,46.0261333],[14.1759957,46.0290996],[14.1823146,46.0311327],[14.1845686,46.0313151],[14.1862487,46.0322965],[14.1861079,46.0370034],[14.1900223,46.0377221],[14.1901436,46.0389796],[14.191743,46.0394355],[14.1942594,46.0412955],[14.1981108,46.0422865],[14.199368,46.0432201],[14.1992325,46.0446492],[14.2009243,46.0462273],[14.2009305,46.0479705],[14.2022292,46.052097],[14.201683,46.0534847],[14.203846,46.0553354],[14.2053626,46.0553701],[14.2090462,46.0568993],[14.208947,46.0588477],[14.2110539,46.0623525],[14.2070761,46.0681348],[14.2075691,46.0708828],[14.2091409,46.0729208],[14.2078856,46.0736966],[14.2072612,46.0761834],[14.2075434,46.0774315],[14.2090864,46.079098],[14.2103546,46.0819145],[14.2103206,46.0833595],[14.2141974,46.086957],[14.2146363,46.0885282],[14.2175408,46.0899417],[14.2234792,46.0915949],[14.2239645,46.0947749],[14.2250703,46.0964375],[14.2292492,46.0977776],[14.2311882,46.0971184],[14.2334714,46.0975795],[14.2365136,46.0973961],[14.2389203,46.0977888],[14.2440151,46.0980435],[14.246257,46.0970458],[14.2488176,46.0975832],[14.250045,46.0987287],[14.2499714,46.1019528],[14.2525137,46.102692],[14.2529411,46.1052992],[14.2547604,46.106449],[14.2600105,46.1067136],[14.2628699,46.1080664],[14.2670204,46.1068347],[14.2716614,46.1066375],[14.2734473,46.1061304],[14.2759594,46.1070658],[14.2763763,46.1059112],[14.2813789,46.1041537],[14.2860802,46.1034069],[14.2863812,46.1026312],[14.2893569,46.1026361],[14.2912992,46.103229],[14.2944497,46.1025415],[14.2963579,46.101652],[14.3001128,46.1011568],[14.3033502,46.1016375],[14.3055662,46.1028694],[14.3088462,46.1026798],[14.3115068,46.1021479],[14.315215,46.0987546],[14.3176826,46.0974609],[14.3207031,46.0976987],[14.3227949,46.0966602],[14.3251409,46.0961469],[14.3276334,46.0964682],[14.3310592,46.0974958],[14.3319628,46.0991767],[14.33177,46.1012308],[14.3330839,46.1027209],[14.3365194,46.1050409],[14.3362295,46.1066309],[14.3349691,46.1074959],[14.3337681,46.1096721],[14.336024,46.1118683],[14.3345954,46.1130001],[14.3325334,46.1132969],[14.3276713,46.1166045],[14.326793,46.1187363],[14.3274739,46.1210156],[14.3266696,46.1234484],[14.3290233,46.1240454],[14.3285741,46.1253176],[14.3288967,46.1282548],[14.3282934,46.1298338],[14.3326451,46.130933],[14.3354277,46.1334763],[14.340189,46.1352276],[14.3452272,46.1352668],[14.3471641,46.1358249],[14.3494566,46.1379278],[14.3515915,46.1436508],[14.3545708,46.144712],[14.355099,46.146144],[14.3587694,46.1443547],[14.3605547,46.1439968],[14.3618207,46.1457759],[14.3635105,46.1452125],[14.3646278,46.1473436],[14.3630444,46.1483459],[14.3636952,46.149947],[14.3631094,46.1513484],[14.3668354,46.1507591],[14.3712215,46.1518864],[14.3745127,46.1507915],[14.3738727,46.1461054],[14.3754719,46.1450205],[14.3780289,46.1451266],[14.3821317,46.1503132],[14.3834476,46.1509291],[14.3834721,46.1528591],[14.381853,46.1539314],[14.3815882,46.1581611],[14.3869702,46.1588543],[14.3912836,46.158982],[14.3953716,46.1577196]]],[[[14.2653609,46.323358],[14.2678328,46.3246119],[14.2709792,46.3249344],[14.2711663,46.3234027],[14.2722489,46.3231875],[14.2741822,46.3242087],[14.2764244,46.3216823],[14.2788573,46.3213395],[14.2803253,46.3223533],[14.2820561,46.3202547],[14.2838995,46.3189951],[14.2863031,46.3188353],[14.2863587,46.3208849],[14.2927228,46.3209395],[14.2924651,46.3198228],[14.2936479,46.3176978],[14.2932491,46.3138051],[14.2947278,46.3142684],[14.2962702,46.316844],[14.3000947,46.316644],[14.3016173,46.3177558],[14.3025924,46.319441],[14.3010675,46.3218931],[14.3054128,46.3231957],[14.3082766,46.322814],[14.3092492,46.3221782],[14.3114464,46.3224282],[14.3132404,46.3210049],[14.3162037,46.3204091],[14.3175342,46.3194983],[14.314999,46.318473],[14.3198427,46.3167623],[14.3209465,46.3168734],[14.3214596,46.3186591],[14.3246366,46.3170455],[14.3260822,46.3176847],[14.3271157,46.3206963],[14.326573,46.3222835],[14.3275042,46.3241384],[14.3265253,46.3296939],[14.3242062,46.3318972],[14.3240126,46.3341204],[14.3246901,46.3356364],[14.3267184,46.3358468],[14.3296259,46.3353432],[14.3310934,46.3345436],[14.3327349,46.3354283],[14.3346999,46.3356849],[14.3353369,46.3375914],[14.3367315,46.3382389],[14.3391124,46.3374572],[14.3401244,46.3365874],[14.3435162,46.3364264],[14.3475627,46.336777],[14.3478404,46.3377812],[14.3460188,46.3395107],[14.3483626,46.3414572],[14.3489796,46.3437509],[14.351075,46.3473422],[14.3531628,46.3496425],[14.3572265,46.35045],[14.3619872,46.3487448],[14.3677516,46.3485602],[14.3705533,46.3480441],[14.376227,46.3476621],[14.378812,46.3486315],[14.3851519,46.3472112],[14.3878988,46.3487682],[14.4046109,46.3502145],[14.406902,46.3518331],[14.4075763,46.353527],[14.407934,46.357805],[14.4065261,46.3602289],[14.4062805,46.3617288],[14.4068145,46.3635461],[14.4055782,46.3660577],[14.4023772,46.3684593],[14.4014833,46.3696693],[14.4016862,46.372584],[14.4026295,46.3750979],[14.4057523,46.3770311],[14.4090996,46.3769563],[14.4110918,46.3783174],[14.4151293,46.3781692],[14.4173638,46.3808135],[14.4175237,46.3820242],[14.4194167,46.3824498],[14.4201006,46.3836474],[14.4188604,46.3862318],[14.4198317,46.3893182],[14.4172964,46.39274],[14.4187808,46.3933654],[14.4210366,46.3970442],[14.4237139,46.3975937],[14.4255237,46.3993743],[14.4299706,46.4004788],[14.4311707,46.4018393],[14.4336815,46.4010516],[14.4338558,46.4025636],[14.4305484,46.4039353],[14.4304191,46.4114907],[14.4326826,46.4157354],[14.434202,46.416901],[14.437429,46.4171833],[14.4422645,46.4236901],[14.441454,46.4255473],[14.4422517,46.4276417],[14.4377295,46.4308146],[14.435132,46.4311978],[14.4339635,46.433059],[14.43133,46.4342104],[14.4301392,46.4360984],[14.4301788,46.437203],[14.4321264,46.4393708],[14.4341854,46.4401006],[14.4387031,46.440777],[14.4383385,46.4429467],[14.4347306,46.4427752],[14.4328866,46.4439934],[14.4296051,46.4470442],[14.4235425,46.4453644],[14.4208802,46.4457459],[14.4172064,46.4454793],[14.4095814,46.4463657],[14.4090948,46.4454881],[14.4042585,46.4445523],[14.401555,46.4448729],[14.3963657,46.443942],[14.3955325,46.4432926],[14.3909297,46.4420817],[14.3866946,46.4406651],[14.3839354,46.4400437],[14.3821855,46.4391432],[14.3786787,46.4391228],[14.3754262,46.4397074],[14.3731396,46.4394592],[14.3683749,46.4398395],[14.3676523,46.4387367],[14.3641828,46.4382222],[14.359605,46.4386877],[14.35642,46.4387291],[14.3520152,46.4373023],[14.3476807,46.4369385],[14.3447099,46.4370075],[14.3417782,46.4359674],[14.3410397,46.4352507],[14.3379051,46.4350135],[14.336275,46.4337329],[14.3322509,46.4319362],[14.3251161,46.4310282],[14.3206132,46.4315318],[14.3189115,46.4310771],[14.3165294,46.4315266],[14.3110463,46.4304024],[14.308147,46.4306312],[14.3026268,46.4361639],[14.3027916,46.4374764],[14.3017192,46.438236],[14.2989216,46.4390354],[14.2943412,46.4393887],[14.2906971,46.4410236],[14.2858692,46.4423738],[14.2832035,46.4435044],[14.2816983,46.4428434],[14.2785075,46.442975],[14.2748832,46.4425322],[14.2692414,46.4408873],[14.2680589,46.4394468],[14.2658647,46.439295],[14.2641391,46.4382361],[14.2624807,46.4391397],[14.2574891,46.4392466],[14.2561662,46.438897],[14.254825,46.4373719],[14.2484696,46.4344722],[14.2476562,46.4346337],[14.2432015,46.4333783],[14.2410998,46.4335396],[14.2386317,46.4330651],[14.2371805,46.4322222],[14.2375625,46.431684],[14.2342038,46.422405],[14.2335208,46.422086],[14.2431375,46.4215008],[14.2496572,46.4175284],[14.2511707,46.4158075],[14.2492614,46.4140142],[14.2469928,46.4131859],[14.243778,46.4097438],[14.2465946,46.4051737],[14.2508814,46.4029527],[14.2501937,46.4007072],[14.2507539,46.3987098],[14.2491237,46.3971528],[14.2495497,46.3944722],[14.2468254,46.3938651],[14.2474342,46.3927867],[14.2469455,46.391331],[14.2476619,46.3902736],[14.2505403,46.3892054],[14.2518488,46.3874634],[14.2523276,46.3857093],[14.2528205,46.3806865],[14.2518175,46.3810701],[14.2482169,46.3808715],[14.2494552,46.3788408],[14.2491413,46.376843],[14.2497615,46.3733124],[14.2503089,46.3731681],[14.2479767,46.3679797],[14.2490193,46.3661373],[14.2482776,46.3647301],[14.2470922,46.3606626],[14.2459576,46.3592231],[14.2431497,46.3568505],[14.2424831,46.3545035],[14.2411375,46.353383],[14.240303,46.3499659],[14.2402859,46.3483769],[14.2411144,46.3462996],[14.2423176,46.345757],[14.2448291,46.3433703],[14.2452336,46.3422244],[14.2476455,46.3424709],[14.2493145,46.3406595],[14.2524032,46.3432772],[14.2547213,46.3439565],[14.257421,46.3468163],[14.2591054,46.346432],[14.2594607,46.3452793],[14.2622439,46.3423013],[14.2565622,46.3399189],[14.253962,46.3374095],[14.2490577,46.3353271],[14.2492789,46.3338165],[14.2523647,46.3316431],[14.2521208,46.3298737],[14.2538741,46.3299455],[14.2569423,46.3286609],[14.2585161,46.3263763],[14.2650094,46.3245361],[14.2653609,46.323358]]]]},"properties":{"name":"Krainburg (Kranj)","code":"KR"}},
{"type":"Feature","geometry":{"type":"MultiPolygon","coordinates":[[[[15.8111518,46.4968145],[15.8127744,46.4967784],[15.8159913,46.4945187],[15.8170345,46.4947531],[15.820166,46.4975181],[15.82659,46.4988977],[15.8295183,46.4999206],[15.8308992,46.5020667],[15.8334308,46.5037714],[15.8370965,46.5025586],[15.838675,46.5054574],[15.8420466,46.5070467],[15.8453885,46.5063669],[15.8468686,46.5067026],[15.8479262,46.5094566],[15.8471022,46.5116472],[15.8486373,46.5147193],[15.8510011,46.5153162],[15.8512616,46.5174449],[15.8528951,46.5184604],[15.8543314,46.5185108],[15.8552218,46.5200805],[15.8544162,46.5223174],[15.8557783,46.5230025],[15.8563103,46.5250655],[15.8550132,46.5264643],[15.8576973,46.5275467],[15.8569053,46.5285711],[15.8598597,46.5288691],[15.858571,46.5305516],[15.8583519,46.5342805],[15.8606037,46.5343128],[15.8636479,46.5364197],[15.8655986,46.5346762],[15.8675416,46.5346302],[15.869559,46.5376601],[15.8735837,46.5405997],[15.8751118,46.5421029],[15.8796339,46.5450271],[15.8822465,46.5472952],[15.8830582,46.5493977],[15.881985,46.5503667],[15.8827551,46.5524619],[15.8865237,46.5521606],[15.8871725,46.5513005],[15.8917114,46.5512925],[15.8930938,46.5516038],[15.8955657,46.550209],[15.8979231,46.5503225],[15.8993882,46.5498252],[15.9005178,46.5478263],[15.8986873,46.5474826],[15.8991572,46.5444471],[15.9020872,46.5431684],[15.9057357,46.543521],[15.9040938,46.5415592],[15.9085055,46.5408631],[15.9092283,46.5400173],[15.9112418,46.5399122],[15.9121464,46.5376329],[15.9144098,46.5368445],[15.9142578,46.535749],[15.9161222,46.535647],[15.9158033,46.5331237],[15.9223556,46.5355065],[15.9214856,46.5367277],[15.9210753,46.5387124],[15.9214319,46.540577],[15.9207335,46.5425536],[15.9234912,46.5437462],[15.9263791,46.5433412],[15.9308423,46.5437755],[15.9327404,46.5433993],[15.935908,46.5418805],[15.9392214,46.5410029],[15.9391268,46.5381029],[15.9418493,46.5379663],[15.941688,46.5340499],[15.9409126,46.5321379],[15.9442164,46.5325589],[15.9462405,46.5308343],[15.9503779,46.5321345],[15.9525171,46.5318659],[15.9528766,46.5339675],[15.9551651,46.5334487],[15.957578,46.5344462],[15.9594316,46.5346921],[15.9587713,46.5359037],[15.9590149,46.5373882],[15.9618041,46.5381455],[15.9637532,46.5373264],[15.9651023,46.5386183],[15.9676016,46.5386592],[15.9707409,46.5379536],[15.9719805,46.5396937],[15.9715868,46.5415936],[15.97283,46.543077],[15.9745683,46.5422985],[15.97916,46.5455922],[15.9810634,46.5463878],[15.9762844,46.5503705],[15.9778161,46.5516827],[15.9754306,46.5533434],[15.973489,46.554142],[15.970627,46.5542837],[15.966256,46.5569097],[15.967095,46.558317],[15.9655416,46.5629191],[15.9638748,46.5654899],[15.9648056,46.5667845],[15.9683783,46.5686605],[15.9696832,46.5701796],[15.9708077,46.5726772],[15.9729403,46.5740257],[15.9736583,46.5766814],[15.9728216,46.5783793],[15.9733983,46.5828503],[15.9742546,46.5840988],[15.9739993,46.5854155],[15.972562,46.5863308],[15.9660255,46.5881268],[15.9626225,46.5878773],[15.9597123,46.588505],[15.9568151,46.5881073],[15.9555628,46.5871031],[15.9525621,46.5867344],[15.9489767,46.5874397],[15.9443927,46.5888433],[15.9439213,46.5896856],[15.9402337,46.5908595],[15.9387658,46.5929877],[15.935987,46.5929906],[15.9322918,46.5950461],[15.9285368,46.5958547],[15.9251442,46.5955798],[15.9232861,46.5960981],[15.9231351,46.5972649],[15.9208276,46.598381],[15.918343,46.6008647],[15.9161954,46.6022835],[15.9124373,46.6062213],[15.9114694,46.6082442],[15.9117676,46.6103459],[15.9105628,46.6114057],[15.9114898,46.613045],[15.9120883,46.6154667],[15.9096568,46.6164995],[15.9085172,46.6177093],[15.9080578,46.6202297],[15.9064755,46.6206889],[15.9057318,46.6217475],[15.9064819,46.6233395],[15.9085226,46.6247884],[15.9106699,46.6249385],[15.9122639,46.6242756],[15.916143,46.6240079],[15.9181978,46.6244815],[15.9212894,46.6260263],[15.9224829,46.6271581],[15.9213372,46.6287328],[15.9218013,46.6300927],[15.9266908,46.6307465],[15.9285915,46.6306206],[15.9288273,46.6329298],[15.9320388,46.6351419],[15.9340811,46.6355879],[15.9337239,46.6368567],[15.934889,46.6387155],[15.9338954,46.6400054],[15.9313489,46.6390751],[15.9262738,46.6384557],[15.9244972,46.6395699],[15.9225943,46.6397107],[15.9199225,46.6410048],[15.9174309,46.6408542],[15.9160801,46.639506],[15.9158605,46.6382336],[15.9096525,46.6376004],[15.9059713,46.6381005],[15.905732,46.6394697],[15.904548,46.6408343],[15.9017404,46.6419623],[15.8989499,46.6408548],[15.8971526,46.6416786],[15.8935704,46.6415016],[15.8919314,46.6421581],[15.8910796,46.6446507],[15.8857487,46.6451686],[15.8859779,46.6468133],[15.8869545,46.6478713],[15.8891192,46.6525611],[15.892055,46.6551132],[15.8925074,46.6571425],[15.8917169,46.6581138],[15.8898942,46.6619178],[15.8909398,46.6642157],[15.8873661,46.664985],[15.8804891,46.664986],[15.8800977,46.6659674],[15.8753776,46.6670367],[15.8737867,46.6651045],[15.8721677,46.66425],[15.870883,46.6648216],[15.870472,46.6626433],[15.8677984,46.6623758],[15.8669924,46.6644439],[15.8660456,46.6646056],[15.8647577,46.667693],[15.863676,46.6686512],[15.8618027,46.6687649],[15.8600377,46.6667798],[15.856896,46.6694055],[15.8547271,46.6693442],[15.8542982,46.6681967],[15.8520988,46.6682167],[15.8505187,46.6707729],[15.8476355,46.671085],[15.84565,46.6697861],[15.8434626,46.6703859],[15.8399652,46.6720803],[15.8391418,46.6749579],[15.8380794,46.675864],[15.8369291,46.6782014],[15.8345998,46.6795381],[15.8340095,46.6787475],[15.8278415,46.6787233],[15.8255309,46.6791809],[15.8238676,46.6819212],[15.8221671,46.6830952],[15.8196185,46.6836398],[15.8209552,46.6871472],[15.8243377,46.6885747],[15.8259036,46.6887499],[15.8243904,46.69081],[15.8201877,46.6936025],[15.8196698,46.6952246],[15.8185134,46.6962471],[15.8155631,46.7004018],[15.8136947,46.7012134],[15.8104893,46.6998417],[15.8084667,46.6980468],[15.8061385,46.6976811],[15.8040931,46.6953321],[15.8036102,46.6931178],[15.8000945,46.6905532],[15.8025434,46.6892562],[15.8016977,46.6867414],[15.8029422,46.6825624],[15.805432,46.6808331],[15.8038568,46.6781755],[15.8012852,46.6769156],[15.799404,46.6766277],[15.7979054,46.6747471],[15.7972351,46.6713888],[15.8008764,46.669799],[15.8035786,46.6690878],[15.8007477,46.6679549],[15.7957208,46.6664746],[15.7939093,46.6655786],[15.791441,46.6654809],[15.7885035,46.6645707],[15.7877417,46.6630574],[15.7886006,46.6610094],[15.791549,46.6571598],[15.7919832,46.6554633],[15.7931784,46.6537343],[15.7954649,46.6522337],[15.7960866,46.6497188],[15.7984299,46.6491317],[15.7996393,46.647742],[15.7988361,46.6465424],[15.7957974,46.6469009],[15.792913,46.6477505],[15.7904031,46.6476356],[15.7833922,46.6445564],[15.7822356,46.645972],[15.7802042,46.6460632],[15.7774696,46.6471673],[15.7751653,46.6475337],[15.7732726,46.6470941],[15.7748771,46.645201],[15.7752928,46.6437489],[15.7706496,46.6424886],[15.7741208,46.6407369],[15.7758053,46.6386348],[15.7775986,46.6373569],[15.777173,46.6354767],[15.7774853,46.633929],[15.7767929,46.6324194],[15.774733,46.6327804],[15.7709754,46.6318269],[15.76954,46.6334005],[15.7669722,46.6330233],[15.7655826,46.6333624],[15.7629788,46.6316859],[15.7619269,46.6298654],[15.7637737,46.6262361],[15.7625104,46.6226851],[15.7610446,46.6205145],[15.7578243,46.6173651],[15.7568476,46.6169099],[15.7586842,46.6144203],[15.7576582,46.6133401],[15.756907,46.6107042],[15.7553072,46.6077044],[15.7536195,46.6064548],[15.7515135,46.6037086],[15.7512111,46.6009982],[15.7514947,46.5976843],[15.7510882,46.5931837],[15.7529068,46.5899118],[15.7546952,46.5888226],[15.7574128,46.5857276],[15.7581815,46.5835065],[15.7605783,46.5810045],[15.7581092,46.5789964],[15.7534616,46.5776509],[15.7520887,46.5766264],[15.7514159,46.5743346],[15.7542304,46.5735995],[15.7528937,46.5721134],[15.7528372,46.5701788],[15.7550845,46.5697278],[15.7563859,46.5678794],[15.7553015,46.5674755],[15.7580906,46.5652774],[15.760225,46.562679],[15.7615858,46.5621785],[15.7621699,46.5609448],[15.7657542,46.5605512],[15.7706393,46.5608158],[15.7693406,46.5548249],[15.7678473,46.5539996],[15.7623192,46.5531374],[15.7607538,46.5533193],[15.7593162,46.5518856],[15.7579771,46.5495683],[15.7527574,46.5492058],[15.7506035,46.5484202],[15.7506042,46.5468177],[15.7518134,46.5436346],[15.75343,46.5424765],[15.7618961,46.5447088],[15.7639845,46.5441907],[15.7655963,46.544846],[15.7671477,46.5463169],[15.7712516,46.5494031],[15.7739403,46.5499492],[15.7740448,46.5481959],[15.7751267,46.5472267],[15.7797464,46.5472191],[15.7804471,46.5445589],[15.7846164,46.5425169],[15.7864208,46.5408447],[15.7850729,46.5404882],[15.7837538,46.5391225],[15.7845281,46.5372472],[15.7832736,46.5351141],[15.7850539,46.5331235],[15.7875882,46.5320999],[15.7916353,46.5322262],[15.7944509,46.5311516],[15.7932858,46.5300418],[15.7952709,46.5283472],[15.7967969,46.5284868],[15.7978682,46.5274342],[15.7992545,46.5281192],[15.8022316,46.5267344],[15.8045528,46.526623],[15.8103949,46.5213106],[15.8138201,46.5198598],[15.8137758,46.5180243],[15.8158241,46.5165066],[15.8174355,46.5134342],[15.8176237,46.5114572],[15.8144143,46.5116071],[15.8129424,46.5120793],[15.8089738,46.5117023],[15.8086833,46.5104686],[15.8068369,46.5089778],[15.803781,46.5084424],[15.8041869,46.5061894],[15.8032866,46.504951],[15.8025191,46.501923],[15.8041387,46.5018231],[15.8053407,46.5008768],[15.8074273,46.5017085],[15.8102123,46.5012659],[15.810487,46.4983025],[15.8111518,46.4968145]]],[[[16.0580993,46.3935534],[16.0662962,46.3921628],[16.0811294,46.3898785],[16.0883841,46.3885415],[16.1202276,46.3985151],[16.1304079,46.4017718],[16.1327887,46.4029289],[16.1369174,46.4028895],[16.1390184,46.4042439],[16.1414124,46.4049192],[16.14641,46.4047683],[16.1516548,46.4036072],[16.1577464,46.4004393],[16.1647347,46.396224],[16.1676288,46.3934392],[16.1739553,46.39057],[16.1737983,46.3876635],[16.1755616,46.3855074],[16.1773634,46.3849961],[16.1802912,46.3849929],[16.1828533,46.3856243],[16.1865164,46.3870834],[16.1886296,46.3871008],[16.1900473,46.3862645],[16.1900699,46.3833295],[16.1886502,46.3819623],[16.1878727,46.3793117],[16.1890161,46.3778057],[16.1966803,46.3796034],[16.202827,46.3804525],[16.205866,46.3815187],[16.2095296,46.3844033],[16.2117293,46.3850226],[16.2153901,46.3851887],[16.2169641,46.3837846],[16.2179304,46.3802219],[16.2198364,46.3786774],[16.2221707,46.3798782],[16.2241171,46.3815404],[16.2241764,46.3847761],[16.2254068,46.3866609],[16.2280006,46.3876975],[16.231778,46.3873543],[16.2346159,46.3860863],[16.2363635,46.3840947],[16.2368015,46.3804251],[16.2387809,46.3787487],[16.2435452,46.3802083],[16.2481541,46.3800998],[16.2575621,46.3777751],[16.259481,46.3769981],[16.2653755,46.3761449],[16.2722625,46.3783266],[16.3015536,46.3782902],[16.3050537,46.3863231],[16.3039064,46.3867874],[16.3032141,46.3884723],[16.3045669,46.3915583],[16.3039262,46.3929022],[16.3042832,46.3942412],[16.3069607,46.3946006],[16.3079434,46.3964121],[16.3075938,46.3975162],[16.301207,46.4015699],[16.2995981,46.405143],[16.2965921,46.4072968],[16.2934003,46.4083259],[16.2912179,46.4082176],[16.2882619,46.4114517],[16.286622,46.4126657],[16.282303,46.4149119],[16.2810974,46.4144692],[16.2769788,46.4147299],[16.2744748,46.4144853],[16.2724674,46.4154399],[16.2754174,46.4197321],[16.2754715,46.4207695],[16.2737194,46.4244735],[16.2740976,46.4268062],[16.2729511,46.4299467],[16.2719231,46.4307516],[16.2690789,46.4342883],[16.2687308,46.4361446],[16.2667984,46.4370515],[16.2658463,46.4388092],[16.2663594,46.440655],[16.2652575,46.4414472],[16.2644076,46.4438334],[16.2650478,46.4447267],[16.2636966,46.4468337],[16.2640786,46.4487825],[16.2652255,46.4498558],[16.2656383,46.4517076],[16.2643087,46.4553076],[16.2613967,46.4589221],[16.2601169,46.4594898],[16.2592763,46.4608684],[16.2598922,46.4620311],[16.2596437,46.4664327],[16.25985,46.4687728],[16.2590599,46.4696763],[16.2582396,46.4726328],[16.2558079,46.4736052],[16.2553139,46.475953],[16.2536309,46.4771057],[16.252151,46.4792931],[16.2516859,46.4814911],[16.24833,46.4829888],[16.2450506,46.4832313],[16.2430503,46.4846685],[16.2408336,46.4848218],[16.2421724,46.4877935],[16.2421456,46.4900772],[16.2389634,46.4898793],[16.2376376,46.4902147],[16.2345845,46.4883667],[16.2297262,46.4870036],[16.2253961,46.4876903],[16.2248923,46.4881616],[16.2214205,46.4869856],[16.2199571,46.4844657],[16.2179937,46.4840288],[16.2155603,46.4828034],[16.2151632,46.4801309],[16.2158994,46.4792086],[16.2160713,46.4769769],[16.2153683,46.4756879],[16.2161472,46.4738537],[16.2131073,46.4732435],[16.2087927,46.4717213],[16.2084716,46.4732],[16.2056462,46.4738017],[16.2059255,46.4759877],[16.2050792,46.477654],[16.1999735,46.4795244],[16.1983731,46.4807249],[16.1953545,46.4799469],[16.1931336,46.480773],[16.1908165,46.4802486],[16.1917237,46.4792569],[16.1934178,46.4750961],[16.1920479,46.4725152],[16.1973528,46.467194],[16.1961476,46.4666108],[16.1946281,46.4678285],[16.1918282,46.4689589],[16.1889162,46.4688126],[16.1878311,46.4713205],[16.1886661,46.473927],[16.1856734,46.4739653],[16.1846335,46.4728037],[16.1829521,46.4724646],[16.1804328,46.4742039],[16.1803348,46.4752667],[16.1774935,46.4771726],[16.1758682,46.4773474],[16.1746762,46.4784439],[16.1746511,46.4798646],[16.1775703,46.4825671],[16.1805472,46.4839633],[16.1809297,46.4862044],[16.1816621,46.4869185],[16.1781119,46.4879774],[16.1768343,46.4906194],[16.1737819,46.4898074],[16.1697315,46.4878252],[16.1678426,46.4874576],[16.1665197,46.4879679],[16.1664864,46.4895396],[16.1641193,46.4934172],[16.1627601,46.4942446],[16.1623622,46.4954648],[16.159332,46.5005643],[16.1562158,46.4976572],[16.1524193,46.4951859],[16.1520511,46.4938529],[16.1497955,46.4958189],[16.1482228,46.4954442],[16.1463893,46.4959695],[16.1444466,46.4958112],[16.1440152,46.4942802],[16.1444071,46.4912768],[16.1438825,46.4890113],[16.1425237,46.4868758],[16.1386885,46.484359],[16.134078,46.4849609],[16.1327644,46.4856644],[16.1255323,46.4874332],[16.1246247,46.4889138],[16.1229041,46.4897855],[16.1216193,46.4892184],[16.1200278,46.4904833],[16.1189032,46.4893159],[16.1173116,46.4904379],[16.1168638,46.4916171],[16.1123732,46.4973511],[16.109028,46.5009822],[16.1020324,46.5002574],[16.0992248,46.4988853],[16.0947935,46.4991306],[16.0873005,46.50092],[16.0812167,46.5002303],[16.0781524,46.4993602],[16.0750197,46.499946],[16.0712392,46.5015683],[16.06911,46.5001308],[16.0663441,46.4998592],[16.0637942,46.4989012],[16.0614889,46.4998901],[16.0604947,46.5010244],[16.0546387,46.5033082],[16.0513373,46.5040003],[16.0495323,46.5058337],[16.0449592,46.5070371],[16.042907,46.5088623],[16.0408176,46.5094008],[16.0368523,46.5081757],[16.0350049,46.5080263],[16.0307594,46.5090351],[16.0259748,46.5073931],[16.0226298,46.5077745],[16.021243,46.5091891],[16.0195429,46.509627],[16.0159406,46.5096493],[16.0118172,46.5103455],[16.0097042,46.5087443],[16.0071832,46.5081775],[16.0102542,46.5057341],[16.0132902,46.5046182],[16.0139983,46.5028764],[16.0136982,46.5009846],[16.0149532,46.4991695],[16.0156879,46.4971528],[16.0149022,46.496091],[16.0128599,46.495092],[16.0110023,46.4925654],[16.0186856,46.4881384],[16.0194436,46.4869196],[16.0224186,46.4850692],[16.0244473,46.4832279],[16.0247709,46.4811227],[16.0261101,46.4799722],[16.0296407,46.4784358],[16.0302319,46.4769497],[16.03398,46.4743567],[16.0351381,46.4709959],[16.0348644,46.4697926],[16.0362451,46.4691736],[16.0324363,46.4648294],[16.0343123,46.4639059],[16.0342122,46.4602894],[16.0324507,46.4576837],[16.0319073,46.4550649],[16.0323692,46.4525417],[16.0314132,46.4488024],[16.0305705,46.4481341],[16.030137,46.4459514],[16.0289448,46.4458258],[16.0274697,46.4445215],[16.0254024,46.4435901],[16.0245207,46.4439459],[16.0212996,46.442804],[16.0230885,46.4412701],[16.0194493,46.4411486],[16.0208213,46.4395152],[16.0196377,46.4390081],[16.0192023,46.4374751],[16.0167136,46.4352465],[16.016771,46.4328813],[16.0184297,46.4314941],[16.0183496,46.4297425],[16.0212077,46.4286649],[16.0240844,46.4286055],[16.0271524,46.4293988],[16.0292891,46.4294042],[16.0302121,46.4287734],[16.0328231,46.428586],[16.0364636,46.4304249],[16.0377695,46.4305585],[16.0397092,46.4296533],[16.0421005,46.4300828],[16.0436233,46.428564],[16.0428386,46.4258158],[16.0435305,46.419752],[16.0431562,46.4140425],[16.0408628,46.4139903],[16.0376326,46.4110031],[16.0385799,46.4095099],[16.0424877,46.4069443],[16.0472149,46.4048915],[16.0493671,46.4024779],[16.0516652,46.4010798],[16.0563657,46.4006211],[16.0584799,46.4000951],[16.0559084,46.3976083],[16.0580993,46.3935534]]],[[[15.9810634,46.5463878],[15.97916,46.5455922],[15.9745683,46.5422985],[15.97283,46.543077],[15.9715868,46.5415936],[15.9719805,46.5396937],[15.9707409,46.5379536],[15.9676016,46.5386592],[15.9651023,46.5386183],[15.9637532,46.5373264],[15.9618041,46.5381455],[15.9590149,46.5373882],[15.9587713,46.5359037],[15.9594316,46.5346921],[15.957578,46.5344462],[15.9551651,46.5334487],[15.9528766,46.5339675],[15.9525171,46.5318659],[15.9503779,46.5321345],[15.9462405,46.5308343],[15.9442164,46.5325589],[15.9409126,46.5321379],[15.941688,46.5340499],[15.9418493,46.5379663],[15.9391268,46.5381029],[15.9392214,46.5410029],[15.935908,46.5418805],[15.9327404,46.5433993],[15.9308423,46.5437755],[15.9263791,46.5433412],[15.9234912,46.5437462],[15.9207335,46.5425536],[15.9214319,46.540577],[15.9210753,46.5387124],[15.9214856,46.5367277],[15.9223556,46.5355065],[15.9158033,46.5331237],[15.9161222,46.535647],[15.9142578,46.535749],[15.9144098,46.5368445],[15.9121464,46.5376329],[15.9112418,46.5399122],[15.9092283,46.5400173],[15.9085055,46.5408631],[15.9040938,46.5415592],[15.9057357,46.543521],[15.9020872,46.5431684],[15.8991572,46.5444471],[15.8986873,46.5474826],[15.9005178,46.5478263],[15.8993882,46.5498252],[15.8979231,46.5503225],[15.8955657,46.550209],[15.8930938,46.5516038],[15.8917114,46.5512925],[15.8871725,46.5513005],[15.8865237,46.5521606],[15.8827551,46.5524619],[15.881985,46.5503667],[15.8830582,46.5493977],[15.8822465,46.5472952],[15.8796339,46.5450271],[15.8751118,46.5421029],[15.8735837,46.5405997],[15.869559,46.5376601],[15.8675416,46.5346302],[15.8655986,46.5346762],[15.8636479,46.5364197],[15.8606037,46.5343128],[15.8583519,46.5342805],[15.858571,46.5305516],[15.8598597,46.5288691],[15.8569053,46.5285711],[15.8576973,46.5275467],[15.8550132,46.5264643],[15.8563103,46.5250655],[15.8557783,46.5230025],[15.8544162,46.5223174],[15.8552218,46.5200805],[15.8543314,46.5185108],[15.8528951,46.5184604],[15.8512616,46.5174449],[15.8510011,46.5153162],[15.8486373,46.5147193],[15.8471022,46.5116472],[15.8479262,46.5094566],[15.8468686,46.5067026],[15.8453885,46.5063669],[15.8420466,46.5070467],[15.838675,46.5054574],[15.8370965,46.5025586],[15.8334308,46.5037714],[15.8308992,46.5020667],[15.8295183,46.4999206],[15.82659,46.4988977],[15.820166,46.4975181],[15.8170345,46.4947531],[15.8159913,46.4945187],[15.8127744,46.4967784],[15.8111518,46.4968145],[15.8075529,46.4974841],[15.8067424,46.4960321],[15.8048826,46.4943899],[15.8098706,46.4929087],[15.8117208,46.4910231],[15.809483,46.4896448],[15.8105489,46.4881464],[15.8082452,46.4873788],[15.800256,46.4873925],[15.7989832,46.4854936],[15.7949669,46.4817464],[15.7927005,46.4813203],[15.790655,46.482303],[15.7873263,46.4793188],[15.7845934,46.4774411],[15.7818369,46.4780132],[15.7778544,46.4749599],[15.7750508,46.4689452],[15.7801084,46.4686508],[15.7881434,46.4690688],[15.7902961,46.4693904],[15.7937965,46.4709938],[15.7977572,46.4742046],[15.7990715,46.4740973],[15.8029873,46.470154],[15.8037006,46.4690643],[15.8033952,46.4673153],[15.8012422,46.46609],[15.8010199,46.463396],[15.8022439,46.4618412],[15.8044151,46.460979],[15.8073235,46.4591829],[15.8115542,46.4578778],[15.8128154,46.4579298],[15.8160548,46.4568536],[15.8151235,46.4560737],[15.809764,46.4528928],[15.8078137,46.4522565],[15.8039603,46.452169],[15.8026754,46.4517589],[15.7966612,46.4516394],[15.7949459,46.4503486],[15.7939552,46.4485199],[15.7947334,46.4465823],[15.797462,46.4452827],[15.7945406,46.4427786],[15.7924819,46.4416218],[15.7941009,46.4390085],[15.7968143,46.4369629],[15.8013759,46.435355],[15.8034115,46.4341913],[15.8016648,46.4330649],[15.8004608,46.4340298],[15.7986052,46.432619],[15.795415,46.4310323],[15.7889567,46.4352774],[15.7810866,46.4378595],[15.7795101,46.4387607],[15.77575,46.4351401],[15.7707342,46.4324538],[15.7710367,46.4314341],[15.7669267,46.4278875],[15.7577632,46.4302433],[15.753901,46.4309753],[15.7524107,46.4275988],[15.751046,46.4282172],[15.7492351,46.4319932],[15.7426614,46.4335611],[15.736775,46.4346641],[15.7350085,46.4330806],[15.7328645,46.4320665],[15.7297386,46.4298075],[15.7276549,46.4288716],[15.7219057,46.424746],[15.7213047,46.4250901],[15.7179058,46.4231176],[15.7170817,46.4235884],[15.7106211,46.4197684],[15.7062525,46.4178406],[15.7013845,46.4164079],[15.6977919,46.4146147],[15.6895858,46.4121831],[15.6852694,46.4100422],[15.6813637,46.4090526],[15.6802373,46.4084512],[15.6784838,46.4074147],[15.66501,46.402897],[15.6654786,46.4015394],[15.6667393,46.400893],[15.6700703,46.4011835],[15.6861801,46.4011542],[15.6858944,46.3988829],[15.6867745,46.3969304],[15.6852354,46.3956058],[15.6798681,46.3965944],[15.6776307,46.399168],[15.6759406,46.3979965],[15.6706287,46.3963858],[15.6721527,46.3941862],[15.6762596,46.3931081],[15.6847095,46.3901958],[15.6817848,46.387465],[15.6802798,46.3854412],[15.681429,46.3844073],[15.6806068,46.3829652],[15.6775254,46.3795747],[15.6767416,46.3776874],[15.6739135,46.3805131],[15.6707276,46.3832221],[15.6680669,46.3816263],[15.6701935,46.3795539],[15.6652416,46.3743197],[15.6728126,46.3696231],[15.6710252,46.3674585],[15.6680558,46.3675712],[15.6673683,46.3638231],[15.666414,46.3605495],[15.6672265,46.3591463],[15.6677807,46.3554436],[15.6678137,46.3520237],[15.6694387,46.3489733],[15.6695241,46.3473701],[15.6729461,46.3462223],[15.6781019,46.3454979],[15.6834796,46.3440897],[15.6842209,46.3452871],[15.6864653,46.3449385],[15.6879926,46.3452605],[15.6895536,46.3471552],[15.6914591,46.3467276],[15.6922785,46.347697],[15.6963768,46.3471819],[15.6989752,46.3480513],[15.6999414,46.3493709],[15.7054209,46.3497854],[15.7082619,46.3494954],[15.709734,46.3466283],[15.7127577,46.3428652],[15.7164444,46.3413796],[15.7158168,46.3391156],[15.7164117,46.3372445],[15.7140171,46.336432],[15.7125004,46.3374177],[15.7077807,46.3348015],[15.7079949,46.3342068],[15.7113968,46.3330722],[15.7108272,46.3315959],[15.7110965,46.3294843],[15.7096485,46.3277086],[15.710447,46.3254747],[15.7105367,46.3233253],[15.7112453,46.3216323],[15.7094041,46.3192341],[15.7102072,46.3180266],[15.7108559,46.3134009],[15.7093905,46.3125768],[15.7076234,46.312602],[15.7065107,46.307838],[15.707548,46.3040304],[15.7059331,46.3029806],[15.7062319,46.3009377],[15.7056009,46.29954],[15.7038747,46.2989964],[15.7028496,46.296181],[15.7003689,46.2952411],[15.6983784,46.2938722],[15.6976285,46.2918206],[15.6949182,46.2884775],[15.6946462,46.2858168],[15.6927462,46.2850981],[15.6882679,46.2799887],[15.6851749,46.2801623],[15.6838815,46.2788718],[15.6809841,46.2781619],[15.6807462,46.2770707],[15.6776746,46.276063],[15.6763118,46.2751234],[15.6741707,46.2757775],[15.673613,46.2748983],[15.6776371,46.2738313],[15.6793764,46.2743711],[15.6815371,46.2729046],[15.6843163,46.2738432],[15.6870111,46.2734987],[15.6948217,46.2745435],[15.6942103,46.2725579],[15.6917372,46.2717764],[15.6918943,46.2699843],[15.6898733,46.2688771],[15.6902834,46.2675676],[15.692785,46.2653549],[15.700717,46.2681555],[15.7029987,46.2677338],[15.7064146,46.2682703],[15.7088932,46.2673877],[15.7131973,46.2675985],[15.7139354,46.2682508],[15.7178545,46.2691061],[15.7198796,46.2699164],[15.7229234,46.270418],[15.7267575,46.2700467],[15.7297155,46.2691975],[15.7319861,46.2679035],[15.7363408,46.2676812],[15.7367754,46.2648456],[15.7398189,46.2618431],[15.7464844,46.2635495],[15.7478425,46.2634681],[15.7529751,46.2660688],[15.7531119,46.2635614],[15.756065,46.2616722],[15.7544215,46.2600384],[15.7575938,46.2594523],[15.7584182,46.2580805],[15.7602115,46.2567894],[15.7607788,46.2548353],[15.7625625,46.2543682],[15.7650232,46.255533],[15.7690873,46.2544512],[15.7726007,46.2547803],[15.7738276,46.2553456],[15.7774989,46.2554827],[15.7831308,46.2579829],[15.7855742,46.2578874],[15.7914819,46.2593288],[15.7926309,46.2592415],[15.7962006,46.260081],[15.8009928,46.2596787],[15.8042558,46.2603186],[15.8087734,46.2616145],[15.8160754,46.2620707],[15.8196667,46.2619966],[15.8224033,46.261395],[15.8278447,46.2623147],[15.8290424,46.262145],[15.8323758,46.2629143],[15.8352873,46.2648181],[15.8371495,46.2649159],[15.8397538,46.265804],[15.8439083,46.2661323],[15.8482253,46.2652463],[15.8514113,46.2661113],[15.8562409,46.266336],[15.862167,46.2677571],[15.8633545,46.2676497],[15.8672938,46.2706796],[15.8683712,46.2738079],[15.866533,46.2755076],[15.8692997,46.2766425],[15.8718507,46.2786712],[15.8734985,46.2795049],[15.8767054,46.2799613],[15.8779785,46.2805541],[15.8840656,46.2798807],[15.8856017,46.2804953],[15.889258,46.2811361],[15.8933819,46.2829488],[15.8974933,46.2838633],[15.8994605,46.2874058],[15.8988691,46.2883869],[15.9011552,46.2893281],[15.9030402,46.2881379],[15.9036757,46.2870115],[15.9058262,46.288037],[15.9102555,46.288613],[15.9128702,46.2896635],[15.9153003,46.2875757],[15.9154718,46.2856537],[15.9171243,46.2853716],[15.9209599,46.2863804],[15.9220192,46.2873006],[15.9243424,46.2865583],[15.9286151,46.2887013],[15.9306429,46.2883197],[15.9335582,46.2891937],[15.9340174,46.2901079],[15.9377883,46.2894831],[15.942432,46.2900688],[15.9457998,46.2915146],[15.9481231,46.2932101],[15.9483426,46.2940376],[15.9516667,46.2946191],[15.9548021,46.2941459],[15.9566569,46.2964373],[15.9615156,46.2966173],[15.9645558,46.2975905],[15.9669944,46.2997689],[15.9680501,46.3022226],[15.9706019,46.3065429],[15.9722161,46.3074119],[15.9731929,46.3088211],[15.9760791,46.3089781],[15.9770728,46.3123928],[15.9799998,46.3110814],[15.9829084,46.3111906],[15.9830866,46.3094139],[15.98428,46.3094487],[15.9866918,46.3105881],[15.9887733,46.3103936],[15.9895604,46.31139],[15.9885135,46.3126885],[15.9900356,46.3147399],[15.9950968,46.3112889],[15.9982166,46.3108505],[15.9980338,46.3093217],[16.0016544,46.3073832],[16.0038187,46.307595],[16.0062321,46.3087224],[16.0075373,46.3087456],[16.0101235,46.3099767],[16.0136388,46.3087721],[16.0153181,46.3095594],[16.0171646,46.3119055],[16.0195165,46.3128642],[16.0219014,46.3143651],[16.0216002,46.3157013],[16.0226781,46.3172709],[16.0208238,46.3185685],[16.0204527,46.3209631],[16.0185823,46.3215098],[16.0219627,46.324535],[16.0250117,46.3252242],[16.02878,46.3273997],[16.0268156,46.3289596],[16.0279169,46.3318727],[16.0306739,46.3325873],[16.033118,46.3347049],[16.0345332,46.3349894],[16.0362407,46.3371094],[16.0404571,46.3372529],[16.0425628,46.3376244],[16.0443744,46.3363379],[16.0483502,46.3350356],[16.0534179,46.3352424],[16.0554642,46.3365863],[16.056326,46.3382383],[16.063088,46.34225],[16.0667163,46.3418751],[16.0680876,46.3399582],[16.0716256,46.3405972],[16.0727515,46.3416399],[16.0732072,46.3433034],[16.0764238,46.3443092],[16.0774984,46.3459527],[16.0773692,46.3480624],[16.0758604,46.3509262],[16.0743377,46.3549696],[16.0750776,46.3564931],[16.0732815,46.3595859],[16.0723408,46.3620717],[16.072852,46.3634214],[16.0724394,46.3649782],[16.0710928,46.3655281],[16.0682559,46.3683051],[16.0679183,46.3697167],[16.0646844,46.3719269],[16.0638651,46.3733807],[16.0612922,46.3747966],[16.0608657,46.3761297],[16.0557442,46.3784001],[16.0556892,46.3798149],[16.0524054,46.3802648],[16.050405,46.3821337],[16.0525784,46.3834282],[16.0528051,46.3855028],[16.0555656,46.3866935],[16.0538165,46.3883457],[16.0561913,46.3898539],[16.0575382,46.3917338],[16.0580993,46.3935534],[16.0559084,46.3976083],[16.0584799,46.4000951],[16.0563657,46.4006211],[16.0516652,46.4010798],[16.0493671,46.4024779],[16.0472149,46.4048915],[16.0424877,46.4069443],[16.0385799,46.4095099],[16.0376326,46.4110031],[16.0408628,46.4139903],[16.0431562,46.4140425],[16.0435305,46.419752],[16.0428386,46.4258158],[16.0436233,46.428564],[16.0421005,46.4300828],[16.0397092,46.4296533],[16.0377695,46.4305585],[16.0364636,46.4304249],[16.0328231,46.428586],[16.0302121,46.4287734],[16.0292891,46.4294042],[16.0271524,46.4293988],[16.0240844,46.4286055],[16.0212077,46.4286649],[16.0183496,46.4297425],[16.0184297,46.4314941],[16.016771,46.4328813],[16.0167136,46.4352465],[16.0192023,46.4374751],[16.0196377,46.4390081],[16.0208213,46.4395152],[16.0194493,46.4411486],[16.0230885,46.4412701],[16.0212996,46.442804],[16.0245207,46.4439459],[16.0254024,46.4435901],[16.0274697,46.4445215],[16.0289448,46.4458258],[16.030137,46.4459514],[16.0305705,46.4481341],[16.0314132,46.4488024],[16.0323692,46.4525417],[16.0319073,46.4550649],[16.0324507,46.4576837],[16.0342122,46.4602894],[16.0343123,46.4639059],[16.0324363,46.4648294],[16.0362451,46.4691736],[16.0348644,46.4697926],[16.0351381,46.4709959],[16.03398,46.4743567],[16.0302319,46.4769497],[16.0296407,46.4784358],[16.0261101,46.4799722],[16.0247709,46.4811227],[16.0244473,46.4832279],[16.0224186,46.4850692],[16.0194436,46.4869196],[16.0186856,46.4881384],[16.0110023,46.4925654],[16.0128599,46.495092],[16.0149022,46.496091],[16.0156879,46.4971528],[16.0149532,46.4991695],[16.0136982,46.5009846],[16.0139983,46.5028764],[16.0132902,46.5046182],[16.0102542,46.5057341],[16.0071832,46.5081775],[16.0097042,46.5087443],[16.0118172,46.5103455],[16.0144369,46.5128615],[16.0116109,46.512837],[16.0076018,46.5156325],[16.0031134,46.5182132],[16.0019916,46.5197073],[16.0022101,46.5219407],[16.0018329,46.5243683],[15.9998888,46.5269642],[15.9988221,46.5297943],[15.9972463,46.5299882],[15.995723,46.531261],[15.9909608,46.5333282],[15.9889192,46.5351642],[15.9886403,46.5394106],[15.988186,46.5404571],[15.9828312,46.5440426],[15.9823812,46.5456067],[15.9810634,46.5463878]]],[[[15.3336629,46.4752073],[15.3359117,46.4696895],[15.3350395,46.4668039],[15.3341251,46.4651697],[15.3366477,46.4639922],[15.3387785,46.4612186],[15.3426701,46.4597904],[15.3435271,46.4583815],[15.3413236,46.4496043],[15.3418186,46.4488301],[15.3457615,46.4485067],[15.3530616,46.4462784],[15.3605184,46.4483747],[15.3632212,46.4486287],[15.3678328,46.4472855],[15.3694424,46.4462978],[15.3728129,46.4433469],[15.3737875,46.4406189],[15.3732081,46.4380416],[15.3753022,46.4390147],[15.3794634,46.4372522],[15.3886913,46.4321792],[15.3935361,46.4343908],[15.3961497,46.436543],[15.3991554,46.4381474],[15.4007135,46.4369678],[15.4015704,46.434165],[15.4037029,46.4310812],[15.4083148,46.4301892],[15.4081155,46.4285832],[15.4101632,46.4280074],[15.4102254,46.427048],[15.4128755,46.4269989],[15.4178697,46.4255581],[15.419263,46.4244565],[15.417272,46.4226756],[15.4139089,46.4210691],[15.4143608,46.4201388],[15.4119104,46.4192448],[15.4133083,46.417153],[15.4132059,46.4132547],[15.4101639,46.4101197],[15.4098837,46.4058106],[15.4085375,46.4045642],[15.4035071,46.4053698],[15.4026583,46.4061305],[15.3988342,46.403967],[15.4017673,46.4017818],[15.4026693,46.4001277],[15.4044832,46.3986474],[15.4083118,46.3976688],[15.4111443,46.3975441],[15.4139338,46.3960771],[15.4146324,46.3948693],[15.4184988,46.3919462],[15.4186096,46.3897628],[15.4136875,46.3898652],[15.4131762,46.38815],[15.413944,46.3860626],[15.4111909,46.3850537],[15.4117151,46.3833524],[15.4083053,46.3832845],[15.4062565,46.3826646],[15.4048117,46.3830911],[15.4017697,46.382683],[15.4005802,46.3836616],[15.3969702,46.3830168],[15.3966632,46.3821424],[15.4001117,46.3805963],[15.4020153,46.3801865],[15.4022316,46.3789063],[15.4047668,46.3779638],[15.405959,46.3770153],[15.4110907,46.3752369],[15.4124281,46.3754335],[15.4171173,46.374515],[15.4199743,46.3748399],[15.4225906,46.3744231],[15.4214033,46.3696345],[15.4261906,46.3687401],[15.4271325,46.3670879],[15.4295535,46.3663617],[15.4305551,46.3652884],[15.4346157,46.3657157],[15.4372491,46.3644223],[15.4401069,46.365418],[15.4432565,46.3644666],[15.4447273,46.3647081],[15.4469871,46.3635197],[15.445512,46.3581414],[15.4467413,46.3569077],[15.4496422,46.3560368],[15.4498742,46.3567916],[15.4534489,46.3563022],[15.4531604,46.3546712],[15.4559846,46.354369],[15.4589823,46.3554802],[15.4605298,46.3566388],[15.4622111,46.3563257],[15.4629408,46.3552548],[15.4664314,46.3549716],[15.4667703,46.3560588],[15.4701967,46.3546312],[15.4776755,46.3580683],[15.4820811,46.3568464],[15.4858526,46.352921],[15.489476,46.3549552],[15.4909427,46.3563234],[15.4939873,46.357618],[15.4949156,46.3591065],[15.4964659,46.3597553],[15.4975322,46.3581435],[15.4994536,46.3588004],[15.5022048,46.3570188],[15.5018437,46.3550277],[15.5021786,46.3531677],[15.5017192,46.3513227],[15.5023074,46.3489209],[15.5045011,46.3479962],[15.5074946,46.3445659],[15.510664,46.3459475],[15.5119728,46.3469444],[15.5169858,46.3473492],[15.5261589,46.3493584],[15.5299821,46.3491317],[15.5331897,46.3510158],[15.5353616,46.3505556],[15.5379736,46.3484301],[15.5394292,46.346069],[15.5380578,46.3444027],[15.5372836,46.3419492],[15.5382773,46.3410108],[15.5373116,46.3396622],[15.5374504,46.3373666],[15.5389069,46.3352482],[15.5427783,46.3311333],[15.5417795,46.3304211],[15.5426008,46.3277244],[15.5422306,46.3268411],[15.5439994,46.3222174],[15.544281,46.3199167],[15.5464896,46.317612],[15.5462316,46.3155991],[15.5449204,46.314112],[15.5447182,46.3125209],[15.5453572,46.311304],[15.5446365,46.3093054],[15.5448819,46.3080832],[15.5466705,46.3072234],[15.5478791,46.3057915],[15.5479832,46.3044473],[15.552094,46.3019723],[15.5514985,46.3009463],[15.5487876,46.3006515],[15.5491801,46.2985596],[15.5509952,46.2966113],[15.5492704,46.2963187],[15.5464843,46.2942073],[15.5463007,46.2930779],[15.5473849,46.2914413],[15.5460986,46.2900492],[15.5498869,46.2874125],[15.5532603,46.2867065],[15.5537588,46.2846388],[15.5510593,46.2814518],[15.5476817,46.2815533],[15.5466419,46.28098],[15.5469367,46.2796802],[15.5448894,46.2786261],[15.5446931,46.2765582],[15.5462701,46.2762167],[15.5516922,46.2770102],[15.5546,46.2778694],[15.5578565,46.2761933],[15.5580185,46.2739864],[15.5613492,46.274187],[15.562082,46.2784856],[15.5650546,46.2796149],[15.567734,46.283395],[15.568479,46.2871438],[15.5720289,46.2874465],[15.5763105,46.2861353],[15.5781662,46.2864601],[15.5800237,46.2859633],[15.5819634,46.2835321],[15.5852572,46.2847322],[15.586402,46.2859583],[15.5912255,46.2874358],[15.5961803,46.2882919],[15.5978496,46.2898404],[15.5998391,46.2894232],[15.6017967,46.2874807],[15.6035267,46.2866313],[15.6052692,46.2844209],[15.6064533,46.2837829],[15.6097605,46.2838793],[15.6120725,46.2851785],[15.6155288,46.2854639],[15.6172789,46.2861795],[15.6196967,46.2856009],[15.6232175,46.2863265],[15.6264452,46.287648],[15.6293442,46.2866233],[15.6308587,46.2845054],[15.6352946,46.2833588],[15.6371081,46.2816749],[15.6366636,46.279865],[15.6381636,46.2789469],[15.636246,46.276332],[15.6358235,46.2743281],[15.6373562,46.2739411],[15.6415098,46.2753655],[15.6438063,46.2754526],[15.6458959,46.2749545],[15.6490774,46.275185],[15.6496927,46.2762076],[15.6513275,46.2766546],[15.6542639,46.274491],[15.6561978,46.2738686],[15.6589059,46.2743048],[15.6608855,46.2737784],[15.6678128,46.2744707],[15.6709065,46.2750423],[15.6734997,46.2761679],[15.673613,46.2748983],[15.6741707,46.2757775],[15.6763118,46.2751234],[15.6776746,46.276063],[15.6807462,46.2770707],[15.6809841,46.2781619],[15.6838815,46.2788718],[15.6851749,46.2801623],[15.6882679,46.2799887],[15.6927462,46.2850981],[15.6946462,46.2858168],[15.6949182,46.2884775],[15.6976285,46.2918206],[15.6983784,46.2938722],[15.7003689,46.2952411],[15.7028496,46.296181],[15.7038747,46.2989964],[15.7056009,46.29954],[15.7062319,46.3009377],[15.7059331,46.3029806],[15.707548,46.3040304],[15.7065107,46.307838],[15.7076234,46.312602],[15.7093905,46.3125768],[15.7108559,46.3134009],[15.7102072,46.3180266],[15.7094041,46.3192341],[15.7112453,46.3216323],[15.7105367,46.3233253],[15.710447,46.3254747],[15.7096485,46.3277086],[15.7110965,46.3294843],[15.7108272,46.3315959],[15.7113968,46.3330722],[15.7079949,46.3342068],[15.7077807,46.3348015],[15.7125004,46.3374177],[15.7140171,46.336432],[15.7164117,46.3372445],[15.7158168,46.3391156],[15.7164444,46.3413796],[15.7127577,46.3428652],[15.709734,46.3466283],[15.7082619,46.3494954],[15.7054209,46.3497854],[15.6999414,46.3493709],[15.6989752,46.3480513],[15.6963768,46.3471819],[15.6922785,46.347697],[15.6914591,46.3467276],[15.6895536,46.3471552],[15.6879926,46.3452605],[15.6864653,46.3449385],[15.6842209,46.3452871],[15.6834796,46.3440897],[15.6781019,46.3454979],[15.6729461,46.3462223],[15.6695241,46.3473701],[15.6694387,46.3489733],[15.6678137,46.3520237],[15.6677807,46.3554436],[15.6672265,46.3591463],[15.666414,46.3605495],[15.6673683,46.3638231],[15.6680558,46.3675712],[15.6710252,46.3674585],[15.6728126,46.3696231],[15.6652416,46.3743197],[15.6701935,46.3795539],[15.6680669,46.3816263],[15.6707276,46.3832221],[15.6739135,46.3805131],[15.6767416,46.3776874],[15.6775254,46.3795747],[15.6806068,46.3829652],[15.681429,46.3844073],[15.6802798,46.3854412],[15.6817848,46.387465],[15.6847095,46.3901958],[15.6762596,46.3931081],[15.6721527,46.3941862],[15.6706287,46.3963858],[15.6759406,46.3979965],[15.6776307,46.399168],[15.6798681,46.3965944],[15.6852354,46.3956058],[15.6867745,46.3969304],[15.6858944,46.3988829],[15.6861801,46.4011542],[15.6700703,46.4011835],[15.6667393,46.400893],[15.6654786,46.4015394],[15.66501,46.402897],[15.6784838,46.4074147],[15.6802373,46.4084512],[15.678759,46.4096355],[15.6753509,46.4110794],[15.674148,46.412565],[15.6714988,46.4143765],[15.6680995,46.4144475],[15.6648788,46.4167719],[15.6657676,46.419388],[15.6624134,46.421111],[15.6596796,46.4235696],[15.6602747,46.4247453],[15.6581895,46.4263665],[15.6554488,46.4267222],[15.6500314,46.4262316],[15.6479363,46.4263689],[15.6421178,46.4279197],[15.6389993,46.4297495],[15.6360254,46.4302408],[15.6330291,46.4301164],[15.6279563,46.4305244],[15.6311089,46.4333445],[15.6350841,46.4356102],[15.6345737,46.436562],[15.6322616,46.4369079],[15.6291567,46.4383075],[15.6280789,46.4378388],[15.6249931,46.4377137],[15.620621,46.4393781],[15.6174426,46.4396632],[15.6147969,46.4414617],[15.6127954,46.4420976],[15.608626,46.4421707],[15.6058808,46.4429364],[15.6025876,46.4447152],[15.5965829,46.4427386],[15.5946306,46.4456749],[15.5893511,46.4478247],[15.5884589,46.4489119],[15.5859077,46.4492797],[15.582983,46.4522398],[15.5779459,46.4546793],[15.5768108,46.4556542],[15.575953,46.4585234],[15.574068,46.4597256],[15.5714055,46.460368],[15.5694856,46.4620194],[15.5668663,46.4628269],[15.5652011,46.462554],[15.5634435,46.4632261],[15.5618937,46.4628446],[15.5568871,46.4636216],[15.5551718,46.4643424],[15.5512274,46.4652769],[15.548395,46.4662685],[15.5474394,46.4683728],[15.5487099,46.4699999],[15.5479784,46.4707582],[15.5442857,46.4718951],[15.5440686,46.474827],[15.5471347,46.4762719],[15.5490958,46.4765658],[15.5501953,46.4759693],[15.5525015,46.4780564],[15.5529649,46.480027],[15.5474948,46.4814534],[15.5410702,46.4836335],[15.5403677,46.4843988],[15.5404555,46.4874865],[15.5391845,46.4894303],[15.5357681,46.4928165],[15.5362574,46.4936635],[15.539026,46.4953007],[15.5370111,46.4969577],[15.5297006,46.4947902],[15.5256084,46.4954676],[15.523519,46.4952377],[15.5170759,46.4954557],[15.5133672,46.4949773],[15.5082841,46.495252],[15.5060492,46.4947148],[15.5016659,46.4966179],[15.4981244,46.4977455],[15.4929842,46.4967991],[15.4871884,46.4945476],[15.4822834,46.4935567],[15.4789345,46.4926097],[15.4738221,46.4923169],[15.4716206,46.4912922],[15.4703602,46.4899663],[15.465625,46.4878226],[15.4635779,46.487462],[15.459191,46.4873684],[15.458077,46.4862258],[15.4547703,46.4851084],[15.4531803,46.4850395],[15.4529749,46.4828874],[15.4502265,46.4817996],[15.4470668,46.4817331],[15.4459108,46.4807645],[15.4433347,46.4799418],[15.4417795,46.4804236],[15.4403144,46.4796048],[15.4386791,46.4800427],[15.4343227,46.4801388],[15.4322449,46.4812013],[15.4298384,46.4801698],[15.426427,46.4774395],[15.4239524,46.4768176],[15.4208362,46.4771002],[15.4199002,46.4778925],[15.4167435,46.47824],[15.4163454,46.4798757],[15.4136371,46.4792941],[15.410946,46.4775356],[15.4081712,46.477241],[15.4050149,46.4759829],[15.3987925,46.4766809],[15.3969007,46.4761257],[15.3904309,46.4761205],[15.3884023,46.4744661],[15.3854081,46.4731509],[15.3854573,46.4708675],[15.3846918,46.4692704],[15.3824199,46.4678437],[15.379743,46.4674353],[15.3782553,46.4666249],[15.3774017,46.4639752],[15.3748982,46.4642915],[15.3743231,46.4662582],[15.3725171,46.4683797],[15.3711022,46.4691237],[15.367056,46.4691751],[15.3657791,46.4687945],[15.3639503,46.4711209],[15.3630692,46.4729786],[15.3635318,46.4746217],[15.3650239,46.4752056],[15.3637589,46.4777128],[15.3622037,46.4784603],[15.3605711,46.4803346],[15.3553237,46.4771967],[15.3531478,46.4770846],[15.3519039,46.4777559],[15.3467756,46.477795],[15.3451508,46.4775452],[15.3419385,46.4760619],[15.3401256,46.4757131],[15.3362227,46.4761921],[15.3336629,46.4752073]]],[[[15.7514947,46.5976843],[15.7462255,46.5975954],[15.7426394,46.5978348],[15.7413958,46.5975641],[15.7382025,46.5988534],[15.7368209,46.5989973],[15.7340461,46.5955425],[15.7320354,46.5964551],[15.7307241,46.5989017],[15.7280943,46.600376],[15.7278209,46.6033377],[15.7272362,46.604511],[15.7277152,46.607494],[15.7251059,46.6062699],[15.7243857,46.605132],[15.7219767,46.6045985],[15.7176931,46.6044547],[15.7122065,46.6021589],[15.7110909,46.6006994],[15.7090964,46.6018904],[15.7054511,46.6026238],[15.7014052,46.6005318],[15.7016751,46.5993273],[15.7062626,46.5967888],[15.7035937,46.5952938],[15.7014484,46.5949202],[15.7017698,46.5935327],[15.6967861,46.591647],[15.6924779,46.5925459],[15.6906753,46.5934476],[15.6882036,46.5938836],[15.6856653,46.5935678],[15.6822704,46.5923717],[15.6813714,46.593272],[15.6769587,46.5952129],[15.6750649,46.5957154],[15.6722609,46.5951931],[15.6698596,46.5938384],[15.6651974,46.595321],[15.664377,46.5947059],[15.660978,46.594837],[15.6585888,46.5940099],[15.6565223,46.5924783],[15.6521572,46.5933783],[15.6482851,46.5921752],[15.645557,46.5925012],[15.6426907,46.5941537],[15.6395259,46.5946894],[15.6347965,46.5971649],[15.6304926,46.598265],[15.6271516,46.5979681],[15.6293974,46.6041523],[15.6293159,46.606705],[15.6309183,46.6076233],[15.6312622,46.6087624],[15.6291964,46.6088499],[15.6262932,46.6105896],[15.6259713,46.6115485],[15.6224297,46.6118252],[15.6200283,46.6129449],[15.6168109,46.6154585],[15.6140458,46.6161776],[15.6124499,46.6187264],[15.6105996,46.620533],[15.6069825,46.6190711],[15.6048548,46.618824],[15.6023796,46.6178991],[15.6012459,46.6208913],[15.6017332,46.6223175],[15.6030233,46.6234303],[15.6009282,46.624219],[15.6013263,46.6255686],[15.6000875,46.6268739],[15.5974068,46.6281481],[15.5965093,46.6296246],[15.594884,46.6280482],[15.5924749,46.6280111],[15.5907307,46.6298907],[15.5871119,46.6293274],[15.5860651,46.6306132],[15.5845877,46.6297201],[15.5840197,46.6284086],[15.5821045,46.6263299],[15.5789797,46.6256204],[15.575491,46.625756],[15.5737109,46.626981],[15.5703851,46.6265727],[15.5664252,46.6253669],[15.5659147,46.6274279],[15.563786,46.626917],[15.5607525,46.6268785],[15.5594492,46.6290811],[15.5574046,46.6306465],[15.5562382,46.6289576],[15.5533291,46.6277871],[15.5508354,46.6284248],[15.5498247,46.627811],[15.5454529,46.6293819],[15.5424465,46.6299496],[15.5412806,46.6330876],[15.5388167,46.6342897],[15.5361337,46.6334107],[15.5315091,46.6308081],[15.5302523,46.6289506],[15.5244677,46.6255926],[15.5226285,46.6228564],[15.5203345,46.6216575],[15.5207596,46.620428],[15.5203947,46.6179858],[15.5210246,46.6141244],[15.5250148,46.6134472],[15.5216691,46.6092707],[15.524068,46.6061704],[15.5204781,46.6066568],[15.5170141,46.6062059],[15.5176481,46.6051974],[15.5222741,46.6041008],[15.5228106,46.6021336],[15.5207844,46.600709],[15.5229345,46.6001755],[15.5245846,46.6003972],[15.5266723,46.599744],[15.5246629,46.5987316],[15.5282115,46.5969096],[15.5283058,46.5954791],[15.5294017,46.5941216],[15.5357524,46.5926744],[15.537713,46.5928121],[15.5401438,46.5939685],[15.5418193,46.593602],[15.5446455,46.5919756],[15.5494959,46.5908801],[15.5483801,46.5881628],[15.5470451,46.586465],[15.544113,46.5854032],[15.5428822,46.5842088],[15.5407473,46.580653],[15.5425589,46.5787722],[15.5452961,46.5780022],[15.5471945,46.5756467],[15.5441476,46.5740696],[15.5439422,46.5708761],[15.5434212,46.568576],[15.5470227,46.5672135],[15.5511968,46.5663321],[15.5521701,46.5654919],[15.5531328,46.5613372],[15.5583631,46.5617094],[15.5596742,46.5567021],[15.560622,46.5548579],[15.5589819,46.554167],[15.5576902,46.5526687],[15.5587356,46.551513],[15.5579539,46.5500936],[15.5587358,46.5474429],[15.5559674,46.5429564],[15.5542904,46.5410797],[15.5545008,46.5385578],[15.5552441,46.5375811],[15.5515537,46.5352715],[15.5506121,46.5332516],[15.5509515,46.5293263],[15.5521083,46.5277489],[15.551834,46.5267542],[15.5530032,46.5252844],[15.5487441,46.5234307],[15.5498367,46.5214568],[15.5496798,46.5205055],[15.5480453,46.5183799],[15.5484595,46.5156989],[15.5544671,46.5139817],[15.5576291,46.5123094],[15.5613025,46.5091534],[15.5586955,46.507892],[15.5533922,46.506165],[15.5503226,46.506276],[15.5462347,46.5058655],[15.5433455,46.5048966],[15.5429575,46.5032053],[15.5405997,46.4997114],[15.5370111,46.4969577],[15.539026,46.4953007],[15.5362574,46.4936635],[15.5357681,46.4928165],[15.5391845,46.4894303],[15.5404555,46.4874865],[15.5403677,46.4843988],[15.5410702,46.4836335],[15.5474948,46.4814534],[15.5529649,46.480027],[15.5525015,46.4780564],[15.5501953,46.4759693],[15.5490958,46.4765658],[15.5471347,46.4762719],[15.5440686,46.474827],[15.5442857,46.4718951],[15.5479784,46.4707582],[15.5487099,46.4699999],[15.5474394,46.4683728],[15.548395,46.4662685],[15.5512274,46.4652769],[15.5551718,46.4643424],[15.5568871,46.4636216],[15.5618937,46.4628446],[15.5634435,46.4632261],[15.5652011,46.462554],[15.5668663,46.4628269],[15.5694856,46.4620194],[15.5714055,46.460368],[15.574068,46.4597256],[15.575953,46.4585234],[15.5768108,46.4556542],[15.5779459,46.4546793],[15.582983,46.4522398],[15.5859077,46.4492797],[15.5884589,46.4489119],[15.5893511,46.4478247],[15.5946306,46.4456749],[15.5965829,46.4427386],[15.6025876,46.4447152],[15.6058808,46.4429364],[15.608626,46.4421707],[15.6127954,46.4420976],[15.6147969,46.4414617],[15.6174426,46.4396632],[15.620621,46.4393781],[15.6249931,46.4377137],[15.6280789,46.4378388],[15.6291567,46.4383075],[15.6322616,46.4369079],[15.6345737,46.436562],[15.6350841,46.4356102],[15.6311089,46.4333445],[15.6279563,46.4305244],[15.6330291,46.4301164],[15.6360254,46.4302408],[15.6389993,46.4297495],[15.6421178,46.4279197],[15.6479363,46.4263689],[15.6500314,46.4262316],[15.6554488,46.4267222],[15.6581895,46.4263665],[15.6602747,46.4247453],[15.6596796,46.4235696],[15.6624134,46.421111],[15.6657676,46.419388],[15.6648788,46.4167719],[15.6680995,46.4144475],[15.6714988,46.4143765],[15.674148,46.412565],[15.6753509,46.4110794],[15.678759,46.4096355],[15.6802373,46.4084512],[15.6813637,46.4090526],[15.6852694,46.4100422],[15.6895858,46.4121831],[15.6977919,46.4146147],[15.7013845,46.4164079],[15.7062525,46.4178406],[15.7106211,46.4197684],[15.7170817,46.4235884],[15.7179058,46.4231176],[15.7213047,46.4250901],[15.7219057,46.424746],[15.7276549,46.4288716],[15.7297386,46.4298075],[15.7328645,46.4320665],[15.7350085,46.4330806],[15.736775,46.4346641],[15.7426614,46.4335611],[15.7492351,46.4319932],[15.751046,46.4282172],[15.7524107,46.4275988],[15.753901,46.4309753],[15.7577632,46.4302433],[15.7669267,46.4278875],[15.7710367,46.4314341],[15.7707342,46.4324538],[15.77575,46.4351401],[15.7795101,46.4387607],[15.7810866,46.4378595],[15.7889567,46.4352774],[15.795415,46.4310323],[15.7986052,46.432619],[15.8004608,46.4340298],[15.8016648,46.4330649],[15.8034115,46.4341913],[15.8013759,46.435355],[15.7968143,46.4369629],[15.7941009,46.4390085],[15.7924819,46.4416218],[15.7945406,46.4427786],[15.797462,46.4452827],[15.7947334,46.4465823],[15.7939552,46.4485199],[15.7949459,46.4503486],[15.7966612,46.4516394],[15.8026754,46.4517589],[15.8039603,46.452169],[15.8078137,46.4522565],[15.809764,46.4528928],[15.8151235,46.4560737],[15.8160548,46.4568536],[15.8128154,46.4579298],[15.8115542,46.4578778],[15.8073235,46.4591829],[15.8044151,46.460979],[15.8022439,46.4618412],[15.8010199,46.463396],[15.8012422,46.46609],[15.8033952,46.4673153],[15.8037006,46.4690643],[15.8029873,46.470154],[15.7990715,46.4740973],[15.7977572,46.4742046],[15.7937965,46.4709938],[15.7902961,46.4693904],[15.7881434,46.4690688],[15.7801084,46.4686508],[15.7750508,46.4689452],[15.7778544,46.4749599],[15.7818369,46.4780132],[15.7845934,46.4774411],[15.7873263,46.4793188],[15.790655,46.482303],[15.7927005,46.4813203],[15.7949669,46.4817464],[15.7989832,46.4854936],[15.800256,46.4873925],[15.8082452,46.4873788],[15.8105489,46.4881464],[15.809483,46.4896448],[15.8117208,46.4910231],[15.8098706,46.4929087],[15.8048826,46.4943899],[15.8067424,46.4960321],[15.8075529,46.4974841],[15.8111518,46.4968145],[15.810487,46.4983025],[15.8102123,46.5012659],[15.8074273,46.5017085],[15.8053407,46.5008768],[15.8041387,46.5018231],[15.8025191,46.501923],[15.8032866,46.504951],[15.8041869,46.5061894],[15.803781,46.5084424],[15.8068369,46.5089778],[15.8086833,46.5104686],[15.8089738,46.5117023],[15.8129424,46.5120793],[15.8144143,46.5116071],[15.8176237,46.5114572],[15.8174355,46.5134342],[15.8158241,46.5165066],[15.8137758,46.5180243],[15.8138201,46.5198598],[15.8103949,46.5213106],[15.8045528,46.526623],[15.8022316,46.5267344],[15.7992545,46.5281192],[15.7978682,46.5274342],[15.7967969,46.5284868],[15.7952709,46.5283472],[15.7932858,46.5300418],[15.7944509,46.5311516],[15.7916353,46.5322262],[15.7875882,46.5320999],[15.7850539,46.5331235],[15.7832736,46.5351141],[15.7845281,46.5372472],[15.7837538,46.5391225],[15.7850729,46.5404882],[15.7864208,46.5408447],[15.7846164,46.5425169],[15.7804471,46.5445589],[15.7797464,46.5472191],[15.7751267,46.5472267],[15.7740448,46.5481959],[15.7739403,46.5499492],[15.7712516,46.5494031],[15.7671477,46.5463169],[15.7655963,46.544846],[15.7639845,46.5441907],[15.7618961,46.5447088],[15.75343,46.5424765],[15.7518134,46.5436346],[15.7506042,46.5468177],[15.7506035,46.5484202],[15.7527574,46.5492058],[15.7579771,46.5495683],[15.7593162,46.5518856],[15.7607538,46.5533193],[15.7623192,46.5531374],[15.7678473,46.5539996],[15.7693406,46.5548249],[15.7706393,46.5608158],[15.7657542,46.5605512],[15.7621699,46.5609448],[15.7615858,46.5621785],[15.760225,46.562679],[15.7580906,46.5652774],[15.7553015,46.5674755],[15.7563859,46.5678794],[15.7550845,46.5697278],[15.7528372,46.5701788],[15.7528937,46.5721134],[15.7542304,46.5735995],[15.7514159,46.5743346],[15.7520887,46.5766264],[15.7534616,46.5776509],[15.7581092,46.5789964],[15.7605783,46.5810045],[15.7581815,46.5835065],[15.7574128,46.5857276],[15.7546952,46.5888226],[15.7529068,46.5899118],[15.7510882,46.5931837],[15.7514947,46.5976843]]],[[[15.5424465,46.6299496],[15.5454529,46.6293819],[15.5498247,46.627811],[15.5508354,46.6284248],[15.5533291,46.6277871],[15.5562382,46.6289576],[15.5574046,46.6306465],[15.5594492,46.6290811],[15.5607525,46.6268785],[15.563786,46.626917],[15.5659147,46.6274279],[15.5664252,46.6253669],[15.5703851,46.6265727],[15.5737109,46.626981],[15.575491,46.625756],[15.5789797,46.6256204],[15.5821045,46.6263299],[15.5840197,46.6284086],[15.5845877,46.6297201],[15.5860651,46.6306132],[15.5871119,46.6293274],[15.5907307,46.6298907],[15.5924749,46.6280111],[15.594884,46.6280482],[15.5965093,46.6296246],[15.5974068,46.6281481],[15.6000875,46.6268739],[15.6013263,46.6255686],[15.6009282,46.624219],[15.6030233,46.6234303],[15.6017332,46.6223175],[15.6012459,46.6208913],[15.6023796,46.6178991],[15.6048548,46.618824],[15.6069825,46.6190711],[15.6105996,46.620533],[15.6124499,46.6187264],[15.6140458,46.6161776],[15.6168109,46.6154585],[15.6200283,46.6129449],[15.6224297,46.6118252],[15.6259713,46.6115485],[15.6262932,46.6105896],[15.6291964,46.6088499],[15.6312622,46.6087624],[15.6309183,46.6076233],[15.6293159,46.606705],[15.6293974,46.6041523],[15.6271516,46.5979681],[15.6304926,46.598265],[15.6347965,46.5971649],[15.6395259,46.5946894],[15.6426907,46.5941537],[15.645557,46.5925012],[15.6482851,46.5921752],[15.6521572,46.5933783],[15.6565223,46.5924783],[15.6585888,46.5940099],[15.660978,46.594837],[15.664377,46.5947059],[15.6651974,46.595321],[15.6698596,46.5938384],[15.6722609,46.5951931],[15.6750649,46.5957154],[15.6769587,46.5952129],[15.6813714,46.593272],[15.6822704,46.5923717],[15.6856653,46.5935678],[15.6882036,46.5938836],[15.6906753,46.5934476],[15.6924779,46.5925459],[15.6967861,46.591647],[15.7017698,46.5935327],[15.7014484,46.5949202],[15.7035937,46.5952938],[15.7062626,46.5967888],[15.7016751,46.5993273],[15.7014052,46.6005318],[15.7054511,46.6026238],[15.7090964,46.6018904],[15.7110909,46.6006994],[15.7122065,46.6021589],[15.7176931,46.6044547],[15.7219767,46.6045985],[15.7243857,46.605132],[15.7251059,46.6062699],[15.7277152,46.607494],[15.7272362,46.604511],[15.7278209,46.6033377],[15.7280943,46.600376],[15.7307241,46.5989017],[15.7320354,46.5964551],[15.7340461,46.5955425],[15.7368209,46.5989973],[15.7382025,46.5988534],[15.7413958,46.5975641],[15.7426394,46.5978348],[15.7462255,46.5975954],[15.7514947,46.5976843],[15.7512111,46.6009982],[15.7515135,46.6037086],[15.7536195,46.6064548],[15.7553072,46.6077044],[15.756907,46.6107042],[15.7576582,46.6133401],[15.7586842,46.6144203],[15.7568476,46.6169099],[15.7578243,46.6173651],[15.7610446,46.6205145],[15.7625104,46.6226851],[15.7637737,46.6262361],[15.7619269,46.6298654],[15.7629788,46.6316859],[15.7655826,46.6333624],[15.7669722,46.6330233],[15.76954,46.6334005],[15.7709754,46.6318269],[15.774733,46.6327804],[15.7767929,46.6324194],[15.7774853,46.633929],[15.777173,46.6354767],[15.7775986,46.6373569],[15.7758053,46.6386348],[15.7741208,46.6407369],[15.7706496,46.6424886],[15.7752928,46.6437489],[15.7748771,46.645201],[15.7732726,46.6470941],[15.7751653,46.6475337],[15.7774696,46.6471673],[15.7802042,46.6460632],[15.7822356,46.645972],[15.7833922,46.6445564],[15.7904031,46.6476356],[15.792913,46.6477505],[15.7957974,46.6469009],[15.7988361,46.6465424],[15.7996393,46.647742],[15.7984299,46.6491317],[15.7960866,46.6497188],[15.7954649,46.6522337],[15.7931784,46.6537343],[15.7919832,46.6554633],[15.791549,46.6571598],[15.7886006,46.6610094],[15.7877417,46.6630574],[15.7885035,46.6645707],[15.791441,46.6654809],[15.7939093,46.6655786],[15.7957208,46.6664746],[15.8007477,46.6679549],[15.8035786,46.6690878],[15.8008764,46.669799],[15.7972351,46.6713888],[15.7979054,46.6747471],[15.799404,46.6766277],[15.8012852,46.6769156],[15.8038568,46.6781755],[15.805432,46.6808331],[15.8029422,46.6825624],[15.8016977,46.6867414],[15.8025434,46.6892562],[15.8000945,46.6905532],[15.8036102,46.6931178],[15.8040931,46.6953321],[15.8061385,46.6976811],[15.8014786,46.6959054],[15.7998978,46.696315],[15.7987072,46.6977641],[15.7948699,46.6996347],[15.7937829,46.7015558],[15.791934,46.7015069],[15.7898717,46.7032507],[15.7866487,46.7075593],[15.7792685,46.7042942],[15.7733049,46.7011695],[15.7710988,46.6997077],[15.7689513,46.6990599],[15.7630544,46.6993659],[15.7604786,46.6991818],[15.7561657,46.6980678],[15.7519389,46.6980188],[15.747821,46.6987501],[15.743183,46.6998863],[15.7402216,46.6999863],[15.7369952,46.699563],[15.7240934,46.6958859],[15.7199514,46.6960221],[15.7156702,46.6969152],[15.7119181,46.6972506],[15.7045557,46.6982342],[15.6977934,46.6984264],[15.6941086,46.6993337],[15.6878969,46.7026199],[15.6832208,46.7047091],[15.6770742,46.7066215],[15.6739238,46.7069949],[15.6701619,46.7069186],[15.6641716,46.706373],[15.6576437,46.7064854],[15.6499729,46.7057599],[15.6497958,46.7050491],[15.6519863,46.7014165],[15.6540883,46.6994464],[15.6543473,46.6969283],[15.653972,46.6927729],[15.6526725,46.6911679],[15.6477302,46.6917175],[15.6470766,46.6911273],[15.6432701,46.6901654],[15.6412309,46.6924197],[15.6366897,46.6902626],[15.634195,46.6881105],[15.6339077,46.6857712],[15.6322267,46.6846908],[15.6331782,46.6816346],[15.6297889,46.6806315],[15.624945,46.6796796],[15.6229692,46.6795657],[15.6217607,46.6807097],[15.6198853,46.6798207],[15.6172242,46.6809591],[15.6159965,46.6821214],[15.6116475,46.6830491],[15.6095762,46.6830168],[15.6053548,46.6811449],[15.6039299,46.6838561],[15.6042701,46.6847237],[15.6085276,46.6876438],[15.6070433,46.6881813],[15.6040173,46.6881591],[15.6021268,46.68948],[15.6001858,46.6900439],[15.5965624,46.6903381],[15.5949538,46.6899518],[15.5904454,46.6860979],[15.5907053,46.6842737],[15.5897424,46.6832416],[15.587506,46.6836509],[15.5818234,46.6825843],[15.579492,46.6832676],[15.5773625,46.6828084],[15.578079,46.6809416],[15.5757452,46.6807975],[15.5747002,46.6814789],[15.5732561,46.6800151],[15.5701411,46.6809104],[15.5683164,46.6798265],[15.5673923,46.6753331],[15.5647802,46.6757613],[15.5600218,46.6735819],[15.5591955,46.6711003],[15.5579424,46.6709865],[15.5537846,46.6723427],[15.5530443,46.6711863],[15.5509076,46.6721331],[15.5492526,46.6719896],[15.5473242,46.6698704],[15.5462654,46.6701539],[15.5436888,46.6692902],[15.5443501,46.6681965],[15.546527,46.6672382],[15.5459007,46.6660433],[15.54629,46.6645969],[15.5478889,46.6640918],[15.5486875,46.6592159],[15.5530069,46.6530207],[15.553206,46.6501562],[15.5514659,46.6476929],[15.5468021,46.6487406],[15.5460579,46.6472713],[15.5438697,46.6460836],[15.5447336,46.645523],[15.5443217,46.6438705],[15.5456258,46.6424338],[15.5510971,46.6402666],[15.5476672,46.6372752],[15.5460973,46.6364351],[15.5449995,46.6347962],[15.545703,46.6335526],[15.5435348,46.6322153],[15.5424465,46.6299496]]],[[[15.5370111,46.4969577],[15.5405997,46.4997114],[15.5429575,46.5032053],[15.5433455,46.5048966],[15.5462347,46.5058655],[15.5503226,46.506276],[15.5533922,46.506165],[15.5586955,46.507892],[15.5613025,46.5091534],[15.5576291,46.5123094],[15.5544671,46.5139817],[15.5484595,46.5156989],[15.5480453,46.5183799],[15.5496798,46.5205055],[15.5498367,46.5214568],[15.5487441,46.5234307],[15.5530032,46.5252844],[15.551834,46.5267542],[15.5521083,46.5277489],[15.5509515,46.5293263],[15.5506121,46.5332516],[15.5515537,46.5352715],[15.5552441,46.5375811],[15.5545008,46.5385578],[15.5542904,46.5410797],[15.5559674,46.5429564],[15.5587358,46.5474429],[15.5579539,46.5500936],[15.5587356,46.551513],[15.5576902,46.5526687],[15.5589819,46.554167],[15.560622,46.5548579],[15.5596742,46.5567021],[15.5583631,46.5617094],[15.5531328,46.5613372],[15.5521701,46.5654919],[15.5511968,46.5663321],[15.5470227,46.5672135],[15.5434212,46.568576],[15.5439422,46.5708761],[15.5441476,46.5740696],[15.5471945,46.5756467],[15.5452961,46.5780022],[15.5425589,46.5787722],[15.5407473,46.580653],[15.5428822,46.5842088],[15.544113,46.5854032],[15.5470451,46.586465],[15.5483801,46.5881628],[15.5494959,46.5908801],[15.5446455,46.5919756],[15.5418193,46.593602],[15.5401438,46.5939685],[15.537713,46.5928121],[15.5357524,46.5926744],[15.5294017,46.5941216],[15.5283058,46.5954791],[15.5282115,46.5969096],[15.5246629,46.5987316],[15.5266723,46.599744],[15.5245846,46.6003972],[15.5229345,46.6001755],[15.5207844,46.600709],[15.5228106,46.6021336],[15.5222741,46.6041008],[15.5176481,46.6051974],[15.5170141,46.6062059],[15.5204781,46.6066568],[15.524068,46.6061704],[15.5216691,46.6092707],[15.5250148,46.6134472],[15.5210246,46.6141244],[15.5203947,46.6179858],[15.5207596,46.620428],[15.5203345,46.6216575],[15.5188346,46.6213487],[15.5157388,46.623279],[15.5124203,46.622181],[15.5100751,46.6201157],[15.5114344,46.6191884],[15.5118117,46.6166052],[15.5066701,46.6156658],[15.5044183,46.615973],[15.5040494,46.6142891],[15.5024707,46.613994],[15.5003579,46.6147088],[15.4999058,46.6164116],[15.5006019,46.6176297],[15.4982046,46.6186529],[15.4955952,46.6186557],[15.4929158,46.6202975],[15.4881659,46.6206925],[15.4871262,46.6197671],[15.4837007,46.6187823],[15.4830109,46.6168892],[15.4818742,46.6156599],[15.4784266,46.613167],[15.4747469,46.6120478],[15.4728375,46.6120004],[15.470048,46.6133433],[15.4691324,46.6128496],[15.4664661,46.6143661],[15.4639043,46.6145901],[15.4625061,46.6156467],[15.4621688,46.6178621],[15.4638481,46.61958],[15.4640277,46.6220981],[15.4621384,46.6259453],[15.4599054,46.626092],[15.4571799,46.6292503],[15.4550665,46.6301199],[15.4558882,46.6312795],[15.4551428,46.6328599],[15.456299,46.63654],[15.4557765,46.6376686],[15.4568579,46.6389756],[15.4554571,46.6397759],[15.4532286,46.6401467],[15.4496399,46.6423431],[15.4418139,46.6398977],[15.4393594,46.6398628],[15.4357938,46.6418969],[15.4336643,46.6424279],[15.4316894,46.6452419],[15.4301846,46.6466546],[15.4237521,46.6475029],[15.4217161,46.647232],[15.4218811,46.6495126],[15.4231581,46.6508527],[15.423323,46.6526911],[15.4217125,46.6532671],[15.4199351,46.6549808],[15.4168727,46.6547789],[15.4140774,46.6555417],[15.4121839,46.6548766],[15.4087313,46.6544732],[15.4056673,46.6544734],[15.4020286,46.65356],[15.4028455,46.6524266],[15.406388,46.6509153],[15.4076911,46.6482652],[15.4093171,46.6469028],[15.4112632,46.6464972],[15.411376,46.6440071],[15.4104159,46.6429423],[15.4126798,46.640723],[15.4180729,46.6414411],[15.4203879,46.6406569],[15.4226952,46.6385016],[15.4245951,46.6375757],[15.4283425,46.6370367],[15.4322675,46.6332395],[15.4320189,46.6320737],[15.4334801,46.6311879],[15.4325396,46.6301672],[15.4331551,46.6283496],[15.4344134,46.6275037],[15.4329296,46.6260226],[15.4325428,46.6244904],[15.4332275,46.6228096],[15.4331111,46.6210448],[15.4341144,46.6197555],[15.4336467,46.6189373],[15.4355044,46.6180178],[15.4385133,46.6177687],[15.440759,46.6180518],[15.4448748,46.6176493],[15.4456797,46.6163938],[15.4446644,46.6154461],[15.4448542,46.613824],[15.4415237,46.6119078],[15.4418392,46.6105269],[15.4437584,46.6089258],[15.4416788,46.6085935],[15.4422835,46.6059116],[15.4408826,46.6046324],[15.4357475,46.6020107],[15.4347285,46.6010103],[15.4370008,46.600534],[15.4365427,46.5986178],[15.4333288,46.5987687],[15.4319112,46.5977043],[15.4325518,46.5965791],[15.4321214,46.5928059],[15.4334844,46.5919972],[15.4323591,46.5905829],[15.4294354,46.5891343],[15.4301544,46.587908],[15.4326389,46.5869548],[15.4345775,46.5843899],[15.4421011,46.5858296],[15.4436829,46.587863],[15.446353,46.5853716],[15.4455148,46.5837006],[15.4435404,46.5823692],[15.4411995,46.5819319],[15.4394459,46.5803263],[15.4385279,46.5782941],[15.4382835,46.5748236],[15.4385368,46.5733657],[15.4400288,46.5703509],[15.4398685,46.5677015],[15.4386722,46.5663988],[15.435886,46.5650251],[15.4288227,46.5633456],[15.4249693,46.5635922],[15.4204556,46.5657285],[15.4183367,46.5672207],[15.4162385,46.5693006],[15.4116185,46.5730114],[15.4059109,46.5763465],[15.4042581,46.5779567],[15.4038221,46.5801731],[15.4014405,46.5814809],[15.3958214,46.5829181],[15.3881453,46.5827715],[15.380974,46.5830906],[15.3751024,46.5849583],[15.3721281,46.58473],[15.3689084,46.5831977],[15.3650608,46.5805146],[15.3636024,46.5802132],[15.3645457,46.5785976],[15.3663659,46.5771832],[15.3687938,46.5734763],[15.3711248,46.5753786],[15.3722754,46.5746955],[15.3700366,46.5733693],[15.3694867,46.57174],[15.3708078,46.5698018],[15.368614,46.5692732],[15.3676569,46.5682572],[15.3702111,46.5666087],[15.3689129,46.5657827],[15.3700406,46.5644501],[15.3692866,46.5623818],[15.3670936,46.5627647],[15.3657768,46.5619068],[15.3661309,46.5608457],[15.3630581,46.56101],[15.3616892,46.5600429],[15.35963,46.5625179],[15.3579591,46.5627023],[15.356733,46.5601193],[15.3552674,46.5592534],[15.3545663,46.5575895],[15.3550044,46.5563963],[15.3537851,46.555406],[15.3537375,46.5517992],[15.3540646,46.5505356],[15.350264,46.551198],[15.3488667,46.5535066],[15.3459759,46.5543293],[15.3438853,46.5523782],[15.3444571,46.5515975],[15.3440729,46.5484235],[15.3462429,46.5469001],[15.3462896,46.5457874],[15.3446843,46.5425058],[15.3432258,46.5417924],[15.3429128,46.5406827],[15.3407757,46.5388633],[15.3414177,46.5364942],[15.3405472,46.5361636],[15.3403416,46.5332966],[15.3385966,46.5322422],[15.3381851,46.5307187],[15.3405453,46.5302852],[15.3417394,46.5291448],[15.3388324,46.5277168],[15.3369188,46.5257245],[15.3358461,46.5212692],[15.3322642,46.5216538],[15.330993,46.5214334],[15.3284188,46.5190784],[15.3247411,46.5185804],[15.3236516,46.5177119],[15.324227,46.515999],[15.3264808,46.516109],[15.3269404,46.5131865],[15.3246532,46.5104322],[15.3220126,46.5088589],[15.3213481,46.5075828],[15.3163844,46.5033515],[15.3128971,46.499171],[15.3122262,46.4965592],[15.3122131,46.4944065],[15.3112071,46.4902278],[15.3130521,46.4871585],[15.315865,46.4834452],[15.3152246,46.4813739],[15.3140119,46.4794699],[15.3153136,46.4795455],[15.3187854,46.4785826],[15.3208775,46.4747605],[15.3246575,46.4755376],[15.3278968,46.4743585],[15.3302799,46.4744076],[15.3311321,46.4751043],[15.3336629,46.4752073],[15.3362227,46.4761921],[15.3401256,46.4757131],[15.3419385,46.4760619],[15.3451508,46.4775452],[15.3467756,46.477795],[15.3519039,46.4777559],[15.3531478,46.4770846],[15.3553237,46.4771967],[15.3605711,46.4803346],[15.3622037,46.4784603],[15.3637589,46.4777128],[15.3650239,46.4752056],[15.3635318,46.4746217],[15.3630692,46.4729786],[15.3639503,46.4711209],[15.3657791,46.4687945],[15.367056,46.4691751],[15.3711022,46.4691237],[15.3725171,46.4683797],[15.3743231,46.4662582],[15.3748982,46.4642915],[15.3774017,46.4639752],[15.3782553,46.4666249],[15.379743,46.4674353],[15.3824199,46.4678437],[15.3846918,46.4692704],[15.3854573,46.4708675],[15.3854081,46.4731509],[15.3884023,46.4744661],[15.3904309,46.4761205],[15.3969007,46.4761257],[15.3987925,46.4766809],[15.4050149,46.4759829],[15.4081712,46.477241],[15.410946,46.4775356],[15.4136371,46.4792941],[15.4163454,46.4798757],[15.4167435,46.47824],[15.4199002,46.4778925],[15.4208362,46.4771002],[15.4239524,46.4768176],[15.426427,46.4774395],[15.4298384,46.4801698],[15.4322449,46.4812013],[15.4343227,46.4801388],[15.4386791,46.4800427],[15.4403144,46.4796048],[15.4417795,46.4804236],[15.4433347,46.4799418],[15.4459108,46.4807645],[15.4470668,46.4817331],[15.4502265,46.4817996],[15.4529749,46.4828874],[15.4531803,46.4850395],[15.4547703,46.4851084],[15.458077,46.4862258],[15.459191,46.4873684],[15.4635779,46.487462],[15.465625,46.4878226],[15.4703602,46.4899663],[15.4716206,46.4912922],[15.4738221,46.4923169],[15.4789345,46.4926097],[15.4822834,46.4935567],[15.4871884,46.4945476],[15.4929842,46.4967991],[15.4981244,46.4977455],[15.5016659,46.4966179],[15.5060492,46.4947148],[15.5082841,46.495252],[15.5133672,46.4949773],[15.5170759,46.4954557],[15.523519,46.4952377],[15.5256084,46.4954676],[15.5297006,46.4947902],[15.5370111,46.4969577]]]]},"properties":{"name":"Marburg (Maribor)","code":"MB"}},
{"type":"Feature","geometry":{"type":"Polygon","coordinates":[[[14.4288687,45.6461334],[14.429905,45.6465127],[14.4300583,45.6484669],[14.4314686,45.6505028],[14.4327574,45.6534258],[14.4320402,45.6542525],[14.4359217,45.6548599],[14.4366188,45.6564278],[14.4348359,45.6589177],[14.4355457,45.6619832],[14.4334517,45.6629129],[14.4315533,45.6647299],[14.4298369,45.6653191],[14.4273396,45.6650561],[14.4207153,45.6667915],[14.420138,45.6676347],[14.4106257,45.6679997],[14.3992189,45.676976],[14.3912924,45.686578],[14.3826064,45.6957585],[14.3794435,45.7000673],[14.3819133,45.7005006],[14.3858089,45.7031496],[14.3884417,45.7041045],[14.3922388,45.7043969],[14.3900396,45.7083626],[14.3711089,45.719012],[14.3532379,45.7326445],[14.3447221,45.7388446],[14.3450569,45.7401869],[14.3375711,45.7383921],[14.3305826,45.7425256],[14.3263191,45.7563012],[14.3257689,45.758427],[14.3237148,45.7580146],[14.3189566,45.7579146],[14.306915,45.756988],[14.304009,45.7569113],[14.295073,45.758051],[14.2794944,45.7697544],[14.2691618,45.7776163],[14.2730719,45.7798947],[14.2591127,45.7917508],[14.2521242,45.7978495],[14.2523169,45.7994692],[14.2550428,45.7993653],[14.2582809,45.7997109],[14.2606019,45.8013776],[14.2641778,45.8028695],[14.2666191,45.8053144],[14.2663916,45.8073825],[14.2672525,45.8093438],[14.2667462,45.8110002],[14.2654204,45.8128377],[14.2666944,45.8140114],[14.2679221,45.8160958],[14.2695323,45.8169585],[14.2715204,45.8200254],[14.2729665,45.8201759],[14.2723894,45.8221515],[14.2739361,45.8232089],[14.2745369,45.8247188],[14.2730094,45.827053],[14.2748971,45.8285959],[14.2746726,45.8315117],[14.2764416,45.8330538],[14.2785558,45.8330848],[14.2785847,45.8351291],[14.2794616,45.8353384],[14.2793845,45.8372605],[14.2814201,45.8400145],[14.2805356,45.8416038],[14.281838,45.8424632],[14.2834789,45.8418232],[14.2855262,45.8427996],[14.2835573,45.8451145],[14.2811996,45.8456365],[14.2785613,45.847023],[14.2773501,45.8480427],[14.277336,45.8497296],[14.2741977,45.8509823],[14.2729765,45.8526298],[14.270558,45.8532868],[14.2694613,45.8520466],[14.2671207,45.8520741],[14.2639805,45.8530846],[14.2593323,45.8518138],[14.2592147,45.8535789],[14.2629649,45.8550417],[14.2615541,45.8565494],[14.2575979,45.8551864],[14.2563636,45.8542228],[14.2524188,45.8499049],[14.2504658,45.8492443],[14.2490986,45.8511395],[14.2500145,45.851897],[14.2491509,45.8530607],[14.2472222,45.8529194],[14.2459971,45.851401],[14.2442242,45.8526563],[14.2446292,45.8546093],[14.2405887,45.8551883],[14.2396878,45.8564176],[14.2408269,45.857126],[14.2439359,45.8568185],[14.2455011,45.8577273],[14.2441742,45.8599733],[14.242023,45.8598013],[14.2402246,45.8589492],[14.2387168,45.8597557],[14.2361971,45.8587143],[14.2343545,45.8599661],[14.2314386,45.8583881],[14.2282961,45.8595212],[14.2231194,45.858329],[14.2221944,45.8585327],[14.2209389,45.8604727],[14.2252401,45.862728],[14.2229862,45.8641964],[14.2204458,45.8663752],[14.2200516,45.867243],[14.2157264,45.8694532],[14.2127535,45.8695717],[14.2116348,45.868685],[14.2078031,45.8687219],[14.2038263,45.8705775],[14.2008262,45.8734103],[14.1990019,45.8741924],[14.1978918,45.8753508],[14.196549,45.8748837],[14.1930406,45.8748286],[14.1915892,45.8762239],[14.1919891,45.8773734],[14.1908915,45.8790903],[14.1745217,45.8742068],[14.1615486,45.8722729],[14.1572671,45.8723464],[14.1497519,45.8768789],[14.1438757,45.8754909],[14.1427851,45.8744357],[14.1405895,45.8738366],[14.1386015,45.8725199],[14.1366959,45.8723792],[14.1330684,45.8733161],[14.1293608,45.8693872],[14.1264823,45.8692888],[14.1234503,45.8671634],[14.122343,45.8644502],[14.1197501,45.8644148],[14.1155257,45.8648579],[14.1115636,45.8616487],[14.1106864,45.8620885],[14.0999491,45.8511474],[14.1028377,45.8490415],[14.0793796,45.8438539],[14.0655488,45.8409421],[14.0496619,45.8373749],[14.0536984,45.8324338],[14.070472,45.8128248],[14.0680061,45.8028],[14.0671011,45.7982402],[14.0640805,45.8041614],[14.0563464,45.7994944],[14.053541,45.78236],[14.0550513,45.7745509],[14.0540727,45.7707109],[14.0513682,45.7715063],[14.0473582,45.7734747],[14.0427322,45.7614953],[14.0430896,45.7595018],[14.0455886,45.7573613],[14.0474391,45.7548431],[14.0476891,45.7535784],[14.0511903,45.7522166],[14.0531827,45.7510055],[14.0562128,45.7517013],[14.0590579,45.7511836],[14.0672971,45.7504167],[14.0700955,45.7497829],[14.076193,45.7488513],[14.0792521,45.7468337],[14.0796705,45.7454384],[14.0824403,45.7442924],[14.082281,45.7434971],[14.0873431,45.7407486],[14.086621,45.7397963],[14.0847426,45.7404147],[14.0810719,45.738316],[14.0846183,45.7377019],[14.08265,45.7354035],[14.083484,45.7339395],[14.0860434,45.7365978],[14.0873152,45.7357811],[14.0850447,45.732933],[14.0859047,45.7323391],[14.08797,45.7325463],[14.0906497,45.732197],[14.092144,45.7341148],[14.0939835,45.7328967],[14.0954884,45.7310346],[14.0953506,45.7298049],[14.0969365,45.7286105],[14.0962247,45.7279704],[14.0938942,45.7291343],[14.0879402,45.7290863],[14.0879869,45.7277219],[14.0910036,45.727345],[14.0946498,45.7273251],[14.0979986,45.7265603],[14.0974418,45.7254948],[14.0953176,45.725698],[14.0996867,45.7153981],[14.095564,45.708937],[14.0927054,45.7095823],[14.0915927,45.7103416],[14.0864229,45.7112437],[14.0855675,45.7095717],[14.0822482,45.7103785],[14.0829824,45.71192],[14.0816889,45.7123606],[14.0778295,45.7095387],[14.0785821,45.7078228],[14.0755761,45.7054841],[14.0729871,45.7077321],[14.0733818,45.7017171],[14.0733674,45.69897],[14.0666242,45.6926967],[14.0693678,45.6924291],[14.0665868,45.6844799],[14.0709494,45.6822514],[14.0750195,45.6824962],[14.0779962,45.68218],[14.0789842,45.6770132],[14.0798218,45.6769956],[14.0790856,45.673794],[14.0776162,45.6708129],[14.0796668,45.6706384],[14.077154,45.6689644],[14.0792346,45.6672602],[14.0818336,45.6665656],[14.0801144,45.6655473],[14.0780993,45.6630182],[14.0766132,45.6605519],[14.074931,45.659481],[14.0731187,45.6564133],[14.0754897,45.6544409],[14.077891,45.6548205],[14.0799182,45.6523103],[14.0826711,45.6513301],[14.0855172,45.648035],[14.0870487,45.6478214],[14.0865223,45.6464191],[14.0877842,45.6451992],[14.0868169,45.6440137],[14.0876502,45.6433237],[14.0871209,45.6407111],[14.0885699,45.6393813],[14.0915953,45.6385811],[14.0925827,45.6371048],[14.0923935,45.6358271],[14.0909854,45.6357527],[14.0897552,45.6341252],[14.0868897,45.6326566],[14.0853412,45.6329189],[14.083322,45.631406],[14.0848765,45.6297099],[14.090042,45.6274478],[14.0953973,45.6264705],[14.0971307,45.6250481],[14.0995279,45.6252896],[14.1013724,45.6217063],[14.1024735,45.6206903],[14.1050885,45.620793],[14.1060762,45.6214793],[14.1081897,45.6215031],[14.1131839,45.623294],[14.1139453,45.6247887],[14.1156831,45.6254033],[14.1168367,45.6282964],[14.1164278,45.630658],[14.1190888,45.6338312],[14.1233277,45.6356747],[14.1251076,45.6357164],[14.1285938,45.6332447],[14.1313126,45.6324382],[14.1334607,45.6340191],[14.1398485,45.6344069],[14.1415633,45.6349748],[14.1428654,45.6320321],[14.1441786,45.6311698],[14.146962,45.6305522],[14.1508059,45.6289518],[14.1521473,45.6280001],[14.1558806,45.6273009],[14.1637503,45.6229649],[14.164447,45.6220061],[14.1672841,45.6223032],[14.1711109,45.6216951],[14.1743758,45.6228136],[14.1787898,45.6224723],[14.180184,45.6232176],[14.1820137,45.6232649],[14.1828136,45.6240637],[14.1876332,45.6244691],[14.1897455,45.6249917],[14.1923592,45.6263894],[14.194235,45.6281741],[14.1960923,45.6290814],[14.1981796,45.6288885],[14.2000923,45.6279207],[14.201275,45.6261702],[14.2048874,45.6253515],[14.2061778,45.6255023],[14.2104078,45.6269161],[14.2132591,45.6265847],[14.2190215,45.626846],[14.219665,45.6277914],[14.2269491,45.6308261],[14.2313909,45.6328928],[14.2311885,45.6346661],[14.2333359,45.6353876],[14.2336932,45.6362073],[14.2381631,45.6384813],[14.2397922,45.6401815],[14.2395741,45.6424304],[14.2416401,45.6437217],[14.2434006,45.6441523],[14.2456347,45.6454274],[14.2474223,45.6446763],[14.2500721,45.6459397],[14.2520894,45.6459136],[14.258526,45.647432],[14.2735738,45.65312],[14.2781659,45.6559013],[14.2824393,45.6592412],[14.2848315,45.6567882],[14.2895485,45.6566487],[14.2934169,45.6573263],[14.294841,45.6571099],[14.2967626,45.655904],[14.3003743,45.6551967],[14.3028202,45.6566639],[14.3063669,45.6580079],[14.3100051,45.6588384],[14.3145599,45.6592381],[14.3176363,45.6599523],[14.3207756,45.6595811],[14.3270389,45.6617936],[14.3283783,45.6610262],[14.3315261,45.6604363],[14.3345391,45.6613738],[14.3363654,45.6609181],[14.3391412,45.6618169],[14.3397876,45.6631121],[14.3396079,45.6652246],[14.3387425,45.6672779],[14.3375084,45.6682768],[14.3365966,45.6700927],[14.3348516,45.6711426],[14.3333239,45.6712625],[14.3313265,45.6704379],[14.3267976,45.6706557],[14.3253599,45.6712732],[14.3259009,45.6723422],[14.3284992,45.672234],[14.3283699,45.6736479],[14.3260344,45.6743475],[14.3265724,45.6759579],[14.3280942,45.6759816],[14.3271702,45.6784788],[14.3439628,45.6836287],[14.3491671,45.6853116],[14.3508171,45.6841666],[14.3651036,45.6718057],[14.3780894,45.6577832],[14.3751062,45.6490726],[14.3762242,45.6486884],[14.3766516,45.6470911],[14.3793621,45.6447929],[14.3825984,45.6447622],[14.3838623,45.6443064],[14.3853689,45.6457584],[14.3883114,45.6445738],[14.3893557,45.6453284],[14.3922667,45.6455805],[14.394824,45.6467409],[14.3960218,45.6465548],[14.3989612,45.6447841],[14.4014571,45.6444696],[14.4036499,45.643399],[14.4070963,45.6436356],[14.4100121,45.6431771],[14.4132356,45.6434867],[14.4163576,45.643351],[14.4185365,45.6446726],[14.4225241,45.6450347],[14.4238975,45.6458633],[14.4256038,45.645682],[14.4288687,45.6461334]]]},"properties":{"name":"Postojna (Adelsberg)","code":"PO"}}
]}