{"type":"FeatureCollection", "features": [
{"type":"Feature","geometry":{"type":"Polygon","coordinates":[[[0.20975282580193813,51.46180975897588],[0.21182988788922774,51.48985191082485],[0.2666381975784857,51.52295589577662],[0.33390254418939164,51.542493743827244],[0.29020155306796425,51.56449717521941],[0.2632576647494952,51.60919202660667],[0.2240877710021804,51.63173773551831],[0.13818425815240773,51.62354535699273],[0.06299877638202758,51.60691180669479],[-0.012259694345201461,51.646228728787726],[-0.011918619491221414,51.680877784048],[-0.10577918133707771,51.69187562150836],[-0.1635038447177228,51.685922898067844],[-0.19106672686828402,51.66389674081795],[-0.25545847789295306,51.64328775819969],[-0.31667227073737064,51.64053557423242],[-0.3858718914122449,51.615820070132955],[-0.5005959397837428,51.59968991103155],[-0.47732990272597625,51.55527205566734],[-0.4954897491926227,51.53842923403093],[-0.49002476282704144,51.4947476797645],[-0.5097013654557779,51.46917597333165],[-0.4564751128931786,51.43822454308343],[-0.3606899084972801,51.412050798290345],[-0.3083029485943408,51.38008232419942],[-0.26110113404353735,51.37959910279557],[-0.16418697954528713,51.326040543717475],[-0.12429290987399225,51.28675868238739],[-0.04786877934778141,51.32524503290994],[0.002294764648829674,51.32913883259118],[0.04239644850127726,51.29267304399856],[0.13695813963035008,51.3441746277144],[0.15323628923044702,51.37803648775664],[0.1558749862513476,51.430876613025596],[0.20975282580193813,51.46180975897588]]]},"properties":{"name":"London","region_key":"London","codes":["LA","LB","LC","LD","LE","LF","LG","LH","LJ","LK","LL","LM","LN","LO","LP","LR","LS","LT","LU","LV","LW","LX","LY"]}},
{"type":"Feature","geometry":{"type":"MultiPolygon","coordinates":[[[[-2.14632801534525,53.68223153221946],[-2.1638528909350585,53.654866346905145],[-2.236574945688753,53.66700716107632],[-2.2698661130429376,53.64613658877622],[-2.3533384928887235,53.658482881424604],[-2.4199282235519517,53.623609911063795],[-2.51132296446014,53.62699499443088],[-2.574003431424984,53.59429077846381],[-2.5959257555793993,53.610814983306824],[-2.6893125481277473,53.60430283228372],[-2.730520979649466,53.520600155435304],[-2.6121383049570253,53.4811381191076],[-2.5767428422525187,53.44605721193944],[-2.552638568167549,53.46781340411275],[-2.4963344949932047,53.48092941730573],[-2.4515435354876662,53.426709035206734],[-2.448438705461334,53.394799817981514],[-2.3650272261395933,53.36310599096463],[-2.2879327877561253,53.34308861112113],[-2.2564473427305765,53.36067680430033],[-2.151190554979793,53.34813314080405],[-2.0949537885565306,53.366036837362984],[-2.0310584497328388,53.37026240858449],[-1.9923294750670664,53.41519316180114],[-2.027316626423994,53.4324059930133],[-1.9815324821701013,53.464505089541575],[-1.9727196878917441,53.50248615915503],[-1.9219728351921728,53.50995470016524],[-1.9096207822087967,53.538390964937484],[-1.9816462176528016,53.5893378362101],[-2.0299966389993522,53.63616927027636],[-2.0567146142742883,53.68305119556614],[-2.0871213193078866,53.67081002045107],[-2.14632801534525,53.68223153221946]]],[[[-2.825756878809196,53.33181397370499],[-2.7766710534347734,53.38105868293533],[-2.6763171836144273,53.38761933030923],[-2.677166916492685,53.45275302190937],[-2.5767428422525187,53.44605721193944],[-2.6121383049570253,53.4811381191076],[-2.730520979649466,53.520600155435304],[-2.816740225622259,53.51217450275188],[-2.844421165855544,53.484130421650974],[-2.9478490428398603,53.54433978046794],[-2.9759936355027556,53.51529104515819],[-3.046698573891413,53.54295831000521],[-3.022620050410756,53.569597902822736],[-3.032148174841108,53.59852960903727],[-2.9818230909153307,53.62220517223069],[-2.9401434688573307,53.65861054380294],[-2.9503231296231807,53.69156652690055],[-2.965276218319547,53.69820223950736],[-3.042723343239711,53.6363293772786],[-3.1005194040291184,53.569393556501865],[-3.101479877300876,53.540807674089955],[-3.070928677593765,53.52154016065517],[-3.0017631010231707,53.41104897829544],[-2.969299916961328,53.37580432482029],[-2.8549727174173603,53.327471678996304],[-2.825756878809196,53.33181397370499]]],[[[-2.9287639319229926,53.3084068448106],[-2.995348545430861,53.36800574137867],[-3.0403203012127755,53.442897447682945],[-3.1776059255662035,53.39972723784983],[-3.190571130151361,53.368243422718656],[-3.094638991338279,53.30420989762152],[-3.0297600082284064,53.29899213772817],[-2.9287639319229926,53.3084068448106]]]]},"properties":{"name":"Manchester & Merseyside","region_key":"Manchester and Merseyside","codes":["MA","MB","MC","MD","ME","MF","MG","MH","MJ","MK","ML","MM","MN","MO","MP","MR","MS","MT","MU","MV","MW","MX","MY"]}},
{"type":"Feature","geometry":{"type":"MultiPolygon","coordinates":[[[[-1.232844284673614,53.621112238408095],[-1.2580281095093122,53.59199742180903],[-1.3078196751904225,53.575366950799484],[-1.4476305799472955,53.61273886366941],[-1.535403929995803,53.593878988935145],[-1.5719843524916353,53.60860914272722],[-1.615631846598391,53.56302832885269],[-1.6694658293502027,53.55322754878321],[-1.723177466695669,53.55992676479661],[-1.7558189882301907,53.53668105919269],[-1.822228832407402,53.521090920081335],[-1.8014706699605345,53.480991794968325],[-1.7468247426676584,53.46340997324021],[-1.746719107822199,53.42616494042138],[-1.6535305544248202,53.38485213428632],[-1.663950466982666,53.366892926220736],[-1.6123030690251738,53.34321867969992],[-1.5990932267300602,53.311318168950805],[-1.53676880923937,53.30474871557085],[-1.4087468904600464,53.341965038157696],[-1.3850764311937112,53.317780889584235],[-1.295678135746409,53.31503696959191],[-1.2542941365956168,53.301754870482945],[-1.199742830852957,53.31144022494518],[-1.1486205521819997,53.33850658722533],[-1.1332781142762016,53.391378360789034],[-1.0987373463049033,53.4187347884989],[-0.9956698170602312,53.436926679989035],[-0.9859780326689668,53.47167335896596],[-0.935564655862589,53.50251657280954],[-0.8980745195236989,53.532758944498404],[-0.9011177890422151,53.56872425430593],[-0.8653387032232553,53.63770823732106],[-0.9468446974223408,53.659141762570066],[-1.0486626142836821,53.65605751576763],[-1.190313496471141,53.63591692394085],[-1.232844284673614,53.621112238408095]]],[[[-1.232844284673614,53.621112238408095],[-1.2536620621560097,53.64119941953854],[-1.2444169507202787,53.69242954321995],[-1.3020432427021558,53.741724610388324],[-1.3210531621376127,53.903480122620955],[-1.2941801363699037,53.92706423060694],[-1.3971824545397902,53.942535133479524],[-1.4509278460039297,53.90713320398194],[-1.4987811612322206,53.91530697193262],[-1.6205370651200182,53.9033949639518],[-1.7070831089093492,53.91913128751936],[-1.7722802306004128,53.92088740162427],[-1.8050891297580947,53.9390226753865],[-1.862107037814019,53.940569045134204],[-1.9062736283464399,53.95837834466748],[-1.9661753072014327,53.95156120878653],[-1.9532262178218072,53.91170612363538],[-1.9769798907560816,53.87560070038111],[-2.0461303520666085,53.850141204203176],[-2.0469246826271807,53.82951026575471],[-2.1283585621990415,53.79903129845703],[-2.1295216230330114,53.75459049876308],[-2.173293647312118,53.72301168562089],[-2.14632801534525,53.68223153221946],[-2.0871213193078866,53.67081002045107],[-2.0567146142742883,53.68305119556614],[-2.0299966389993522,53.63616927027636],[-1.9816462176528016,53.5893378362101],[-1.9096207822087967,53.538390964937484],[-1.822228832407402,53.521090920081335],[-1.7558189882301907,53.53668105919269],[-1.723177466695669,53.55992676479661],[-1.6694658293502027,53.55322754878321],[-1.615631846598391,53.56302832885269],[-1.5719843524916353,53.60860914272722],[-1.535403929995803,53.593878988935145],[-1.4476305799472955,53.61273886366941],[-1.3078196751904225,53.575366950799484],[-1.2580281095093122,53.59199742180903],[-1.232844284673614,53.621112238408095]]],[[[-0.21260600838814728,54.15760732083665],[-0.2644527313272828,54.17651011835188],[-0.27539471014760997,54.21766915440588],[-0.36389056444711093,54.24509506190708],[-0.3965882393998886,54.274394047326204],[-0.4717225748264175,54.397017938973654],[-0.522785325960813,54.41627473082525],[-0.5214769497120875,54.446967820664604],[-0.5933324490572246,54.48783719036427],[-0.6702786651389974,54.5007549132321],[-0.7129811879038463,54.53364201184489],[-0.7745360380401606,54.557399453754805],[-0.8981809300591381,54.57195685781631],[-1.0163941624449753,54.59824838559658],[-1.0595920887630803,54.618055317839605],[-1.1546241558256631,54.627503490499386],[-1.157591906181519,54.605449937074674],[-1.1970694926474252,54.58179136676989],[-1.2157109128580506,54.58106706723728],[-1.2512374013333145,54.590710034669925],[-1.2604084323602287,54.571694298834764],[-1.2838285764900117,54.5652849861261],[-1.337008539178416,54.50857510211944],[-1.4127863928142137,54.47719541733198],[-1.4637987421578593,54.473550839010926],[-1.555195181230286,54.484978196075296],[-1.6095204962778487,54.51990820008978],[-1.721310831045569,54.54230173054087],[-1.7796964928485053,54.53187303608374],[-1.792976487016095,54.484492471843694],[-1.8591299350617914,54.481857883488395],[-1.9425431992669675,54.45339534598903],[-2.0612892561623917,54.48055762649521],[-2.170212967703936,54.45819874431341],[-2.2495391924868446,54.4519434416952],[-2.3082135100449777,54.416488198500886],[-2.297440451322588,54.37689879937778],[-2.360749076871289,54.354947607326004],[-2.3098414516822476,54.32431497738142],[-2.325646613084867,54.241438362868124],[-2.4608627099724316,54.22671610739849],[-2.479958339009241,54.20231274081177],[-2.5605045193087608,54.153052155173754],[-2.563414421665834,54.124692748408215],[-2.466886471918814,54.075738786070026],[-2.4695498447074127,54.046212233219485],[-2.361999436157052,54.040669687101705],[-2.352357604135686,53.99467382736356],[-2.284504828983354,53.973810403368546],[-2.234578073827638,53.98178363784791],[-2.1960183890005975,53.96957588053287],[-2.1697875619419835,53.93701029085758],[-2.124350275542904,53.92320077411214],[-2.0748494544572997,53.86236729731919],[-2.0461303520666085,53.850141204203176],[-1.9769798907560816,53.87560070038111],[-1.9532262178218072,53.91170612363538],[-1.9661753072014327,53.95156120878653],[-1.9062736283464399,53.95837834466748],[-1.862107037814019,53.940569045134204],[-1.8050891297580947,53.9390226753865],[-1.7722802306004128,53.92088740162427],[-1.7070831089093492,53.91913128751936],[-1.6205370651200182,53.9033949639518],[-1.4987811612322206,53.91530697193262],[-1.4509278460039297,53.90713320398194],[-1.3971824545397902,53.942535133479524],[-1.2941801363699037,53.92706423060694],[-1.3210531621376127,53.903480122620955],[-1.3020432427021558,53.741724610388324],[-1.2444169507202787,53.69242954321995],[-1.2536620621560097,53.64119941953854],[-1.232844284673614,53.621112238408095],[-1.190313496471141,53.63591692394085],[-1.0486626142836821,53.65605751576763],[-1.0390743227061443,53.693892675246914],[-0.9580149151456016,53.71423329985929],[-0.9727852676188337,53.75002202078415],[-0.9320932811899069,53.762190122729926],[-0.9200862973949548,53.81597682201386],[-0.9481323021696733,53.862115647728004],[-0.921678191211909,53.92123463392116],[-0.9278255363392641,53.98402436329845],[-0.8787184700618487,54.01686261834163],[-0.7991910093007313,54.01905479816701],[-0.6798686979146624,54.036673497954126],[-0.5910045741772865,54.08706199533544],[-0.5246123867992685,54.085474729267965],[-0.4659424147061408,54.107632949362454],[-0.42709379069182646,54.137442580858355],[-0.43316859393054674,54.164072695157756],[-0.30408303586676433,54.13627045877858],[-0.22169141352906768,54.13797297370292],[-0.21260600838814728,54.15760732083665]]],[[[-0.9727852676188337,53.75002202078415],[-0.8427454073306088,53.70840732826705],[-0.7790521039430499,53.69746629048],[-0.7425986360120879,53.706981481190866],[-0.7001235266876552,53.70375978590074],[-0.6166495578073201,53.73117611916592],[-0.5425525019524845,53.70844272857572],[-0.4474594573518018,53.71386403804273],[-0.331089342188815,53.739763002220364],[-0.27324377549663315,53.74091071328253],[-0.10354674930055517,53.63534188728298],[-0.04968095540051498,53.63210069063642],[0.03448354144644867,53.649211996193245],[0.14177655297216046,53.621985627352224],[0.1169993800821535,53.662259109767426],[-0.04433335820153163,53.795434084687805],[-0.1539650389274138,53.899320689467025],[-0.21505679807587844,54.015834931778066],[-0.19842403429741345,54.07791863135431],[-0.16480622317048707,54.09957996253632],[-0.07616194654443376,54.11461317339977],[-0.17258757209394246,54.15146360055273],[-0.21260600838814728,54.15760732083665],[-0.22169141352906768,54.13797297370292],[-0.30408303586676433,54.13627045877858],[-0.43316859393054674,54.164072695157756],[-0.42709379069182646,54.137442580858355],[-0.4659424147061408,54.107632949362454],[-0.5246123867992685,54.085474729267965],[-0.5910045741772865,54.08706199533544],[-0.6798686979146624,54.036673497954126],[-0.7991910093007313,54.01905479816701],[-0.8787184700618487,54.01686261834163],[-0.9278255363392641,53.98402436329845],[-0.921678191211909,53.92123463392116],[-0.9481323021696733,53.862115647728004],[-0.9200862973949548,53.81597682201386],[-0.9320932811899069,53.762190122729926],[-0.9727852676188337,53.75002202078415]]],[[[-0.6981883387789979,53.68420766813466],[-0.7305873363678103,53.70432812653598],[-0.7750428436947737,53.69470269167272],[-0.8471839813294538,53.70859032337964],[-0.9051417475559755,53.72708576713793],[-0.9580149151456016,53.71423329985929],[-1.0390743227061443,53.693892675246914],[-1.0486626142836821,53.65605751576763],[-0.9468446974223408,53.659141762570066],[-0.8653387032232553,53.63770823732106],[-0.8482640505372526,53.63303663286602],[-0.6981883387789979,53.68420766813466]]]]},"properties":{"name":"Yorkshire","region_key":"Yorkshire","codes":["YA","YB","YC","YD","YE","YF","YG","YH","YJ","YK","YL","YM","YN","YO","YP","YR","YS","YT","YU","YV","YW","YX","YY"]}},
{"type":"Feature","geometry":{"type":"MultiPolygon","coordinates":[[[[-1.8210133486940014,54.90566188366939],[-1.6748375447754333,54.90930242409487],[-1.643689428547499,54.878804002783994],[-1.5066701546535197,54.87114080558094],[-1.5042796530270237,54.83122977194402],[-1.4375307085821878,54.80052729337761],[-1.4135797469977198,54.84486206832003],[-1.347404706218426,54.86056762501555],[-1.361640210135027,54.8982975441157],[-1.360740604184803,54.971331964936454],[-1.4238296959780816,55.008159857121335],[-1.4620710446141716,55.07467382320197],[-1.4925776132863622,55.05441348922883],[-1.5598092294290133,55.05452431551273],[-1.7046127238755118,55.0709327799154],[-1.708653984917021,55.04226091143907],[-1.7576094294871412,55.002958061571135],[-1.8128128612677366,54.976321791188056],[-1.8210133486940014,54.90566188366939]]],[[[-1.2838285764900117,54.5652849861261],[-1.2585814349421272,54.58886612801501],[-1.2453888325914,54.593825474208884],[-1.231264769679697,54.586070488946554],[-1.2044553375906935,54.58263292182844],[-1.1605387287103683,54.61037350730977],[-1.164760870560498,54.64760525611461],[-1.1984886596396362,54.6795240961629],[-1.1807705751188502,54.70027613898764],[-1.2422443341366463,54.722958093232556],[-1.3090458457658751,54.78162360510981],[-1.3126283798325873,54.81177969584624],[-1.347404706218426,54.86056762501555],[-1.4135797469977198,54.84486206832003],[-1.4375307085821878,54.80052729337761],[-1.5042796530270237,54.83122977194402],[-1.5066701546535197,54.87114080558094],[-1.643689428547499,54.878804002783994],[-1.6748375447754333,54.90930242409487],[-1.8210133486940014,54.90566188366939],[-1.8454490697720494,54.89690310439355],[-1.8876483082522837,54.843588135795095],[-2.0117688704209926,54.8667114842087],[-2.082475627052886,54.83822206247713],[-2.1986006318823574,54.80673626573542],[-2.2189066930188086,54.7823774179831],[-2.2826777768470716,54.7982521091406],[-2.3120894759789263,54.791015005604024],[-2.3084868131476863,54.77354278542209],[-2.351593709404257,54.685736366633414],[-2.287978740484879,54.650480077921806],[-2.3249377288382034,54.63165023985902],[-2.3045145218031493,54.59619784072464],[-2.172397970663926,54.53244411986749],[-2.170212967703936,54.45819874431341],[-2.0612892561623917,54.48055762649521],[-1.9425431992669675,54.45339534598903],[-1.8591299350617914,54.481857883488395],[-1.792976487016095,54.484492471843694],[-1.7796964928485053,54.53187303608374],[-1.721310831045569,54.54230173054087],[-1.6095204962778487,54.51990820008978],[-1.555195181230286,54.484978196075296],[-1.4637987421578593,54.473550839010926],[-1.4127863928142137,54.47719541733198],[-1.337008539178416,54.50857510211944],[-1.2838285764900117,54.5652849861261]]],[[[-1.2678890866779158,52.873368658696236],[-1.287749289497409,52.96966248267156],[-1.3331103759325629,53.03388230405995],[-1.3438345905744047,53.06872954011282],[-1.3032357217476878,53.088083764618624],[-1.3256165045971038,53.15760773044176],[-1.2531719310359692,53.16551785130448],[-1.1988014967047222,53.1830892803426],[-1.2026170292108662,53.26111911621416],[-1.166487564673865,53.2776553306697],[-1.199742830852957,53.31144022494518],[-1.2542941365956168,53.301754870482945],[-1.295678135746409,53.31503696959191],[-1.3850764311937112,53.317780889584235],[-1.4087468904600464,53.341965038157696],[-1.53676880923937,53.30474871557085],[-1.5990932267300602,53.311318168950805],[-1.6123030690251738,53.34321867969992],[-1.663950466982666,53.366892926220736],[-1.6535305544248202,53.38485213428632],[-1.746719107822199,53.42616494042138],[-1.7468247426676584,53.46340997324021],[-1.8014706699605345,53.480991794968325],[-1.822228832407402,53.521090920081335],[-1.9096207822087967,53.538390964937484],[-1.9219728351921728,53.50995470016524],[-1.9727196878917441,53.50248615915503],[-1.9815324821701013,53.464505089541575],[-2.027316626423994,53.4324059930133],[-1.9923294750670664,53.41519316180114],[-2.0310584497328388,53.37026240858449],[-2.0143191829846447,53.34005851714977],[-1.9874077496786242,53.21358587478065],[-1.8739736768709903,53.19536079630252],[-1.8120251342619114,53.15274408047318],[-1.822157766079733,53.13806270999884],[-1.7942389780090473,53.088394074021856],[-1.762569577777868,52.99966927836801],[-1.826112200371247,52.97748746449299],[-1.8565756306993961,52.92339100218317],[-1.8110527713939764,52.88065314644914],[-1.6426320740355187,52.85632707305386],[-1.5912866362501379,52.836261400898685],[-1.5918268280527743,52.80949056769395],[-1.6269577326701792,52.779772443208316],[-1.682066624046427,52.77019163431116],[-1.696951711881391,52.72719450320187],[-1.6550415133210634,52.69879854638501],[-1.59754100041713,52.70042180095936],[-1.5500800991730854,52.72027853600628],[-1.5624926756528144,52.750586793128505],[-1.4177044603148725,52.80161549850568],[-1.3811249140439334,52.846048820274646],[-1.3059946656576453,52.87708046273069],[-1.2678890866779158,52.873368658696236]]],[[[-1.4620710446141716,55.07467382320197],[-1.5249348149853685,55.16051441422303],[-1.4991547098837719,55.1855921166641],[-1.5543675697248918,55.24730068447251],[-1.569957609542656,55.29183485468753],[-1.5493941972936383,55.32172344520608],[-1.588597772659835,55.345253972269575],[-1.6114213333727654,55.385168007719585],[-1.5788461621559222,55.40889760672462],[-1.5954892760956985,55.49127183337235],[-1.6381132987221483,55.54090698492686],[-1.6265198359989224,55.557675602134765],[-1.6920192160320384,55.60615844899653],[-1.8131862268573227,55.633704637240214],[-1.8700250739063133,55.665913775194674],[-1.8840933168246174,55.69445912205412],[-1.960772325922538,55.733266245718255],[-2.0134211502516792,55.77125847047144],[-2.046034965706435,55.75798687727927],[-2.107278666480679,55.75944819008871],[-2.1366380688384257,55.74040582616078],[-2.2186591796836703,55.67590711744234],[-2.218452689731427,55.664260238753165],[-2.336012500658304,55.632054692069154],[-2.2951348614469835,55.608622429419476],[-2.2885358794880704,55.58005000973352],[-2.232248662718578,55.54482984923342],[-2.2026493288651876,55.48954128578622],[-2.194219689482417,55.445257995631685],[-2.3323664056020323,55.40991073263622],[-2.3374770928266733,55.36728098207272],[-2.39980267562077,55.34833277688617],[-2.4444059830018596,55.359183141243975],[-2.495020825338105,55.34749150206754],[-2.5202696721926374,55.32304705338447],[-2.646771231267026,55.26004384558748],[-2.6897902915132095,55.18898422854259],[-2.656939477820754,55.13613185330493],[-2.5989028380869597,55.1245757607255],[-2.5569473407864742,55.08103912994132],[-2.5037070343415704,55.09075043731424],[-2.483049858123018,55.040019121635375],[-2.573186896382555,55.01611463251044],[-2.560190784587477,54.93409605823095],[-2.605430266703178,54.884382355395076],[-2.5678486550075625,54.82357485898903],[-2.495584403015195,54.81024304328608],[-2.401622704641919,54.85148396419672],[-2.3927264461263524,54.83451524558612],[-2.3120894759789263,54.791015005604024],[-2.2826777768470716,54.7982521091406],[-2.2189066930188086,54.7823774179831],[-2.1986006318823574,54.80673626573542],[-2.082475627052886,54.83822206247713],[-2.0117688704209926,54.8667114842087],[-1.8876483082522837,54.843588135795095],[-1.8454490697720494,54.89690310439355],[-1.8210133486940014,54.90566188366939],[-1.8128128612677366,54.976321791188056],[-1.7576094294871412,55.002958061571135],[-1.708653984917021,55.04226091143907],[-1.7046127238755118,55.0709327799154],[-1.5598092294290133,55.05452431551273],[-1.4925776132863622,55.05441348922883],[-1.4620710446141716,55.07467382320197]]],[[[-2.085656856928195,55.76272387710688],[-2.045269940229562,55.75919025320998],[-1.9999867076101554,55.78592813934136],[-2.0344219081111894,55.8110886606163],[-2.086123041725926,55.793045310160174],[-2.085656856928195,55.76272387710688]]]]},"properties":{"name":"North (Nordostengland)","region_key":"North","codes":["NA","NB","NC","ND","NE","NF","NG","NH","NJ","NK","NL","NM","NN","NO","NP","NR","NS","NT","NU","NV","NW","NX","NY"]}},
{"type":"Feature","geometry":{"type":"MultiPolygon","coordinates":[[[[-2.1648512708741308,52.43020415751166],[-2.1360268506676814,52.42626818067752],[-2.037881008932874,52.44155755330428],[-1.9970611694825637,52.41742616944223],[-1.9973214026467883,52.38106696065217],[-1.9045879104396324,52.40314561328681],[-1.8455979721693732,52.399427259376886],[-1.8720338624344373,52.36759850238948],[-1.6513102586313528,52.356421067491915],[-1.6010673268718723,52.38929945930054],[-1.466608759235224,52.37720407205212],[-1.4322477672271365,52.39587743327863],[-1.4241456732786955,52.43400023509531],[-1.463921224278464,52.45831767083922],[-1.5196549350705522,52.45334189010137],[-1.589863062847743,52.46191211163452],[-1.6771541663104257,52.43635660920603],[-1.7570769694189166,52.51782702816371],[-1.746427820466073,52.54171303652959],[-1.7880812415904996,52.587862645577864],[-1.8278614607788943,52.60868920482311],[-1.885142586726297,52.612671401189495],[-1.933519956029637,52.66152914149935],[-1.960230189687647,52.64433818467283],[-2.0810017871351127,52.61190502017453],[-2.131644102393017,52.637623126922996],[-2.1898725043218565,52.59928854844915],[-2.14878128171527,52.514694972391155],[-2.1879824395221186,52.508362995119356],[-2.1648512708741308,52.43020415751166]]],[[[-2.1648512708741308,52.43020415751166],[-2.1879824395221186,52.508362995119356],[-2.14878128171527,52.514694972391155],[-2.1898725043218565,52.59928854844915],[-2.131644102393017,52.637623126922996],[-2.0810017871351127,52.61190502017453],[-1.960230189687647,52.64433818467283],[-1.933519956029637,52.66152914149935],[-1.885142586726297,52.612671401189495],[-1.8278614607788943,52.60868920482311],[-1.7880812415904996,52.587862645577864],[-1.6656396078855038,52.5922522582333],[-1.639777363705142,52.60839305878101],[-1.6449429314668687,52.65751680485376],[-1.5896452403091217,52.68726076881408],[-1.59754100041713,52.70042180095936],[-1.6550415133210634,52.69879854638501],[-1.696951711881391,52.72719450320187],[-1.682066624046427,52.77019163431116],[-1.6269577326701792,52.779772443208316],[-1.5918268280527743,52.80949056769395],[-1.5912866362501379,52.836261400898685],[-1.6426320740355187,52.85632707305386],[-1.8110527713939764,52.88065314644914],[-1.8565756306993961,52.92339100218317],[-1.826112200371247,52.97748746449299],[-1.762569577777868,52.99966927836801],[-1.7942389780090473,53.088394074021856],[-1.822157766079733,53.13806270999884],[-1.8120251342619114,53.15274408047318],[-1.8739736768709903,53.19536079630252],[-1.9874077496786242,53.21358587478065],[-2.001665755949103,53.19305523215972],[-2.17328028593925,53.147604889429694],[-2.2465801934117184,53.090185968886644],[-2.3290094337635945,53.076579937653996],[-2.386170688767386,53.03356383491071],[-2.380793640653091,52.998411065076084],[-2.393766572114906,52.950579190031576],[-2.437123130041653,52.943599024517994],[-2.470841225132294,52.90586911663381],[-2.4575937873984173,52.87910460481986],[-2.3855545778369134,52.88798842937831],[-2.3937562897757605,52.83662003664405],[-2.3688280565959445,52.77727678255418],[-2.330133878739117,52.75797898262834],[-2.3030404963307194,52.682952764752926],[-2.2477294217618953,52.683074374427704],[-2.2368871919584428,52.63606706747725],[-2.255803926139492,52.60998333755115],[-2.309601285007055,52.607401245944885],[-2.2608359782327567,52.56315766263227],[-2.2609431997179112,52.52410239030184],[-2.3127492153007734,52.48920882902863],[-2.2873823534161772,52.4553169186579],[-2.261502655455949,52.436941125758494],[-2.1648512708741308,52.43020415751166]]],[[[-1.201613240016501,52.396731777646686],[-1.3059474816169383,52.49339532336414],[-1.4189577057134224,52.53776798764919],[-1.52286781788107,52.57060058972099],[-1.560756721374328,52.5961562247104],[-1.551771392176974,52.66745510007908],[-1.5896452403091217,52.68726076881408],[-1.6449429314668687,52.65751680485376],[-1.639777363705142,52.60839305878101],[-1.6656396078855038,52.5922522582333],[-1.7880812415904996,52.587862645577864],[-1.746427820466073,52.54171303652959],[-1.7570769694189166,52.51782702816371],[-1.6771541663104257,52.43635660920603],[-1.589863062847743,52.46191211163452],[-1.5196549350705522,52.45334189010137],[-1.463921224278464,52.45831767083922],[-1.4241456732786955,52.43400023509531],[-1.4322477672271365,52.39587743327863],[-1.466608759235224,52.37720407205212],[-1.6010673268718723,52.38929945930054],[-1.6513102586313528,52.356421067491915],[-1.8720338624344373,52.36759850238948],[-1.8648305380726105,52.333093185106755],[-1.8864793294875324,52.28663253585473],[-1.9354536128703026,52.27696654137165],[-1.9174233401019252,52.21834559833937],[-1.9445754090733076,52.174766336090244],[-1.9051000194936274,52.142736829986646],[-1.8396720953699133,52.152713652750094],[-1.7676486964545253,52.112592585180025],[-1.6939807024446178,52.03952791584776],[-1.6610652862271513,52.031613890872265],[-1.6657543076217822,51.987488800416706],[-1.6123425366054296,51.9554034290577],[-1.5228257272072352,51.99684333328363],[-1.501855228348814,52.071626672722516],[-1.4534689387239963,52.11299087599732],[-1.348708013830522,52.135132203210944],[-1.3318971206615529,52.16848501386061],[-1.3131345322730965,52.190467617705394],[-1.2547799392002454,52.19888894917839],[-1.2846441203084125,52.238577255878255],[-1.217897412385422,52.26180368268453],[-1.2092616269871401,52.31471159340803],[-1.2652666287344263,52.32837719845604],[-1.1721263854825266,52.36130089674886],[-1.201613240016501,52.396731777646686]]]]},"properties":{"name":"Birmingham","region_key":"Birmingham","codes":["BA","BB","BC","BD","BE","BF","BG","BH","BJ","BK","BL","BM","BN","BO","BP","BR","BS","BT","BU","BV","BW","BX","BY"]}},
{"type":"Feature","geometry":{"type":"MultiPolygon","coordinates":[[[[-2.5767428422525187,53.44605721193944],[-2.677166916492685,53.45275302190937],[-2.6763171836144273,53.38761933030923],[-2.7766710534347734,53.38105868293533],[-2.825756878809196,53.33181397370499],[-2.75243199618654,53.314759628824575],[-2.78896607709901,53.29545088859475],[-2.842997415206887,53.30753658035639],[-2.878389654976021,53.29078281922093],[-2.9287639319229926,53.3084068448106],[-3.0297600082284064,53.29899213772817],[-3.094638991338279,53.30420989762152],[-3.0949937092583273,53.30402197207356],[-3.105406790657545,53.298504093356016],[-3.1013552271694627,53.26691692627832],[-3.0925477800871213,53.26105921464996],[-3.0923543399183226,53.260957980375],[-3.091268293427029,53.260389597974296],[-3.091001617940672,53.26025003017569],[-3.0739636590775343,53.25426449517171],[-3.0734349102221015,53.25420094180623],[-3.0360631794746635,53.251806473389465],[-2.949510039319428,53.211279716371884],[-2.9222993476386163,53.18929269917001],[-2.9794980364977297,53.150621611809264],[-2.910232329525687,53.112638957089025],[-2.8592356067682414,53.05416475215726],[-2.8359955564621897,52.997150186614384],[-2.726840602020411,52.98327294362855],[-2.69929242541042,52.99543881492112],[-2.607734121443336,52.98836215052023],[-2.597693440191885,52.963006002706955],[-2.4346140600792125,52.96952131401419],[-2.380793640653091,52.998411065076084],[-2.386170688767386,53.03356383491071],[-2.3290094337635945,53.076579937653996],[-2.2465801934117184,53.090185968886644],[-2.17328028593925,53.147604889429694],[-2.001665755949103,53.19305523215972],[-1.9874077496786242,53.21358587478065],[-2.0143191829846447,53.34005851714977],[-2.0310584497328388,53.37026240858449],[-2.0949537885565306,53.366036837362984],[-2.151190554979793,53.34813314080405],[-2.2564473427305765,53.36067680430033],[-2.2879327877561253,53.34308861112113],[-2.3650272261395933,53.36310599096463],[-2.448438705461334,53.394799817981514],[-2.4515435354876662,53.426709035206734],[-2.4963344949932047,53.48092941730573],[-2.552638568167549,53.46781340411275],[-2.5767428422525187,53.44605721193944]]],[[[-2.2873823534161772,52.4553169186579],[-2.3127492153007734,52.48920882902863],[-2.2609431997179112,52.52410239030184],[-2.2608359782327567,52.56315766263227],[-2.309601285007055,52.607401245944885],[-2.255803926139492,52.60998333755115],[-2.2368871919584428,52.63606706747725],[-2.2477294217618953,52.683074374427704],[-2.3030404963307194,52.682952764752926],[-2.330133878739117,52.75797898262834],[-2.3688280565959445,52.77727678255418],[-2.3937562897757605,52.83662003664405],[-2.3855545778369134,52.88798842937831],[-2.4575937873984173,52.87910460481986],[-2.470841225132294,52.90586911663381],[-2.437123130041653,52.943599024517994],[-2.393766572114906,52.950579190031576],[-2.380793640653091,52.998411065076084],[-2.4346140600792125,52.96952131401419],[-2.597693440191885,52.963006002706955],[-2.607734121443336,52.98836215052023],[-2.69929242541042,52.99543881492112],[-2.726840602020411,52.98327294362855],[-2.728541430082635,52.92517812016934],[-2.8004666893307433,52.8955150184554],[-2.8410149471651964,52.94262370880916],[-2.8982919650163286,52.95027542644905],[-2.928888600541857,52.938678871176],[-2.9728282902322776,52.96046238663705],[-3.0348748013229523,52.929571275556384],[-3.0959532467281523,52.93028188262092],[-3.147503987573688,52.89016935253204],[-3.1277128187780203,52.867103036042536],[-3.1678875258984216,52.81926667523993],[-3.1584253094930843,52.79348806498138],[-3.0106134111037854,52.76155075187396],[-3.051112543320522,52.64736556994762],[-3.1174141591414086,52.585763140246286],[-3.111495386916416,52.54136379845613],[-3.0064836985371213,52.57384915695261],[-2.9943072197843668,52.553048103892884],[-3.029202255199593,52.50126805598468],[-3.108124296786233,52.4993009250379],[-3.1805917595063633,52.47383630093097],[-3.2355429209303304,52.44250356199235],[-3.219544550599902,52.42125301642549],[-3.154446594074869,52.38771521656719],[-3.041057679160096,52.34430697770297],[-2.9546513666030205,52.34915476636235],[-2.9054250991596753,52.38578338317311],[-2.8554416078068074,52.39529798489913],[-2.805432535631027,52.38825206933206],[-2.792420136996022,52.356863582184545],[-2.7141233829001723,52.30885711399609],[-2.669676187985736,52.341558744026635],[-2.6180348130582245,52.30695694183587],[-2.5391499411085565,52.34413906137302],[-2.4263368625697517,52.36583254415947],[-2.3660212956061937,52.40781675944991],[-2.363527907165694,52.439425827441],[-2.311750081479615,52.43753121782037],[-2.2873823534161772,52.4553169186579]]]]},"properties":{"name":"Deeside–Shrewsbury","region_key":"Deeside to Shrewsbury","codes":["DA","DB","DC","DD","DE","DF","DG","DH","DJ","DK","DL","DM","DN","DO","DP","DR","DS","DT","DU","DV","DW","DX","DY"]}},
{"type":"Feature","geometry":{"type":"MultiPolygon","coordinates":[[[[-2.730520979649466,53.520600155435304],[-2.6893125481277473,53.60430283228372],[-2.5959257555793993,53.610814983306824],[-2.574003431424984,53.59429077846381],[-2.51132296446014,53.62699499443088],[-2.4199282235519517,53.623609911063795],[-2.3533384928887235,53.658482881424604],[-2.2698661130429376,53.64613658877622],[-2.236574945688753,53.66700716107632],[-2.1638528909350585,53.654866346905145],[-2.14632801534525,53.68223153221946],[-2.173293647312118,53.72301168562089],[-2.1295216230330114,53.75459049876308],[-2.1283585621990415,53.79903129845703],[-2.0469246826271807,53.82951026575471],[-2.0461303520666085,53.850141204203176],[-2.0748494544572997,53.86236729731919],[-2.124350275542904,53.92320077411214],[-2.1697875619419835,53.93701029085758],[-2.1960183890005975,53.96957588053287],[-2.234578073827638,53.98178363784791],[-2.284504828983354,53.973810403368546],[-2.352357604135686,53.99467382736356],[-2.361999436157052,54.040669687101705],[-2.4695498447074127,54.046212233219485],[-2.466886471918814,54.075738786070026],[-2.563414421665834,54.124692748408215],[-2.5605045193087608,54.153052155173754],[-2.479958339009241,54.20231274081177],[-2.4608627099724316,54.22671610739849],[-2.5507510910664646,54.200292965857784],[-2.6249569409106046,54.19556871338511],[-2.6757749181518222,54.163758832764486],[-2.736489060190044,54.169026844185765],[-2.799229741145208,54.19773193522744],[-2.8694838564442233,54.17667666340543],[-2.808579779174744,54.108147544696564],[-2.876626090116068,54.071153517047826],[-2.9059771958202916,54.03971990060743],[-2.900227837672367,53.99203310003294],[-2.8650557448302165,53.955122569823835],[-2.9279385579490964,53.95010330179902],[-3.0501654418618327,53.919211387717745],[-3.055022889600451,53.76198506437528],[-3.000821525124653,53.73671107838842],[-2.9291630980243952,53.73150879919491],[-2.9552252600614115,53.696497903959425],[-2.95048521458102,53.691732712254094],[-2.9503231296231807,53.69156652690055],[-2.9401434688573307,53.65861054380294],[-2.9818230909153307,53.62220517223069],[-3.032148174841108,53.59852960903727],[-3.022620050410756,53.569597902822736],[-3.046698573891413,53.54295831000521],[-2.9759936355027556,53.51529104515819],[-2.9478490428398603,53.54433978046794],[-2.844421165855544,53.484130421650974],[-2.816740225622259,53.51217450275188],[-2.730520979649466,53.520600155435304]]],[[[-3.0579157886275006,54.9917161332244],[-3.056598500336775,54.9828263492888],[-3.075683702633375,54.967597412055525],[-3.1044172295977535,54.97104825277849],[-3.137964077304825,54.92746267145804],[-3.204392174614904,54.95387531453911],[-3.2833064768658975,54.94212332423022],[-3.31347584332901,54.91889306779849],[-3.2779442330234336,54.88631316296343],[-3.3669877974186786,54.89146984956929],[-3.398886529235359,54.86846408658633],[-3.4378546593765047,54.80162727207951],[-3.4454117928352175,54.752168493845225],[-3.5098813586990003,54.71762340323515],[-3.518981141794863,54.692975497221674],[-3.571743353101674,54.650846320741636],[-3.5803912695776803,54.57190337311604],[-3.6136057195899407,54.525034517500856],[-3.619572009930567,54.490906495745485],[-3.476451553548429,54.38636334747992],[-3.4352852867144152,54.343382614048686],[-3.4227306074554606,54.292855755119305],[-3.3942156498595164,54.25444020860679],[-3.3143058093080944,54.18856239098266],[-3.253981147546608,54.19163835784168],[-3.250993663111503,54.21986228093497],[-3.2000491424036324,54.237706526375426],[-3.217152503479752,54.17746378960851],[-3.2376962616200857,54.155920109473435],[-3.2394113047216395,54.10446635961841],[-3.1647913864195174,54.08322424909364],[-3.104648381481979,54.120004418560235],[-3.0608558577841185,54.161998210087766],[-3.0126580545414856,54.17972230087703],[-2.9876743003752946,54.14851823236636],[-2.935617962697744,54.15816941157962],[-2.9050042956594773,54.194726490023655],[-2.8694838564442233,54.17667666340543],[-2.799229741145208,54.19773193522744],[-2.736489060190044,54.169026844185765],[-2.6757749181518222,54.163758832764486],[-2.6249569409106046,54.19556871338511],[-2.5507510910664646,54.200292965857784],[-2.4608627099724316,54.22671610739849],[-2.325646613084867,54.241438362868124],[-2.3098414516822476,54.32431497738142],[-2.360749076871289,54.354947607326004],[-2.297440451322588,54.37689879937778],[-2.3082135100449777,54.416488198500886],[-2.2495391924868446,54.4519434416952],[-2.170212967703936,54.45819874431341],[-2.172397970663926,54.53244411986749],[-2.3045145218031493,54.59619784072464],[-2.3249377288382034,54.63165023985902],[-2.287978740484879,54.650480077921806],[-2.351593709404257,54.685736366633414],[-2.3084868131476863,54.77354278542209],[-2.3120894759789263,54.791015005604024],[-2.3927264461263524,54.83451524558612],[-2.401622704641919,54.85148396419672],[-2.495584403015195,54.81024304328608],[-2.5678486550075625,54.82357485898903],[-2.605430266703178,54.884382355395076],[-2.560190784587477,54.93409605823095],[-2.573186896382555,55.01611463251044],[-2.483049858123018,55.040019121635375],[-2.5037070343415704,55.09075043731424],[-2.5569473407864742,55.08103912994132],[-2.5989028380869597,55.1245757607255],[-2.656939477820754,55.13613185330493],[-2.6897902915132095,55.18898422854259],[-2.7848749183283417,55.141775184254485],[-2.8255025698036866,55.13831411456468],[-2.8585401086712676,55.10834878051191],[-2.9586963252048624,55.049274013681476],[-3.02755218036525,55.055280385310915],[-3.0579157886275006,54.9917161332244]]]]},"properties":{"name":"Preston/Carlisle","region_key":"Preston","codes":["PA","PB","PC","PD","PE","PF","PG","PH","PJ","PK","PL","PM","PN","PO","PP","PR","PS","PT","PU","PV","PW","PX","PY"]}},
{"type":"Feature","geometry":{"type":"MultiPolygon","coordinates":[[[[0.2688153572880232,52.81583811763818],[0.2150798855138644,52.82848037210236],[0.1763314882859095,52.87411620305555],[0.08838206999127725,52.89512523893851],[0.051675059533709274,52.91719524125436],[0.1514250457777249,53.00810712214735],[0.33015981849938625,53.09046148067197],[0.34821073374432604,53.1091842977374],[0.3556273163506039,53.192058416187656],[0.32217994350903895,53.26647103052526],[0.1947744977056109,53.42999879357803],[0.16357179854977402,53.48213814500056],[0.0849183470282477,53.496995166931114],[0.0219796948644043,53.51990358367728],[-0.06184615970719576,53.582537198857274],[-0.0794577326138052,53.576930192905394],[-0.20442282772839757,53.6379000827739],[-0.28936400492030684,53.71319882379927],[-0.40652050920790983,53.69863335936198],[-0.4704915073563043,53.698218650796385],[-0.5487103446480937,53.67962463235894],[-0.6114231032820368,53.71460289827076],[-0.6981883387789979,53.68420766813466],[-0.8482640505372526,53.63303663286602],[-0.8653387032232553,53.63770823732106],[-0.9011177890422151,53.56872425430593],[-0.8980745195236989,53.532758944498404],[-0.935564655862589,53.50251657280954],[-0.900470569005061,53.47515589910517],[-0.7974833175822774,53.45506440524024],[-0.8170029782152521,53.425664649615186],[-0.7763447053676095,53.39148221191847],[-0.7501792373481687,53.294541582267556],[-0.7770744098525678,53.24690820150302],[-0.6880273269475436,53.258391235822415],[-0.6758721327988633,53.217644322161895],[-0.7305690679044964,53.210756431888626],[-0.716882564032133,53.11944400824821],[-0.6984822110529384,53.07546759181198],[-0.8001894576325799,53.002193765116566],[-0.7782786839254255,52.9769233466241],[-0.7553130217232239,52.951378680152615],[-0.7745428646833625,52.90734268830807],[-0.6820412044630914,52.81179560510156],[-0.6641014065691924,52.756710494569866],[-0.6085935521484203,52.75971343280951],[-0.5399742812982268,52.738401731460876],[-0.4945308670985626,52.70965328106736],[-0.43044326854254394,52.70542196508439],[-0.49502586128214776,52.640236384200435],[-0.4947734241445185,52.640314093899356],[-0.4174996530179871,52.64677311690691],[-0.3399513770406177,52.66606645718749],[-0.20603761243496488,52.66807335015296],[-0.13950176030853778,52.65486172523063],[-0.10219596521401333,52.67220617032242],[-0.03127066823143831,52.66153278239773],[0.048012882282787044,52.68104977558219],[0.04414952819429621,52.7143823262525],[0.1329752726705756,52.73930448416108],[0.17162607841676739,52.738031724770636],[0.27220857185936836,52.77280635760529],[0.2688153572880232,52.81583811763818]]],[[[-0.6641014065691924,52.756710494569866],[-0.7533191815504443,52.73657457461937],[-0.8011913380790497,52.73674260089667],[-0.8217528501848193,52.71567522036664],[-0.785803960111421,52.69424860679994],[-0.8193520370021804,52.609679035861376],[-0.7647907975238394,52.58119489132973],[-0.713658284046201,52.524963947093234],[-0.6609127311506333,52.568945674801185],[-0.603019188160652,52.588591163441926],[-0.5625183959217046,52.58627506254939],[-0.5173972070256084,52.64237951869765],[-0.49502586128214776,52.640236384200435],[-0.43044326854254394,52.70542196508439],[-0.4945308670985626,52.70965328106736],[-0.5399742812982268,52.738401731460876],[-0.6085935521484203,52.75971343280951],[-0.6641014065691924,52.756710494569866]]],[[[-0.7782786839254255,52.9769233466241],[-0.8001894576325799,53.002193765116566],[-0.6984822110529384,53.07546759181198],[-0.716882564032133,53.11944400824821],[-0.7305690679044964,53.210756431888626],[-0.6758721327988633,53.217644322161895],[-0.6880273269475436,53.258391235822415],[-0.7770744098525678,53.24690820150302],[-0.7501792373481687,53.294541582267556],[-0.7763447053676095,53.39148221191847],[-0.8170029782152521,53.425664649615186],[-0.7974833175822774,53.45506440524024],[-0.900470569005061,53.47515589910517],[-0.935564655862589,53.50251657280954],[-0.9859780326689668,53.47167335896596],[-0.9956698170602312,53.436926679989035],[-1.0987373463049033,53.4187347884989],[-1.1332781142762016,53.391378360789034],[-1.1486205521819997,53.33850658722533],[-1.199742830852957,53.31144022494518],[-1.166487564673865,53.2776553306697],[-1.2026170292108662,53.26111911621416],[-1.1988014967047222,53.1830892803426],[-1.2531719310359692,53.16551785130448],[-1.3256165045971038,53.15760773044176],[-1.3032357217476878,53.088083764618624],[-1.3438345905744047,53.06872954011282],[-1.3331103759325629,53.03388230405995],[-1.287749289497409,52.96966248267156],[-1.2678890866779158,52.873368658696236],[-1.2743635041285608,52.8361295526319],[-1.255364273968033,52.80415200646976],[-1.1961377919031615,52.790164923915796],[-1.119163090572088,52.81915050268016],[-1.0497661496612478,52.8134481097624],[-0.9750512610077898,52.82922846647033],[-0.9169249225937505,52.87893161279097],[-0.8576336285640501,52.90564233408952],[-0.8339086224072794,52.94588050410901],[-0.7782786839254255,52.9769233466241]]],[[[-1.5896452403091217,52.68726076881408],[-1.551771392176974,52.66745510007908],[-1.560756721374328,52.5961562247104],[-1.52286781788107,52.57060058972099],[-1.4189577057134224,52.53776798764919],[-1.3059474816169383,52.49339532336414],[-1.201613240016501,52.396731777646686],[-1.04451052031417,52.44574805652151],[-1.0006926007022252,52.47094041193469],[-0.9470889478300667,52.47569994796765],[-0.9045779910075754,52.46287924542278],[-0.8834089273537767,52.51380803459085],[-0.8501210246834986,52.52166629853964],[-0.7561563408310659,52.510994699783986],[-0.713658284046201,52.524963947093234],[-0.7647907975238394,52.58119489132973],[-0.8193520370021804,52.609679035861376],[-0.785803960111421,52.69424860679994],[-0.8217528501848193,52.71567522036664],[-0.8011913380790497,52.73674260089667],[-0.7533191815504443,52.73657457461937],[-0.6641014065691924,52.756710494569866],[-0.6820412044630914,52.81179560510156],[-0.7745428646833625,52.90734268830807],[-0.7553130217232239,52.951378680152615],[-0.7782786839254255,52.9769233466241],[-0.8339086224072794,52.94588050410901],[-0.8576336285640501,52.90564233408952],[-0.9169249225937505,52.87893161279097],[-0.9750512610077898,52.82922846647033],[-1.0497661496612478,52.8134481097624],[-1.119163090572088,52.81915050268016],[-1.1961377919031615,52.790164923915796],[-1.255364273968033,52.80415200646976],[-1.2743635041285608,52.8361295526319],[-1.2678890866779158,52.873368658696236],[-1.3059946656576453,52.87708046273069],[-1.3811249140439334,52.846048820274646],[-1.4177044603148725,52.80161549850568],[-1.5624926756528144,52.750586793128505],[-1.5500800991730854,52.72027853600628],[-1.59754100041713,52.70042180095936],[-1.5896452403091217,52.68726076881408]]]]},"properties":{"name":"Forest & Fens","region_key":"Forest and Fens","codes":["FA","FB","FC","FD","FE","FF","FG","FH","FJ","FK","FL","FM","FN","FP","FR","FS","FT","FV","FW","FX","FY"]}},
{"type":"Feature","geometry":{"type":"MultiPolygon","coordinates":[[[[-2.2946157971806254,51.42880151911958],[-2.3432896717919602,51.43953352794669],[-2.4696449652536723,51.41593246583496],[-2.5260398569075537,51.43449779181608],[-2.5345015792099708,51.413848439371705],[-2.5901323296191325,51.3975451945306],[-2.635465023906041,51.40697633865741],[-2.6266031634720273,51.44992216953469],[-2.6526242011457497,51.47920683774936],[-2.7186209303470337,51.50029102554683],[-2.797462073616007,51.48600520372895],[-2.8793523185122023,51.43167079785943],[-2.9130229575976485,51.39598490449428],[-2.962501002077514,51.38234716095952],[-3.021896689469534,51.26902670654582],[-3.0069171545217683,51.220690084585016],[-3.0763788808297408,51.201374481649],[-3.1548214862361394,51.2086011384578],[-3.275848192764512,51.17977550316203],[-3.411644007295067,51.18386319648758],[-3.442008824027583,51.206506090339346],[-3.5432652976082557,51.232396825104544],[-3.621714087339367,51.21677436188531],[-3.720543600793511,51.23306696187571],[-3.725294330367744,51.17935994187687],[-3.839820710794259,51.17667372670864],[-3.834737499612543,51.14138266964129],[-3.8042887804430063,51.11568529680691],[-3.719954702791922,51.08081488123724],[-3.692407342396713,51.08059224954784],[-3.6003301152089247,51.05064234340988],[-3.609745474033929,51.00798326389847],[-3.5350495036660847,51.00334729709714],[-3.5204283480298058,51.02587098955835],[-3.426815196702751,51.03140527085498],[-3.380487752195196,51.01848589746525],[-3.3786636100039127,50.977508498237015],[-3.333720050615316,50.982797611746],[-3.2548304265411554,50.941845745783326],[-3.1639455340802036,50.94597254160532],[-3.187870835226641,50.91042073999656],[-3.152875028188698,50.893798422111715],[-3.0524230855608177,50.90826398826605],[-3.054785733406234,50.874618391483914],[-2.973589783523337,50.85565736594091],[-2.954321203153165,50.82117249993931],[-2.886180147719016,50.85059836806798],[-2.828956943192574,50.84865966296942],[-2.7230916306291206,50.866190853752165],[-2.624064992659522,50.90786685945997],[-2.599882686524179,50.9674015484968],[-2.526530488871912,50.99192513966271],[-2.4903452864529037,50.97277242535752],[-2.414927655316655,50.96058348133734],[-2.3445565182374217,50.978829287691696],[-2.381755784152344,51.00194649647187],[-2.3300144567164605,51.041344547546075],[-2.3258527767577983,51.07967555928311],[-2.364527611217434,51.11887882572632],[-2.298464669248329,51.17532243709414],[-2.2453412676466677,51.25387610016709],[-2.273094846882524,51.32287908654477],[-2.3240476050132086,51.3477599123806],[-2.2902885597266955,51.372620959532604],[-2.2946157971806254,51.42880151911958]]],[[[-2.5260398569075537,51.43449779181608],[-2.5158650452509184,51.493867380432036],[-2.651973711169232,51.51296643264555],[-2.673813493106995,51.54443105311345],[-2.6952957482193685,51.52245903991246],[-2.7183571153738564,51.506222942732634],[-2.659532593843596,51.487049280308746],[-2.6266031634720273,51.44992216953469],[-2.635465023906041,51.40697633865741],[-2.5901323296191325,51.3975451945306],[-2.5345015792099708,51.413848439371705],[-2.5260398569075537,51.43449779181608]]],[[[-4.235531245145496,50.46630877077027],[-4.215703806689538,50.4682753945458],[-4.185099846985445,50.434270365199296],[-4.204875056229912,50.39881960385982],[-4.185419411551392,50.367162486470754],[-4.125870515866983,50.35698925377139],[-4.118998251080893,50.31934116854135],[-4.05069598289437,50.294335959829574],[-3.9918690454361765,50.30716967441198],[-3.9100461063148937,50.29437480884078],[-3.8591386524082387,50.26211474834231],[-3.8229634043436107,50.21707828398849],[-3.773154545471739,50.223785493888215],[-3.70814515810732,50.205496297313644],[-3.6590043664066285,50.23635638536668],[-3.6461797119051713,50.28300902253581],[-3.6121471472328555,50.31853494654019],[-3.5179280622021216,50.346505252459096],[-3.5155900028577602,50.372410157103],[-3.4823673916993405,50.40006270278368],[-3.5538323591285077,50.40576576910198],[-3.559088270598138,50.42766423842167],[-3.514801982320701,50.481690022590385],[-3.4964399530757073,50.54169283588325],[-3.4436729471352057,50.60158928606717],[-3.4564150459780008,50.656114110055455],[-3.385462763512155,50.606721142229716],[-3.306093072954276,50.62948300757622],[-3.2618312531255467,50.671870105998565],[-3.184712135850879,50.684952479239655],[-3.096004787114848,50.68522577724644],[-3.0598955041230798,50.704568561647925],[-3.0120000578075796,50.69974695564137],[-2.947451301816081,50.71831485395898],[-2.9350630923515872,50.75426611464324],[-2.890258228657192,50.80346616242495],[-2.954321203153165,50.82117249993931],[-2.973589783523337,50.85565736594091],[-3.054785733406234,50.874618391483914],[-3.0524230855608177,50.90826398826605],[-3.152875028188698,50.893798422111715],[-3.187870835226641,50.91042073999656],[-3.1639455340802036,50.94597254160532],[-3.2548304265411554,50.941845745783326],[-3.333720050615316,50.982797611746],[-3.3786636100039127,50.977508498237015],[-3.380487752195196,51.01848589746525],[-3.426815196702751,51.03140527085498],[-3.5204283480298058,51.02587098955835],[-3.5350495036660847,51.00334729709714],[-3.609745474033929,51.00798326389847],[-3.6003301152089247,51.05064234340988],[-3.692407342396713,51.08059224954784],[-3.719954702791922,51.08081488123724],[-3.8042887804430063,51.11568529680691],[-3.834737499612543,51.14138266964129],[-3.839820710794259,51.17667372670864],[-3.725294330367744,51.17935994187687],[-3.720543600793511,51.23306696187571],[-3.9256592117840508,51.23196679416712],[-3.958232581563212,51.219215411957315],[-4.088117916637726,51.21745417485626],[-4.201544639607038,51.20037971815791],[-4.222559834938773,51.11779600257683],[-4.210358119776395,51.051936076379675],[-4.256700955864926,51.03840243987796],[-4.303585431584351,50.99734535522745],[-4.374954213123489,50.99010354491564],[-4.427632239052086,51.01323774559603],[-4.525969074825781,51.02217774131332],[-4.545924722823282,50.92855182543744],[-4.471538732275759,50.93126687630285],[-4.433656905050658,50.86551349436529],[-4.451753154090746,50.8048041264174],[-4.489954127078377,50.796317039294685],[-4.38493345266946,50.74771831419997],[-4.361505337608491,50.71878929934205],[-4.331114235306137,50.640420137983746],[-4.300107044229469,50.63340856090564],[-4.312173074168619,50.58949717527407],[-4.201842454557878,50.513213924220544],[-4.2104133446723875,50.49630334518199],[-4.216169507793243,50.475490905804286],[-4.233542587220383,50.46739461999743],[-4.235531245145496,50.46630877077027]]],[[[-4.545924722823282,50.92855182543744],[-4.564456398606552,50.91498904824674],[-4.554400097255432,50.83300101063792],[-4.558499920743645,50.78825806439446],[-4.610462247036191,50.76219666231094],[-4.66815994495395,50.706697097834365],[-4.757051605932437,50.67200823144171],[-4.770431960754946,50.622379958087365],[-4.800030052074511,50.59716312414438],[-4.870011044776657,50.59540764326385],[-4.983803485104203,50.54222273552289],[-5.0242222537958305,50.538666818503934],[-5.042461781551494,50.444149173792304],[-5.074689055943176,50.416937440449885],[-5.123859610991947,50.41299086039352],[-5.157327499119392,50.38918924379331],[-5.153866509177707,50.346143803150476],[-5.200648058950386,50.32058102023605],[-5.23569185932699,50.318337261927745],[-5.242628992316351,50.28716056084923],[-5.340817573943796,50.238251045643885],[-5.391652816595132,50.22871103747819],[-5.43363285397555,50.193671605837324],[-5.498488412008356,50.21987442538994],[-5.538688440804627,50.216206924160666],[-5.629107617094459,50.16772982973664],[-5.6931339268782635,50.14893903521561],[-5.689021373393879,50.0885028530682],[-5.717033530274901,50.0687657052559],[-5.679226949531803,50.0349567113799],[-5.550493130352411,50.06218346116313],[-5.5279693266974785,50.12508495208587],[-5.462911175484632,50.12308097308134],[-5.429101206596045,50.105404748674374],[-5.33489382754554,50.091407243435604],[-5.296956955134763,50.07032373187096],[-5.255923433068793,50.0216295214193],[-5.247343080044974,49.97766053329223],[-5.188817755132567,49.97364678263207],[-5.156729538723022,50.007635947211874],[-5.10137980244277,50.00420705713523],[-5.061637835067563,50.06126297523714],[-5.102095730814267,50.093006156595564],[-5.093391021465466,50.12617009642821],[-5.044834008476879,50.17508019024843],[-5.004406445208113,50.15040793016892],[-4.972511836981472,50.16466078032933],[-4.957594695812975,50.20222663928215],[-4.91141341420534,50.2000073225902],[-4.873689892457045,50.23119728415849],[-4.798232412036459,50.230164903093616],[-4.781190120578347,50.29015570757457],[-4.756835994919184,50.3310338724766],[-4.70596218433716,50.340236141447654],[-4.684733332180765,50.32010801532025],[-4.538906890249299,50.32371268565749],[-4.388453616602015,50.36449881427692],[-4.282705533029923,50.356835221752675],[-4.220348433735278,50.32605036836842],[-4.170173778017607,50.342961108108234],[-4.212108415070245,50.39924633166094],[-4.199655695237418,50.436977701684015],[-4.229461714118848,50.45596301276965],[-4.229612563932804,50.45585460994038],[-4.2393904089188235,50.46517906415056],[-4.219277720611894,50.475376784185706],[-4.2104133446723875,50.49630334518199],[-4.201842454557878,50.513213924220544],[-4.312173074168619,50.58949717527407],[-4.300107044229469,50.63340856090564],[-4.331114235306137,50.640420137983746],[-4.361505337608491,50.71878929934205],[-4.38493345266946,50.74771831419997],[-4.489954127078377,50.796317039294685],[-4.451753154090746,50.8048041264174],[-4.433656905050658,50.86551349436529],[-4.471538732275759,50.93126687630285],[-4.545924722823282,50.92855182543744]]],[[[-1.4982989511277731,51.329376051072344],[-1.4857109130653536,51.34772330276952],[-1.555602808893964,51.39558408604312],[-1.5320625233026632,51.4295554923204],[-1.582290926091176,51.49411178780616],[-1.5847080068168276,51.52491211204892],[-1.613750132318125,51.536510485353375],[-1.6906167569975117,51.60544995425529],[-1.6599542884958505,51.634990835670386],[-1.7001891103128217,51.670741670401945],[-1.6830586294212178,51.69011034834442],[-1.7110552952534646,51.671792976122504],[-1.8504841086506116,51.65628481521274],[-1.9630569119889478,51.658656428435485],[-2.0155923499540918,51.650515540715915],[-2.057173782390788,51.67244315919754],[-2.1525378592005784,51.59034164203673],[-2.2229444169961297,51.596110018777],[-2.273992359953449,51.57235930767348],[-2.252388217240433,51.52687352898633],[-2.290557850771319,51.48685757845507],[-2.2946157971806254,51.42880151911958],[-2.2902885597266955,51.372620959532604],[-2.3240476050132086,51.3477599123806],[-2.273094846882524,51.32287908654477],[-2.2453412676466677,51.25387610016709],[-2.298464669248329,51.17532243709414],[-2.364527611217434,51.11887882572632],[-2.3258527767577983,51.07967555928311],[-2.2446890397310213,51.07231037326365],[-2.1932086022443347,51.03771238544074],[-2.1886037360729116,51.01853231515998],[-2.119764319152637,50.97819068195144],[-2.102860917951227,50.94560771174422],[-2.037208206905365,50.97196987394426],[-1.9568209291546343,50.98982995580676],[-1.83581263468453,51.00942225932294],[-1.8003139146403284,50.991394777911125],[-1.7196173587347336,50.976780438832265],[-1.661660033211617,50.94527788996036],[-1.614418717576345,50.97949477045457],[-1.5993966758079097,51.02372940460607],[-1.6349603437828366,51.04088722449957],[-1.626249825120022,51.11733838003211],[-1.662975417732942,51.12719199695862],[-1.6539864007431688,51.15596943788452],[-1.6897880997242434,51.21476854953289],[-1.633540816017443,51.21751594300019],[-1.6074260549721948,51.25277009410635],[-1.545159798898133,51.24509845927756],[-1.5252249825602728,51.30706691181898],[-1.4982989511277731,51.329376051072344]]]]},"properties":{"name":"West of England","region_key":"West of England","codes":["WA","WB","WC","WD","WE","WF","WG","WH","WJ","WK","WL","WM","WN","WO","WP","WR","WS","WT","WU","WV","WW","WX","WY"]}},
{"type":"Feature","geometry":{"type":"MultiPolygon","coordinates":[[[[-2.673813493106995,51.54443105311345],[-2.651973711169232,51.51296643264555],[-2.5158650452509184,51.493867380432036],[-2.5260398569075537,51.43449779181608],[-2.4696449652536723,51.41593246583496],[-2.3432896717919602,51.43953352794669],[-2.2946157971806254,51.42880151911958],[-2.290557850771319,51.48685757845507],[-2.252388217240433,51.52687352898633],[-2.273992359953449,51.57235930767348],[-2.2229444169961297,51.596110018777],[-2.1525378592005784,51.59034164203673],[-2.057173782390788,51.67244315919754],[-2.0155923499540918,51.650515540715915],[-1.9630569119889478,51.658656428435485],[-1.8504841086506116,51.65628481521274],[-1.7110552952534646,51.671792976122504],[-1.6830586294212178,51.69011034834442],[-1.7007046783718405,51.770584222916874],[-1.6837529053849418,51.80133752131962],[-1.686351186050475,51.8662923292018],[-1.6455298970227117,51.92229429207031],[-1.615188981743593,51.93768160128097],[-1.662529100260324,51.964004949348976],[-1.6657543076217822,51.987488800416706],[-1.6610652862271513,52.031613890872265],[-1.6939807024446178,52.03952791584776],[-1.7676486964545253,52.112592585180025],[-1.863449176870399,52.05341775992092],[-1.8297512379379195,52.03907159332414],[-1.8390502896509922,52.00678313116523],[-1.9134460061684635,52.044461217228715],[-1.9841357695163102,52.035879303198094],[-2.0382526226627644,52.009562644182935],[-2.1180541476609864,52.014385071860936],[-2.180679387800857,52.04172815799132],[-2.185084037143271,51.99056093389857],[-2.220613267006055,51.995496681666886],[-2.2513599232693773,51.96656497929467],[-2.312619747036126,51.97650493938799],[-2.351378478552819,52.0213590075925],[-2.3990184986113596,51.99614594515261],[-2.4949129625913864,51.98107522018978],[-2.4901875539434446,51.95497929282174],[-2.439314744015457,51.899514167567496],[-2.5222334203066774,51.864696000046585],[-2.5983686152736616,51.85649337652072],[-2.650400759681949,51.826124711117316],[-2.6874552037686277,51.730895232382125],[-2.6689935874979094,51.70592085052796],[-2.6722095896201217,51.68185724953068],[-2.6588498575627346,51.67114408076758],[-2.6820030627183447,51.668361775610336],[-2.6818035847605732,51.66060601649871],[-2.664945307482205,51.66323485156817],[-2.6788769051843517,51.648650675603484],[-2.667365703446314,51.63364590571289],[-2.648757749565853,51.631383756147585],[-2.6099900800338474,51.67240917850912],[-2.5053348252463903,51.71038363999342],[-2.477575411890672,51.74004552199077],[-2.4046399937051817,51.77281219641883],[-2.3826680125357815,51.75838809492843],[-2.481855296160614,51.725650814000105],[-2.5086489827822565,51.68626498981616],[-2.55827028530003,51.666420195700525],[-2.5852071336616746,51.62601189107318],[-2.6278047845037,51.60563503738063],[-2.673813493106995,51.54443105311345]]],[[[-2.6180348130582245,52.30695694183587],[-2.5989671655846727,52.28354176855742],[-2.628870707218899,52.240349144675605],[-2.4956508570444407,52.2569415604049],[-2.4648575242407738,52.234373954927754],[-2.4230652847919307,52.237260503492195],[-2.3928942644880515,52.21032764331698],[-2.4351751873057923,52.168216644619875],[-2.4151950067166554,52.145240223618345],[-2.3587221620774406,52.15189629257563],[-2.339425287713433,52.0689238901142],[-2.351378478552819,52.0213590075925],[-2.312619747036126,51.97650493938799],[-2.2513599232693773,51.96656497929467],[-2.220613267006055,51.995496681666886],[-2.185084037143271,51.99056093389857],[-2.180679387800857,52.04172815799132],[-2.1180541476609864,52.014385071860936],[-2.0382526226627644,52.009562644182935],[-1.9841357695163102,52.035879303198094],[-1.9134460061684635,52.044461217228715],[-1.8390502896509922,52.00678313116523],[-1.8297512379379195,52.03907159332414],[-1.863449176870399,52.05341775992092],[-1.7676486964545253,52.112592585180025],[-1.8396720953699133,52.152713652750094],[-1.9051000194936274,52.142736829986646],[-1.9445754090733076,52.174766336090244],[-1.9174233401019252,52.21834559833937],[-1.9354536128703026,52.27696654137165],[-1.8864793294875324,52.28663253585473],[-1.8648305380726105,52.333093185106755],[-1.8720338624344373,52.36759850238948],[-1.8455979721693732,52.399427259376886],[-1.9045879104396324,52.40314561328681],[-1.9973214026467883,52.38106696065217],[-1.9970611694825637,52.41742616944223],[-2.037881008932874,52.44155755330428],[-2.1360268506676814,52.42626818067752],[-2.1648512708741308,52.43020415751166],[-2.261502655455949,52.436941125758494],[-2.2873823534161772,52.4553169186579],[-2.311750081479615,52.43753121782037],[-2.363527907165694,52.439425827441],[-2.3660212956061937,52.40781675944991],[-2.4263368625697517,52.36583254415947],[-2.5391499411085565,52.34413906137302],[-2.6180348130582245,52.30695694183587]]],[[[-2.9546513666030205,52.34915476636235],[-3.001530326018581,52.32018679922184],[-3.005502308309333,52.26427173481169],[-3.0731210449508968,52.23579250476714],[-3.1219948656365597,52.16691678960624],[-3.0936900359204174,52.14430596892309],[-3.125895620398534,52.07831078112714],[-3.090780928489569,52.05082529402303],[-3.0991988901530894,52.02268577815703],[-3.0673679250982304,51.98314277277744],[-3.0259445316604,51.957282316629424],[-2.9717980442796117,51.904964974345205],[-2.888657179236059,51.93346245638825],[-2.8450285481387634,51.92213317490388],[-2.7568795442317504,51.84590577602113],[-2.6973367263940333,51.84479809566495],[-2.650400759681949,51.826124711117316],[-2.5983686152736616,51.85649337652072],[-2.5222334203066774,51.864696000046585],[-2.439314744015457,51.899514167567496],[-2.4901875539434446,51.95497929282174],[-2.4949129625913864,51.98107522018978],[-2.3990184986113596,51.99614594515261],[-2.351378478552819,52.0213590075925],[-2.339425287713433,52.0689238901142],[-2.3587221620774406,52.15189629257563],[-2.4151950067166554,52.145240223618345],[-2.4351751873057923,52.168216644619875],[-2.3928942644880515,52.21032764331698],[-2.4230652847919307,52.237260503492195],[-2.4648575242407738,52.234373954927754],[-2.4956508570444407,52.2569415604049],[-2.628870707218899,52.240349144675605],[-2.5989671655846727,52.28354176855742],[-2.6180348130582245,52.30695694183587],[-2.669676187985736,52.341558744026635],[-2.7141233829001723,52.30885711399609],[-2.792420136996022,52.356863582184545],[-2.805432535631027,52.38825206933206],[-2.8554416078068074,52.39529798489913],[-2.9054250991596753,52.38578338317311],[-2.9546513666030205,52.34915476636235]]]]},"properties":{"name":"Severn Valley","region_key":"Severn Valley","codes":["VA","VB","VC","VD","VE","VF","VG","VH","VJ","VK","VL","VM","VN","VO","VP","VR","VS","VT","VU","VV","VW","VX","VY"]}},
{"type":"Feature","geometry":{"type":"MultiPolygon","coordinates":[[[[-2.947451301816081,50.71831485395898],[-2.8944558010651296,50.732753813823976],[-2.7602508538069435,50.708862721802774],[-2.6525510778803243,50.67002543340331],[-2.4724016282123786,50.58452391540073],[-2.4233663998510018,50.63589671844977],[-2.3242165351518196,50.625249017350306],[-2.15777257275142,50.615410009429304],[-2.1030435155895546,50.597188288422636],[-1.960987310379726,50.59079557221896],[-1.9438020136726548,50.62916843861884],[-1.9523235558432408,50.656328207799014],[-2.0244565593312513,50.68763627162427],[-2.0261341460386832,50.70742007955175],[-1.960325452312741,50.71193557255266],[-1.9321675692038456,50.69385003284822],[-1.865191287203669,50.717452418014425],[-1.769277293665972,50.716471890387474],[-1.6917482419756467,50.73728265624479],[-1.7441687574373688,50.747455353778],[-1.7490589697809529,50.779510088053],[-1.79752271258447,50.78383640980016],[-1.8055657568135297,50.859218476662775],[-1.8509437860730351,50.85872497580297],[-1.810658048275495,50.92720341569072],[-1.8804002028093916,50.924956760590305],[-1.9568209291546343,50.98982995580676],[-2.037208206905365,50.97196987394426],[-2.102860917951227,50.94560771174422],[-2.119764319152637,50.97819068195144],[-2.1886037360729116,51.01853231515998],[-2.1932086022443347,51.03771238544074],[-2.2446890397310213,51.07231037326365],[-2.3258527767577983,51.07967555928311],[-2.3300144567164605,51.041344547546075],[-2.381755784152344,51.00194649647187],[-2.3445565182374217,50.978829287691696],[-2.414927655316655,50.96058348133734],[-2.4903452864529037,50.97277242535752],[-2.526530488871912,50.99192513966271],[-2.599882686524179,50.9674015484968],[-2.624064992659522,50.90786685945997],[-2.7230916306291206,50.866190853752165],[-2.828956943192574,50.84865966296942],[-2.886180147719016,50.85059836806798],[-2.954321203153165,50.82117249993931],[-2.890258228657192,50.80346616242495],[-2.9350630923515872,50.75426611464324],[-2.947451301816081,50.71831485395898]]],[[[-1.0423533933690319,50.81564188447991],[-1.044172086855216,50.83166757908233],[-1.0606282141666021,50.83545629714486],[-1.0766078665076502,50.83679709833613],[-1.0913383395006726,50.80904478366765],[-1.1112493734539137,50.798538077566576],[-1.0892225855777589,50.777700703424514],[-1.0320970193475096,50.786784624308794],[-1.0423533933690319,50.81564188447991]]],[[[-1.6917482419756467,50.73728265624479],[-1.5771629659551194,50.71668636146306],[-1.5137862823718844,50.753230486606405],[-1.418815815344479,50.76662386417839],[-1.3883417169738808,50.78590991879581],[-1.3420126118681395,50.785998557796326],[-1.3115068402734273,50.81346074134914],[-1.3723687361530887,50.85524904962199],[-1.2141011834274957,50.80935657446873],[-1.1385654177269497,50.77376710162625],[-1.1164158886811064,50.78800806679861],[-1.1523533529328376,50.84116636241499],[-1.0949754678731634,50.831334553977214],[-1.0787922978523206,50.83721722980177],[-1.0616614074268338,50.83591428595398],[-1.0441185057666906,50.83213659119724],[-1.0241289474752506,50.826322559790086],[-0.9324778892732616,50.846049446075895],[-0.9575814597850234,50.890629711813396],[-0.898507525797457,51.01766747938782],[-0.8528106772847716,51.044843343449145],[-0.7534806400853152,51.08645570539976],[-0.7692805852059902,51.117142386784195],[-0.8455315357852844,51.20013420682658],[-0.8207781916987581,51.23927084126764],[-0.7304897489158225,51.2548997625371],[-0.7456533878446974,51.310032931907394],[-0.7754662421455992,51.33195887573552],[-0.8281244652791528,51.352863875548536],[-0.9177477826637683,51.364556578865646],[-1.050015982621658,51.35814793165949],[-1.0866191008940222,51.38391558257007],[-1.1157908862111228,51.36046613681602],[-1.3123454876592069,51.37306173048787],[-1.4156300313112635,51.371883469570975],[-1.4982989511277731,51.329376051072344],[-1.5252249825602728,51.30706691181898],[-1.545159798898133,51.24509845927756],[-1.6074260549721948,51.25277009410635],[-1.633540816017443,51.21751594300019],[-1.6897880997242434,51.21476854953289],[-1.6539864007431688,51.15596943788452],[-1.662975417732942,51.12719199695862],[-1.626249825120022,51.11733838003211],[-1.6349603437828366,51.04088722449957],[-1.5993966758079097,51.02372940460607],[-1.614418717576345,50.97949477045457],[-1.661660033211617,50.94527788996036],[-1.7196173587347336,50.976780438832265],[-1.8003139146403284,50.991394777911125],[-1.83581263468453,51.00942225932294],[-1.9568209291546343,50.98982995580676],[-1.8804002028093916,50.924956760590305],[-1.810658048275495,50.92720341569072],[-1.8509437860730351,50.85872497580297],[-1.8055657568135297,50.859218476662775],[-1.79752271258447,50.78383640980016],[-1.7490589697809529,50.779510088053],[-1.7441687574373688,50.747455353778],[-1.6917482419756467,50.73728265624479]]],[[[-1.2234377797392508,50.71935250783488],[-1.2773150434057048,50.76629821045597],[-1.31970293735165,50.765515162782506],[-1.354224469439681,50.738700627778805],[-1.4701184239475324,50.709640388031346],[-1.5236864420823748,50.70632559357385],[-1.5489781935644567,50.67786566569562],[-1.4851246080738343,50.666981713357316],[-1.38929555805382,50.626798007610965],[-1.3027179969632343,50.57566642499688],[-1.1851343563884387,50.59724703082677],[-1.1660374514601346,50.643970987426854],[-1.0979273674216055,50.66522339901027],[-1.1095905617525885,50.721494970517384],[-1.2164358036229923,50.73478341453759],[-1.2234377797392508,50.71935250783488]]]]},"properties":{"name":"Hampshire & Dorset","region_key":"Hampshire and Dorset","codes":["HA","HB","HC","HD","HE","HF","HG","HH","HJ","HK","HL","HM","HN","HO","HP","HR","HS","HT","HU","HV","HW","HX","HY"]}},
{"type":"Feature","geometry":{"type":"MultiPolygon","coordinates":[[[[-0.4947734241445185,52.640314093899356],[-0.47350351193989293,52.62823446901982],[-0.4907068244473266,52.590534281670756],[-0.42502766068617553,52.58241270558376],[-0.4020604179017814,52.548321645720094],[-0.41184646576674494,52.524753354952864],[-0.3543452042663426,52.506495084920005],[-0.34159051675876306,52.466942607910326],[-0.44376133371256377,52.38385721269978],[-0.49869985454800514,52.36009583274189],[-0.465365697722141,52.32295328496823],[-0.43576115899251655,52.29665684205426],[-0.29996508926149523,52.21805782106036],[-0.24072297372773174,52.19019317656922],[-0.2606941217919255,52.17640138008836],[-0.20620426347002463,52.14444900772072],[-0.14439258850326725,52.13746197289969],[-0.15728084798263192,52.08054723423343],[-0.15512103122808718,52.0530610989458],[-0.1076939554997495,52.028355155395786],[-0.024412339623048986,52.06331602541465],[0.04030634730578386,52.053327300544055],[0.06812736340978318,52.005788768013275],[0.10115573622534452,52.038856898424704],[0.18637338298833322,52.05666129579929],[0.2034593580497249,52.09267412830344],[0.25201029066484804,52.0770934271141],[0.2762289195840561,52.092638302614],[0.3219480113659191,52.07430191073062],[0.37172240610409213,52.03736941238986],[0.4046382563945852,52.06550235540341],[0.38958983556766535,52.11747059607831],[0.44452222754680715,52.171082051459514],[0.48746497872763145,52.16979697886015],[0.5144840823925747,52.22677944086241],[0.4269647626403235,52.25360276258353],[0.371248865441632,52.22655618020615],[0.3400024732864423,52.26768788150617],[0.3607364352032613,52.297813738106214],[0.4242063371924722,52.255871571334914],[0.5047005266843895,52.286366302654116],[0.43078190062227156,52.3171289939923],[0.4425012015137646,52.3488315586357],[0.40769157650534704,52.361512063552375],[0.37477742873738584,52.40972882382432],[0.4293441570879858,52.4364266733561],[0.42852907300049226,52.45465261688023],[0.367143740165666,52.49594332909929],[0.30936065434921134,52.51362228627672],[0.2363191396765472,52.507290526216785],[0.20387174950051992,52.54540505020174],[0.2015188576578973,52.60313576424237],[0.21930011208376185,52.62181242917529],[0.17205960823404615,52.648694311774015],[0.1536438809796367,52.6821777526741],[0.17162607841676739,52.738031724770636],[0.1329752726705756,52.73930448416108],[0.04414952819429621,52.7143823262525],[0.048012882282787044,52.68104977558219],[-0.03127066823143831,52.66153278239773],[-0.10219596521401333,52.67220617032242],[-0.13950176030853778,52.65486172523063],[-0.20603761243496488,52.66807335015296],[-0.3399513770406177,52.66606645718749],[-0.4174996530179871,52.64677311690691],[-0.4947734241445185,52.640314093899356]]],[[[-0.5536286473629357,51.82671264693076],[-0.45406311054341214,51.853032484389445],[-0.37405481017979486,51.82919469522003],[-0.3394859163786651,51.84960551271375],[-0.4058239282617169,51.94343103170248],[-0.3502253640672023,51.95757808719516],[-0.35872172954660897,51.98554636936557],[-0.26025508349241055,51.979704852706796],[-0.20125598539046993,52.00982469543063],[-0.21949343050888237,52.036741248298476],[-0.15728084798263192,52.08054723423343],[-0.14439258850326725,52.13746197289969],[-0.20620426347002463,52.14444900772072],[-0.2606941217919255,52.17640138008836],[-0.24072297372773174,52.19019317656922],[-0.29996508926149523,52.21805782106036],[-0.43576115899251655,52.29665684205426],[-0.465365697722141,52.32295328496823],[-0.5140511920182156,52.3146970563403],[-0.5656930746930066,52.253468210497495],[-0.6106170332944457,52.279497945405424],[-0.6536554996324467,52.268289280524655],[-0.637331646832823,52.227317619423644],[-0.6681356962700096,52.19503410884094],[-0.6274466731778274,52.181545423600134],[-0.6407815701275333,52.15277231197206],[-0.591810283644433,52.11069191180987],[-0.6689760060389061,52.04871685099286],[-0.6403292000636628,52.0236608294164],[-0.6616896088608101,51.99973642426706],[-0.6456807466780184,51.97222835109194],[-0.7021567275208473,51.909119069120315],[-0.5835635397303487,51.87032387257801],[-0.5536286473629357,51.82671264693076]]],[[[1.633594513141851,52.46294185314145],[1.6820635451174635,52.49526025130938],[1.6539901147940397,52.5013374611064],[1.646438611287279,52.514368163013536],[1.5788936701558305,52.55672621868672],[1.6579226538289638,52.603883141511766],[1.741881782199642,52.633776906524524],[1.6993350590240377,52.71920335072048],[1.5927268926053169,52.79766775299589],[1.413893921306976,52.89070396388633],[1.343191705499398,52.92004905929965],[1.241987381421673,52.94242983362871],[1.1150651610188582,52.95284272713772],[1.0434371782491636,52.965896247044235],[1.0179269926309884,52.956423495868385],[0.9196988730980132,52.965646428237065],[0.8509924683282166,52.95777938385856],[0.8441948621123929,52.97720408535638],[0.5622805702117206,52.97656763693442],[0.48949423015740934,52.947255890258894],[0.4326685351216354,52.85298904025917],[0.3519226285347267,52.80944508487739],[0.2688153572880232,52.81583811763818],[0.27220857185936836,52.77280635760529],[0.17162607841676739,52.738031724770636],[0.1536438809796367,52.6821777526741],[0.17205960823404615,52.648694311774015],[0.21930011208376185,52.62181242917529],[0.2015188576578973,52.60313576424237],[0.20387174950051992,52.54540505020174],[0.2363191396765472,52.507290526216785],[0.30936065434921134,52.51362228627672],[0.367143740165666,52.49594332909929],[0.42852907300049226,52.45465261688023],[0.4293441570879858,52.4364266733561],[0.4455386567979726,52.44737177785605],[0.5548211979075833,52.4560280550269],[0.6150187667159251,52.44907654332944],[0.6661561051559726,52.46250583535673],[0.7175519346484891,52.44671895967284],[0.6843551130839581,52.39920111280914],[0.8081722801571802,52.38952450290038],[0.9367543351447379,52.38667347112493],[0.9674710736333823,52.37011279232957],[1.0299569880493782,52.37873543407957],[1.2140789575591233,52.35541164469846],[1.2812726779386765,52.388562055656635],[1.3163720436450985,52.38740725124623],[1.3579400158018387,52.424244983557],[1.4322204647712449,52.44517909666255],[1.4832205826030505,52.47183915771934],[1.5670850017065654,52.47227436888979],[1.5867460850941022,52.47890773058466],[1.6072295797455303,52.466758636984615],[1.6333786867859568,52.462920906734674],[1.633594513141851,52.46294185314145]]],[[[1.740460491145782,52.53210486824613],[1.7241451177578766,52.60417545070809],[1.6510986293489422,52.59418823268217],[1.6064046649212582,52.542365179832736],[1.6288927920198246,52.52609310516074],[1.6656772660532022,52.5496548264839],[1.740460491145782,52.53210486824613]]],[[[1.0539196597083935,51.95299935588898],[1.163048628307059,51.96729515992234],[1.3154499605773815,51.9514946929325],[1.368961490217576,51.96406685762359],[1.4312552092692563,52.004921782566356],[1.4623093435502035,52.04844652910026],[1.5655208295587428,52.10015992181367],[1.6222881709117842,52.186225882250405],[1.6341110852604874,52.2786690108402],[1.6755267831638403,52.31341875451458],[1.7285255195913332,52.400176383458046],[1.7515172247302937,52.471328705163955],[1.6592263176305502,52.46835249453452],[1.6347887702554391,52.4627625418279],[1.627758607752443,52.46217080419993],[1.6069053975174459,52.46641412536421],[1.5670850017065654,52.47227436888979],[1.4832205826030505,52.47183915771934],[1.4322204647712449,52.44517909666255],[1.3579400158018387,52.424244983557],[1.3163720436450985,52.38740725124623],[1.2812726779386765,52.388562055656635],[1.2140789575591233,52.35541164469846],[1.0299569880493782,52.37873543407957],[0.9674710736333823,52.37011279232957],[0.9367543351447379,52.38667347112493],[0.8081722801571802,52.38952450290038],[0.6843551130839581,52.39920111280914],[0.7175519346484891,52.44671895967284],[0.6661561051559726,52.46250583535673],[0.6150187667159251,52.44907654332944],[0.5548211979075833,52.4560280550269],[0.4455386567979726,52.44737177785605],[0.4293441570879858,52.4364266733561],[0.37477742873738584,52.40972882382432],[0.40769157650534704,52.361512063552375],[0.4425012015137646,52.3488315586357],[0.43078190062227156,52.3171289939923],[0.5047005266843895,52.286366302654116],[0.4242063371924722,52.255871571334914],[0.3607364352032613,52.297813738106214],[0.3400024732864423,52.26768788150617],[0.371248865441632,52.22655618020615],[0.4269647626403235,52.25360276258353],[0.5144840823925747,52.22677944086241],[0.48746497872763145,52.16979697886015],[0.44452222754680715,52.171082051459514],[0.38958983556766535,52.11747059607831],[0.4046382563945852,52.06550235540341],[0.46666683261496117,52.07845586335444],[0.542730139117932,52.05792012154638],[0.6345735525531925,52.08628294488824],[0.6882534211117683,52.08477555542056],[0.6986931742620396,52.03675479898224],[0.7611492329795528,51.997483300714],[0.7871614445248131,51.96313422135923],[0.9619056419809061,51.97693032106398],[0.9714850460695751,51.96227543389695],[1.0539196597083935,51.95299935588898]]],[[[1.740460491145782,52.53210486824613],[1.6656772660532022,52.5496548264839],[1.6288927920198246,52.52609310516074],[1.683585253366444,52.495235333202324],[1.6821383095954356,52.47709725092257],[1.7542634672508772,52.47277152842617],[1.740460491145782,52.53210486824613]]]]},"properties":{"name":"Anglia (Ostengland)","region_key":"Anglia","codes":["AA","AB","AC","AD","AE","AF","AG","AH","AJ","AK","AL","AM","AN","AO","AP","AR","AS","AT","AU","AV","AW","AX","AY"]}},
{"type":"Feature","geometry":{"type":"MultiPolygon","coordinates":[[[[0.21182988788922774,51.48985191082485],[0.28140212589989105,51.46139845797914],[0.3408453129292732,51.452327734916345],[0.4339797516227274,51.46149861807184],[0.447625011888749,51.50015803801891],[0.522193875161438,51.51596648220655],[0.5475829775955773,51.54768894954525],[0.7877706447407145,51.52183128084927],[0.8484449096628708,51.551297313725165],[0.8042451895613593,51.589339904458456],[0.821170511619741,51.598738455538545],[0.862526487670398,51.59605222876443],[0.8657470758941698,51.61556976857335],[0.9371288020774097,51.63622369222784],[0.950691470070454,51.72288002009164],[0.8995238561727743,51.744885310913645],[0.8512934067957084,51.715985183635446],[0.7691854741560719,51.708359287211216],[0.7769027780749791,51.743984940320594],[0.8524304166998086,51.74161235633788],[0.8990874206688629,51.78840514874852],[0.9823226438026442,51.81735872107506],[1.0297699140813132,51.80038690258487],[1.0426824260492122,51.769909602708175],[1.1243930902639534,51.77544094220714],[1.238761817742817,51.82124625126596],[1.2467298354238148,51.896111243495305],[1.272998241968176,51.92809788752591],[1.1706247204910156,51.94799855589825],[1.119438520073757,51.94003980107267],[1.0539196597083935,51.95299935588898],[0.9714850460695751,51.96227543389695],[0.9619056419809061,51.97693032106398],[0.7871614445248131,51.96313422135923],[0.7611492329795528,51.997483300714],[0.6986931742620396,52.03675479898224],[0.6882534211117683,52.08477555542056],[0.6345735525531925,52.08628294488824],[0.542730139117932,52.05792012154638],[0.46666683261496117,52.07845586335444],[0.4046382563945852,52.06550235540341],[0.37172240610409213,52.03736941238986],[0.3219480113659191,52.07430191073062],[0.2762289195840561,52.092638302614],[0.25201029066484804,52.0770934271141],[0.2034593580497249,52.09267412830344],[0.18637338298833322,52.05666129579929],[0.10115573622534452,52.038856898424704],[0.06812736340978318,52.005788768013275],[0.11801302173494124,51.94806766305575],[0.12476146866768481,51.88458550363542],[0.17934902808443703,51.89555405698468],[0.1507668162002368,51.797049474505364],[0.026799418767174468,51.774179879224114],[-0.01298015840506792,51.742751236187814],[-0.011918619491221414,51.680877784048],[-0.012259694345201461,51.646228728787726],[0.06299877638202758,51.60691180669479],[0.13818425815240773,51.62354535699273],[0.2240877710021804,51.63173773551831],[0.2632576647494952,51.60919202660667],[0.29020155306796425,51.56449717521941],[0.33390254418939164,51.542493743827244],[0.2666381975784857,51.52295589577662],[0.21182988788922774,51.48985191082485]]],[[[0.9553168805815986,51.61316477850797],[0.8743746440821966,51.614150863201345],[0.8668258035775047,51.59518636448659],[0.8389259748455019,51.59356849071511],[0.8401463665551713,51.561636493267784],[0.8663700692561682,51.55894087316792],[0.9553168805815986,51.61316477850797]]]]},"properties":{"name":"Essex","region_key":"Essex","codes":["EA","EB","EC","ED","EE","EF","EG","EH","EJ","EK","EL","EM","EN","EO","EP","ER","ES","ET","EU","EV","EW","EX","EY"]}},
{"type":"Feature","geometry":{"type":"MultiPolygon","coordinates":[[[[0.8549863912743155,50.92369027458415],[0.9372285157729482,50.91230566433829],[0.981030770022262,50.9181558795551],[0.9641406502955917,50.968080488983716],[0.9973480267203888,51.02507924921362],[1.075598400016915,51.06348364894986],[1.1857346208682487,51.07652710500238],[1.2211370783789768,51.09811056390659],[1.2676939020393754,51.10169433857664],[1.3795786198977746,51.142178848519166],[1.401054599325717,51.165170861856],[1.402567621314553,51.23874197602385],[1.367600277914086,51.31339316442973],[1.436386371119844,51.34267966091086],[1.4495851712522214,51.37749673054107],[1.4249248326199175,51.393788769978],[1.263175473742349,51.377680306504246],[1.2004046745988648,51.37983322344095],[1.0262034849738566,51.36452939958219],[0.9977639302911256,51.34756223471394],[0.8976300578550284,51.344408294089256],[0.7647942714859772,51.36308207726096],[0.7267792721996688,51.39892105556705],[0.671699674502021,51.37735320220557],[0.6162973267213141,51.37792682476221],[0.5609692067783153,51.394814032682056],[0.7031749123204903,51.471271294829236],[0.5857812316690133,51.48444040558567],[0.4814913975618756,51.487162993661116],[0.44329875996811746,51.44950880968459],[0.40656463089246136,51.44329652016477],[0.20975282580193813,51.46180975897588],[0.1558749862513476,51.430876613025596],[0.15323628923044702,51.37803648775664],[0.13695813963035008,51.3441746277144],[0.04239644850127726,51.29267304399856],[0.05760769215868487,51.24491436016023],[0.033598897708674594,51.214337985385434],[0.05260034925807601,51.180624007888056],[0.05001653674735302,51.142650004944784],[0.12593271353325075,51.146946196218714],[0.1625983572508607,51.11639783045564],[0.22744533565420497,51.12424077731159],[0.3245715232149274,51.11213136389993],[0.4673782581387358,51.033007595804754],[0.537600342789975,51.021673603701466],[0.572013334426812,51.00345499470549],[0.6621056064226974,51.01747245097752],[0.6992198961025666,50.9984904789556],[0.7789567509677662,50.989492055523776],[0.8134634668858477,50.94901082473557],[0.8549863912743155,50.92369027458415]]],[[[0.7910483683281888,51.43942324682955],[0.7436877934293367,51.44694142245022],[0.7310332759766779,51.40137450907624],[0.7881067641760231,51.373391780159054],[0.8971677682825965,51.35433597599353],[0.9503913360398931,51.372207592249794],[0.9009512072181517,51.4167705860718],[0.7910483683281888,51.43942324682955]]],[[[-0.21661812313525353,50.827595207471326],[-0.09206904144364704,50.8117459332365],[-0.00007322418315547016,50.78868890754652],[0.06677328431085268,50.78248349500193],[0.12395669212507042,50.75811168661607],[0.20993374391775174,50.73840407281279],[0.25822265324502036,50.73765097413981],[0.32874983907759997,50.784889224076665],[0.3499637618463663,50.80982237164357],[0.42729994171667446,50.83212616758807],[0.5973888705110856,50.85475075602064],[0.6695319851768444,50.87349307044783],[0.7497747123789291,50.922180038143686],[0.7880879410077278,50.9332862956104],[0.8549863912743155,50.92369027458415],[0.8134634668858477,50.94901082473557],[0.7789567509677662,50.989492055523776],[0.6992198961025666,50.9984904789556],[0.6621056064226974,51.01747245097752],[0.572013334426812,51.00345499470549],[0.537600342789975,51.021673603701466],[0.4673782581387358,51.033007595804754],[0.3245715232149274,51.11213136389993],[0.22744533565420497,51.12424077731159],[0.1625983572508607,51.11639783045564],[0.12593271353325075,51.146946196218714],[0.05001653674735302,51.142650004944784],[0.02736124786897347,51.13985047971918],[0.018618529860130198,51.10357549265243],[-0.03280154941357397,51.0923883567936],[-0.0015654518189373021,51.035754968214675],[-0.020075907700203476,50.98540397032178],[-0.0930674435833348,50.97922776371193],[-0.13501000215550701,50.88663452789849],[-0.23975301729619963,50.86195236284905],[-0.21661812313525353,50.827595207471326]]],[[[-0.9324778892732616,50.846049446075895],[-0.8950331142231646,50.83857718216187],[-0.8768774257303605,50.811481843604945],[-0.9028595429137661,50.77321556039992],[-0.8428588369285346,50.75355967652726],[-0.7957331633293327,50.72429475323286],[-0.7164941969372866,50.774480053852805],[-0.5380761873800204,50.802320702012466],[-0.3883917018121106,50.80668869873246],[-0.27332731679144107,50.82700809526096],[-0.21661812313525353,50.827595207471326],[-0.23975301729619963,50.86195236284905],[-0.13501000215550701,50.88663452789849],[-0.0930674435833348,50.97922776371193],[-0.020075907700203476,50.98540397032178],[-0.0015654518189373021,51.035754968214675],[-0.03280154941357397,51.0923883567936],[0.018618529860130198,51.10357549265243],[0.02736124786897347,51.13985047971918],[-0.13757172715804072,51.14215963847192],[-0.19592173393917223,51.162302274177875],[-0.30034679337735004,51.124735694243356],[-0.358033394500778,51.12103018484436],[-0.5355231099639409,51.08317558988801],[-0.6293706990745774,51.088992735235664],[-0.6967522842428816,51.07149171268206],[-0.7534806400853152,51.08645570539976],[-0.8528106772847716,51.044843343449145],[-0.898507525797457,51.01766747938782],[-0.9575814597850234,50.890629711813396],[-0.9324778892732616,50.846049446075895]]]]},"properties":{"name":"Garden of England (Kent/Sussex)","region_key":"Garden of England","codes":["GA","GB","GC","GD","GE","GF","GG","GH","GJ","GK","GL","GM","GN","GO","GP","GR","GS","GT","GU","GV","GX","GY"]}},
{"type":"Feature","geometry":{"type":"MultiPolygon","coordinates":[[[[-0.7754662421455992,51.33195887573552],[-0.7352583706284006,51.36504024942225],[-0.623494694957599,51.38954339925685],[-0.6051246065369184,51.43131212034792],[-0.5097013654557779,51.46917597333165],[-0.49002476282704144,51.4947476797645],[-0.6397228155232204,51.537132610700176],[-0.6517296021663183,51.48548367289633],[-0.7031647153990581,51.511106775996346],[-0.6941769981894392,51.56217554495283],[-0.7278637268558101,51.57724294472093],[-0.7944705423772918,51.551157820549875],[-0.8968822429097416,51.54486297701738],[-0.8782181980199466,51.523017948075],[-0.9268672338023308,51.46728468210197],[-0.9618050817988162,51.493091899784865],[-1.036557480467536,51.47522675381046],[-1.1027765250692605,51.49017091524251],[-1.1607981456030778,51.53458953525024],[-1.2046502471016252,51.52839453755291],[-1.3262974937819714,51.559582178458186],[-1.3865608367009457,51.53995881168486],[-1.4265912375621719,51.54559885109376],[-1.4707444078888432,51.52860685263951],[-1.5129388732832703,51.55075981787777],[-1.556370433116768,51.55300564728085],[-1.5847080068168276,51.52491211204892],[-1.582290926091176,51.49411178780616],[-1.5320625233026632,51.4295554923204],[-1.555602808893964,51.39558408604312],[-1.4857109130653536,51.34772330276952],[-1.4982989511277731,51.329376051072344],[-1.4156300313112635,51.371883469570975],[-1.3123454876592069,51.37306173048787],[-1.1157908862111228,51.36046613681602],[-1.0866191008940222,51.38391558257007],[-1.050015982621658,51.35814793165949],[-0.9177477826637683,51.364556578865646],[-0.8281244652791528,51.352863875548536],[-0.7754662421455992,51.33195887573552]]],[[[0.04239644850127726,51.29267304399856],[0.002294764648829674,51.32913883259118],[-0.04786877934778141,51.32524503290994],[-0.12429290987399225,51.28675868238739],[-0.16418697954528713,51.326040543717475],[-0.26110113404353735,51.37959910279557],[-0.3083029485943408,51.38008232419942],[-0.3606899084972801,51.412050798290345],[-0.4564751128931786,51.43822454308343],[-0.5097013654557779,51.46917597333165],[-0.6051246065369184,51.43131212034792],[-0.623494694957599,51.38954339925685],[-0.7352583706284006,51.36504024942225],[-0.7754662421455992,51.33195887573552],[-0.7456533878446974,51.310032931907394],[-0.7304897489158225,51.2548997625371],[-0.8207781916987581,51.23927084126764],[-0.8455315357852844,51.20013420682658],[-0.7692805852059902,51.117142386784195],[-0.7534806400853152,51.08645570539976],[-0.6967522842428816,51.07149171268206],[-0.6293706990745774,51.088992735235664],[-0.5355231099639409,51.08317558988801],[-0.358033394500778,51.12103018484436],[-0.30034679337735004,51.124735694243356],[-0.19592173393917223,51.162302274177875],[-0.13757172715804072,51.14215963847192],[0.02736124786897347,51.13985047971918],[0.05001653674735302,51.142650004944784],[0.05260034925807601,51.180624007888056],[0.033598897708674594,51.214337985385434],[0.05760769215868487,51.24491436016023],[0.04239644850127726,51.29267304399856]]]]},"properties":{"name":"Reading","region_key":"Reading","codes":["RA","RB","RC","RD","RE","RF","RG","RH","RJ","RK","RL","RM","RN","RO","RP","RR","RS","RT","RU","RV","RW","RX","RY"]}},
{"type":"Feature","geometry":{"type":"MultiPolygon","coordinates":[[[[-0.5005959397837428,51.59968991103155],[-0.5373915984578767,51.64290698727269],[-0.5051079140339154,51.673076853827475],[-0.548696103272659,51.6826713132351],[-0.5504136073538167,51.723042871347836],[-0.6734694732585889,51.768471720214635],[-0.6826500174064963,51.79720953279025],[-0.7456780099021197,51.84209360648332],[-0.6923700737783627,51.85706968350204],[-0.6672141933956238,51.81581030746101],[-0.6118691983854894,51.81204475607053],[-0.5536286473629357,51.82671264693076],[-0.5835635397303487,51.87032387257801],[-0.7021567275208473,51.909119069120315],[-0.6456807466780184,51.97222835109194],[-0.6616896088608101,51.99973642426706],[-0.6403292000636628,52.0236608294164],[-0.6689760060389061,52.04871685099286],[-0.591810283644433,52.11069191180987],[-0.6407815701275333,52.15277231197206],[-0.6274466731778274,52.181545423600134],[-0.6681356962700096,52.19503410884094],[-0.7653317759733648,52.17109916880061],[-0.8714500518483997,52.1117534405655],[-0.8314182963967142,52.071946962904214],[-0.8777109350094291,52.029844389573526],[-0.9247053169175501,52.03646389659714],[-0.9678052695527543,52.07091094856765],[-1.026317648173982,52.07568209561025],[-1.1172242418462164,52.04734507489135],[-1.118086381800374,52.01542614499558],[-1.053171879900082,52.00253612324797],[-1.095235510119277,51.95712263855188],[-1.0621115321393917,51.93513686382444],[-1.0935189748057692,51.893936853417514],[-1.070165017659001,51.88206343878655],[-1.0619066392742889,51.832384130501396],[-1.1100965326405101,51.81730504959618],[-1.1219433534609558,51.787080569234725],[-1.0828007185833477,51.764114570743516],[-0.9536737303859938,51.757854640133274],[-0.8876824739441627,51.718343382316064],[-0.8841347491798544,51.67377481091637],[-0.9248891629716027,51.665427464077126],[-0.9431555989092394,51.605033942972106],[-0.9393396356573402,51.57401373417596],[-0.8968822429097416,51.54486297701738],[-0.7944705423772918,51.551157820549875],[-0.7278637268558101,51.57724294472093],[-0.6941769981894392,51.56217554495283],[-0.7031647153990581,51.511106775996346],[-0.6517296021663183,51.48548367289633],[-0.6397228155232204,51.537132610700176],[-0.49002476282704144,51.4947476797645],[-0.4954897491926227,51.53842923403093],[-0.47732990272597625,51.55527205566734],[-0.5005959397837428,51.59968991103155]]],[[[-0.5536286473629357,51.82671264693076],[-0.6118691983854894,51.81204475607053],[-0.6672141933956238,51.81581030746101],[-0.6923700737783627,51.85706968350204],[-0.7456780099021197,51.84209360648332],[-0.6826500174064963,51.79720953279025],[-0.6734694732585889,51.768471720214635],[-0.5504136073538167,51.723042871347836],[-0.548696103272659,51.6826713132351],[-0.5051079140339154,51.673076853827475],[-0.5373915984578767,51.64290698727269],[-0.5005959397837428,51.59968991103155],[-0.3858718914122449,51.615820070132955],[-0.31667227073737064,51.64053557423242],[-0.25545847789295306,51.64328775819969],[-0.19106672686828402,51.66389674081795],[-0.1635038447177228,51.685922898067844],[-0.10577918133707771,51.69187562150836],[-0.011918619491221414,51.680877784048],[-0.01298015840506792,51.742751236187814],[0.026799418767174468,51.774179879224114],[0.1507668162002368,51.797049474505364],[0.17934902808443703,51.89555405698468],[0.12476146866768481,51.88458550363542],[0.11801302173494124,51.94806766305575],[0.06812736340978318,52.005788768013275],[0.04030634730578386,52.053327300544055],[-0.024412339623048986,52.06331602541465],[-0.1076939554997495,52.028355155395786],[-0.15512103122808718,52.0530610989458],[-0.15728084798263192,52.08054723423343],[-0.21949343050888237,52.036741248298476],[-0.20125598539046993,52.00982469543063],[-0.26025508349241055,51.979704852706796],[-0.35872172954660897,51.98554636936557],[-0.3502253640672023,51.95757808719516],[-0.4058239282617169,51.94343103170248],[-0.3394859163786651,51.84960551271375],[-0.37405481017979486,51.82919469522003],[-0.45406311054341214,51.853032484389445],[-0.5536286473629357,51.82671264693076]]],[[[-0.465365697722141,52.32295328496823],[-0.49869985454800514,52.36009583274189],[-0.44376133371256377,52.38385721269978],[-0.34159051675876306,52.466942607910326],[-0.3543452042663426,52.506495084920005],[-0.41184646576674494,52.524753354952864],[-0.4020604179017814,52.548321645720094],[-0.42502766068617553,52.58241270558376],[-0.4907068244473266,52.590534281670756],[-0.47350351193989293,52.62823446901982],[-0.4947734241445185,52.640314093899356],[-0.49502586128214776,52.640236384200435],[-0.5173972070256084,52.64237951869765],[-0.5625183959217046,52.58627506254939],[-0.603019188160652,52.588591163441926],[-0.6609127311506333,52.568945674801185],[-0.713658284046201,52.524963947093234],[-0.7561563408310659,52.510994699783986],[-0.8501210246834986,52.52166629853964],[-0.8834089273537767,52.51380803459085],[-0.9045779910075754,52.46287924542278],[-0.9470889478300667,52.47569994796765],[-1.0006926007022252,52.47094041193469],[-1.04451052031417,52.44574805652151],[-1.201613240016501,52.396731777646686],[-1.1721263854825266,52.36130089674886],[-1.2652666287344263,52.32837719845604],[-1.2092616269871401,52.31471159340803],[-1.217897412385422,52.26180368268453],[-1.2846441203084125,52.238577255878255],[-1.2547799392002454,52.19888894917839],[-1.3131345322730965,52.190467617705394],[-1.3318971206615529,52.16848501386061],[-1.252927630367083,52.103874509797066],[-1.3208243445235668,52.087628381879426],[-1.3128647002677865,52.0511655566633],[-1.2781640005516572,52.01427262969497],[-1.2808650804924173,51.98236405118862],[-1.1962597882478194,51.97743143986906],[-1.118086381800374,52.01542614499558],[-1.1172242418462164,52.04734507489135],[-1.026317648173982,52.07568209561025],[-0.9678052695527543,52.07091094856765],[-0.9247053169175501,52.03646389659714],[-0.8777109350094291,52.029844389573526],[-0.8314182963967142,52.071946962904214],[-0.8714500518483997,52.1117534405655],[-0.7653317759733648,52.17109916880061],[-0.6681356962700096,52.19503410884094],[-0.637331646832823,52.227317619423644],[-0.6536554996324467,52.268289280524655],[-0.6106170332944457,52.279497945405424],[-0.5656930746930066,52.253468210497495],[-0.5140511920182156,52.3146970563403],[-0.465365697722141,52.32295328496823]]]]},"properties":{"name":"Luton/Northampton","region_key":"Luton/Northampton","codes":["KA","KB","KC","KD","KE","KF","KG","KH","KJ","KK","KL","KM","KN","KO","KP","KR","KS","KT","KU","KV","KW","KX","KY"]}},
{"type":"Feature","geometry":{"type":"Polygon","coordinates":[[[-1.118086381800374,52.01542614499558],[-1.1962597882478194,51.97743143986906],[-1.2808650804924173,51.98236405118862],[-1.2781640005516572,52.01427262969497],[-1.3128647002677865,52.0511655566633],[-1.3208243445235668,52.087628381879426],[-1.252927630367083,52.103874509797066],[-1.3318971206615529,52.16848501386061],[-1.348708013830522,52.135132203210944],[-1.4534689387239963,52.11299087599732],[-1.501855228348814,52.071626672722516],[-1.5228257272072352,51.99684333328363],[-1.6123425366054296,51.9554034290577],[-1.6657543076217822,51.987488800416706],[-1.662529100260324,51.964004949348976],[-1.615188981743593,51.93768160128097],[-1.6455298970227117,51.92229429207031],[-1.686351186050475,51.8662923292018],[-1.6837529053849418,51.80133752131962],[-1.7007046783718405,51.770584222916874],[-1.6830586294212178,51.69011034834442],[-1.7001891103128217,51.670741670401945],[-1.6599542884958505,51.634990835670386],[-1.6906167569975117,51.60544995425529],[-1.613750132318125,51.536510485353375],[-1.5847080068168276,51.52491211204892],[-1.556370433116768,51.55300564728085],[-1.5129388732832703,51.55075981787777],[-1.4707444078888432,51.52860685263951],[-1.4265912375621719,51.54559885109376],[-1.3865608367009457,51.53995881168486],[-1.3262974937819714,51.559582178458186],[-1.2046502471016252,51.52839453755291],[-1.1607981456030778,51.53458953525024],[-1.1027765250692605,51.49017091524251],[-1.036557480467536,51.47522675381046],[-0.9618050817988162,51.493091899784865],[-0.9268672338023308,51.46728468210197],[-0.8782181980199466,51.523017948075],[-0.8968822429097416,51.54486297701738],[-0.9393396356573402,51.57401373417596],[-0.9431555989092394,51.605033942972106],[-0.9248891629716027,51.665427464077126],[-0.8841347491798544,51.67377481091637],[-0.8876824739441627,51.718343382316064],[-0.9536737303859938,51.757854640133274],[-1.0828007185833477,51.764114570743516],[-1.1219433534609558,51.787080569234725],[-1.1100965326405101,51.81730504959618],[-1.0619066392742889,51.832384130501396],[-1.070165017659001,51.88206343878655],[-1.0935189748057692,51.893936853417514],[-1.0621115321393917,51.93513686382444],[-1.095235510119277,51.95712263855188],[-1.053171879900082,52.00253612324797],[-1.118086381800374,52.01542614499558]]]},"properties":{"name":"Oxford","region_key":"Oxford","codes":["OA","OB","OC","OD","OE","OF","OG","OH","OJ","OK","OL","OM","ON","OO","OP","OR","OS","OT","OU","OV","OW","OX","OY"]}},
{"type":"Feature","geometry":{"type":"MultiPolygon","coordinates":[[[[-2.4449446929930625,56.751697950140496],[-2.3161943824903983,56.80151549783631],[-2.214855804222023,56.88177636233586],[-2.1964840738700953,56.90885278121365],[-2.209153640135899,56.96764051131279],[-2.120936002341935,57.043397732226516],[-2.048627027952308,57.128314392333074],[-2.076838826259688,57.17757820178779],[-2.043853385897311,57.24322520105724],[-1.9901121876710237,57.30499244549785],[-1.865094415055353,57.38906334918053],[-1.7787712048207431,57.474969544938205],[-1.8220891533239485,57.57055161120002],[-1.82345684853717,57.61212330558718],[-1.8857277129677494,57.63846686220549],[-1.9200372609493566,57.67486769809913],[-2.118089307228161,57.701115292592654],[-2.175268534434038,57.67359444990357],[-2.292275668873121,57.68928376164872],[-2.396502471568787,57.668288231059485],[-2.477750972377712,57.67373981886742],[-2.513256202758502,57.66433231053832],[-2.5982432773203565,57.68207933246539],[-2.740431018013908,57.681881898414886],[-2.851451504627913,57.70655479116809],[-3.027250111463248,57.66360690153705],[-3.1363988956969076,57.68018417827458],[-3.2794290116400724,57.719214682178404],[-3.3458990230880006,57.72449865287672],[-3.4895163346019475,57.6994841462003],[-3.514886043809816,57.66835754667502],[-3.623115110062157,57.63524634606817],[-3.644029482978447,57.663164978148416],[-3.762799185761489,57.63058422523307],[-3.712338086726917,57.567139876408945],[-3.7053446496643905,57.51232638711295],[-3.682708323730769,57.48983142374925],[-3.701302478699658,57.437271373586505],[-3.659450139011198,57.43029782515235],[-3.609850091300009,57.44735833479863],[-3.502771987002252,57.46067848650352],[-3.4811566365229347,57.437733580413706],[-3.4041763228402826,57.417130412247815],[-3.394567046882859,57.37107433126493],[-3.4938746404521717,57.296167292871324],[-3.4634868707259012,57.28943194181283],[-3.432102477932109,57.20416257801469],[-3.4524819113610454,57.176800898072486],[-3.536027358992537,57.167266220884315],[-3.560357657416997,57.14105527207895],[-3.7497329678743734,57.076282559402465],[-3.7443961140741604,57.016711899686946],[-3.760390837479683,56.97438472130266],[-3.8016462642035607,56.9358802547785],[-3.732808314182811,56.93117958923025],[-3.7102691772248106,56.91357862650893],[-3.60264618274804,56.93115090945579],[-3.537655314215853,56.89225532234679],[-3.4657067513331654,56.87281073969288],[-3.429832085915106,56.886546175394685],[-3.3721380274088917,56.87461515221633],[-3.26159630456061,56.92172571464722],[-3.130634539123388,56.88836315678311],[-3.083169708512124,56.958431912844254],[-2.9240771769306453,56.97234868036519],[-2.892428586847264,56.98680409259514],[-2.8245085181409872,56.961936400095404],[-2.7656695866104775,56.959961291327524],[-2.6622006060850274,56.88859684533076],[-2.666171648049031,56.83465716676685],[-2.6158191331869545,56.78329401879257],[-2.529411122282688,56.78503466006628],[-2.4449446929930625,56.751697950140496]]],[[[-2.4449446929930625,56.751697950140496],[-2.529411122282688,56.78503466006628],[-2.6158191331869545,56.78329401879257],[-2.666171648049031,56.83465716676685],[-2.6622006060850274,56.88859684533076],[-2.7656695866104775,56.959961291327524],[-2.8245085181409872,56.961936400095404],[-2.892428586847264,56.98680409259514],[-2.9240771769306453,56.97234868036519],[-3.083169708512124,56.958431912844254],[-3.130634539123388,56.88836315678311],[-3.26159630456061,56.92172571464722],[-3.3721380274088917,56.87461515221633],[-3.429832085915106,56.886546175394685],[-3.4657067513331654,56.87281073969288],[-3.537655314215853,56.89225532234679],[-3.60264618274804,56.93115090945579],[-3.7102691772248106,56.91357862650893],[-3.732808314182811,56.93117958923025],[-3.8016462642035607,56.9358802547785],[-3.8548326995083855,56.922788012077135],[-3.9640104954799256,56.93663280955962],[-3.9677633442748337,56.899279570194956],[-4.136212902927999,56.89723513964831],[-4.186718484814847,56.90687459073502],[-4.227695991392901,56.857602990348724],[-4.303959226804489,56.851397208527885],[-4.374263661958696,56.832259004469535],[-4.441843787148577,56.773843190678974],[-4.528527744990821,56.80131800201058],[-4.617183760517876,56.69056609141618],[-4.65756892607617,56.67474153154335],[-4.717536244474079,56.67658750761212],[-4.71542043417938,56.64232822204587],[-4.618305336178098,56.63781413051542],[-4.626423674326964,56.61559701502271],[-4.570512842703081,56.576251579124616],[-4.69758476083537,56.549955765074074],[-4.652577793444742,56.51870949906823],[-4.686206210121081,56.4905471109146],[-4.639066089058162,56.47603727287283],[-4.600716909121651,56.4975542826111],[-4.331225040558357,56.53901783564785],[-4.296886256678776,56.475043561506155],[-4.154482195425168,56.510285334392925],[-4.108805636258543,56.48893640116589],[-4.161891485212221,56.44472683363074],[-4.202050498688648,56.457819234986275],[-4.19645180588687,56.3866955434717],[-4.240623355173209,56.38439049168664],[-4.237411692712675,56.329211587601236],[-4.188206223142283,56.30421824630005],[-4.118712056807523,56.2878405263023],[-4.005280588007646,56.27493429853698],[-3.939926523982616,56.227993584717844],[-3.8989545912594417,56.22749987730122],[-3.8294497563206717,56.19654930897269],[-3.7521882469802814,56.211908488166785],[-3.7377963766025997,56.18926503171276],[-3.666936009182929,56.18862805534114],[-3.6028526780003456,56.20454182126447],[-3.59330172838992,56.17300719936775],[-3.6478573874885796,56.15967672230975],[-3.6283474178529054,56.13276975768208],[-3.4688139659934576,56.1492150641807],[-3.410030899261657,56.1389439822949],[-3.3716850564594756,56.164428382004296],[-3.2609445390028333,56.19607383837487],[-3.314877795464551,56.23952405470829],[-3.383645788076607,56.26875687491384],[-3.300684183395417,56.313969923510804],[-3.2765620043893775,56.350463944509336],[-3.1936719282295982,56.384609984833524],[-3.0854912872125158,56.45049531183734],[-2.998317826865928,56.45132592810572],[-2.9430116314625816,56.46419123079372],[-2.870170110932574,56.46243923019592],[-2.8027363881794756,56.480169208255596],[-2.734249224766898,56.464242804691],[-2.7165804673568403,56.49495704165714],[-2.636007049859433,56.52718082900283],[-2.618887200507453,56.54489044719883],[-2.5385674037116353,56.56636801937125],[-2.485953584526605,56.620016475542805],[-2.5160906318656986,56.69855107935421],[-2.4449446929930625,56.751697950140496]]],[[[-5.095919649625908,56.528485585071536],[-5.103310900756472,56.51245262635866],[-5.190486772315759,56.44830599967281],[-5.248672261745589,56.437466440543474],[-5.266953256353015,56.457920178882866],[-5.329331594031139,56.45064046676882],[-5.3498753497286105,56.45972787495484],[-5.46548919993562,56.44598100456331],[-5.529971072088762,56.37967679835497],[-5.538465921531841,56.35033405245329],[-5.577649080292801,56.3334779702569],[-5.599217029078288,56.254303881484596],[-5.536358672887666,56.245052279541],[-5.585884305051486,56.16885251707342],[-5.548317711912424,56.143214292414605],[-5.584699697502965,56.09172712138532],[-5.62906833557468,56.0530658297713],[-5.705857945320733,55.96661441875056],[-5.665164296002024,55.94917748939247],[-5.6884742955822585,55.91087985234261],[-5.6628783540499,55.84737375319589],[-5.664404408260571,55.799508303536044],[-5.5832916194101605,55.75530461232877],[-5.663071476940875,55.667837293555024],[-5.692729262601222,55.58737195288731],[-5.715037852114997,55.57864732562133],[-5.712917836016578,55.45830339523141],[-5.796651199035316,55.3897734330881],[-5.79870871643046,55.29939278160942],[-5.756369563080863,55.28942321882383],[-5.690664108610638,55.306765204251164],[-5.603516481205972,55.30753821725976],[-5.521494750147083,55.35981637750749],[-5.5514742139749425,55.417788942160016],[-5.544481393647917,55.46774106834746],[-5.515364027921786,55.4888808319191],[-5.495620847555488,55.566391415162904],[-5.458999887709911,55.590719887528635],[-5.47640717442594,55.63391930216509],[-5.451031688157793,55.70710393490512],[-5.3942672409979835,55.75206353737221],[-5.314577196213786,55.78314107876406],[-5.41951301458609,55.89645899468922],[-5.450613261130064,56.00808297575124],[-5.384532283083603,56.002637870891924],[-5.297930804417418,56.06508431791155],[-5.236595999587711,56.1284819619812],[-5.117508837221991,56.17071406850966],[-5.1017759413494215,56.1559802123962],[-5.203295393283194,56.12833865074774],[-5.202812067629817,56.107070589623525],[-5.264255385990844,56.0712278252344],[-5.30150648764418,56.02364012955961],[-5.341881755833897,55.9950729539082],[-5.329526172307039,55.95429513509347],[-5.350906444169695,55.90988148153814],[-5.31719635411337,55.85730370590677],[-5.20193045246435,55.83986306704107],[-5.242187571696549,55.894425495746724],[-5.194679286922136,55.935695085491346],[-5.0447255770164094,55.87096439426536],[-4.978835452294233,55.861772076321735],[-4.933648030835881,55.943037694657356],[-4.895703913829858,55.988837575420796],[-4.914445427739055,56.05124288317402],[-4.880002740033987,56.05816832752942],[-4.8445549060408135,55.98622515572761],[-4.724619492116504,56.00116689994224],[-4.691190381165486,55.97312990956761],[-4.582202426573736,55.938418420087935],[-4.67831405462788,55.93470947729713],[-4.817351925137892,55.96294903655799],[-4.876876839318733,55.943694592691855],[-4.8893642882094674,55.88219798848881],[-4.888382322639073,55.81863064623953],[-4.854810591697168,55.774457448842945],[-4.85738691160797,55.74688299464513],[-4.90305406669144,55.7222008981746],[-4.815338067398667,55.64751009867647],[-4.698220399574927,55.605821625243095],[-4.658242804136147,55.57019354649689],[-4.664097316722355,55.54193816117673],[-4.6203458423113,55.49700113107291],[-4.650935677224268,55.440830838939526],[-4.7128886141537505,55.43291267925371],[-4.769618367516587,55.40065646132818],[-4.774597872634537,55.360047368323244],[-4.845608307264337,55.32583885618737],[-4.837712647152287,55.277793335310776],[-4.859048536541813,55.23221353842956],[-4.941532934440895,55.1640248764017],[-4.996518722730887,55.13835297170564],[-5.009378342355277,55.092787558647565],[-5.059643475687452,55.030595699068606],[-5.0397521505619975,54.99779350986128],[-4.9732310200698615,55.01153667956912],[-4.933399402112609,55.064371796185945],[-4.873276318075289,55.03830231877256],[-4.841055708046159,55.04474503750151],[-4.715171534764862,55.03751125084744],[-4.646739859266021,55.0563823567497],[-4.66358798664414,55.11418895282745],[-4.623170598151021,55.140784511524146],[-4.564966628681471,55.15801539820556],[-4.513571849310699,55.15171132579845],[-4.407271335217341,55.15696293300521],[-4.409217453829399,55.17921595450805],[-4.355343013614598,55.25266124826543],[-4.300482640504021,55.310689871789876],[-4.202884772855855,55.31820049367917],[-4.142617878735756,55.28362651208703],[-4.08572964353262,55.351260896960675],[-4.107486455508367,55.369042681610594],[-4.090820532342352,55.41208815248699],[-4.032522847110661,55.42429547117173],[-3.9870539290735745,55.46100519848933],[-3.8954362347085727,55.45975803768738],[-3.825498767252478,55.44441561187121],[-3.7645943124963392,55.4011024631436],[-3.7536601396883276,55.37494146438744],[-3.711039238475542,55.36321106763091],[-3.711157088376228,55.32315915033061],[-3.6636134083382776,55.29175072876907],[-3.573964859788492,55.32836063054804],[-3.578493928195232,55.38496333292556],[-3.507377576237776,55.41226450056021],[-3.539564550682939,55.443171752492184],[-3.4948321173141776,55.524196067156176],[-3.488476131673811,55.562667595466365],[-3.530009322865694,55.61139292039101],[-3.481675142306404,55.61642312034218],[-3.4857362208551415,55.64902265887521],[-3.4094127838835306,55.700865020295986],[-3.471635186470525,55.77096970149303],[-3.6156041670826413,55.803072072264165],[-3.6857884013386886,55.79736251432208],[-3.744112728253514,55.83890333618174],[-3.747182988771833,55.86550595660998],[-3.802907990448765,55.875215224642034],[-3.8225551508719264,55.89649135994199],[-3.8767413396482358,55.923316635534206],[-3.8922774056518716,55.947275892506376],[-4.020121060027584,56.028037147938484],[-4.081790657905413,56.025343469826105],[-4.136396910852386,56.00624726155471],[-4.256994081110371,56.01722745086561],[-4.2726518085173515,55.96534435525225],[-4.335210065535787,55.95941468042834],[-4.366367357864206,55.9804270726641],[-4.414022666893122,55.971341170948904],[-4.470792468591038,56.0022883554599],[-4.53235050142909,56.07342322411636],[-4.587369669943809,56.07322414048709],[-4.599737064890383,56.115337596120824],[-4.641149755676572,56.12347785029613],[-4.695367180660118,56.19916888960544],[-4.701415886995855,56.25465875059783],[-4.670658912753394,56.30251339718997],[-4.695701012439886,56.32247189008638],[-4.778733736363632,56.33900763395352],[-4.831719985017377,56.36678964478526],[-4.835147042027055,56.39013452511734],[-4.789920953810478,56.42732902612899],[-4.733388320338296,56.43424171401329],[-4.726404567417082,56.459489460097714],[-4.639066089058162,56.47603727287283],[-4.686206210121081,56.4905471109146],[-4.652577793444742,56.51870949906823],[-4.69758476083537,56.549955765074074],[-4.570512842703081,56.576251579124616],[-4.626423674326964,56.61559701502271],[-4.7022285905236,56.605555411698475],[-4.726188249509082,56.587806557757034],[-4.801100310781792,56.57359890460903],[-4.902178672414227,56.571813604999676],[-5.061742715090819,56.52710748137099],[-5.095919649625908,56.528485585071536]]],[[[-6.120122089411115,55.93448147516395],[-6.196887001807305,55.92691676944995],[-6.279650545886122,55.87671093073882],[-6.336739633986765,55.855475252838865],[-6.454645973732119,55.852438722328806],[-6.45597824306537,55.77268723835882],[-6.525697282020984,55.6929383791328],[-6.488212406337821,55.6710089516652],[-6.414762675250445,55.70604227020904],[-6.347298212570656,55.78416358723812],[-6.252261426488036,55.77102325074349],[-6.3315015399796035,55.74198560303133],[-6.269676084595913,55.682132523886146],[-6.2611111199475715,55.65901216405104],[-6.322601681764586,55.63213730509532],[-6.332035185572021,55.59716681888408],[-6.294617278296667,55.57973699204644],[-6.240948336219039,55.59175856478126],[-6.211505476932798,55.620260217917945],[-6.120247542041148,55.63354817237165],[-6.02184655060474,55.682765496654575],[-6.084039065422311,55.782620989477834],[-6.103149095522587,55.845133355463794],[-6.132084809205006,55.889724826138306],[-6.120122089411115,55.93448147516395]]],[[[-5.697425223493373,56.14412738279227],[-5.73839966204361,56.14121834726895],[-5.9500081077246385,56.037530578365924],[-6.000910457691828,55.988910396752665],[-5.979103707615158,55.94929172135145],[-6.042707514377145,55.94062582947978],[-6.087434114045867,55.89973004632351],[-6.087366397975184,55.83129401397504],[-6.035811769354238,55.795403867249746],[-5.964125331400072,55.792236414114946],[-5.939647173281288,55.82592400995464],[-5.936519321844155,55.867399379438105],[-5.845044086395919,55.940335494507416],[-5.79306079655709,56.013210718501696],[-5.6875502288464785,56.11143310230903],[-5.697425223493373,56.14412738279227]]],[[[-6.133079950823422,56.12124119024585],[-6.147853197374781,56.130741185759405],[-6.246235332462907,56.08409911395821],[-6.265319851693072,56.036926170821545],[-6.206061513616067,56.029989349268945],[-6.133079950823422,56.12124119024585]]],[[[-5.723024316497285,55.729882516068855],[-5.774342269707841,55.67684825610045],[-5.73815192843504,55.66789534455902],[-5.723024316497285,55.729882516068855]]],[[[-6.117237445745978,56.65305820074802],[-6.227004974566698,56.63343710688323],[-6.246290033849036,56.60853313855826],[-6.311891462829621,56.60141166069599],[-6.286793755799653,56.52346396773959],[-6.22535302725907,56.52885567715924],[-6.1718363509768235,56.51006629666038],[-6.121377190002294,56.47225473105322],[-6.035677055265338,56.4882711755342],[-6.017944333892396,56.467771764774135],[-6.072037205373566,56.44784519505362],[-6.129082680624579,56.44842561172395],[-6.151161057604873,56.41307863535283],[-6.205993426302093,56.38522286553851],[-6.1948537034882785,56.35884560837005],[-6.105523115407936,56.3668390407734],[-6.022727718479113,56.39465517016472],[-6.018648528148594,56.364506840264305],[-6.10313304999719,56.34227788375009],[-6.190298584110073,56.332205100898555],[-6.338600180630497,56.3476353663732],[-6.373682061848265,56.32056196384777],[-6.323590888372641,56.2693385506262],[-6.2646494337475005,56.264241620507654],[-6.2520128928670164,56.28609048005307],[-6.078979724556908,56.30238189651389],[-6.044964666545345,56.29263585444564],[-5.986802100543641,56.322854005893646],[-5.888958188155588,56.3216782972117],[-5.834124042337451,56.31086016773776],[-5.745802408397413,56.341750267000535],[-5.666792708396938,56.39054281099924],[-5.645866583217065,56.44718854738367],[-5.719853199604063,56.485167675552894],[-5.768436109787569,56.48928355948386],[-5.796613721543337,56.514845961794926],[-5.920251809605268,56.516453893747375],[-5.963821055738948,56.52998410343448],[-5.983940817263391,56.572773479849474],[-6.0665601769516755,56.63858510411995],[-6.117237445745978,56.65305820074802]]],[[[-6.726521900052219,56.54058433993272],[-6.833818403297316,56.53899599358692],[-6.872877910509891,56.518918862386954],[-6.950913513521622,56.52901154598013],[-6.9863072217875155,56.50374129647221],[-6.9703984921106095,56.46760425032106],[-6.932765491333492,56.44311229443491],[-6.867464646188203,56.49071561138447],[-6.811630947832265,56.488857052395204],[-6.804753702397259,56.52364621525997],[-6.726521900052219,56.54058433993272]]],[[[-6.453451289508282,56.6878148854455],[-6.470535296263919,56.6916506326484],[-6.612239156051653,56.63776283334362],[-6.670643930094155,56.58328929393205],[-6.631083631662894,56.57782022274679],[-6.550057599841041,56.5947492486065],[-6.467762695074448,56.653536245782604],[-6.453451289508282,56.6878148854455]]],[[[-5.097631850277872,56.53574457871042],[-5.091840343663642,56.60854230223063],[-5.213821239020436,56.631916935726125],[-5.229984136445637,56.59461946710989],[-5.288202449052406,56.59665248923737],[-5.325090532327128,56.620649640013646],[-5.408272728943145,56.56067965290551],[-5.451244723416482,56.50173469045609],[-5.361955318566604,56.47012775032686],[-5.288198958534484,56.46044385016018],[-5.256745134065544,56.46403646505886],[-5.222339907471205,56.449329682267226],[-5.184591707180626,56.46096083058415],[-5.155912051816561,56.50126967721567],[-5.097631850277872,56.53574457871042]]],[[[-5.183234956667786,55.925127523867275],[-5.212027139165034,55.88455348956688],[-5.169215590604393,55.851696576608994],[-5.129235561169282,55.845221728264846],[-5.128853600713823,55.790548705365644],[-5.060954540380231,55.75853083906525],[-5.0010356729383165,55.769983723246426],[-5.074927697874844,55.874205498651115],[-5.183234956667786,55.925127523867275]]],[[[-5.211796524874726,55.705860671517044],[-5.259333453709529,55.72061634918775],[-5.3161436753743185,55.705880155381664],[-5.364813219489002,55.67831510507409],[-5.395268078478907,55.61132087226698],[-5.349083276947072,55.57090221893569],[-5.355361439465908,55.50668528432471],[-5.313203335392359,55.464998450933784],[-5.251422274935803,55.4394244755973],[-5.196440064950967,55.43383422075183],[-5.083583067332889,55.4545211325865],[-5.09193436480322,55.51149540318572],[-5.082897800756743,55.5526679506292],[-5.153646633462778,55.57844389217081],[-5.1280676367912505,55.60983665912738],[-5.161137302211775,55.67887143843854],[-5.211796524874726,55.705860671517044]]],[[[-3.516298079621114,56.001942218768185],[-3.597539996364766,56.020968811814214],[-3.6714667736686355,56.01572344551905],[-3.7284471741678433,56.032330357752784],[-3.7374936248489243,56.08015417139879],[-3.714621941148501,56.10448724372751],[-3.6283474178529054,56.13276975768208],[-3.6478573874885796,56.15967672230975],[-3.59330172838992,56.17300719936775],[-3.6028526780003456,56.20454182126447],[-3.666936009182929,56.18862805534114],[-3.7377963766025997,56.18926503171276],[-3.7521882469802814,56.211908488166785],[-3.8294497563206717,56.19654930897269],[-3.8989545912594417,56.22749987730122],[-3.939926523982616,56.227993584717844],[-4.005280588007646,56.27493429853698],[-4.118712056807523,56.2878405263023],[-4.188206223142283,56.30421824630005],[-4.237411692712675,56.329211587601236],[-4.240623355173209,56.38439049168664],[-4.19645180588687,56.3866955434717],[-4.202050498688648,56.457819234986275],[-4.161891485212221,56.44472683363074],[-4.108805636258543,56.48893640116589],[-4.154482195425168,56.510285334392925],[-4.296886256678776,56.475043561506155],[-4.331225040558357,56.53901783564785],[-4.600716909121651,56.4975542826111],[-4.639066089058162,56.47603727287283],[-4.726404567417082,56.459489460097714],[-4.733388320338296,56.43424171401329],[-4.789920953810478,56.42732902612899],[-4.835147042027055,56.39013452511734],[-4.831719985017377,56.36678964478526],[-4.778733736363632,56.33900763395352],[-4.695701012439886,56.32247189008638],[-4.670658912753394,56.30251339718997],[-4.701415886995855,56.25465875059783],[-4.695367180660118,56.19916888960544],[-4.641149755676572,56.12347785029613],[-4.599737064890383,56.115337596120824],[-4.587369669943809,56.07322414048709],[-4.53235050142909,56.07342322411636],[-4.470792468591038,56.0022883554599],[-4.414022666893122,55.971341170948904],[-4.366367357864206,55.9804270726641],[-4.335210065535787,55.95941468042834],[-4.2726518085173515,55.96534435525225],[-4.256994081110371,56.01722745086561],[-4.136396910852386,56.00624726155471],[-4.081790657905413,56.025343469826105],[-4.020121060027584,56.028037147938484],[-3.8922774056518716,55.947275892506376],[-3.8767413396482358,55.923316635534206],[-3.8225551508719264,55.89649135994199],[-3.78210621004711,55.901629993951865],[-3.703344730532225,55.9345576650783],[-3.598839560556514,55.99703421262977],[-3.5163350065596046,56.001772196933096],[-3.516298079621114,56.001942218768185]]],[[[-5.0397521505619975,54.99779350986128],[-4.9907480673474,54.921592069924145],[-5.060822074123599,54.923753277677164],[-5.060823406110532,54.96769513696181],[-5.095622653372392,55.01716798189073],[-5.157724396477246,55.00814529035844],[-5.1861107573798595,54.97500866796507],[-5.185074886134464,54.91524383708283],[-5.136615648970824,54.8499840380364],[-5.053622524792709,54.80987759627757],[-5.001143195609636,54.772870584919765],[-4.972595608951946,54.68971014807001],[-4.922477441384566,54.64343215678558],[-4.882078729579055,54.669302809114285],[-4.938528945118431,54.77674270652142],[-4.961109878000015,54.804021062404516],[-4.9360941223182735,54.832633564237305],[-4.833706548911413,54.863606015061016],[-4.782752030059968,54.83385785048198],[-4.708485980837172,54.82388129412464],[-4.672315766277978,54.800306629091125],[-4.6003335330155934,54.77670657777495],[-4.571587659012149,54.73810451013908],[-4.495909530160741,54.70385816474312],[-4.406128142994451,54.678062016542405],[-4.364875848396576,54.6911014256392],[-4.366942639523448,54.72286254476292],[-4.344431039709541,54.79122355240388],[-4.3545915313841235,54.81339274278702],[-4.408512731492604,54.82511401946534],[-4.425687512543066,54.88228469150814],[-4.209192159476521,54.81356634611918],[-4.159700972860187,54.780306673338735],[-4.045338237416317,54.76994266973117],[-3.963431307338266,54.77194132615193],[-3.940328685532051,54.788499889845454],[-3.8244474479696073,54.82366566072598],[-3.8262107827593184,54.86147096165825],[-3.761774191912293,54.856858543225755],[-3.726103803849752,54.876016360100415],[-3.5949320069576736,54.88395437211888],[-3.5629661279513756,54.90721071780172],[-3.57859328746324,54.96079612442928],[-3.330775391675874,54.97945959511025],[-3.2691147469259882,54.96550896939806],[-3.2069882161159557,54.97609013440503],[-3.146284666721924,54.9642678883908],[-3.1079918140484017,54.97837973657593],[-3.090290807372419,54.977343614569584],[-3.0573459663710505,54.98720934527424],[-3.057542330072594,54.988104637303344],[-3.0579157886275006,54.9917161332244],[-3.02755218036525,55.055280385310915],[-2.9586963252048624,55.049274013681476],[-2.8585401086712676,55.10834878051191],[-2.9047519047146504,55.17366924185274],[-2.863842481426109,55.236351637206965],[-2.921445048832228,55.23672193235403],[-2.917058888643828,55.277411578340235],[-2.962083824881394,55.29026556352191],[-3.010169310457241,55.26743452147105],[-3.1020257007574012,55.35158660927689],[-3.179253714633954,55.36046776773152],[-3.21738961747744,55.37613439309581],[-3.288565202245012,55.34341654945042],[-3.31334372327554,55.35489871791262],[-3.292527452590238,55.40162531027524],[-3.2435869063601657,55.4276853166272],[-3.3109814946479523,55.444828388833635],[-3.3776855003033908,55.411425210986145],[-3.4721276851125533,55.40375593159226],[-3.507377576237776,55.41226450056021],[-3.578493928195232,55.38496333292556],[-3.573964859788492,55.32836063054804],[-3.6636134083382776,55.29175072876907],[-3.711157088376228,55.32315915033061],[-3.711039238475542,55.36321106763091],[-3.7536601396883276,55.37494146438744],[-3.7645943124963392,55.4011024631436],[-3.825498767252478,55.44441561187121],[-3.8954362347085727,55.45975803768738],[-3.9870539290735745,55.46100519848933],[-4.032522847110661,55.42429547117173],[-4.090820532342352,55.41208815248699],[-4.107486455508367,55.369042681610594],[-4.08572964353262,55.351260896960675],[-4.142617878735756,55.28362651208703],[-4.202884772855855,55.31820049367917],[-4.300482640504021,55.310689871789876],[-4.355343013614598,55.25266124826543],[-4.409217453829399,55.17921595450805],[-4.407271335217341,55.15696293300521],[-4.513571849310699,55.15171132579845],[-4.564966628681471,55.15801539820556],[-4.623170598151021,55.140784511524146],[-4.66358798664414,55.11418895282745],[-4.646739859266021,55.0563823567497],[-4.715171534764862,55.03751125084744],[-4.841055708046159,55.04474503750151],[-4.873276318075289,55.03830231877256],[-4.933399402112609,55.064371796185945],[-4.9732310200698615,55.01153667956912],[-5.0397521505619975,54.99779350986128]]],[[[-2.3648831360205698,55.945480445392775],[-2.4452555808509504,55.98791214359386],[-2.570182954877581,56.007082161542165],[-2.6204322528521335,56.04797549953352],[-2.813125540411927,56.063301858921825],[-2.8548737666494683,56.01627609504883],[-2.9214664262768526,55.97351802484896],[-3.0683930300129445,55.94660862796258],[-3.1808197147059696,55.98822429511524],[-3.262483847993652,55.979206364314585],[-3.5163350065596046,56.001772196933096],[-3.598839560556514,55.99703421262977],[-3.703344730532225,55.9345576650783],[-3.78210621004711,55.901629993951865],[-3.8225551508719264,55.89649135994199],[-3.802907990448765,55.875215224642034],[-3.747182988771833,55.86550595660998],[-3.744112728253514,55.83890333618174],[-3.6857884013386886,55.79736251432208],[-3.6156041670826413,55.803072072264165],[-3.471635186470525,55.77096970149303],[-3.4355292198105265,55.80549555329351],[-3.369036480477572,55.82410852487571],[-3.344960522549572,55.79289519971097],[-3.2743687048296737,55.77534719284258],[-3.214300134175269,55.78399998954597],[-3.1540701789317453,55.76106529350726],[-3.151432974773494,55.72739332422608],[-2.9498679699681674,55.818780405531136],[-2.9235192051495766,55.79361308731547],[-2.8704093262139385,55.824095961951485],[-2.6692640458059356,55.846548475957114],[-2.5941777741352303,55.828671806696015],[-2.554881603579266,55.83908919781415],[-2.532715691369822,55.86975850225125],[-2.570021106811652,55.89214357542405],[-2.5359221719243346,55.91458802452848],[-2.466847400581995,55.88908731490952],[-2.3648831360205698,55.945480445392775]]],[[[-7.329315969060797,57.39776407016593],[-7.4124086613196285,57.38716003793689],[-7.396700457108687,57.30146041291712],[-7.420557762199586,57.2886283778725],[-7.435492950382539,57.23650448164012],[-7.412412955195852,57.14964750427922],[-7.391760796252683,57.113544163406225],[-7.340179801383021,57.101554849711846],[-7.2118561109596895,57.117448049821185],[-7.246305864761491,57.13578126914161],[-7.267589555366848,57.224144776904026],[-7.253145053639706,57.26036362334217],[-7.198622785490701,57.306270210020784],[-7.257020845591109,57.32587339010895],[-7.269890922412176,57.37905965662152],[-7.329315969060797,57.39776407016593]]],[[[-7.449247340091339,57.0251746795258],[-7.4993521066339515,57.01418003155577],[-7.561239536167221,56.942492701372245],[-7.4597129099505946,56.94668306297316],[-7.379004623468472,56.990089217159586],[-7.449247340091339,57.0251746795258]]],[[[-7.485684880911433,57.650638877194325],[-7.520526150488976,57.604606405719686],[-7.483214481082663,57.5681314940292],[-7.409871788663914,57.57128693263742],[-7.369339346360135,57.502474307085606],[-7.267662604011809,57.51724438326958],[-7.245879520047663,57.50702575880557],[-7.148580077509854,57.50983004636395],[-7.135131923514575,57.554063516797356],[-7.163105490769807,57.58752602252374],[-7.147922702568993,57.62847600436495],[-7.100239977214957,57.607851845469426],[-7.06311740815654,57.64030370563591],[-7.132011823077611,57.64115445561217],[-7.180254583995167,57.66342806913496],[-7.202960461698703,57.702581251960765],[-7.2869026088653035,57.652514040188564],[-7.375903703739112,57.658788304307166],[-7.485684880911433,57.650638877194325]]],[[[-7.336547503130488,57.480083260554316],[-7.367705698866488,57.49162464850389],[-7.411790389136846,57.45331257467845],[-7.386291892073272,57.42431035151079],[-7.237935659726689,57.40176383236148],[-7.206358678241818,57.46136333041319],[-7.252102617770946,57.476603495903994],[-7.336547503130488,57.480083260554316]]],[[[-6.219227697543946,58.48521008210861],[-6.27151486935497,58.498800838138166],[-6.307890056233624,58.4767580180617],[-6.519224509593907,58.39709471417731],[-6.547135333460299,58.36507439190727],[-6.617558188894261,58.34678918060182],[-6.668975511677676,58.34975922928682],[-6.757116048506897,58.305678386373245],[-6.795677602418813,58.30699214301381],[-6.809838441914314,58.25387316866072],[-6.758191616987973,58.216925835149304],[-6.760810980466571,58.19906812371953],[-6.906846808967922,58.18491438436622],[-6.91559451758261,58.21826850607506],[-7.01498240808477,58.2352713491143],[-7.055053817692182,58.22108436179522],[-7.065539514617649,58.183720352446215],[-7.135327025746682,58.12689319608803],[-7.100483624717984,58.070159111398084],[-7.052898518899847,58.06347217796314],[-7.029003165996785,58.031473300924546],[-7.09602904308498,57.9947406927867],[-7.079935847449759,57.96708062924851],[-7.022739844506032,57.95226008333184],[-6.943873457545724,57.95068141416187],[-6.8821523799744035,57.93503127775083],[-6.960051439367438,57.88680111973302],[-7.023147656818743,57.834665465528325],[-7.075444875134082,57.82209389421329],[-7.065581225093982,57.78599406729408],[-6.975581394556671,57.73552224737567],[-6.883251223417126,57.77271520023138],[-6.840424296902223,57.81625620208388],[-6.736594465272686,57.82684218506514],[-6.774069204223541,57.86748872389915],[-6.744548548070418,57.88611678466062],[-6.66909122483536,57.879973151050734],[-6.679445465830786,57.92745191022417],[-6.613437864709901,57.915212937047635],[-6.5378462662097085,57.91893999068768],[-6.469047769079901,57.94002112070633],[-6.455195533366444,57.99334052243663],[-6.365862462635844,58.018100085139146],[-6.368791053291463,58.07605073172467],[-6.397015284069649,58.084408134693156],[-6.3532458238066205,58.18969304072685],[-6.2872849700015365,58.205425005232556],[-6.255156927689565,58.17994543046266],[-6.1789501525350925,58.20384742595624],[-6.154498472996976,58.24669158466297],[-6.201073083124207,58.24826268727876],[-6.2669836655391595,58.21124041667871],[-6.304377518989358,58.21009329901471],[-6.328392392296048,58.261624076042075],[-6.2813877238933395,58.270021397906675],[-6.186432312182824,58.34797554910389],[-6.218428891971782,58.368189681424234],[-6.167124937456686,58.429673844608374],[-6.1820275660770765,58.464131930521056],[-6.219227697543946,58.48521008210861]]],[[[-3.7374936248489243,56.08015417139879],[-3.6697088757811818,56.04624277477372],[-3.5755238598426313,56.05886472605715],[-3.546861485972914,56.039754382732546],[-3.4089189061267815,56.01618714735582],[-3.2842705903068072,56.05617119622201],[-3.1743796010555263,56.062600468761374],[-3.1542871690772882,56.112152168941265],[-3.0079370283259963,56.17926659456624],[-2.97216675260134,56.20544545083359],[-2.9246934464138565,56.212204124596845],[-2.8392952141011616,56.18372259849823],[-2.69527059376012,56.2195766072084],[-2.6028554516665476,56.26351891296953],[-2.6603826237,56.31832368024525],[-2.7774342119215714,56.33273656653228],[-2.881291411228636,56.362340775790265],[-2.824344484723706,56.379926164179565],[-2.803593591066291,56.429538976420716],[-2.9199784327127913,56.451760894171485],[-2.99343575734733,56.420179116044935],[-3.0350800906959483,56.41611509253676],[-3.195687120191787,56.3638554818019],[-3.2765620043893775,56.350463944509336],[-3.300684183395417,56.313969923510804],[-3.383645788076607,56.26875687491384],[-3.314877795464551,56.23952405470829],[-3.2609445390028333,56.19607383837487],[-3.3716850564594756,56.164428382004296],[-3.410030899261657,56.1389439822949],[-3.4688139659934576,56.1492150641807],[-3.6283474178529054,56.13276975768208],[-3.714621941148501,56.10448724372751],[-3.7374936248489243,56.08015417139879]]],[[[-3.762799185761489,57.63058422523307],[-3.8324835200312215,57.59723088552078],[-3.930117826809474,57.585818394930236],[-4.012659017874136,57.60112551899744],[-4.038216202032466,57.56799126094141],[-4.1868049491988275,57.48383266446795],[-4.220047990102185,57.49642681177287],[-4.287457939935107,57.48133870849138],[-4.3785412992646675,57.479295754253194],[-4.375498849022559,57.51234605568758],[-4.234407666511366,57.50077634328264],[-4.174446477447089,57.56620648155469],[-4.009644806801942,57.66353588810057],[-4.026554719238261,57.67947534154643],[-4.16122918173677,57.6579398599909],[-4.301373994404838,57.67494469075188],[-4.207425498363483,57.69265093055893],[-4.165858033930529,57.686158840202786],[-4.073183785380275,57.732262401087205],[-4.019442772097671,57.73852919062879],[-4.035585441829559,57.6951403892003],[-3.975277584217194,57.6943691689703],[-3.916322483242121,57.75256293658097],[-3.8705563650782637,57.776654616054465],[-3.7933174503896474,57.83645215639438],[-3.89521220781347,57.82090015256721],[-3.9663392948639067,57.8452036300114],[-4.048117488229344,57.8152872739302],[-4.0796775692671625,57.829000395474665],[-4.163844922585816,57.833676153223394],[-4.072850474723735,57.8671723956694],[-4.018613699332706,57.863025712370465],[-3.9922080637996324,57.903079958570146],[-4.009470666634893,57.93238925699656],[-3.9832737163190024,57.96956217397978],[-3.8912569554603067,57.98808527881591],[-3.8411905965802906,58.0131637941953],[-3.804268809343449,58.05705550514699],[-3.745361597694624,58.068199095065395],[-3.658726704939036,58.11289252665321],[-3.5082887455346765,58.17185639275662],[-3.4640136931473537,58.21360957861568],[-3.381373193916931,58.27038491942262],[-3.2098722055804005,58.3098918485987],[-3.1079188526486314,58.37118026088377],[-3.0868052438534495,58.41825858831349],[-3.0498966233401474,58.45211394283622],[-3.133191603525008,58.50155519736038],[-3.1259000850733205,58.527375098201254],[-3.0679447954075076,58.564536903298766],[-3.037679681513616,58.63208153848922],[-3.1003461429137658,58.64673531932044],[-3.157795695680466,58.63723120001213],[-3.195429447713951,58.655772908525385],[-3.4131178676916143,58.64075017331929],[-3.354854367012863,58.60231201208552],[-3.459911572582841,58.61236991861411],[-3.525208166286473,58.596896044857765],[-3.5357219977685004,58.62291971431112],[-3.6613752619419278,58.61980618456647],[-3.7754175289029166,58.57274990160748],[-3.860300837259163,58.56400449288025],[-3.984396195787098,58.57004833245722],[-4.025636909955909,58.59085442246931],[-4.068839509305122,58.56447187325106],[-4.153140344921113,58.56222753912881],[-4.237965595594631,58.526184073668574],[-4.343641810502476,58.54112590016984],[-4.383255132718531,58.51041868784587],[-4.456749129078177,58.56161247362022],[-4.526941231142544,58.58000860874071],[-4.599715807497774,58.57003370222673],[-4.601975901565212,58.52713707329114],[-4.644525256521728,58.518735465626804],[-4.663489929902119,58.482694887588636],[-4.716586888654342,58.492507303401204],[-4.653361784660553,58.53275208022223],[-4.663380777746658,58.55281582895104],[-4.796715534113136,58.57643461249102],[-4.83833334447423,58.60096870023017],[-5.007050368940203,58.62568965853208],[-5.013940679236507,58.577799839584635],[-5.050582534373461,58.54077106651063],[-5.091215438273815,58.53686860431772],[-5.12558486776743,58.493740110692706],[-5.067859434574605,58.463169646656056],[-5.178113225991096,58.345932299426515],[-5.143120573398005,58.32746883602734],[-5.126296233061164,58.26620268013417],[-5.203647464824405,58.24646081021769],[-5.250890813333839,58.25011372342706],[-5.310258709174775,58.22420244619437],[-5.361624538506648,58.21789320962348],[-5.267560738974492,58.1018451467087],[-5.300580443168786,58.064186260850455],[-5.357605042521718,58.068113799548286],[-5.403550925527037,58.09782108104347],[-5.457728541374032,58.077144169284516],[-5.425086731247678,58.04011239086742],[-5.357038358039515,58.02638247027087],[-5.307543016685568,57.98839542290189],[-5.192233740232847,57.957455588869934],[-5.205405881064305,57.919220554248504],[-5.330408262760943,57.9143423061366],[-5.309397566607532,57.87854167997526],[-5.422308521498781,57.909237954173484],[-5.454624868148523,57.85090845851381],[-5.540512205478424,57.869540494374185],[-5.559870912887786,57.90278021207821],[-5.6033469284417246,57.92450588226032],[-5.656026032460996,57.87845391428067],[-5.581823755559386,57.83602012980639],[-5.623483641226359,57.7683182449185],[-5.668842523528387,57.80006769348692],[-5.683999430946078,57.86458737935168],[-5.761015560682421,57.87027567267195],[-5.814143811398383,57.85854209787268],[-5.800911602351201,57.793411527251074],[-5.81298294589838,57.749888500280406],[-5.759877535042042,57.73140515817639],[-5.696441635540872,57.73013347056356],[-5.695415628616112,57.696615424192025],[-5.759331938304128,57.70678916305978],[-5.811736937195405,57.660875990711624],[-5.800396916229014,57.640647709297625],[-5.733328828039212,57.60674485354149],[-5.668535029100313,57.54567502808906],[-5.635248990514624,57.556234756221286],[-5.516780567537415,57.549573429150996],[-5.664385698512082,57.51584358882289],[-5.708869762754367,57.556274798001404],[-5.841905835666388,57.575084031296804],[-5.870350977688806,57.50338665387487],[-5.853860712422084,57.44241093169379],[-5.81726910017495,57.44384623686609],[-5.821984232231955,57.3634888063037],[-5.7884386132981,57.34638292934243],[-5.728714286220713,57.35570020240505],[-5.688762028684657,57.37847783163934],[-5.6357069513506515,57.36662787679137],[-5.716486225660742,57.31520417976373],[-5.718128900790408,57.28353855588924],[-5.647943721045268,57.28713704869178],[-5.592525285340354,57.270799696392444],[-5.655286211874144,57.227113410233315],[-5.62372421268391,57.212486354315516],[-5.6766271054746635,57.18402306968038],[-5.689906412450701,57.15733380010672],[-5.645893657674071,57.127735970437286],[-5.72192509652106,57.118221440025565],[-5.797618091528637,57.065265975026456],[-5.745285290076615,57.034777709391115],[-5.692488480753021,57.04055717785068],[-5.662432471202589,56.99487257088147],[-5.708580158342998,56.99098981334389],[-5.727317625134934,57.018317409211356],[-5.8207111662720665,57.01186281341991],[-5.843418486974443,56.98974755728781],[-5.849087604771431,56.90075088409953],[-5.7377216030116065,56.89614817305198],[-5.78540752200854,56.866621511595326],[-5.757395698322921,56.8480599230153],[-5.8650035067977555,56.81066170834133],[-5.822873020512159,56.7856982227008],[-5.9178681476705135,56.760827572093625],[-5.945516090911361,56.77809145093815],[-6.064953023414046,56.75862525311668],[-6.117968754591712,56.76560116669732],[-6.191206427800841,56.75334104528614],[-6.227942830227299,56.715603957664676],[-6.184426603930754,56.68731732849706],[-6.117830974667461,56.6966671779637],[-6.030203077123029,56.68030742704175],[-5.839693946246922,56.674635175095474],[-5.8445812560046315,56.65918241437413],[-6.004017402830919,56.64935197003369],[-6.001112333354704,56.61987022232831],[-5.907719806765095,56.555803019700896],[-5.685401465089753,56.49713812419233],[-5.598675726002702,56.52537178577896],[-5.547782933436884,56.553593266646814],[-5.492194112771883,56.606297277473686],[-5.43416780383146,56.64275999340318],[-5.399313453729143,56.64667054522299],[-5.321039859663039,56.69717293834631],[-5.242709031285836,56.720243965422476],[-5.2543244753442915,56.67054797603081],[-5.313917842784384,56.65531766202258],[-5.325090532327128,56.620649640013646],[-5.288202449052406,56.59665248923737],[-5.229984136445637,56.59461946710989],[-5.213821239020436,56.631916935726125],[-5.091840343663642,56.60854230223063],[-5.097631850277872,56.53574457871042],[-5.095919649625908,56.528485585071536],[-5.061742715090819,56.52710748137099],[-4.902178672414227,56.571813604999676],[-4.801100310781792,56.57359890460903],[-4.726188249509082,56.587806557757034],[-4.7022285905236,56.605555411698475],[-4.626423674326964,56.61559701502271],[-4.618305336178098,56.63781413051542],[-4.71542043417938,56.64232822204587],[-4.717536244474079,56.67658750761212],[-4.65756892607617,56.67474153154335],[-4.617183760517876,56.69056609141618],[-4.528527744990821,56.80131800201058],[-4.441843787148577,56.773843190678974],[-4.374263661958696,56.832259004469535],[-4.303959226804489,56.851397208527885],[-4.227695991392901,56.857602990348724],[-4.186718484814847,56.90687459073502],[-4.136212902927999,56.89723513964831],[-3.9677633442748337,56.899279570194956],[-3.9640104954799256,56.93663280955962],[-3.8548326995083855,56.922788012077135],[-3.8016462642035607,56.9358802547785],[-3.760390837479683,56.97438472130266],[-3.7443961140741604,57.016711899686946],[-3.7497329678743734,57.076282559402465],[-3.560357657416997,57.14105527207895],[-3.536027358992537,57.167266220884315],[-3.4524819113610454,57.176800898072486],[-3.432102477932109,57.20416257801469],[-3.4634868707259012,57.28943194181283],[-3.4938746404521717,57.296167292871324],[-3.394567046882859,57.37107433126493],[-3.4041763228402826,57.417130412247815],[-3.4811566365229347,57.437733580413706],[-3.502771987002252,57.46067848650352],[-3.609850091300009,57.44735833479863],[-3.659450139011198,57.43029782515235],[-3.701302478699658,57.437271373586505],[-3.682708323730769,57.48983142374925],[-3.7053446496643905,57.51232638711295],[-3.712338086726917,57.567139876408945],[-3.762799185761489,57.63058422523307]]],[[[-6.341730398603919,57.70146661028645],[-6.353572176941438,57.67120576120976],[-6.42770452260637,57.64215032804749],[-6.394237531006149,57.612723972432704],[-6.383657879406642,57.52040893540039],[-6.45557720493554,57.50063931816981],[-6.5043194330521725,57.534049740201716],[-6.565513560608831,57.54822735408685],[-6.5826856132529405,57.58835658736939],[-6.6325474126753186,57.59203898806402],[-6.6416516235697625,57.552058469553714],[-6.604043616731677,57.536148592033214],[-6.6374622423869,57.50226721569213],[-6.59048652267983,57.448911689126106],[-6.639676349079562,57.44273430915133],[-6.705263286638925,57.496574171861944],[-6.748124454369279,57.500091093824025],[-6.743122463508009,57.41761941376013],[-6.719461939832107,57.371663890710096],[-6.5635552589247785,57.3386188111185],[-6.569700167343629,57.37788636822143],[-6.5315865911531406,57.40435330615788],[-6.4678068194594385,57.37797187262986],[-6.446871207009481,57.32066875850287],[-6.482783208612913,57.31097930117014],[-6.427401279102768,57.240912146028485],[-6.380604693957891,57.227405784996755],[-6.363054748159292,57.19224334285531],[-6.049400049128051,57.16720883904632],[-5.935398457318552,57.17601048625599],[-5.9400233066623125,57.146499297602546],[-5.997755879133804,57.12411074405464],[-6.007326058433711,57.074724519814765],[-6.0376406329206525,57.04742071174453],[-6.001822495135072,57.02015075814701],[-5.9238279897596104,57.043168963600685],[-5.85327295776148,57.11156045639778],[-5.787309026204345,57.138428088654216],[-5.795726205396434,57.16012034303203],[-5.6690542693416335,57.20906601176188],[-5.647578307797081,57.25513975683264],[-5.719951522600122,57.27231681226097],[-5.776820059485308,57.27097455527152],[-5.863661191819261,57.24161172909223],[-5.97494006472787,57.27007584777772],[-6.04164421700655,57.29326717348354],[-6.108923725647928,57.31968801965023],[-6.146211541203397,57.371033340923354],[-6.1254943988565005,57.39533830278861],[-6.145732155129304,57.43008511695417],[-6.1387678103872965,57.54650977198283],[-6.150594077112008,57.586519356875236],[-6.1913090351516304,57.63325182656636],[-6.235352250459555,57.63736166727671],[-6.251069551553515,57.67347468550252],[-6.302911034768299,57.70522736838728],[-6.341730398603919,57.70146661028645]]],[[[-5.978390132293459,57.49458509523845],[-6.011314748948885,57.46509513226368],[-6.055564023201603,57.46142452582513],[-6.084861210024369,57.42132137028376],[-6.082845874989813,57.3522509110106],[-6.050268730993744,57.32838249201967],[-5.992769820940244,57.358188251035564],[-6.018653341275254,57.3888351931464],[-6.025750849909884,57.44238401681447],[-5.978390132293459,57.49458509523845]]],[[[-5.989958993697734,57.324555564811234],[-6.0224198194269105,57.30580786272943],[-5.980357618018466,57.27383807925551],[-5.944758689305743,57.27475518689693],[-5.92566015729571,57.30757799058034],[-5.989958993697734,57.324555564811234]]],[[[-6.310114856123737,57.05537590222017],[-6.397788939840821,57.04269922084965],[-6.446092300639258,57.00940724674841],[-6.375832764366963,56.97318111026742],[-6.328913265013807,56.935547588299016],[-6.260424154605341,56.96122422668101],[-6.242596316655528,57.008276583230014],[-6.260207922550161,57.036761461287],[-6.310114856123737,57.05537590222017]]],[[[-6.11171762759266,56.92450641707306],[-6.20807333223191,56.904936082060786],[-6.163206068275433,56.87211424373383],[-6.1164080124696625,56.88818759268209],[-6.11171762759266,56.92450641707306]]],[[[-2.958368600772239,58.986186619513376],[-3.0014088279032967,59.00908587441204],[-3.0538004492551347,58.993499046517215],[-3.1116094254516224,59.00456459584738],[-3.0024888011745205,59.05431638518166],[-3.0515046551495355,59.11086329010848],[-3.19836827568299,59.154244498545864],[-3.313453558678808,59.139068483580786],[-3.357824438597593,59.103611184420664],[-3.3506753725110867,59.036470040816084],[-3.367986688669156,58.99857066463895],[-3.3557981423730765,58.96486206293795],[-3.305493550416421,58.949752142689185],[-3.2496552332843214,58.974161178471455],[-3.2025323601223725,58.91216061949046],[-3.007518848898653,58.94617996738151],[-2.9729709489477227,58.94011315384244],[-2.9134465972178596,58.86914133005032],[-2.963322321036577,58.84962093686097],[-3.004613002324657,58.79733475188727],[-2.992397839174979,58.75383087675687],[-2.9238719848546806,58.73327283421344],[-2.9267987323176494,58.77354764211432],[-2.8769887225254274,58.844951339638676],[-2.9153337832284527,58.87270335600502],[-2.8839967262260884,58.90028406857464],[-2.832337947656247,58.880815972365724],[-2.7790086555741453,58.91628892292591],[-2.7191834608647123,58.937262360996336],[-2.7153691174401757,58.97299538035091],[-2.801314746809276,58.96896959318957],[-2.8553491197912133,58.98600177108116],[-2.911946479167361,58.96169946227919],[-2.958368600772239,58.986186619513376]]],[[[-3.3524484191599435,58.932040345555436],[-3.402683110699954,58.922228626995775],[-3.4351909695779765,58.872251073111855],[-3.379249632183648,58.86787088874947],[-3.3699982749419872,58.83719760691445],[-3.328441163041479,58.817485766307954],[-3.289500041046403,58.77603882073919],[-3.1881722030296116,58.777034413046906],[-3.1392022844113443,58.80142498544303],[-3.210955118250394,58.83685446798435],[-3.2122758076812477,58.87766109628226],[-3.3524484191599435,58.932040345555436]]],[[[-2.686090180455724,59.18632007873399],[-2.6386942731636163,59.23403481830488],[-2.588344951518515,59.24143427927639],[-2.5927841905619444,59.269030287573386],[-2.695742593540008,59.22110201493448],[-2.686090180455724,59.18632007873399]]],[[[-2.9525774236172495,59.35434753351489],[-3.0337233579230016,59.323412267212],[-3.0084189439321296,59.2743877290089],[-2.928091615344985,59.28554545944979],[-2.9525774236172495,59.35434753351489]]],[[[-3.0682011011691133,59.19516656500059],[-3.1183581267604845,59.17266194050297],[-3.0931381008738374,59.14558267230371],[-3.0401049923901553,59.126475215587554],[-2.9645951749167536,59.13716703525168],[-2.978751990362413,59.16317202327037],[-3.0682011011691133,59.19516656500059]]],[[[-2.6283497966311287,59.1601631581876],[-2.653747017462027,59.15168048485626],[-2.60895867327396,59.07650175824815],[-2.542724933626172,59.080455744751426],[-2.5527623326583466,59.11981064876623],[-2.59627506347885,59.11589810943032],[-2.6283497966311287,59.1601631581876]]],[[[-2.802481288522576,59.087048730920635],[-2.86045559619616,59.056189103220674],[-2.9057029205103393,59.0667908843941],[-2.9339483582053125,59.03037388236393],[-2.83597634508559,59.02546079835874],[-2.802481288522576,59.087048730920635]]],[[[-2.3648831360205698,55.945480445392775],[-2.466847400581995,55.88908731490952],[-2.5359221719243346,55.91458802452848],[-2.570021106811652,55.89214357542405],[-2.532715691369822,55.86975850225125],[-2.554881603579266,55.83908919781415],[-2.5941777741352303,55.828671806696015],[-2.6692640458059356,55.846548475957114],[-2.8704093262139385,55.824095961951485],[-2.9235192051495766,55.79361308731547],[-2.9498679699681674,55.818780405531136],[-3.151432974773494,55.72739332422608],[-3.1540701789317453,55.76106529350726],[-3.214300134175269,55.78399998954597],[-3.2743687048296737,55.77534719284258],[-3.344960522549572,55.79289519971097],[-3.369036480477572,55.82410852487571],[-3.4355292198105265,55.80549555329351],[-3.471635186470525,55.77096970149303],[-3.4094127838835306,55.700865020295986],[-3.4857362208551415,55.64902265887521],[-3.481675142306404,55.61642312034218],[-3.530009322865694,55.61139292039101],[-3.488476131673811,55.562667595466365],[-3.4948321173141776,55.524196067156176],[-3.539564550682939,55.443171752492184],[-3.507377576237776,55.41226450056021],[-3.4721276851125533,55.40375593159226],[-3.3776855003033908,55.411425210986145],[-3.3109814946479523,55.444828388833635],[-3.2435869063601657,55.4276853166272],[-3.292527452590238,55.40162531027524],[-3.31334372327554,55.35489871791262],[-3.288565202245012,55.34341654945042],[-3.21738961747744,55.37613439309581],[-3.179253714633954,55.36046776773152],[-3.1020257007574012,55.35158660927689],[-3.010169310457241,55.26743452147105],[-2.962083824881394,55.29026556352191],[-2.917058888643828,55.277411578340235],[-2.921445048832228,55.23672193235403],[-2.863842481426109,55.236351637206965],[-2.9047519047146504,55.17366924185274],[-2.8585401086712676,55.10834878051191],[-2.8255025698036866,55.13831411456468],[-2.7848749183283417,55.141775184254485],[-2.6897902915132095,55.18898422854259],[-2.646771231267026,55.26004384558748],[-2.5202696721926374,55.32304705338447],[-2.495020825338105,55.34749150206754],[-2.4444059830018596,55.359183141243975],[-2.39980267562077,55.34833277688617],[-2.3374770928266733,55.36728098207272],[-2.3323664056020323,55.40991073263622],[-2.194219689482417,55.445257995631685],[-2.2026493288651876,55.48954128578622],[-2.232248662718578,55.54482984923342],[-2.2885358794880704,55.58005000973352],[-2.2951348614469835,55.608622429419476],[-2.336012500658304,55.632054692069154],[-2.218452689731427,55.664260238753165],[-2.2186591796836703,55.67590711744234],[-2.1366380688384257,55.74040582616078],[-2.107792795726283,55.760405540205866],[-2.085656856928195,55.76272387710688],[-2.086123041725926,55.793045310160174],[-2.0344219081111894,55.8110886606163],[-2.076903451887752,55.87262800609833],[-2.1256598977452312,55.88365462709656],[-2.137935285861145,55.91700537878168],[-2.2237002049038233,55.93300298184348],[-2.2591561929856723,55.923800250671086],[-2.3648831360205698,55.945480445392775]]],[[[-1.0681304522232162,60.728329190027615],[-1.1279838971511458,60.726836591921206],[-1.1376638322563364,60.667653394356755],[-1.1881446753219738,60.63493183890192],[-1.2024039341058972,60.566966894498805],[-1.146401830764829,60.48378229340829],[-1.0287811850184325,60.497044228662425],[-1.0042374341508624,60.56585475035595],[-1.0314157345832555,60.59735063242848],[-0.9895777742238322,60.65568018222837],[-1.012111624710363,60.726827286998535],[-1.0681304522232162,60.728329190027615]]],[[[-0.9085923120885349,60.82599825306917],[-0.9549340660043404,60.79134447427971],[-0.9389929707947353,60.750671239976406],[-0.9844100506184185,60.71960532455807],[-0.9664164738134903,60.67602330203382],[-0.9038890321168946,60.68324308209219],[-0.8028055092255529,60.758487493357244],[-0.8235418877054376,60.78964309050332],[-0.7879054979512699,60.82604712207455],[-0.8759833095839373,60.84575263967037],[-0.9085923120885349,60.82599825306917]]],[[[-0.7882258787505848,60.57696628895171],[-0.8664429517314058,60.63262276775598],[-0.9480624626049025,60.61028013576608],[-0.8940472934087645,60.56283380922755],[-0.8593196151096456,60.593400267526334],[-0.7882258787505848,60.57696628895171]]],[[[-0.913715451591896,60.37718393038485],[-0.9630290450420477,60.38228201716342],[-1.0377205940068384,60.341088183979366],[-1.0049575741127348,60.32638541493491],[-0.913715451591896,60.37718393038485]]],[[[-1.156880005415792,60.19648046750428],[-1.2313925962630687,60.2297457407524],[-1.1440917893249918,60.25945013216495],[-1.1598689363194152,60.28071157930756],[-1.116467926192587,60.30284207581443],[-1.1751998172540858,60.346356454896245],[-1.0754995977012805,60.356735025940175],[-1.0947861273255395,60.40765170765387],[-1.151315078921355,60.40351368413421],[-1.1660936986091126,60.43851918866307],[-1.2276637488790898,60.49481369778371],[-1.3114834450308737,60.482203419866856],[-1.353229156997409,60.541707142455685],[-1.315453886899017,60.541397978599214],[-1.305651287136691,60.61894952693753],[-1.4190021801279828,60.61135439419901],[-1.450058939958761,60.57191288982956],[-1.4957025370659058,60.54676066973795],[-1.533448703621755,60.55630163424084],[-1.5656271436390878,60.51528407145531],[-1.5544516808616724,60.490523861422766],[-1.4974625661145884,60.45330074930599],[-1.4458360647467385,60.4490946895889],[-1.4527526387340375,60.4160140083266],[-1.4049729908434796,60.383729110451206],[-1.3318208774070668,60.368609808596744],[-1.3381886056152716,60.342707606698795],[-1.4112826946739059,60.32031579074952],[-1.5052446248475768,60.319522379694035],[-1.570776138451738,60.29976101747938],[-1.693128970981109,60.29841538867703],[-1.6789098965639155,60.2357906376732],[-1.6234261562014025,60.20649692446831],[-1.537657226457386,60.21554287285896],[-1.5469458781703114,60.186558311072226],[-1.510554120568201,60.16460115475902],[-1.422206018325019,60.16477766882619],[-1.394536438542494,60.199848160661986],[-1.3093293037771139,60.21004984611306],[-1.302098453162651,60.13457578100648],[-1.2748441916264603,60.11055361284584],[-1.330146436159506,59.9722178790468],[-1.3790780276292904,59.89439294797739],[-1.2832593317875236,59.88268814348705],[-1.2548541923246475,59.95421739948666],[-1.2599465965219871,59.98883627542873],[-1.209701928614156,59.99650843223508],[-1.2327559528732737,60.03349320597955],[-1.1881972893471882,60.12774486444845],[-1.1490818217338088,60.15095926582895],[-1.156880005415792,60.19648046750428]]],[[[-1.433695525244686,60.39097790075931],[-1.465885651895964,60.37295125304543],[-1.4430776867693869,60.34613678472596],[-1.3810183229593973,60.358366068276],[-1.433695525244686,60.39097790075931]]],[[[-1.0897940925570913,60.185815179756844],[-1.1223336123238377,60.11991245700667],[-1.0749239704455125,60.10818601709643],[-1.0502631282494925,60.16065859334913],[-1.0897940925570913,60.185815179756844]]]]},"properties":{"name":"Schottland","region_key":"Scotland","codes":["SA","SB","SC","SD","SE","SF","SG","SH","SJ","SK","SL","SM","SN","SO","SP","SR","SS","ST","SU","SV","SW","SX","SY"]}},
{"type":"Feature","geometry":{"type":"MultiPolygon","coordinates":[[[[-4.007327517946509,53.24685667815355],[-4.065889698221039,53.23370603225502],[-4.1225405156377155,53.237196630637584],[-4.199419719598121,53.20996725797544],[-4.214103966254261,53.181768225459564],[-4.346548010146396,53.10455951613326],[-4.338941397757322,53.05385794727651],[-4.353495323496148,53.03349241328523],[-4.52886577215508,52.93741945223908],[-4.579799959814595,52.93783003848824],[-4.649698222972134,52.90602236555195],[-4.751592423008165,52.815725968149856],[-4.720716110487314,52.802884305662175],[-4.644352948348069,52.79977452234288],[-4.611275888705191,52.82447087958631],[-4.514804866841659,52.79296696577871],[-4.495024049070953,52.83810597386755],[-4.457061581284411,52.871139467424804],[-4.316545527403795,52.90851923230984],[-4.22364267763255,52.919306573511136],[-4.16975243216362,52.90583389322492],[-4.119081409710838,52.84803879806852],[-4.144204982444065,52.80089753932187],[-4.085033310151887,52.751102652598846],[-4.051222550498993,52.703785842424146],[-4.094786601608264,52.668577751171526],[-4.12837186885459,52.611168292956755],[-4.070157967375091,52.543225855852896],[-3.9271181521162806,52.56319239125437],[-3.8839223550937665,52.57711928254652],[-3.80809563819193,52.6779453179257],[-3.759351517979631,52.66944638366188],[-3.6824858226097104,52.694150785343304],[-3.6196021709557042,52.697455888477066],[-3.5835140799042167,52.73862285616341],[-3.6069725880433605,52.79750111653281],[-3.5864761318770015,52.827717359472636],[-3.5054481011392498,52.84189445377954],[-3.4830124561988023,52.86545365494664],[-3.4914283862809055,52.93368623300546],[-3.4467132480108043,52.96323759855858],[-3.5829896543271396,52.96753726258663],[-3.6350934385637874,53.00769954249099],[-3.68299757563163,52.98689018378488],[-3.749871008129206,52.97428826879317],[-3.8132237523737946,52.949371837957074],[-3.8961799829359234,52.99585738328305],[-3.915010192533174,53.02258010492347],[-3.986024086002437,53.01198362973817],[-3.997213640177141,53.03765146727834],[-3.9770621077940636,53.0689331221185],[-4.031126889819013,53.106373791159605],[-4.007855945432829,53.14376840249078],[-3.970328722949795,53.160186318921326],[-3.935292686951649,53.21487488064729],[-4.007327517946509,53.24685667815355]]],[[[-4.155922516128493,53.23270365372444],[-4.087210007434018,53.26330885223639],[-4.056157650555519,53.30307909815141],[-4.118970617484202,53.31923582227867],[-4.199058631262871,53.296827720336466],[-4.230158131136626,53.35773915586354],[-4.264660312025639,53.360802315780774],[-4.274083929232667,53.4023748510721],[-4.368405313915614,53.42409418867793],[-4.433414383226408,53.42792147759921],[-4.4676365922458805,53.41472725256787],[-4.564650444489728,53.40690417808498],[-4.562116407102742,53.316509453897616],[-4.5826705946684205,53.28119214595702],[-4.501293362829734,53.21135837859684],[-4.505121057922233,53.18791594640367],[-4.419699104829891,53.16397304006041],[-4.358369142244893,53.13145367276658],[-4.218553747480844,53.18562788670567],[-4.214431408470147,53.20513632543099],[-4.155922516128493,53.23270365372444]]],[[[-4.6668995730533265,53.31933759129233],[-4.635788864150629,53.28060192800481],[-4.597140201134989,53.30572240280981],[-4.6668995730533265,53.31933759129233]]],[[[-3.0734349102221015,53.25420094180623],[-3.1217749255274203,53.24847070637336],[-3.1933464488136516,53.28898031342265],[-3.30355099677784,53.334872675259085],[-3.327344864198036,53.35669723796994],[-3.490234581728482,53.32500403520248],[-3.6095908615552483,53.29047071110733],[-3.707569514876038,53.29384117648473],[-3.7751308973301394,53.32831814240111],[-3.8450048452900463,53.29649431848195],[-4.007327517946509,53.24685667815355],[-3.935292686951649,53.21487488064729],[-3.970328722949795,53.160186318921326],[-4.007855945432829,53.14376840249078],[-4.031126889819013,53.106373791159605],[-3.9770621077940636,53.0689331221185],[-3.997213640177141,53.03765146727834],[-3.986024086002437,53.01198362973817],[-3.915010192533174,53.02258010492347],[-3.8961799829359234,52.99585738328305],[-3.8132237523737946,52.949371837957074],[-3.749871008129206,52.97428826879317],[-3.68299757563163,52.98689018378488],[-3.6350934385637874,53.00769954249099],[-3.5829896543271396,52.96753726258663],[-3.4467132480108043,52.96323759855858],[-3.4914283862809055,52.93368623300546],[-3.4830124561988023,52.86545365494664],[-3.3888236008104284,52.87607015633663],[-3.3456509512909407,52.89254088178144],[-3.2618030348403813,52.86660859597489],[-3.1743818082928463,52.901575565954936],[-3.147503987573688,52.89016935253204],[-3.0959532467281523,52.93028188262092],[-3.0348748013229523,52.929571275556384],[-2.9728282902322776,52.96046238663705],[-2.928888600541857,52.938678871176],[-2.8982919650163286,52.95027542644905],[-2.8410149471651964,52.94262370880916],[-2.8004666893307433,52.8955150184554],[-2.728541430082635,52.92517812016934],[-2.726840602020411,52.98327294362855],[-2.8359955564621897,52.997150186614384],[-2.8592356067682414,53.05416475215726],[-2.910232329525687,53.112638957089025],[-2.9794980364977297,53.150621611809264],[-2.9222993476386163,53.18929269917001],[-2.949510039319428,53.211279716371884],[-3.0360631794746635,53.251806473389465],[-3.0734349102221015,53.25420094180623]]],[[[-3.806690468862063,51.78795230423849],[-3.7460906743522067,51.75339225047673],[-3.7190848415961386,51.778170363133725],[-3.670365979586462,51.78719824875779],[-3.601365623149617,51.77176327069931],[-3.5912930808578443,51.75461197527084],[-3.55986797846242,51.7775158588495],[-3.476329868985053,51.809470733290986],[-3.460131538111335,51.830129263733525],[-3.372862865935607,51.81219919883838],[-3.33447033177087,51.790402304926964],[-3.283434538585077,51.82548864025592],[-3.238778770017504,51.8123553276495],[-3.143207517712798,51.81985983276527],[-3.0436459834639136,51.88071425719274],[-3.078650814531184,51.92453074979255],[-3.0930861426216385,51.965190664096156],[-3.0673679250982304,51.98314277277744],[-3.0991988901530894,52.02268577815703],[-3.090780928489569,52.05082529402303],[-3.125895620398534,52.07831078112714],[-3.0936900359204174,52.14430596892309],[-3.1219948656365597,52.16691678960624],[-3.0731210449508968,52.23579250476714],[-3.005502308309333,52.26427173481169],[-3.001530326018581,52.32018679922184],[-2.9546513666030205,52.34915476636235],[-3.041057679160096,52.34430697770297],[-3.154446594074869,52.38771521656719],[-3.219544550599902,52.42125301642549],[-3.2355429209303304,52.44250356199235],[-3.1805917595063633,52.47383630093097],[-3.108124296786233,52.4993009250379],[-3.029202255199593,52.50126805598468],[-2.9943072197843668,52.553048103892884],[-3.0064836985371213,52.57384915695261],[-3.111495386916416,52.54136379845613],[-3.1174141591414086,52.585763140246286],[-3.051112543320522,52.64736556994762],[-3.0106134111037854,52.76155075187396],[-3.1584253094930843,52.79348806498138],[-3.1678875258984216,52.81926667523993],[-3.1277128187780203,52.867103036042536],[-3.147503987573688,52.89016935253204],[-3.1743818082928463,52.901575565954936],[-3.2618030348403813,52.86660859597489],[-3.3456509512909407,52.89254088178144],[-3.3888236008104284,52.87607015633663],[-3.4830124561988023,52.86545365494664],[-3.5054481011392498,52.84189445377954],[-3.5864761318770015,52.827717359472636],[-3.6069725880433605,52.79750111653281],[-3.5835140799042167,52.73862285616341],[-3.6196021709557042,52.697455888477066],[-3.6824858226097104,52.694150785343304],[-3.759351517979631,52.66944638366188],[-3.80809563819193,52.6779453179257],[-3.8839223550937665,52.57711928254652],[-3.9271181521162806,52.56319239125437],[-3.9260193692096497,52.56076188438795],[-3.8594661787593845,52.56084362982093],[-3.825379225683914,52.48366705164547],[-3.772226570446457,52.48866870703853],[-3.7716167473963784,52.44215245264191],[-3.7120500938916257,52.413356384396],[-3.710538679683657,52.39345024955913],[-3.658167437706743,52.34764913402283],[-3.705129593756663,52.3414546319016],[-3.73163755345451,52.271450692713145],[-3.753433457263126,52.25176059816057],[-3.7494630441833094,52.127626395762626],[-3.714076349956356,52.104970927263444],[-3.6471365602669783,52.03878921743026],[-3.6978012305380252,51.98280041660329],[-3.7276073464354766,51.91219880816745],[-3.7138374692424327,51.88712562509739],[-3.7647384642439943,51.851841286089574],[-3.806690468862063,51.78795230423849]]],[[[-3.9419040005598998,52.557923109344074],[-4.014301877919603,52.52645779644337],[-4.05755648351748,52.53071469224188],[-4.0518737790967085,52.481727355709076],[-4.079825587157768,52.44524735192966],[-4.092745027342696,52.396262443199326],[-4.1403418331031645,52.32261566665033],[-4.207495084179555,52.26367211871542],[-4.324907818792155,52.213650859767085],[-4.365670235968392,52.218252185885795],[-4.518618252174554,52.13499629451735],[-4.562149248481453,52.14435228748627],[-4.640638750093224,52.138532912860285],[-4.731507940844504,52.11789415204241],[-4.759469395173497,52.07787462753592],[-4.826156340700232,52.05419813994534],[-4.841265197037651,52.02474690778168],[-4.961765070190978,51.99977023050669],[-4.986609800581613,52.02290763668982],[-5.061917041640363,52.031784650725385],[-5.089581611511821,52.01531437238981],[-5.082276453352445,51.97422366431256],[-5.303693484919763,51.90365983073516],[-5.315533952205166,51.85985329038629],[-5.265943648074947,51.871810412571186],[-5.128425844858739,51.85845719303367],[-5.104096443351363,51.81300102636573],[-5.103493726732831,51.77920882037166],[-5.203263445856153,51.75552762260036],[-5.214805628093367,51.72368660030924],[-5.158456385409779,51.71395105351158],[-5.094688992199372,51.7211427406818],[-5.051183234594433,51.69390203623543],[-5.067036799273629,51.66452603309662],[-5.05932963711092,51.620598256356686],[-4.926304030220576,51.5961138095112],[-4.860802308169566,51.64712592525133],[-4.79184139337483,51.639136020167605],[-4.720860671147984,51.651543961755024],[-4.6611201113013285,51.73165217044852],[-4.559186666139355,51.74196977496885],[-4.462821608571818,51.73169541372613],[-4.403858203435749,51.7572509895557],[-4.334171567061446,51.71757808359994],[-4.335627179357303,51.68617341789581],[-4.283092391579709,51.667601864168645],[-4.196638741064894,51.683750093171454],[-4.145616761854758,51.65480854717466],[-4.080879366351414,51.66465231305373],[-4.051317255179827,51.705786880255395],[-3.9998042268008898,51.77415149157142],[-3.9184246290225895,51.775301082544374],[-3.888819469102647,51.80419784003088],[-3.806690468862063,51.78795230423849],[-3.7647384642439943,51.851841286089574],[-3.7138374692424327,51.88712562509739],[-3.7276073464354766,51.91219880816745],[-3.6978012305380252,51.98280041660329],[-3.6471365602669783,52.03878921743026],[-3.714076349956356,52.104970927263444],[-3.7494630441833094,52.127626395762626],[-3.753433457263126,52.25176059816057],[-3.73163755345451,52.271450692713145],[-3.705129593756663,52.3414546319016],[-3.658167437706743,52.34764913402283],[-3.710538679683657,52.39345024955913],[-3.7120500938916257,52.413356384396],[-3.7716167473963784,52.44215245264191],[-3.772226570446457,52.48866870703853],[-3.825379225683914,52.48366705164547],[-3.8594661787593845,52.56084362982093],[-3.9260193692096497,52.56076188438795],[-3.9411395704691783,52.55752238154563],[-3.9419040005598998,52.557923109344074]]],[[[-4.051317255179827,51.705786880255395],[-4.0711822455779085,51.66697386500838],[-4.164744856179928,51.62521034940369],[-4.23782620953922,51.63097915054637],[-4.309206172105898,51.60961834395948],[-4.291339154891236,51.56308299783688],[-4.216170231578404,51.54143212155517],[-4.143523113659061,51.568963403413115],[-3.993470888236976,51.563129755969285],[-3.994494029098922,51.59812880035301],[-3.961256371416561,51.611646540479306],[-3.851104234147988,51.61842929045772],[-3.761197596411385,51.53637931027415],[-3.704640955754023,51.52739020747723],[-3.656688258840484,51.53913714528718],[-3.65518835977748,51.5645249751618],[-3.693426939235655,51.59698609872983],[-3.661813017139051,51.64545314207501],[-3.599877126860255,51.63821431230074],[-3.5640283582789207,51.654970572208626],[-3.5895849272012654,51.67927245495542],[-3.5786457810665917,51.71788074590142],[-3.5912930808578443,51.75461197527084],[-3.601365623149617,51.77176327069931],[-3.670365979586462,51.78719824875779],[-3.7190848415961386,51.778170363133725],[-3.7460906743522067,51.75339225047673],[-3.806690468862063,51.78795230423849],[-3.888819469102647,51.80419784003088],[-3.9184246290225895,51.775301082544374],[-3.9998042268008898,51.77415149157142],[-4.051317255179827,51.705786880255395]]],[[[-3.5912930808578443,51.75461197527084],[-3.5786457810665917,51.71788074590142],[-3.5895849272012654,51.67927245495542],[-3.5640283582789207,51.654970572208626],[-3.599877126860255,51.63821431230074],[-3.661813017139051,51.64545314207501],[-3.693426939235655,51.59698609872983],[-3.65518835977748,51.5645249751618],[-3.656688258840484,51.53913714528718],[-3.704640955754023,51.52739020747723],[-3.761197596411385,51.53637931027415],[-3.721643473747859,51.481780099783265],[-3.626993187895693,51.47371250465216],[-3.4975122271609407,51.5126420238557],[-3.378492625123131,51.51272554084737],[-3.3103632868425223,51.54893230127783],[-3.2376956412345295,51.55260264408016],[-3.2913818554774084,51.59210676455687],[-3.3005687170792464,51.65221498430735],[-3.2739303869424092,51.68233683495503],[-3.329059705137009,51.758722755679976],[-3.33447033177087,51.790402304926964],[-3.372862865935607,51.81219919883838],[-3.460131538111335,51.830129263733525],[-3.476329868985053,51.809470733290986],[-3.55986797846242,51.7775158588495],[-3.5912930808578443,51.75461197527084]]],[[[-3.626993187895693,51.47371250465216],[-3.558961213756461,51.40132632169374],[-3.40517512643728,51.381344427213705],[-3.266298454191169,51.38746362815448],[-3.1696119501395126,51.40622836407391],[-3.1669654337082314,51.44525366023974],[-3.121310992165748,51.4905087794841],[-3.083401011578565,51.50150859471927],[-3.0808663058162424,51.53160562868913],[-3.1637345984165144,51.560505040433],[-3.2376956412345295,51.55260264408016],[-3.3103632868425223,51.54893230127783],[-3.378492625123131,51.51272554084737],[-3.4975122271609407,51.5126420238557],[-3.626993187895693,51.47371250465216]]],[[[-3.33447033177087,51.790402304926964],[-3.329059705137009,51.758722755679976],[-3.2739303869424092,51.68233683495503],[-3.3005687170792464,51.65221498430735],[-3.2913818554774084,51.59210676455687],[-3.2376956412345295,51.55260264408016],[-3.1637345984165144,51.560505040433],[-3.0808663058162424,51.53160562868913],[-3.083401011578565,51.50150859471927],[-2.995359478052419,51.5363869261096],[-2.9050405283295397,51.53241718495173],[-2.8448770868804516,51.54568951481801],[-2.748448736668039,51.58014308478643],[-2.710392018169581,51.583669508868475],[-2.6579460962056864,51.62212511059187],[-2.6803383164145527,51.64933635817518],[-2.675831107980819,51.65982595015621],[-2.682986191172152,51.659833051063515],[-2.6871067212135604,51.66281307206138],[-2.68507826340619,51.66838803456702],[-2.680178396502948,51.67007820017584],[-2.6689935874979094,51.70592085052796],[-2.6874552037686277,51.730895232382125],[-2.650400759681949,51.826124711117316],[-2.6973367263940333,51.84479809566495],[-2.7568795442317504,51.84590577602113],[-2.8450285481387634,51.92213317490388],[-2.888657179236059,51.93346245638825],[-2.9717980442796117,51.904964974345205],[-3.0259445316604,51.957282316629424],[-3.0673679250982304,51.98314277277744],[-3.0930861426216385,51.965190664096156],[-3.078650814531184,51.92453074979255],[-3.0436459834639136,51.88071425719274],[-3.143207517712798,51.81985983276527],[-3.238778770017504,51.8123553276495],[-3.283434538585077,51.82548864025592],[-3.33447033177087,51.790402304926964]]]]},"properties":{"name":"Cymru (Wales)","region_key":"Cymru","codes":["CA","CB","CC","CD","CE","CF","CG","CH","CJ","CK","CL","CM","CN","CO","CP","CR","CS","CT","CU","CV","CW","CX","CY"]}}
]}